Time [s],Channel 0,Channel 1
0.000000000,1,1
0.087285200,1,0
0.087291200,0,0
0.087292400,0,1
0.087296400,1,1
0.087301400,0,1
0.087302400,0,0
0.087306600,1,0
0.087311600,0,0
0.087312800,0,1
0.087316700,1,1
0.087321800,0,1
0.087322800,0,0
0.087326900,1,0
0.087332000,0,0
0.087333200,0,1
0.087337100,1,1
0.087342200,0,1
0.087343200,0,0
0.087347300,1,0
0.087352300,0,0
0.087357500,1,0
0.087362500,0,0
0.087367700,1,0
0.087372700,0,0
0.087377900,1,0
0.087382900,0,0
0.087388100,1,0
0.087393100,0,0
0.087394300,0,1
0.087398200,1,1
0.087403300,0,1
0.087404300,0,0
0.087408400,1,0
0.087413500,0,0
0.087418600,1,0
0.087423600,0,0
0.087428800,1,0
0.087433800,0,0
0.087439000,1,0
0.087444000,0,0
0.087449200,1,0
0.087454200,0,0
0.087459300,1,0
0.087464400,0,0
0.087469500,1,0
0.087474600,0,0
0.087475200,0,1
0.087479700,1,1
0.087486800,1,0
0.087492800,0,0
0.087493900,0,1
0.087497900,1,1
0.087502900,0,1
0.087503900,0,0
0.087508100,1,0
0.087513100,0,0
0.087514300,0,1
0.087518300,1,1
0.087523300,0,1
0.087524300,0,0
0.087528500,1,0
0.087533500,0,0
0.087534700,0,1
0.087538600,1,1
0.087543700,0,1
0.087544700,0,0
0.087548800,1,0
0.087553900,0,0
0.087559000,1,0
0.087564000,0,0
0.087565300,0,1
0.087569200,1,1
0.087574200,0,1
0.087574600,0,0
0.087579400,1,0
0.087584400,0,0
0.087589600,1,0
0.087594600,0,0
0.087599800,1,0
0.087604800,0,0
0.087609900,1,0
0.087615000,0,0
0.087620100,1,0
0.087625200,0,0
0.087625800,0,1
0.087630300,1,1
0.087635300,0,1
0.087640500,1,1
0.087645500,0,1
0.087650700,1,1
0.087655700,0,1
0.087660900,1,1
0.087665900,0,1
0.087671000,1,1
0.087676100,0,1
0.087677100,0,0
0.087681200,1,0
0.087687400,1,1
0.087753300,1,0
0.087759300,0,0
0.087760400,0,1
0.087764400,1,1
0.087769500,0,1
0.087770500,0,0
0.087774600,1,0
0.087779600,0,0
0.087780800,0,1
0.087784800,1,1
0.087789800,0,1
0.087790800,0,0
0.087795000,1,0
0.087800000,0,0
0.087801200,0,1
0.087805200,1,1
0.087810200,0,1
0.087811200,0,0
0.087815300,1,0
0.087820400,0,0
0.087825500,1,0
0.087830600,0,0
0.087835700,1,0
0.087840800,0,0
0.087845900,1,0
0.087850900,0,0
0.087856100,1,0
0.087861100,0,0
0.087862300,0,1
0.087866300,1,1
0.087871300,0,1
0.087872300,0,0
0.087876500,1,0
0.087881500,0,0
0.087882700,0,1
0.087886600,1,1
0.087891700,0,1
0.087892700,0,0
0.087896800,1,0
0.087901900,0,0
0.087907000,1,0
0.087912000,0,0
0.087917200,1,0
0.087922200,0,0
0.087927400,1,0
0.087932400,0,0
0.087937600,1,0
0.087942600,0,0
0.087943200,0,1
0.087947800,1,1
0.087954800,1,0
0.087960800,0,0
0.087962000,0,1
0.087965900,1,1
0.087971000,0,1
0.087972000,0,0
0.087976100,1,0
0.087981200,0,0
0.087982300,0,1
0.087986300,1,1
0.087991300,0,1
0.087992300,0,0
0.087996500,1,0
0.088001500,0,0
0.088002700,0,1
0.088006700,1,1
0.088011700,0,1
0.088012700,0,0
0.088016900,1,0
0.088021900,0,0
0.088027000,1,0
0.088032100,0,0
0.088033300,0,1
0.088037200,1,1
0.088042300,0,1
0.088042700,0,0
0.088047400,1,0
0.088052500,0,0
0.088057600,1,0
0.088062600,0,0
0.088067800,1,0
0.088072800,0,0
0.088078000,1,0
0.088083000,0,0
0.088088200,1,0
0.088093200,0,0
0.088098300,1,0
0.088103400,0,0
0.088108500,1,0
0.088113600,0,0
0.088118700,1,0
0.088123700,0,0
0.088128900,1,0
0.088133900,0,0
0.088139100,1,0
0.088144100,0,0
0.088147300,0,1
0.088149300,1,1
0.088154300,0,1
0.088154700,0,0
0.088159500,1,0
0.088164500,0,0
0.088169600,1,0
0.088174700,0,0
0.088179800,1,0
0.088184900,0,0
0.088190000,1,0
0.088195000,0,0
0.088200200,1,0
0.088205200,0,0
0.088210400,1,0
0.088215400,0,0
0.088220600,1,0
0.088225600,0,0
0.088230800,1,0
0.088235800,0,0
0.088240900,1,0
0.088246000,0,0
0.088251100,1,0
0.088256200,0,0
0.088261300,1,0
0.088266300,0,0
0.088271500,1,0
0.088276500,0,0
0.088281700,1,0
0.088286700,0,0
0.088291900,1,0
0.088296900,0,0
0.088302000,1,0
0.088307100,0,0
0.088312200,1,0
0.088317300,0,0
0.088322400,1,0
0.088327500,0,0
0.088330700,0,1
0.088332600,1,1
0.088337600,0,1
0.088338100,0,0
0.088342800,1,0
0.088347800,0,0
0.088353000,1,0
0.088358000,0,0
0.088363200,1,0
0.088368200,0,0
0.088373300,1,0
0.088378400,0,0
0.088383500,1,0
0.088388600,0,0
0.088393700,1,0
0.088398700,0,0
0.088403900,1,0
0.088408900,0,0
0.088414100,1,0
0.088419100,0,0
0.088424300,1,0
0.088429300,0,0
0.088434500,1,0
0.088439500,0,0
0.088444600,1,0
0.088449700,0,0
0.088454800,1,0
0.088459900,0,0
0.088465000,1,0
0.088470000,0,0
0.088475200,1,0
0.088480200,0,0
0.088485400,1,0
0.088490400,0,0
0.088495600,1,0
0.088500600,0,0
0.088505700,1,0
0.088510800,0,0
0.088514000,0,1
0.088515900,1,1
0.088521000,0,1
0.088521400,0,0
0.088526100,1,0
0.088531200,0,0
0.088536300,1,0
0.088541300,0,0
0.088546500,1,0
0.088551500,0,0
0.088556700,1,0
0.088561700,0,0
0.088566900,1,0
0.088571900,0,0
0.088577000,1,0
0.088582100,0,0
0.088587200,1,0
0.088592300,0,0
0.088592900,0,1
0.088597400,1,1
0.088602500,0,1
0.088603500,0,0
0.088607600,1,0
0.088613800,1,1
0.186512100,1,0
0.186518100,0,0
0.186519300,0,1
0.186523200,1,1
0.186528300,0,1
0.186529300,0,0
0.186533400,1,0
0.186538500,0,0
0.186539700,0,1
0.186543600,1,1
0.186548700,0,1
0.186549700,0,0
0.186553800,1,0
0.186558900,0,0
0.186560000,0,1
0.186564000,1,1
0.186569000,0,1
0.186570000,0,0
0.186574200,1,0
0.186579200,0,0
0.186584400,1,0
0.186589400,0,0
0.186594600,1,0
0.186599600,0,0
0.186604700,1,0
0.186609800,0,0
0.186614900,1,0
0.186620000,0,0
0.186621200,0,1
0.186625100,1,1
0.186630200,0,1
0.186631200,0,0
0.186635300,1,0
0.186640300,0,0
0.186645500,1,0
0.186650500,0,0
0.186655700,1,0
0.186660700,0,0
0.186665900,1,0
0.186670900,0,0
0.186676000,1,0
0.186681100,0,0
0.186686200,1,0
0.186691300,0,0
0.186696400,1,0
0.186701400,0,0
0.186702100,0,1
0.186706600,1,1
0.186713600,1,0
0.186719600,0,0
0.186720800,0,1
0.186724800,1,1
0.186729800,0,1
0.186730800,0,0
0.186735000,1,0
0.186740000,0,0
0.186741200,0,1
0.186745200,1,1
0.186750200,0,1
0.186751200,0,0
0.186755300,1,0
0.186760400,0,0
0.186761600,0,1
0.186765500,1,1
0.186770600,0,1
0.186771600,0,0
0.186775700,1,0
0.186780700,0,0
0.186785900,1,0
0.186790900,0,0
0.186792100,0,1
0.186796100,1,1
0.186801100,0,1
0.186801600,0,0
0.186806300,1,0
0.186811300,0,0
0.186816500,1,0
0.186821500,0,0
0.186826600,1,0
0.186831700,0,0
0.186836800,1,0
0.186841900,0,0
0.186847000,1,0
0.186852000,0,0
0.186852700,0,1
0.186857200,1,1
0.186862200,0,1
0.186867400,1,1
0.186872400,0,1
0.186877600,1,1
0.186882600,0,1
0.186887700,1,1
0.186892800,0,1
0.186897900,1,1
0.186903000,0,1
0.186904000,0,0
0.186908100,1,0
0.186914300,1,1
0.186981200,1,0
0.186987200,0,0
0.186988300,0,1
0.186992300,1,1
0.186997300,0,1
0.186998300,0,0
0.187002500,1,0
0.187007500,0,0
0.187008700,0,1
0.187012700,1,1
0.187017700,0,1
0.187018700,0,0
0.187022900,1,0
0.187027900,0,0
0.187029100,0,1
0.187033000,1,1
0.187038100,0,1
0.187039100,0,0
0.187043200,1,0
0.187048300,0,0
0.187053400,1,0
0.187058400,0,0
0.187063600,1,0
0.187068600,0,0
0.187073800,1,0
0.187078800,0,0
0.187084000,1,0
0.187089000,0,0
0.187090200,0,1
0.187094200,1,1
0.187099200,0,1
0.187100200,0,0
0.187104300,1,0
0.187109400,0,0
0.187110600,0,1
0.187114500,1,1
0.187119600,0,1
0.187120600,0,0
0.187124700,1,0
0.187129700,0,0
0.187134900,1,0
0.187139900,0,0
0.187145100,1,0
0.187150100,0,0
0.187155300,1,0
0.187160300,0,0
0.187165500,1,0
0.187170500,0,0
0.187171100,0,1
0.187175600,1,1
0.187182700,1,0
0.187188700,0,0
0.187189800,0,1
0.187193800,1,1
0.187198900,0,1
0.187199900,0,0
0.187204000,1,0
0.187209000,0,0
0.187210200,0,1
0.187214200,1,1
0.187219200,0,1
0.187220200,0,0
0.187224400,1,0
0.187229400,0,0
0.187230600,0,1
0.187234600,1,1
0.187239600,0,1
0.187240600,0,0
0.187244700,1,0
0.187249800,0,0
0.187254900,1,0
0.187260000,0,0
0.187261200,0,1
0.187265100,1,1
0.187270200,0,1
0.187270600,0,0
0.187275300,1,0
0.187280300,0,0
0.187285500,1,0
0.187290500,0,0
0.187295700,1,0
0.187300700,0,0
0.187305900,1,0
0.187310900,0,0
0.187316000,1,0
0.187321100,0,0
0.187326200,1,0
0.187331300,0,0
0.187336400,1,0
0.187341400,0,0
0.187346600,1,0
0.187351600,0,0
0.187356800,1,0
0.187361800,0,0
0.187367000,1,0
0.187372000,0,0
0.187375200,0,1
0.187377200,1,1
0.187382200,0,1
0.187382600,0,0
0.187387300,1,0
0.187392400,0,0
0.187397500,1,0
0.187402600,0,0
0.187407700,1,0
0.187412700,0,0
0.187417900,1,0
0.187422900,0,0
0.187428100,1,0
0.187433100,0,0
0.187438300,1,0
0.187443300,0,0
0.187448400,1,0
0.187453500,0,0
0.187458600,1,0
0.187463700,0,0
0.187468800,1,0
0.187473900,0,0
0.187479000,1,0
0.187484000,0,0
0.187489200,1,0
0.187494200,0,0
0.187499400,1,0
0.187504400,0,0
0.187509600,1,0
0.187514600,0,0
0.187519700,1,0
0.187524800,0,0
0.187529900,1,0
0.187535000,0,0
0.187540100,1,0
0.187545100,0,0
0.187550300,1,0
0.187555300,0,0
0.187558500,0,1
0.187560500,1,1
0.187565500,0,1
0.187565900,0,0
0.187570700,1,0
0.187575700,0,0
0.187580900,1,0
0.187585900,0,0
0.187591000,1,0
0.187596100,0,0
0.187601200,1,0
0.187606300,0,0
0.187611400,1,0
0.187616400,0,0
0.187621600,1,0
0.187626600,0,0
0.187631800,1,0
0.187636800,0,0
0.187642000,1,0
0.187647000,0,0
0.187652200,1,0
0.187657200,0,0
0.187662300,1,0
0.187667400,0,0
0.187672500,1,0
0.187677600,0,0
0.187682700,1,0
0.187687700,0,0
0.187692900,1,0
0.187697900,0,0
0.187703100,1,0
0.187708100,0,0
0.187713300,1,0
0.187718300,0,0
0.187723400,1,0
0.187728500,0,0
0.187733600,1,0
0.187738700,0,0
0.187741900,0,1
0.187743800,1,1
0.187748900,0,1
0.187749300,0,0
0.187754000,1,0
0.187759000,0,0
0.187764200,1,0
0.187769200,0,0
0.187774400,1,0
0.187779400,0,0
0.187784600,1,0
0.187789600,0,0
0.187794700,1,0
0.187799800,0,0
0.187804900,1,0
0.187810000,0,0
0.187815100,1,0
0.187820100,0,0
0.187820800,0,1
0.187825300,1,1
0.187830300,0,1
0.187831300,0,0
0.187835500,1,0
0.187841700,1,1
0.284876000,1,0
0.284882000,0,0
0.284883200,0,1
0.284887100,1,1
0.284892200,0,1
0.284893200,0,0
0.284897300,1,0
0.284902400,0,0
0.284903600,0,1
0.284907500,1,1
0.284912600,0,1
0.284913600,0,0
0.284917700,1,0
0.284922700,0,0
0.284923900,0,1
0.284927900,1,1
0.284932900,0,1
0.284933900,0,0
0.284938100,1,0
0.284943100,0,0
0.284948300,1,0
0.284953300,0,0
0.284958500,1,0
0.284963500,0,0
0.284968600,1,0
0.284973700,0,0
0.284978800,1,0
0.284983900,0,0
0.284985100,0,1
0.284989000,1,1
0.284994000,0,1
0.284995000,0,0
0.284999200,1,0
0.285004200,0,0
0.285009400,1,0
0.285014400,0,0
0.285019600,1,0
0.285024600,0,0
0.285029700,1,0
0.285034800,0,0
0.285039900,1,0
0.285045000,0,0
0.285050100,1,0
0.285055200,0,0
0.285060300,1,0
0.285065300,0,0
0.285066000,0,1
0.285070500,1,1
0.285077500,1,0
0.285083500,0,0
0.285084700,0,1
0.285088700,1,1
0.285093700,0,1
0.285094700,0,0
0.285098900,1,0
0.285103900,0,0
0.285105100,0,1
0.285109000,1,1
0.285114100,0,1
0.285115100,0,0
0.285119200,1,0
0.285124300,0,0
0.285125400,0,1
0.285129400,1,1
0.285134400,0,1
0.285135400,0,0
0.285139600,1,0
0.285144600,0,0
0.285149800,1,0
0.285154800,0,0
0.285156000,0,1
0.285160000,1,1
0.285165000,0,1
0.285165400,0,0
0.285170200,1,0
0.285175200,0,0
0.285180300,1,0
0.285185400,0,0
0.285190500,1,0
0.285195600,0,0
0.285200700,1,0
0.285205700,0,0
0.285210900,1,0
0.285215900,0,0
0.285216600,0,1
0.285221100,1,1
0.285226100,0,1
0.285231300,1,1
0.285236300,0,1
0.285241400,1,1
0.285246500,0,1
0.285251600,1,1
0.285256700,0,1
0.285261800,1,1
0.285266900,0,1
0.285267900,0,0
0.285272000,1,0
0.285278200,1,1
0.285344000,1,0
0.285350000,0,0
0.285351200,0,1
0.285355200,1,1
0.285360200,0,1
0.285361200,0,0
0.285365400,1,0
0.285370400,0,0
0.285371600,0,1
0.285375600,1,1
0.285380600,0,1
0.285381600,0,0
0.285385700,1,0
0.285390800,0,0
0.285392000,0,1
0.285395900,1,1
0.285401000,0,1
0.285402000,0,0
0.285406100,1,0
0.285411100,0,0
0.285416300,1,0
0.285421300,0,0
0.285426500,1,0
0.285431500,0,0
0.285436700,1,0
0.285441700,0,0
0.285446900,1,0
0.285451900,0,0
0.285453100,0,1
0.285457000,1,1
0.285462100,0,1
0.285463100,0,0
0.285467200,1,0
0.285472300,0,0
0.285473400,0,1
0.285477400,1,1
0.285482400,0,1
0.285483400,0,0
0.285487600,1,0
0.285492600,0,0
0.285497800,1,0
0.285502800,0,0
0.285508000,1,0
0.285513000,0,0
0.285518200,1,0
0.285523200,0,0
0.285528300,1,0
0.285533400,0,0
0.285534000,0,1
0.285538500,1,1
0.285545600,1,0
0.285551600,0,0
0.285552700,0,1
0.285556700,1,1
0.285561700,0,1
0.285562700,0,0
0.285566900,1,0
0.285571900,0,0
0.285573100,0,1
0.285577100,1,1
0.285582100,0,1
0.285583100,0,0
0.285587300,1,0
0.285592300,0,0
0.285593500,0,1
0.285597400,1,1
0.285602500,0,1
0.285603500,0,0
0.285607600,1,0
0.285612700,0,0
0.285617800,1,0
0.285622900,0,0
0.285624100,0,1
0.285628000,1,1
0.285633000,0,1
0.285633500,0,0
0.285638200,1,0
0.285643200,0,0
0.285648400,1,0
0.285653400,0,0
0.285658600,1,0
0.285663600,0,0
0.285668700,1,0
0.285673800,0,0
0.285678900,1,0
0.285684000,0,0
0.285689100,1,0
0.285694100,0,0
0.285699300,1,0
0.285704300,0,0
0.285709500,1,0
0.285714500,0,0
0.285719700,1,0
0.285724700,0,0
0.285729900,1,0
0.285734900,0,0
0.285738100,0,1
0.285740000,1,1
0.285745100,0,1
0.285745500,0,0
0.285750200,1,0
0.285755300,0,0
0.285760400,1,0
0.285765400,0,0
0.285770600,1,0
0.285775600,0,0
0.285780800,1,0
0.285785800,0,0
0.285791000,1,0
0.285796000,0,0
0.285801200,1,0
0.285806200,0,0
0.285811300,1,0
0.285816400,0,0
0.285821500,1,0
0.285826600,0,0
0.285831700,1,0
0.285836700,0,0
0.285841900,1,0
0.285846900,0,0
0.285852100,1,0
0.285857100,0,0
0.285862300,1,0
0.285867300,0,0
0.285872400,1,0
0.285877500,0,0
0.285882600,1,0
0.285887700,0,0
0.285892800,1,0
0.285897900,0,0
0.285903000,1,0
0.285908000,0,0
0.285913200,1,0
0.285918200,0,0
0.285921400,0,1
0.285923400,1,1
0.285928400,0,1
0.285928800,0,0
0.285933600,1,0
0.285938600,0,0
0.285943700,1,0
0.285948800,0,0
0.285953900,1,0
0.285959000,0,0
0.285964100,1,0
0.285969100,0,0
0.285974300,1,0
0.285979300,0,0
0.285984500,1,0
0.285989500,0,0
0.285994700,1,0
0.285999700,0,0
0.286004900,1,0
0.286009900,0,0
0.286015000,1,0
0.286020100,0,0
0.286025200,1,0
0.286030300,0,0
0.286035400,1,0
0.286040400,0,0
0.286045600,1,0
0.286050600,0,0
0.286055800,1,0
0.286060800,0,0
0.286066000,1,0
0.286071000,0,0
0.286076100,1,0
0.286081200,0,0
0.286086300,1,0
0.286091400,0,0
0.286096500,1,0
0.286101600,0,0
0.286104800,0,1
0.286106700,1,1
0.286111700,0,1
0.286112200,0,0
0.286116900,1,0
0.286121900,0,0
0.286127100,1,0
0.286132100,0,0
0.286137300,1,0
0.286142300,0,0
0.286147400,1,0
0.286152500,0,0
0.286157600,1,0
0.286162700,0,0
0.286167800,1,0
0.286172800,0,0
0.286178000,1,0
0.286183000,0,0
0.286183700,0,1
0.286188200,1,1
0.286193200,0,1
0.286194200,0,0
0.286198400,1,0
0.286204600,1,1
0.383216900,1,0
0.383222900,0,0
0.383224000,0,1
0.383228000,1,1
0.383233100,0,1
0.383234100,0,0
0.383238200,1,0
0.383243300,0,0
0.383244400,0,1
0.383248400,1,1
0.383253400,0,1
0.383254400,0,0
0.383258600,1,0
0.383263600,0,0
0.383264800,0,1
0.383268800,1,1
0.383273800,0,1
0.383274800,0,0
0.383279000,1,0
0.383284000,0,0
0.383289200,1,0
0.383294200,0,0
0.383299300,1,0
0.383304400,0,0
0.383309500,1,0
0.383314600,0,0
0.383319700,1,0
0.383324700,0,0
0.383326000,0,1
0.383329900,1,1
0.383334900,0,1
0.383335900,0,0
0.383340100,1,0
0.383345100,0,0
0.383350300,1,0
0.383355300,0,0
0.383360400,1,0
0.383365500,0,0
0.383370600,1,0
0.383375700,0,0
0.383380800,1,0
0.383385900,0,0
0.383391000,1,0
0.383396000,0,0
0.383401200,1,0
0.383406200,0,0
0.383406800,0,1
0.383411400,1,1
0.383418400,1,0
0.383424400,0,0
0.383425600,0,1
0.383429500,1,1
0.383434600,0,1
0.383435600,0,0
0.383439700,1,0
0.383444800,0,0
0.383446000,0,1
0.383449900,1,1
0.383455000,0,1
0.383456000,0,0
0.383460100,1,0
0.383465100,0,0
0.383466300,0,1
0.383470300,1,1
0.383475300,0,1
0.383476300,0,0
0.383480500,1,0
0.383485500,0,0
0.383490700,1,0
0.383495700,0,0
0.383496900,0,1
0.383500900,1,1
0.383505900,0,1
0.383506300,0,0
0.383511000,1,0
0.383516100,0,0
0.383521200,1,0
0.383526300,0,0
0.383531400,1,0
0.383536400,0,0
0.383541600,1,0
0.383546600,0,0
0.383551800,1,0
0.383556800,0,0
0.383557500,0,1
0.383562000,1,1
0.383567000,0,1
0.383572100,1,1
0.383577200,0,1
0.383582300,1,1
0.383587400,0,1
0.383592500,1,1
0.383597600,0,1
0.383602700,1,1
0.383607700,0,1
0.383608700,0,0
0.383612900,1,0
0.383619100,1,1
0.383676900,1,0
0.383682900,0,0
0.383684100,0,1
0.383688000,1,1
0.383693100,0,1
0.383694100,0,0
0.383698300,1,0
0.383703300,0,0
0.383704500,0,1
0.383708400,1,1
0.383713500,0,1
0.383714500,0,0
0.383718600,1,0
0.383723700,0,0
0.383724800,0,1
0.383728800,1,1
0.383733900,0,1
0.383734900,0,0
0.383739000,1,0
0.383744000,0,0
0.383749200,1,0
0.383754200,0,0
0.383759400,1,0
0.383764400,0,0
0.383769600,1,0
0.383774600,0,0
0.383779700,1,0
0.383784800,0,0
0.383786000,0,1
0.383789900,1,1
0.383795000,0,1
0.383796000,0,0
0.383800100,1,0
0.383805100,0,0
0.383806300,0,1
0.383810300,1,1
0.383815300,0,1
0.383816300,0,0
0.383820500,1,0
0.383825500,0,0
0.383830700,1,0
0.383835700,0,0
0.383840900,1,0
0.383845900,0,0
0.383851000,1,0
0.383856100,0,0
0.383861200,1,0
0.383866300,0,0
0.383866900,0,1
0.383871400,1,1
0.383878400,1,0
0.383884400,0,0
0.383885600,0,1
0.383889600,1,1
0.383894600,0,1
0.383895600,0,0
0.383899800,1,0
0.383904800,0,0
0.383906000,0,1
0.383910000,1,1
0.383915000,0,1
0.383916000,0,0
0.383920100,1,0
0.383925200,0,0
0.383926400,0,1
0.383930300,1,1
0.383935400,0,1
0.383936400,0,0
0.383940500,1,0
0.383945600,0,0
0.383950700,1,0
0.383955700,0,0
0.383956900,0,1
0.383960900,1,1
0.383965900,0,1
0.383966300,0,0
0.383971100,1,0
0.383976100,0,0
0.383981300,1,0
0.383986300,0,0
0.383991400,1,0
0.383996500,0,0
0.384001600,1,0
0.384006700,0,0
0.384011800,1,0
0.384016900,0,0
0.384022000,1,0
0.384027000,0,0
0.384032200,1,0
0.384037200,0,0
0.384042400,1,0
0.384047400,0,0
0.384052600,1,0
0.384057600,0,0
0.384062700,1,0
0.384067800,0,0
0.384071000,0,1
0.384072900,1,1
0.384078000,0,1
0.384078400,0,0
0.384083100,1,0
0.384088100,0,0
0.384093300,1,0
0.384098300,0,0
0.384103500,1,0
0.384108500,0,0
0.384113700,1,0
0.384118700,0,0
0.384123900,1,0
0.384128900,0,0
0.384134000,1,0
0.384139100,0,0
0.384144200,1,0
0.384149300,0,0
0.384154400,1,0
0.384159400,0,0
0.384164600,1,0
0.384169600,0,0
0.384174800,1,0
0.384179800,0,0
0.384185000,1,0
0.384190000,0,0
0.384195100,1,0
0.384200200,0,0
0.384205300,1,0
0.384210400,0,0
0.384215500,1,0
0.384220600,0,0
0.384225700,1,0
0.384230700,0,0
0.384235900,1,0
0.384240900,0,0
0.384246100,1,0
0.384251100,0,0
0.384254300,0,1
0.384256300,1,1
0.384261300,0,1
0.384261700,0,0
0.384266400,1,0
0.384271500,0,0
0.384276600,1,0
0.384281700,0,0
0.384286800,1,0
0.384291800,0,0
0.384297000,1,0
0.384302000,0,0
0.384307200,1,0
0.384312200,0,0
0.384317400,1,0
0.384322400,0,0
0.384327600,1,0
0.384332600,0,0
0.384337700,1,0
0.384342800,0,0
0.384347900,1,0
0.384353000,0,0
0.384358100,1,0
0.384363100,0,0
0.384368300,1,0
0.384373300,0,0
0.384378500,1,0
0.384383500,0,0
0.384388700,1,0
0.384393700,0,0
0.384398900,1,0
0.384403900,0,0
0.384409000,1,0
0.384414100,0,0
0.384419200,1,0
0.384424300,0,0
0.384429400,1,0
0.384434400,0,0
0.384437700,0,1
0.384439600,1,1
0.384444600,0,1
0.384445000,0,0
0.384449800,1,0
0.384454800,0,0
0.384460000,1,0
0.384465000,0,0
0.384470100,1,0
0.384475200,0,0
0.384480300,1,0
0.384485400,0,0
0.384490500,1,0
0.384495600,0,0
0.384500700,1,0
0.384505700,0,0
0.384510900,1,0
0.384515900,0,0
0.384516500,0,1
0.384521100,1,1
0.384526100,0,1
0.384527100,0,0
0.384531300,1,0
0.384537500,1,1
0.481555800,1,0
0.481561800,0,0
0.481562900,0,1
0.481566900,1,1
0.481572000,0,1
0.481573000,0,0
0.481577100,1,0
0.481582100,0,0
0.481583300,0,1
0.481587300,1,1
0.481592300,0,1
0.481593300,0,0
0.481597500,1,0
0.481602500,0,0
0.481603700,0,1
0.481607700,1,1
0.481612700,0,1
0.481613700,0,0
0.481617900,1,0
0.481622900,0,0
0.481628000,1,0
0.481633100,0,0
0.481638200,1,0
0.481643300,0,0
0.481648400,1,0
0.481653400,0,0
0.481658600,1,0
0.481663600,0,0
0.481664800,0,1
0.481668800,1,1
0.481673800,0,1
0.481674800,0,0
0.481679000,1,0
0.481684000,0,0
0.481689200,1,0
0.481694200,0,0
0.481699300,1,0
0.481704400,0,0
0.481709500,1,0
0.481714600,0,0
0.481719700,1,0
0.481724700,0,0
0.481729900,1,0
0.481734900,0,0
0.481740100,1,0
0.481745100,0,0
0.481745800,0,1
0.481750300,1,1
0.481757300,1,0
0.481763300,0,0
0.481764500,0,1
0.481768400,1,1
0.481773500,0,1
0.481774500,0,0
0.481778600,1,0
0.481783700,0,0
0.481784800,0,1
0.481788800,1,1
0.481793900,0,1
0.481794900,0,0
0.481799000,1,0
0.481804000,0,0
0.481805200,0,1
0.481809200,1,1
0.481814200,0,1
0.481815200,0,0
0.481819400,1,0
0.481824400,0,0
0.481829600,1,0
0.481834600,0,0
0.481835800,0,1
0.481839700,1,1
0.481844800,0,1
0.481845200,0,0
0.481849900,1,0
0.481855000,0,0
0.481860100,1,0
0.481865100,0,0
0.481870300,1,0
0.481875300,0,0
0.481880500,1,0
0.481885500,0,0
0.481890700,1,0
0.481895700,0,0
0.481896300,0,1
0.481900900,1,1
0.481905900,0,1
0.481911000,1,1
0.481916100,0,1
0.481921200,1,1
0.481926300,0,1
0.481931400,1,1
0.481936400,0,1
0.481941600,1,1
0.481946600,0,1
0.481947600,0,0
0.481951800,1,0
0.481958000,1,1
0.482016800,1,0
0.482022800,0,0
0.482024000,0,1
0.482027900,1,1
0.482033000,0,1
0.482034000,0,0
0.482038100,1,0
0.482043200,0,0
0.482044400,0,1
0.482048300,1,1
0.482053400,0,1
0.482054400,0,0
0.482058500,1,0
0.482063600,0,0
0.482064700,0,1
0.482068700,1,1
0.482073700,0,1
0.482074700,0,0
0.482078900,1,0
0.482083900,0,0
0.482089100,1,0
0.482094100,0,0
0.482099300,1,0
0.482104300,0,0
0.482109400,1,0
0.482114500,0,0
0.482119600,1,0
0.482124700,0,0
0.482125900,0,1
0.482129800,1,1
0.482134800,0,1
0.482135800,0,0
0.482140000,1,0
0.482145000,0,0
0.482146200,0,1
0.482150200,1,1
0.482155200,0,1
0.482156200,0,0
0.482160400,1,0
0.482165400,0,0
0.482170600,1,0
0.482175600,0,0
0.482180700,1,0
0.482185800,0,0
0.482190900,1,0
0.482196000,0,0
0.482201100,1,0
0.482206100,0,0
0.482206800,0,1
0.482211300,1,1
0.482218300,1,0
0.482224300,0,0
0.482225500,0,1
0.482229500,1,1
0.482234500,0,1
0.482235500,0,0
0.482239700,1,0
0.482244700,0,0
0.482245900,0,1
0.482249800,1,1
0.482254900,0,1
0.482255900,0,0
0.482260000,1,0
0.482265100,0,0
0.482266300,0,1
0.482270200,1,1
0.482275300,0,1
0.482276300,0,0
0.482280400,1,0
0.482285400,0,0
0.482290600,1,0
0.482295600,0,0
0.482296800,0,1
0.482300800,1,1
0.482305800,0,1
0.482306300,0,0
0.482311000,1,0
0.482316000,0,0
0.482321100,1,0
0.482326200,0,0
0.482331300,1,0
0.482336400,0,0
0.482341500,1,0
0.482346600,0,0
0.482351700,1,0
0.482356700,0,0
0.482361900,1,0
0.482366900,0,0
0.482372100,1,0
0.482377100,0,0
0.482382300,1,0
0.482387300,0,0
0.482392400,1,0
0.482397500,0,0
0.482402600,1,0
0.482407700,0,0
0.482410900,0,1
0.482412800,1,1
0.482417800,0,1
0.482418300,0,0
0.482423000,1,0
0.482428000,0,0
0.482433200,1,0
0.482438200,0,0
0.482443400,1,0
0.482448400,0,0
0.482453600,1,0
0.482458600,0,0
0.482463700,1,0
0.482468800,0,0
0.482473900,1,0
0.482479000,0,0
0.482484100,1,0
0.482489100,0,0
0.482494300,1,0
0.482499300,0,0
0.482504500,1,0
0.482509500,0,0
0.482514700,1,0
0.482519700,0,0
0.482524900,1,0
0.482529900,0,0
0.482535000,1,0
0.482540100,0,0
0.482545200,1,0
0.482550300,0,0
0.482555400,1,0
0.482560400,0,0
0.482565600,1,0
0.482570600,0,0
0.482575800,1,0
0.482580800,0,0
0.482586000,1,0
0.482591000,0,0
0.482594200,0,1
0.482596100,1,1
0.482601200,0,1
0.482601600,0,0
0.482606300,1,0
0.482611400,0,0
0.482616500,1,0
0.482621600,0,0
0.482626700,1,0
0.482631700,0,0
0.482636900,1,0
0.482641900,0,0
0.482647100,1,0
0.482652100,0,0
0.482657300,1,0
0.482662300,0,0
0.482667400,1,0
0.482672500,0,0
0.482677600,1,0
0.482682700,0,0
0.482687800,1,0
0.482692800,0,0
0.482698000,1,0
0.482703000,0,0
0.482708200,1,0
0.482713200,0,0
0.482718400,1,0
0.482723400,0,0
0.482728600,1,0
0.482733600,0,0
0.482738700,1,0
0.482743800,0,0
0.482748900,1,0
0.482754000,0,0
0.482759100,1,0
0.482764100,0,0
0.482769300,1,0
0.482774300,0,0
0.482777500,0,1
0.482779500,1,1
0.482784500,0,1
0.482785000,0,0
0.482789700,1,0
0.482794700,0,0
0.482799800,1,0
0.482804900,0,0
0.482810000,1,0
0.482815100,0,0
0.482820200,1,0
0.482825300,0,0
0.482830400,1,0
0.482835400,0,0
0.482840600,1,0
0.482845600,0,0
0.482850800,1,0
0.482855800,0,0
0.482856400,0,1
0.482861000,1,1
0.482866000,0,1
0.482867000,0,0
0.482871100,1,0
0.482877400,1,1
0.580768700,1,0
0.580774700,0,0
0.580775800,0,1
0.580779800,1,1
0.580784800,0,1
0.580785800,0,0
0.580790000,1,0
0.580795000,0,0
0.580796200,0,1
0.580800200,1,1
0.580805200,0,1
0.580806200,0,0
0.580810400,1,0
0.580815400,0,0
0.580816600,0,1
0.580820500,1,1
0.580825600,0,1
0.580826600,0,0
0.580830700,1,0
0.580835800,0,0
0.580840900,1,0
0.580846000,0,0
0.580851100,1,0
0.580856100,0,0
0.580861300,1,0
0.580866300,0,0
0.580871500,1,0
0.580876500,0,0
0.580877700,0,1
0.580881700,1,1
0.580886700,0,1
0.580887700,0,0
0.580891800,1,0
0.580896900,0,0
0.580902000,1,0
0.580907100,0,0
0.580912200,1,0
0.580917300,0,0
0.580922400,1,0
0.580927400,0,0
0.580932600,1,0
0.580937600,0,0
0.580942800,1,0
0.580947800,0,0
0.580953000,1,0
0.580958000,0,0
0.580958700,0,1
0.580963100,1,1
0.580970200,1,0
0.580976200,0,0
0.580977400,0,1
0.580981300,1,1
0.580986400,0,1
0.580987400,0,0
0.580991500,1,0
0.580996500,0,0
0.580997700,0,1
0.581001700,1,1
0.581006700,0,1
0.581007700,0,0
0.581011900,1,0
0.581016900,0,0
0.581018100,0,1
0.581022100,1,1
0.581027100,0,1
0.581028100,0,0
0.581032300,1,0
0.581037300,0,0
0.581042400,1,0
0.581047500,0,0
0.581048700,0,1
0.581052600,1,1
0.581057700,0,1
0.581058100,0,0
0.581062800,1,0
0.581067800,0,0
0.581073000,1,0
0.581078000,0,0
0.581083200,1,0
0.581088200,0,0
0.581093400,1,0
0.581098400,0,0
0.581103600,1,0
0.581108600,0,0
0.581109200,0,1
0.581113700,1,1
0.581118800,0,1
0.581123900,1,1
0.581129000,0,1
0.581134100,1,1
0.581139100,0,1
0.581144300,1,1
0.581149300,0,1
0.581154500,1,1
0.581159500,0,1
0.581160500,0,0
0.581164700,1,0
0.581170900,1,1
0.581229700,1,0
0.581235700,0,0
0.581236900,0,1
0.581240800,1,1
0.581245900,0,1
0.581246900,0,0
0.581251000,1,0
0.581256100,0,0
0.581257200,0,1
0.581261200,1,1
0.581266300,0,1
0.581267300,0,0
0.581271400,1,0
0.581276400,0,0
0.581277600,0,1
0.581281600,1,1
0.581286600,0,1
0.581287600,0,0
0.581291800,1,0
0.581296800,0,0
0.581302000,1,0
0.581307000,0,0
0.581312100,1,0
0.581317200,0,0
0.581322300,1,0
0.581327400,0,0
0.581332500,1,0
0.581337500,0,0
0.581338800,0,1
0.581342700,1,1
0.581347700,0,1
0.581348700,0,0
0.581352900,1,0
0.581357900,0,0
0.581359100,0,1
0.581363100,1,1
0.581368100,0,1
0.581369100,0,0
0.581373300,1,0
0.581378300,0,0
0.581383400,1,0
0.581388500,0,0
0.581393600,1,0
0.581398700,0,0
0.581403800,1,0
0.581408800,0,0
0.581414000,1,0
0.581419000,0,0
0.581419700,0,1
0.581424200,1,1
0.581431200,1,0
0.581437200,0,0
0.581438400,0,1
0.581442300,1,1
0.581447400,0,1
0.581448400,0,0
0.581452500,1,0
0.581457600,0,0
0.581458800,0,1
0.581462700,1,1
0.581467800,0,1
0.581468800,0,0
0.581472900,1,0
0.581478000,0,0
0.581479100,0,1
0.581483100,1,1
0.581488100,0,1
0.581489100,0,0
0.581493300,1,0
0.581498300,0,0
0.581503500,1,0
0.581508500,0,0
0.581509700,0,1
0.581513700,1,1
0.581518700,0,1
0.581519100,0,0
0.581523800,1,0
0.581528900,0,0
0.581534000,1,0
0.581539100,0,0
0.581544200,1,0
0.581549200,0,0
0.581554400,1,0
0.581559400,0,0
0.581564600,1,0
0.581569600,0,0
0.581574800,1,0
0.581579800,0,0
0.581585000,1,0
0.581590000,0,0
0.581595100,1,0
0.581600200,0,0
0.581605300,1,0
0.581610400,0,0
0.581615500,1,0
0.581620500,0,0
0.581623800,0,1
0.581625700,1,1
0.581630700,0,1
0.581631200,0,0
0.581635900,1,0
0.581640900,0,0
0.581646100,1,0
0.581651100,0,0
0.581656300,1,0
0.581661300,0,0
0.581666400,1,0
0.581671500,0,0
0.581676600,1,0
0.581681700,0,0
0.581686800,1,0
0.581691800,0,0
0.581697000,1,0
0.581702000,0,0
0.581707200,1,0
0.581712200,0,0
0.581717400,1,0
0.581722400,0,0
0.581727500,1,0
0.581732600,0,0
0.581737700,1,0
0.581742800,0,0
0.581747900,1,0
0.581753000,0,0
0.581758100,1,0
0.581763100,0,0
0.581768300,1,0
0.581773300,0,0
0.581778500,1,0
0.581783500,0,0
0.581788700,1,0
0.581793700,0,0
0.581798800,1,0
0.581803900,0,0
0.581807100,0,1
0.581809000,1,1
0.581814100,0,1
0.581814500,0,0
0.581819200,1,0
0.581824200,0,0
0.581829400,1,0
0.581834400,0,0
0.581839600,1,0
0.581844600,0,0
0.581849800,1,0
0.581854800,0,0
0.581860000,1,0
0.581865000,0,0
0.581870100,1,0
0.581875200,0,0
0.581880300,1,0
0.581885400,0,0
0.581890500,1,0
0.581895500,0,0
0.581900700,1,0
0.581905700,0,0
0.581910900,1,0
0.581915900,0,0
0.581921100,1,0
0.581926100,0,0
0.581931200,1,0
0.581936300,0,0
0.581941400,1,0
0.581946500,0,0
0.581951600,1,0
0.581956700,0,0
0.581961800,1,0
0.581966800,0,0
0.581972000,1,0
0.581977000,0,0
0.581982200,1,0
0.581987200,0,0
0.581990400,0,1
0.581992400,1,1
0.581997400,0,1
0.581997800,0,0
0.582002500,1,0
0.582007600,0,0
0.582012700,1,0
0.582017800,0,0
0.582022900,1,0
0.582028000,0,0
0.582033100,1,0
0.582038100,0,0
0.582043300,1,0
0.582048300,0,0
0.582053500,1,0
0.582058500,0,0
0.582063700,1,0
0.582068700,0,0
0.582069300,0,1
0.582073800,1,1
0.582078900,0,1
0.582079900,0,0
0.582084000,1,0
0.582090200,1,1
0.679110500,1,0
0.679116500,0,0
0.679117700,0,1
0.679121700,1,1
0.679126700,0,1
0.679127700,0,0
0.679131900,1,0
0.679136900,0,0
0.679138100,0,1
0.679142100,1,1
0.679147100,0,1
0.679148100,0,0
0.679152300,1,0
0.679157300,0,0
0.679158500,0,1
0.679162400,1,1
0.679167500,0,1
0.679168500,0,0
0.679172600,1,0
0.679177700,0,0
0.679182800,1,0
0.679187800,0,0
0.679193000,1,0
0.679198000,0,0
0.679203200,1,0
0.679208200,0,0
0.679213400,1,0
0.679218400,0,0
0.679219600,0,1
0.679223500,1,1
0.679228600,0,1
0.679229600,0,0
0.679233700,1,0
0.679238800,0,0
0.679243900,1,0
0.679249000,0,0
0.679254100,1,0
0.679259100,0,0
0.679264300,1,0
0.679269300,0,0
0.679274500,1,0
0.679279500,0,0
0.679284700,1,0
0.679289700,0,0
0.679294800,1,0
0.679299900,0,0
0.679300500,0,1
0.679305000,1,1
0.679312100,1,0
0.679318100,0,0
0.679319200,0,1
0.679323200,1,1
0.679328300,0,1
0.679329200,0,0
0.679333400,1,0
0.679338400,0,0
0.679339600,0,1
0.679343600,1,1
0.679348600,0,1
0.679349600,0,0
0.679353800,1,0
0.679358800,0,0
0.679360000,0,1
0.679364000,1,1
0.679369000,0,1
0.679370000,0,0
0.679374100,1,0
0.679379200,0,0
0.679384300,1,0
0.679389400,0,0
0.679390600,0,1
0.679394500,1,1
0.679399500,0,1
0.679400000,0,0
0.679404700,1,0
0.679409700,0,0
0.679414900,1,0
0.679419900,0,0
0.679425100,1,0
0.679430100,0,0
0.679435300,1,0
0.679440300,0,0
0.679445400,1,0
0.679450500,0,0
0.679451100,0,1
0.679455600,1,1
0.679460700,0,1
0.679465800,1,1
0.679470800,0,1
0.679476000,1,1
0.679481000,0,1
0.679486200,1,1
0.679491200,0,1
0.679496400,1,1
0.679501400,0,1
0.679502400,0,0
0.679506500,1,0
0.679512800,1,1
0.679571600,1,0
0.679577600,0,0
0.679578700,0,1
0.679582700,1,1
0.679587800,0,1
0.679588800,0,0
0.679592900,1,0
0.679598000,0,0
0.679599100,0,1
0.679603100,1,1
0.679608100,0,1
0.679609100,0,0
0.679613300,1,0
0.679618300,0,0
0.679619500,0,1
0.679623500,1,1
0.679628500,0,1
0.679629500,0,0
0.679633700,1,0
0.679638700,0,0
0.679643800,1,0
0.679648900,0,0
0.679654000,1,0
0.679659100,0,0
0.679664200,1,0
0.679669200,0,0
0.679674400,1,0
0.679679400,0,0
0.679680600,0,1
0.679684600,1,1
0.679689600,0,1
0.679690600,0,0
0.679694800,1,0
0.679699800,0,0
0.679701000,0,1
0.679705000,1,1
0.679710000,0,1
0.679711000,0,0
0.679715100,1,0
0.679720200,0,0
0.679725300,1,0
0.679730400,0,0
0.679735500,1,0
0.679740500,0,0
0.679745700,1,0
0.679750700,0,0
0.679755900,1,0
0.679760900,0,0
0.679761600,0,1
0.679766100,1,1
0.679773100,1,0
0.679779100,0,0
0.679780300,0,1
0.679784200,1,1
0.679789300,0,1
0.679790300,0,0
0.679794400,1,0
0.679799500,0,0
0.679800700,0,1
0.679804600,1,1
0.679809700,0,1
0.679810700,0,0
0.679814800,1,0
0.679819800,0,0
0.679821000,0,1
0.679825000,1,1
0.679830000,0,1
0.679831000,0,0
0.679835200,1,0
0.679840200,0,0
0.679845400,1,0
0.679850400,0,0
0.679851600,0,1
0.679855500,1,1
0.679860600,0,1
0.679861000,0,0
0.679865700,1,0
0.679870800,0,0
0.679875900,1,0
0.679881000,0,0
0.679886100,1,0
0.679891100,0,0
0.679896300,1,0
0.679901300,0,0
0.679906500,1,0
0.679911500,0,0
0.679916700,1,0
0.679921700,0,0
0.679926800,1,0
0.679931900,0,0
0.679937000,1,0
0.679942100,0,0
0.679947200,1,0
0.679952200,0,0
0.679957400,1,0
0.679962400,0,0
0.679965600,0,1
0.679967600,1,1
0.679972600,0,1
0.679973000,0,0
0.679977800,1,0
0.679982800,0,0
0.679988000,1,0
0.679993000,0,0
0.679998100,1,0
0.680003200,0,0
0.680008300,1,0
0.680013400,0,0
0.680018500,1,0
0.680023500,0,0
0.680028700,1,0
0.680033700,0,0
0.680038900,1,0
0.680043900,0,0
0.680049100,1,0
0.680054100,0,0
0.680059200,1,0
0.680064300,0,0
0.680069400,1,0
0.680074500,0,0
0.680079600,1,0
0.680084700,0,0
0.680089800,1,0
0.680094800,0,0
0.680100000,1,0
0.680105000,0,0
0.680110200,1,0
0.680115200,0,0
0.680120400,1,0
0.680125400,0,0
0.680130500,1,0
0.680135600,0,0
0.680140700,1,0
0.680145800,0,0
0.680149000,0,1
0.680150900,1,1
0.680155900,0,1
0.680156400,0,0
0.680161100,1,0
0.680166100,0,0
0.680171300,1,0
0.680176300,0,0
0.680181500,1,0
0.680186500,0,0
0.680191700,1,0
0.680196700,0,0
0.680201800,1,0
0.680206900,0,0
0.680212000,1,0
0.680217100,0,0
0.680222200,1,0
0.680227200,0,0
0.680232400,1,0
0.680237400,0,0
0.680242600,1,0
0.680247600,0,0
0.680252800,1,0
0.680257800,0,0
0.680263000,1,0
0.680268000,0,0
0.680273100,1,0
0.680278200,0,0
0.680283300,1,0
0.680288400,0,0
0.680293500,1,0
0.680298500,0,0
0.680303700,1,0
0.680308700,0,0
0.680313900,1,0
0.680318900,0,0
0.680324100,1,0
0.680329100,0,0
0.680332300,0,1
0.680334200,1,1
0.680339300,0,1
0.680339700,0,0
0.680344400,1,0
0.680349500,0,0
0.680354600,1,0
0.680359700,0,0
0.680364800,1,0
0.680369800,0,0
0.680375000,1,0
0.680380000,0,0
0.680385200,1,0
0.680390200,0,0
0.680395400,1,0
0.680400400,0,0
0.680405500,1,0
0.680410600,0,0
0.680411200,0,1
0.680415700,1,1
0.680420800,0,1
0.680421800,0,0
0.680425900,1,0
0.680432100,1,1
0.777428400,1,0
0.777434400,0,0
0.777435600,0,1
0.777439600,1,1
0.777444600,0,1
0.777445600,0,0
0.777449800,1,0
0.777454800,0,0
0.777456000,0,1
0.777459900,1,1
0.777465000,0,1
0.777466000,0,0
0.777470100,1,0
0.777475200,0,0
0.777476400,0,1
0.777480300,1,1
0.777485400,0,1
0.777486400,0,0
0.777490500,1,0
0.777495500,0,0
0.777500700,1,0
0.777505700,0,0
0.777510900,1,0
0.777515900,0,0
0.777521100,1,0
0.777526100,0,0
0.777531300,1,0
0.777536300,0,0
0.777537500,0,1
0.777541400,1,1
0.777546500,0,1
0.777547500,0,0
0.777551600,1,0
0.777556700,0,0
0.777561800,1,0
0.777566800,0,0
0.777572000,1,0
0.777577000,0,0
0.777582200,1,0
0.777587200,0,0
0.777592400,1,0
0.777597400,0,0
0.777602500,1,0
0.777607600,0,0
0.777612700,1,0
0.777617800,0,0
0.777618400,0,1
0.777622900,1,1
0.777630000,1,0
0.777636000,0,0
0.777637100,0,1
0.777641100,1,1
0.777646100,0,1
0.777647100,0,0
0.777651300,1,0
0.777656300,0,0
0.777657500,0,1
0.777661500,1,1
0.777666500,0,1
0.777667500,0,0
0.777671700,1,0
0.777676700,0,0
0.777677900,0,1
0.777681800,1,1
0.777686900,0,1
0.777687900,0,0
0.777692000,1,0
0.777697100,0,0
0.777702200,1,0
0.777707200,0,0
0.777708400,0,1
0.777712400,1,1
0.777717400,0,1
0.777717800,0,0
0.777722600,1,0
0.777727600,0,0
0.777732800,1,0
0.777737800,0,0
0.777743000,1,0
0.777748000,0,0
0.777753100,1,0
0.777758200,0,0
0.777763300,1,0
0.777768400,0,0
0.777769000,0,1
0.777773500,1,1
0.777778500,0,1
0.777783700,1,1
0.777788700,0,1
0.777793900,1,1
0.777798900,0,1
0.777804100,1,1
0.777809100,0,1
0.777814200,1,1
0.777819300,0,1
0.777820300,0,0
0.777824400,1,0
0.777830600,1,1
0.777896500,1,0
0.777902500,0,0
0.777903600,0,1
0.777907600,1,1
0.777912700,0,1
0.777913700,0,0
0.777917800,1,0
0.777922800,0,0
0.777924000,0,1
0.777928000,1,1
0.777933000,0,1
0.777934000,0,0
0.777938200,1,0
0.777943200,0,0
0.777944400,0,1
0.777948400,1,1
0.777953400,0,1
0.777954400,0,0
0.777958500,1,0
0.777963600,0,0
0.777968700,1,0
0.777973800,0,0
0.777978900,1,0
0.777984000,0,0
0.777989100,1,0
0.777994100,0,0
0.777999300,1,0
0.778004300,0,0
0.778005500,0,1
0.778009500,1,1
0.778014500,0,1
0.778015500,0,0
0.778019700,1,0
0.778024700,0,0
0.778025900,0,1
0.778029800,1,1
0.778034900,0,1
0.778035900,0,0
0.778040000,1,0
0.778045100,0,0
0.778050200,1,0
0.778055200,0,0
0.778060400,1,0
0.778065400,0,0
0.778070600,1,0
0.778075600,0,0
0.778080800,1,0
0.778085800,0,0
0.778086400,0,1
0.778091000,1,1
0.778098000,1,0
0.778104000,0,0
0.778105200,0,1
0.778109100,1,1
0.778114200,0,1
0.778115200,0,0
0.778119300,1,0
0.778124400,0,0
0.778125500,0,1
0.778129500,1,1
0.778134500,0,1
0.778135500,0,0
0.778139700,1,0
0.778144700,0,0
0.778145900,0,1
0.778149900,1,1
0.778154900,0,1
0.778155900,0,0
0.778160100,1,0
0.778165100,0,0
0.778170200,1,0
0.778175300,0,0
0.778176500,0,1
0.778180400,1,1
0.778185500,0,1
0.778185900,0,0
0.778190600,1,0
0.778195700,0,0
0.778200800,1,0
0.778205800,0,0
0.778211000,1,0
0.778216000,0,0
0.778221200,1,0
0.778226200,0,0
0.778231400,1,0
0.778236400,0,0
0.778241500,1,0
0.778246600,0,0
0.778251700,1,0
0.778256800,0,0
0.778261900,1,0
0.778266900,0,0
0.778272100,1,0
0.778277100,0,0
0.778282300,1,0
0.778287300,0,0
0.778290500,0,1
0.778292500,1,1
0.778297500,0,1
0.778298000,0,0
0.778302700,1,0
0.778307700,0,0
0.778312800,1,0
0.778317900,0,0
0.778323000,1,0
0.778328100,0,0
0.778333200,1,0
0.778338200,0,0
0.778343400,1,0
0.778348400,0,0
0.778353600,1,0
0.778358600,0,0
0.778363800,1,0
0.778368800,0,0
0.778374000,1,0
0.778379000,0,0
0.778384100,1,0
0.778389200,0,0
0.778394300,1,0
0.778399400,0,0
0.778404500,1,0
0.778409500,0,0
0.778414700,1,0
0.778419700,0,0
0.778424900,1,0
0.778429900,0,0
0.778435100,1,0
0.778440100,0,0
0.778445200,1,0
0.778450300,0,0
0.778455400,1,0
0.778460500,0,0
0.778465600,1,0
0.778470700,0,0
0.778473900,0,1
0.778475800,1,1
0.778480800,0,1
0.778481200,0,0
0.778486000,1,0
0.778491000,0,0
0.778496200,1,0
0.778501200,0,0
0.778506400,1,0
0.778511400,0,0
0.778516500,1,0
0.778521600,0,0
0.778526700,1,0
0.778531800,0,0
0.778536900,1,0
0.778541900,0,0
0.778547100,1,0
0.778552100,0,0
0.778557300,1,0
0.778562300,0,0
0.778567500,1,0
0.778572500,0,0
0.778577700,1,0
0.778582700,0,0
0.778587800,1,0
0.778592900,0,0
0.778598000,1,0
0.778603100,0,0
0.778608200,1,0
0.778613200,0,0
0.778618400,1,0
0.778623400,0,0
0.778628600,1,0
0.778633600,0,0
0.778638800,1,0
0.778643800,0,0
0.778648900,1,0
0.778654000,0,0
0.778657200,0,1
0.778659100,1,1
0.778664200,0,1
0.778664600,0,0
0.778669300,1,0
0.778674400,0,0
0.778679500,1,0
0.778684500,0,0
0.778689700,1,0
0.778694700,0,0
0.778699900,1,0
0.778704900,0,0
0.778710100,1,0
0.778715100,0,0
0.778720200,1,0
0.778725300,0,0
0.778730400,1,0
0.778735500,0,0
0.778736100,0,1
0.778740600,1,1
0.778745600,0,1
0.778746600,0,0
0.778750800,1,0
0.778757000,1,1
0.876559300,1,0
0.876565300,0,0
0.876566500,0,1
0.876570400,1,1
0.876575500,0,1
0.876576500,0,0
0.876580600,1,0
0.876585700,0,0
0.876586900,0,1
0.876590800,1,1
0.876595900,0,1
0.876596900,0,0
0.876601000,1,0
0.876606100,0,0
0.876607200,0,1
0.876611200,1,1
0.876616200,0,1
0.876617200,0,0
0.876621400,1,0
0.876626400,0,0
0.876631600,1,0
0.876636600,0,0
0.876641800,1,0
0.876646800,0,0
0.876651900,1,0
0.876657000,0,0
0.876662100,1,0
0.876667200,0,0
0.876668400,0,1
0.876672300,1,1
0.876677400,0,1
0.876678400,0,0
0.876682500,1,0
0.876687500,0,0
0.876692700,1,0
0.876697700,0,0
0.876702900,1,0
0.876707900,0,0
0.876713100,1,0
0.876718100,0,0
0.876723200,1,0
0.876728300,0,0
0.876733400,1,0
0.876738500,0,0
0.876743600,1,0
0.876748600,0,0
0.876749300,0,1
0.876753800,1,1
0.876760800,1,0
0.876766800,0,0
0.876768000,0,1
0.876772000,1,1
0.876777000,0,1
0.876778000,0,0
0.876782200,1,0
0.876787200,0,0
0.876788400,0,1
0.876792400,1,1
0.876797400,0,1
0.876798400,0,0
0.876802500,1,0
0.876807600,0,0
0.876808800,0,1
0.876812700,1,1
0.876817800,0,1
0.876818800,0,0
0.876822900,1,0
0.876827900,0,0
0.876833100,1,0
0.876838100,0,0
0.876839300,0,1
0.876843300,1,1
0.876848300,0,1
0.876848700,0,0
0.876853500,1,0
0.876858500,0,0
0.876863700,1,0
0.876868700,0,0
0.876873800,1,0
0.876878900,0,0
0.876884000,1,0
0.876889100,0,0
0.876894200,1,0
0.876899200,0,0
0.876899900,0,1
0.876904400,1,1
0.876909400,0,1
0.876914600,1,1
0.876919600,0,1
0.876924800,1,1
0.876929800,0,1
0.876934900,1,1
0.876940000,0,1
0.876945100,1,1
0.876950200,0,1
0.876951200,0,0
0.876955300,1,0
0.876961500,1,1
0.877019400,1,0
0.877025400,0,0
0.877026500,0,1
0.877030500,1,1
0.877035500,0,1
0.877036500,0,0
0.877040700,1,0
0.877045700,0,0
0.877046900,0,1
0.877050900,1,1
0.877055900,0,1
0.877056900,0,0
0.877061100,1,0
0.877066100,0,0
0.877067300,0,1
0.877071200,1,1
0.877076300,0,1
0.877077300,0,0
0.877081400,1,0
0.877086500,0,0
0.877091600,1,0
0.877096600,0,0
0.877101800,1,0
0.877106800,0,0
0.877112000,1,0
0.877117000,0,0
0.877122200,1,0
0.877127200,0,0
0.877128400,0,1
0.877132400,1,1
0.877137400,0,1
0.877138400,0,0
0.877142500,1,0
0.877147600,0,0
0.877148800,0,1
0.877152700,1,1
0.877157800,0,1
0.877158800,0,0
0.877162900,1,0
0.877167900,0,0
0.877173100,1,0
0.877178100,0,0
0.877183300,1,0
0.877188300,0,0
0.877193500,1,0
0.877198500,0,0
0.877203700,1,0
0.877208700,0,0
0.877209300,0,1
0.877213800,1,1
0.877220900,1,0
0.877226900,0,0
0.877228000,0,1
0.877232000,1,1
0.877237100,0,1
0.877238100,0,0
0.877242200,1,0
0.877247200,0,0
0.877248400,0,1
0.877252400,1,1
0.877257400,0,1
0.877258400,0,0
0.877262600,1,0
0.877267600,0,0
0.877268800,0,1
0.877272800,1,1
0.877277800,0,1
0.877278800,0,0
0.877282900,1,0
0.877288000,0,0
0.877293100,1,0
0.877298200,0,0
0.877299400,0,1
0.877303300,1,1
0.877308400,0,1
0.877308800,0,0
0.877313500,1,0
0.877318500,0,0
0.877323700,1,0
0.877328700,0,0
0.877333900,1,0
0.877338900,0,0
0.877344100,1,0
0.877349100,0,0
0.877354200,1,0
0.877359300,0,0
0.877364400,1,0
0.877369500,0,0
0.877374600,1,0
0.877379600,0,0
0.877384800,1,0
0.877389800,0,0
0.877395000,1,0
0.877400000,0,0
0.877405200,1,0
0.877410200,0,0
0.877413400,0,1
0.877415400,1,1
0.877420400,0,1
0.877420800,0,0
0.877425500,1,0
0.877430600,0,0
0.877435700,1,0
0.877440800,0,0
0.877445900,1,0
0.877450900,0,0
0.877456100,1,0
0.877461100,0,0
0.877466300,1,0
0.877471300,0,0
0.877476500,1,0
0.877481500,0,0
0.877486600,1,0
0.877491700,0,0
0.877496800,1,0
0.877501900,0,0
0.877507000,1,0
0.877512100,0,0
0.877517200,1,0
0.877522200,0,0
0.877527400,1,0
0.877532400,0,0
0.877537600,1,0
0.877542600,0,0
0.877547800,1,0
0.877552800,0,0
0.877557900,1,0
0.877563000,0,0
0.877568100,1,0
0.877573200,0,0
0.877578300,1,0
0.877583300,0,0
0.877588500,1,0
0.877593500,0,0
0.877596700,0,1
0.877598700,1,1
0.877603700,0,1
0.877604200,0,0
0.877608900,1,0
0.877613900,0,0
0.877619100,1,0
0.877624100,0,0
0.877629200,1,0
0.877634300,0,0
0.877639400,1,0
0.877644500,0,0
0.877649600,1,0
0.877654600,0,0
0.877659800,1,0
0.877664800,0,0
0.877670000,1,0
0.877675000,0,0
0.877680200,1,0
0.877685200,0,0
0.877690400,1,0
0.877695400,0,0
0.877700500,1,0
0.877705600,0,0
0.877710700,1,0
0.877715800,0,0
0.877720900,1,0
0.877725900,0,0
0.877731100,1,0
0.877736100,0,0
0.877741300,1,0
0.877746300,0,0
0.877751500,1,0
0.877756500,0,0
0.877761600,1,0
0.877766700,0,0
0.877771800,1,0
0.877776900,0,0
0.877780100,0,1
0.877782000,1,1
0.877787100,0,1
0.877787500,0,0
0.877792200,1,0
0.877797200,0,0
0.877802400,1,0
0.877807400,0,0
0.877812600,1,0
0.877817600,0,0
0.877822800,1,0
0.877827800,0,0
0.877832900,1,0
0.877838000,0,0
0.877843100,1,0
0.877848200,0,0
0.877853300,1,0
0.877858300,0,0
0.877858900,0,1
0.877863500,1,1
0.877868500,0,1
0.877869500,0,0
0.877873700,1,0
0.877879900,1,1
0.974847200,1,0
0.974853200,0,0
0.974854400,0,1
0.974858300,1,1
0.974863400,0,1
0.974864400,0,0
0.974868500,1,0
0.974873600,0,0
0.974874800,0,1
0.974878700,1,1
0.974883800,0,1
0.974884800,0,0
0.974888900,1,0
0.974893900,0,0
0.974895100,0,1
0.974899100,1,1
0.974904100,0,1
0.974905100,0,0
0.974909300,1,0
0.974914300,0,0
0.974919500,1,0
0.974924500,0,0
0.974929700,1,0
0.974934700,0,0
0.974939800,1,0
0.974944900,0,0
0.974950000,1,0
0.974955100,0,0
0.974956300,0,1
0.974960200,1,1
0.974965200,0,1
0.974966200,0,0
0.974970400,1,0
0.974975400,0,0
0.974980600,1,0
0.974985600,0,0
0.974990800,1,0
0.974995800,0,0
0.975000900,1,0
0.975006000,0,0
0.975011100,1,0
0.975016200,0,0
0.975021300,1,0
0.975026400,0,0
0.975031500,1,0
0.975036500,0,0
0.975037200,0,1
0.975041700,1,1
0.975048700,1,0
0.975054700,0,0
0.975055900,0,1
0.975059900,1,1
0.975064900,0,1
0.975065900,0,0
0.975070100,1,0
0.975075100,0,0
0.975076300,0,1
0.975080200,1,1
0.975085300,0,1
0.975086300,0,0
0.975090400,1,0
0.975095500,0,0
0.975096600,0,1
0.975100600,1,1
0.975105600,0,1
0.975106600,0,0
0.975110800,1,0
0.975115800,0,0
0.975121000,1,0
0.975126000,0,0
0.975127200,0,1
0.975131200,1,1
0.975136200,0,1
0.975136600,0,0
0.975141400,1,0
0.975146400,0,0
0.975151500,1,0
0.975156600,0,0
0.975161700,1,0
0.975166800,0,0
0.975171900,1,0
0.975176900,0,0
0.975182100,1,0
0.975187100,0,0
0.975187700,0,1
0.975192300,1,1
0.975197300,0,1
0.975202500,1,1
0.975207500,0,1
0.975212600,1,1
0.975217700,0,1
0.975222800,1,1
0.975227900,0,1
0.975233000,1,1
0.975238100,0,1
0.975239100,0,0
0.975243200,1,0
0.975249400,1,1
0.975308200,1,0
0.975314200,0,0
0.975315400,0,1
0.975319400,1,1
0.975324400,0,1
0.975325400,0,0
0.975329600,1,0
0.975334600,0,0
0.975335800,0,1
0.975339800,1,1
0.975344800,0,1
0.975345800,0,0
0.975349900,1,0
0.975355000,0,0
0.975356200,0,1
0.975360100,1,1
0.975365200,0,1
0.975366200,0,0
0.975370300,1,0
0.975375400,0,0
0.975380500,1,0
0.975385500,0,0
0.975390700,1,0
0.975395700,0,0
0.975400900,1,0
0.975405900,0,0
0.975411100,1,0
0.975416100,0,0
0.975417300,0,1
0.975421200,1,1
0.975426300,0,1
0.975427300,0,0
0.975431400,1,0
0.975436500,0,0
0.975437600,0,1
0.975441600,1,1
0.975446600,0,1
0.975447600,0,0
0.975451800,1,0
0.975456800,0,0
0.975462000,1,0
0.975467000,0,0
0.975472200,1,0
0.975477200,0,0
0.975482400,1,0
0.975487400,0,0
0.975492500,1,0
0.975497600,0,0
0.975498200,0,1
0.975502700,1,1
0.975509800,1,0
0.975515800,0,0
0.975516900,0,1
0.975520900,1,1
0.975525900,0,1
0.975526900,0,0
0.975531100,1,0
0.975536100,0,0
0.975537300,0,1
0.975541300,1,1
0.975546300,0,1
0.975547300,0,0
0.975551500,1,0
0.975556500,0,0
0.975557700,0,1
0.975561600,1,1
0.975566700,0,1
0.975567700,0,0
0.975571800,1,0
0.975576900,0,0
0.975582000,1,0
0.975587100,0,0
0.975588300,0,1
0.975592200,1,1
0.975597200,0,1
0.975597700,0,0
0.975602400,1,0
0.975607400,0,0
0.975612600,1,0
0.975617600,0,0
0.975622800,1,0
0.975627800,0,0
0.975632900,1,0
0.975638000,0,0
0.975643100,1,0
0.975648200,0,0
0.975653300,1,0
0.975658300,0,0
0.975663500,1,0
0.975668500,0,0
0.975673700,1,0
0.975678700,0,0
0.975683900,1,0
0.975688900,0,0
0.975694100,1,0
0.975699100,0,0
0.975702300,0,1
0.975704200,1,1
0.975709300,0,1
0.975709700,0,0
0.975714400,1,0
0.975719500,0,0
0.975724600,1,0
0.975729600,0,0
0.975734800,1,0
0.975739800,0,0
0.975745000,1,0
0.975750000,0,0
0.975755200,1,0
0.975760200,0,0
0.975765400,1,0
0.975770400,0,0
0.975775500,1,0
0.975780600,0,0
0.975785700,1,0
0.975790800,0,0
0.975795900,1,0
0.975800900,0,0
0.975806100,1,0
0.975811100,0,0
0.975816300,1,0
0.975821300,0,0
0.975826500,1,0
0.975831500,0,0
0.975836600,1,0
0.975841700,0,0
0.975846800,1,0
0.975851900,0,0
0.975857000,1,0
0.975862100,0,0
0.975867200,1,0
0.975872200,0,0
0.975877400,1,0
0.975882400,0,0
0.975885600,0,1
0.975887600,1,1
0.975892600,0,1
0.975893000,0,0
0.975897800,1,0
0.975902800,0,0
0.975907900,1,0
0.975913000,0,0
0.975918100,1,0
0.975923200,0,0
0.975928300,1,0
0.975933300,0,0
0.975938500,1,0
0.975943500,0,0
0.975948700,1,0
0.975953700,0,0
0.975958900,1,0
0.975963900,0,0
0.975969100,1,0
0.975974100,0,0
0.975979200,1,0
0.975984300,0,0
0.975989400,1,0
0.975994500,0,0
0.975999600,1,0
0.976004600,0,0
0.976009800,1,0
0.976014800,0,0
0.976020000,1,0
0.976025000,0,0
0.976030200,1,0
0.976035200,0,0
0.976040300,1,0
0.976045400,0,0
0.976050500,1,0
0.976055600,0,0
0.976060700,1,0
0.976065800,0,0
0.976069000,0,1
0.976070900,1,1
0.976075900,0,1
0.976076400,0,0
0.976081100,1,0
0.976086100,0,0
0.976091300,1,0
0.976096300,0,0
0.976101500,1,0
0.976106500,0,0
0.976111600,1,0
0.976116700,0,0
0.976121800,1,0
0.976126900,0,0
0.976132000,1,0
0.976137000,0,0
0.976142200,1,0
0.976147200,0,0
0.976147900,0,1
0.976152400,1,1
0.976157400,0,1
0.976158400,0,0
0.976162600,1,0
0.976168800,1,1
1.073048100,1,0
1.073054100,0,0
1.073055200,0,1
1.073059200,1,1
1.073064300,0,1
1.073065300,0,0
1.073069400,1,0
1.073074500,0,0
1.073075600,0,1
1.073079600,1,1
1.073084600,0,1
1.073085600,0,0
1.073089800,1,0
1.073094800,0,0
1.073096000,0,1
1.073100000,1,1
1.073105000,0,1
1.073106000,0,0
1.073110200,1,0
1.073115200,0,0
1.073120400,1,0
1.073125400,0,0
1.073130500,1,0
1.073135600,0,0
1.073140700,1,0
1.073145800,0,0
1.073150900,1,0
1.073155900,0,0
1.073157200,0,1
1.073161100,1,1
1.073166100,0,1
1.073167100,0,0
1.073171300,1,0
1.073176300,0,0
1.073181500,1,0
1.073186500,0,0
1.073191700,1,0
1.073196700,0,0
1.073201800,1,0
1.073206900,0,0
1.073212000,1,0
1.073217100,0,0
1.073222200,1,0
1.073227200,0,0
1.073232400,1,0
1.073237400,0,0
1.073238000,0,1
1.073242600,1,1
1.073249600,1,0
1.073255600,0,0
1.073256800,0,1
1.073260700,1,1
1.073265800,0,1
1.073266800,0,0
1.073270900,1,0
1.073276000,0,0
1.073277200,0,1
1.073281100,1,1
1.073286200,0,1
1.073287200,0,0
1.073291300,1,0
1.073296400,0,0
1.073297500,0,1
1.073301500,1,1
1.073306500,0,1
1.073307500,0,0
1.073311700,1,0
1.073316700,0,0
1.073321900,1,0
1.073326900,0,0
1.073328100,0,1
1.073332100,1,1
1.073337100,0,1
1.073337500,0,0
1.073342200,1,0
1.073347300,0,0
1.073352400,1,0
1.073357500,0,0
1.073362600,1,0
1.073367600,0,0
1.073372800,1,0
1.073377800,0,0
1.073383000,1,0
1.073388000,0,0
1.073388600,0,1
1.073393200,1,1
1.073398200,0,1
1.073403400,1,1
1.073408400,0,1
1.073413500,1,1
1.073418600,0,1
1.073423700,1,1
1.073428800,0,1
1.073433900,1,1
1.073438900,0,1
1.073439900,0,0
1.073444100,1,0
1.073450300,1,1
1.073508100,1,0
1.073514100,0,0
1.073515300,0,1
1.073519200,1,1
1.073524300,0,1
1.073525300,0,0
1.073529500,1,0
1.073534500,0,0
1.073535700,0,1
1.073539600,1,1
1.073544700,0,1
1.073545700,0,0
1.073549800,1,0
1.073554900,0,0
1.073556100,0,1
1.073560000,1,1
1.073565100,0,1
1.073566100,0,0
1.073570200,1,0
1.073575200,0,0
1.073580400,1,0
1.073585400,0,0
1.073590600,1,0
1.073595600,0,0
1.073600800,1,0
1.073605800,0,0
1.073610900,1,0
1.073616000,0,0
1.073617200,0,1
1.073621100,1,1
1.073626200,0,1
1.073627200,0,0
1.073631300,1,0
1.073636300,0,0
1.073637500,0,1
1.073641500,1,1
1.073646500,0,1
1.073647500,0,0
1.073651700,1,0
1.073656700,0,0
1.073661900,1,0
1.073666900,0,0
1.073672100,1,0
1.073677100,0,0
1.073682200,1,0
1.073687300,0,0
1.073692400,1,0
1.073697500,0,0
1.073698100,0,1
1.073702600,1,1
1.073709600,1,0
1.073715600,0,0
1.073716800,0,1
1.073720800,1,1
1.073725800,0,1
1.073726800,0,0
1.073731000,1,0
1.073736000,0,0
1.073737200,0,1
1.073741200,1,1
1.073746200,0,1
1.073747200,0,0
1.073751300,1,0
1.073756400,0,0
1.073757600,0,1
1.073761500,1,1
1.073766600,0,1
1.073767600,0,0
1.073771700,1,0
1.073776800,0,0
1.073781900,1,0
1.073786900,0,0
1.073788100,0,1
1.073792100,1,1
1.073797100,0,1
1.073797500,0,0
1.073802300,1,0
1.073807300,0,0
1.073812500,1,0
1.073817500,0,0
1.073822600,1,0
1.073827700,0,0
1.073832800,1,0
1.073837900,0,0
1.073843000,1,0
1.073848100,0,0
1.073853200,1,0
1.073858200,0,0
1.073863400,1,0
1.073868400,0,0
1.073873600,1,0
1.073878600,0,0
1.073883800,1,0
1.073888800,0,0
1.073893900,1,0
1.073899000,0,0
1.073902200,0,1
1.073904100,1,1
1.073909200,0,1
1.073909600,0,0
1.073914300,1,0
1.073919300,0,0
1.073924500,1,0
1.073929500,0,0
1.073934700,1,0
1.073939700,0,0
1.073944900,1,0
1.073949900,0,0
1.073955100,1,0
1.073960100,0,0
1.073965200,1,0
1.073970300,0,0
1.073975400,1,0
1.073980500,0,0
1.073985600,1,0
1.073990600,0,0
1.073995800,1,0
1.074000800,0,0
1.074006000,1,0
1.074011000,0,0
1.074016200,1,0
1.074021200,0,0
1.074026300,1,0
1.074031400,0,0
1.074036500,1,0
1.074041600,0,0
1.074046700,1,0
1.074051800,0,0
1.074056900,1,0
1.074061900,0,0
1.074067100,1,0
1.074072100,0,0
1.074077300,1,0
1.074082300,0,0
1.074085500,0,1
1.074087500,1,1
1.074092500,0,1
1.074092900,0,0
1.074097600,1,0
1.074102700,0,0
1.074107800,1,0
1.074112900,0,0
1.074118000,1,0
1.074123000,0,0
1.074128200,1,0
1.074133200,0,0
1.074138400,1,0
1.074143400,0,0
1.074148600,1,0
1.074153600,0,0
1.074158800,1,0
1.074163800,0,0
1.074168900,1,0
1.074174000,0,0
1.074179100,1,0
1.074184200,0,0
1.074189300,1,0
1.074194300,0,0
1.074199500,1,0
1.074204500,0,0
1.074209700,1,0
1.074214700,0,0
1.074219900,1,0
1.074224900,0,0
1.074230100,1,0
1.074235100,0,0
1.074240200,1,0
1.074245300,0,0
1.074250400,1,0
1.074255500,0,0
1.074260600,1,0
1.074265600,0,0
1.074268900,0,1
1.074270800,1,1
1.074275800,0,1
1.074276300,0,0
1.074281000,1,0
1.074286000,0,0
1.074291200,1,0
1.074296200,0,0
1.074301300,1,0
1.074306400,0,0
1.074311500,1,0
1.074316600,0,0
1.074321700,1,0
1.074326800,0,0
1.074331900,1,0
1.074336900,0,0
1.074342100,1,0
1.074347100,0,0
1.074347800,0,1
1.074352300,1,1
1.074357300,0,1
1.074358300,0,0
1.074362500,1,0
1.074368700,1,1
1.172225000,1,0
1.172231000,0,0
1.172232100,0,1
1.172236100,1,1
1.172241200,0,1
1.172242200,0,0
1.172246300,1,0
1.172251300,0,0
1.172252500,0,1
1.172256500,1,1
1.172261500,0,1
1.172262500,0,0
1.172266700,1,0
1.172271700,0,0
1.172272900,0,1
1.172276900,1,1
1.172281900,0,1
1.172282900,0,0
1.172287100,1,0
1.172292100,0,0
1.172297200,1,0
1.172302300,0,0
1.172307400,1,0
1.172312500,0,0
1.172317600,1,0
1.172322600,0,0
1.172327800,1,0
1.172332800,0,0
1.172334000,0,1
1.172338000,1,1
1.172343000,0,1
1.172344000,0,0
1.172348200,1,0
1.172353200,0,0
1.172358300,1,0
1.172363400,0,0
1.172368500,1,0
1.172373600,0,0
1.172378700,1,0
1.172383800,0,0
1.172388900,1,0
1.172393900,0,0
1.172399100,1,0
1.172404100,0,0
1.172409300,1,0
1.172414300,0,0
1.172415000,0,1
1.172419500,1,1
1.172426500,1,0
1.172432500,0,0
1.172433700,0,1
1.172437600,1,1
1.172442700,0,1
1.172443700,0,0
1.172447800,1,0
1.172452900,0,0
1.172454000,0,1
1.172458000,1,1
1.172463000,0,1
1.172464000,0,0
1.172468200,1,0
1.172473200,0,0
1.172474400,0,1
1.172478400,1,1
1.172483400,0,1
1.172484400,0,0
1.172488600,1,0
1.172493600,0,0
1.172498800,1,0
1.172503800,0,0
1.172505000,0,1
1.172508900,1,1
1.172514000,0,1
1.172514400,0,0
1.172519100,1,0
1.172524200,0,0
1.172529300,1,0
1.172534300,0,0
1.172539500,1,0
1.172544500,0,0
1.172549700,1,0
1.172554700,0,0
1.172559900,1,0
1.172564900,0,0
1.172565500,0,1
1.172570000,1,1
1.172575100,0,1
1.172580200,1,1
1.172585300,0,1
1.172590400,1,1
1.172595500,0,1
1.172600600,1,1
1.172605600,0,1
1.172610800,1,1
1.172615800,0,1
1.172616800,0,0
1.172621000,1,0
1.172627200,1,1
1.172686000,1,0
1.172692000,0,0
1.172693200,0,1
1.172697100,1,1
1.172702200,0,1
1.172703200,0,0
1.172707300,1,0
1.172712400,0,0
1.172713600,0,1
1.172717500,1,1
1.172722600,0,1
1.172723600,0,0
1.172727700,1,0
1.172732800,0,0
1.172733900,0,1
1.172737900,1,1
1.172742900,0,1
1.172743900,0,0
1.172748100,1,0
1.172753100,0,0
1.172758300,1,0
1.172763300,0,0
1.172768500,1,0
1.172773500,0,0
1.172778600,1,0
1.172783700,0,0
1.172788800,1,0
1.172793900,0,0
1.172795100,0,1
1.172799000,1,1
1.172804000,0,1
1.172805000,0,0
1.172809200,1,0
1.172814200,0,0
1.172815400,0,1
1.172819400,1,1
1.172824400,0,1
1.172825400,0,0
1.172829600,1,0
1.172834600,0,0
1.172839800,1,0
1.172844800,0,0
1.172849900,1,0
1.172855000,0,0
1.172860100,1,0
1.172865200,0,0
1.172870300,1,0
1.172875300,0,0
1.172876000,0,1
1.172880500,1,1
1.172887500,1,0
1.172893500,0,0
1.172894700,0,1
1.172898700,1,1
1.172903700,0,1
1.172904700,0,0
1.172908900,1,0
1.172913900,0,0
1.172915100,0,1
1.172919000,1,1
1.172924100,0,1
1.172925100,0,0
1.172929200,1,0
1.172934300,0,0
1.172935500,0,1
1.172939400,1,1
1.172944500,0,1
1.172945500,0,0
1.172949600,1,0
1.172954600,0,0
1.172959800,1,0
1.172964800,0,0
1.172966000,0,1
1.172970000,1,1
1.172975000,0,1
1.172975400,0,0
1.172980200,1,0
1.172985200,0,0
1.172990300,1,0
1.172995400,0,0
1.173000500,1,0
1.173005600,0,0
1.173010700,1,0
1.173015700,0,0
1.173020900,1,0
1.173025900,0,0
1.173031100,1,0
1.173036100,0,0
1.173041300,1,0
1.173046300,0,0
1.173051500,1,0
1.173056500,0,0
1.173061600,1,0
1.173066700,0,0
1.173071800,1,0
1.173076900,0,0
1.173080100,0,1
1.173082000,1,1
1.173087000,0,1
1.173087500,0,0
1.173092200,1,0
1.173097200,0,0
1.173102400,1,0
1.173107400,0,0
1.173112600,1,0
1.173117600,0,0
1.173122800,1,0
1.173127800,0,0
1.173132900,1,0
1.173138000,0,0
1.173143100,1,0
1.173148200,0,0
1.173153300,1,0
1.173158300,0,0
1.173163500,1,0
1.173168500,0,0
1.173173700,1,0
1.173178700,0,0
1.173183900,1,0
1.173188900,0,0
1.173194000,1,0
1.173199100,0,0
1.173204200,1,0
1.173209300,0,0
1.173214400,1,0
1.173219500,0,0
1.173224600,1,0
1.173229600,0,0
1.173234800,1,0
1.173239800,0,0
1.173245000,1,0
1.173250000,0,0
1.173255200,1,0
1.173260200,0,0
1.173263400,0,1
1.173265300,1,1
1.173270400,0,1
1.173270800,0,0
1.173275500,1,0
1.173280600,0,0
1.173285700,1,0
1.173290700,0,0
1.173295900,1,0
1.173300900,0,0
1.173306100,1,0
1.173311100,0,0
1.173316300,1,0
1.173321300,0,0
1.173326500,1,0
1.173331500,0,0
1.173336600,1,0
1.173341700,0,0
1.173346800,1,0
1.173351900,0,0
1.173357000,1,0
1.173362000,0,0
1.173367200,1,0
1.173372200,0,0
1.173377400,1,0
1.173382400,0,0
1.173387600,1,0
1.173392600,0,0
1.173397700,1,0
1.173402800,0,0
1.173407900,1,0
1.173413000,0,0
1.173418100,1,0
1.173423200,0,0
1.173428300,1,0
1.173433300,0,0
1.173438500,1,0
1.173443500,0,0
1.173446700,0,1
1.173448700,1,1
1.173453700,0,1
1.173454100,0,0
1.173458900,1,0
1.173463900,0,0
1.173469000,1,0
1.173474100,0,0
1.173479200,1,0
1.173484300,0,0
1.173489400,1,0
1.173494400,0,0
1.173499600,1,0
1.173504600,0,0
1.173509800,1,0
1.173514800,0,0
1.173520000,1,0
1.173525000,0,0
1.173525600,0,1
1.173530200,1,1
1.173535200,0,1
1.173536200,0,0
1.173540300,1,0
1.173546600,1,1
1.270552900,1,0
1.270558900,0,0
1.270560000,0,1
1.270564000,1,1
1.270569000,0,1
1.270570000,0,0
1.270574200,1,0
1.270579200,0,0
1.270580400,0,1
1.270584400,1,1
1.270589400,0,1
1.270590400,0,0
1.270594600,1,0
1.270599600,0,0
1.270600800,0,1
1.270604800,1,1
1.270609800,0,1
1.270610800,0,0
1.270614900,1,0
1.270620000,0,0
1.270625100,1,0
1.270630200,0,0
1.270635300,1,0
1.270640300,0,0
1.270645500,1,0
1.270650500,0,0
1.270655700,1,0
1.270660700,0,0
1.270661900,0,1
1.270665900,1,1
1.270670900,0,1
1.270671900,0,0
1.270676000,1,0
1.270681100,0,0
1.270686200,1,0
1.270691300,0,0
1.270696400,1,0
1.270701500,0,0
1.270706600,1,0
1.270711600,0,0
1.270716800,1,0
1.270721800,0,0
1.270727000,1,0
1.270732000,0,0
1.270737200,1,0
1.270742200,0,0
1.270742800,0,1
1.270747300,1,1
1.270754400,1,0
1.270760400,0,0
1.270761600,0,1
1.270765500,1,1
1.270770600,0,1
1.270771600,0,0
1.270775700,1,0
1.270780700,0,0
1.270781900,0,1
1.270785900,1,1
1.270790900,0,1
1.270791900,0,0
1.270796100,1,0
1.270801100,0,0
1.270802300,0,1
1.270806300,1,1
1.270811300,0,1
1.270812300,0,0
1.270816500,1,0
1.270821500,0,0
1.270826600,1,0
1.270831700,0,0
1.270832900,0,1
1.270836800,1,1
1.270841900,0,1
1.270842300,0,0
1.270847000,1,0
1.270852000,0,0
1.270857200,1,0
1.270862200,0,0
1.270867400,1,0
1.270872400,0,0
1.270877600,1,0
1.270882600,0,0
1.270887800,1,0
1.270892800,0,0
1.270893400,0,1
1.270897900,1,1
1.270903000,0,1
1.270908100,1,1
1.270913200,0,1
1.270918300,1,1
1.270923300,0,1
1.270928500,1,1
1.270933500,0,1
1.270938700,1,1
1.270943700,0,1
1.270944700,0,0
1.270948900,1,0
1.270955100,1,1
1.271012900,1,0
1.271018900,0,0
1.271020100,0,1
1.271024000,1,1
1.271029100,0,1
1.271030100,0,0
1.271034200,1,0
1.271039300,0,0
1.271040400,0,1
1.271044400,1,1
1.271049500,0,1
1.271050500,0,0
1.271054600,1,0
1.271059600,0,0
1.271060800,0,1
1.271064800,1,1
1.271069800,0,1
1.271070800,0,0
1.271075000,1,0
1.271080000,0,0
1.271085200,1,0
1.271090200,0,0
1.271095300,1,0
1.271100400,0,0
1.271105500,1,0
1.271110600,0,0
1.271115700,1,0
1.271120700,0,0
1.271122000,0,1
1.271125900,1,1
1.271130900,0,1
1.271131900,0,0
1.271136100,1,0
1.271141100,0,0
1.271142300,0,1
1.271146300,1,1
1.271151300,0,1
1.271152300,0,0
1.271156500,1,0
1.271161500,0,0
1.271166600,1,0
1.271171700,0,0
1.271176800,1,0
1.271181900,0,0
1.271187000,1,0
1.271192000,0,0
1.271197200,1,0
1.271202200,0,0
1.271202800,0,1
1.271207400,1,1
1.271214400,1,0
1.271220400,0,0
1.271221600,0,1
1.271225500,1,1
1.271230600,0,1
1.271231600,0,0
1.271235700,1,0
1.271240800,0,0
1.271242000,0,1
1.271245900,1,1
1.271251000,0,1
1.271252000,0,0
1.271256100,1,0
1.271261200,0,0
1.271262300,0,1
1.271266300,1,1
1.271271300,0,1
1.271272300,0,0
1.271276500,1,0
1.271281500,0,0
1.271286700,1,0
1.271291700,0,0
1.271292900,0,1
1.271296900,1,1
1.271301900,0,1
1.271302300,0,0
1.271307000,1,0
1.271312100,0,0
1.271317200,1,0
1.271322300,0,0
1.271327400,1,0
1.271332400,0,0
1.271337600,1,0
1.271342600,0,0
1.271347800,1,0
1.271352800,0,0
1.271358000,1,0
1.271363000,0,0
1.271368200,1,0
1.271373200,0,0
1.271378300,1,0
1.271383400,0,0
1.271388500,1,0
1.271393600,0,0
1.271398700,1,0
1.271403700,0,0
1.271407000,0,1
1.271408900,1,1
1.271413900,0,1
1.271414300,0,0
1.271419100,1,0
1.271424100,0,0
1.271429300,1,0
1.271434300,0,0
1.271439500,1,0
1.271444500,0,0
1.271449600,1,0
1.271454700,0,0
1.271459800,1,0
1.271464900,0,0
1.271470000,1,0
1.271475000,0,0
1.271480200,1,0
1.271485200,0,0
1.271490400,1,0
1.271495400,0,0
1.271500600,1,0
1.271505600,0,0
1.271510700,1,0
1.271515800,0,0
1.271520900,1,0
1.271526000,0,0
1.271531100,1,0
1.271536200,0,0
1.271541300,1,0
1.271546300,0,0
1.271551500,1,0
1.271556500,0,0
1.271561700,1,0
1.271566700,0,0
1.271571900,1,0
1.271576900,0,0
1.271582000,1,0
1.271587100,0,0
1.271590300,0,1
1.271592200,1,1
1.271597300,0,1
1.271597700,0,0
1.271602400,1,0
1.271607400,0,0
1.271612600,1,0
1.271617600,0,0
1.271622800,1,0
1.271627800,0,0
1.271633000,1,0
1.271638000,0,0
1.271643200,1,0
1.271648200,0,0
1.271653300,1,0
1.271658400,0,0
1.271663500,1,0
1.271668600,0,0
1.271673700,1,0
1.271678700,0,0
1.271683900,1,0
1.271688900,0,0
1.271694100,1,0
1.271699100,0,0
1.271704300,1,0
1.271709300,0,0
1.271714500,1,0
1.271719500,0,0
1.271724600,1,0
1.271729700,0,0
1.271734800,1,0
1.271739900,0,0
1.271745000,1,0
1.271750000,0,0
1.271755200,1,0
1.271760200,0,0
1.271765400,1,0
1.271770400,0,0
1.271773600,0,1
1.271775600,1,1
1.271780600,0,1
1.271781000,0,0
1.271785700,1,0
1.271790800,0,0
1.271795900,1,0
1.271801000,0,0
1.271806100,1,0
1.271811200,0,0
1.271816300,1,0
1.271821300,0,0
1.271826500,1,0
1.271831500,0,0
1.271836700,1,0
1.271841700,0,0
1.271846900,1,0
1.271851900,0,0
1.271852500,0,1
1.271857000,1,1
1.271862100,0,1
1.271863100,0,0
1.271867200,1,0
1.271873400,1,1
1.368864700,1,0
1.368870700,0,0
1.368871900,0,1
1.368875900,1,1
1.368880900,0,1
1.368881900,0,0
1.368886100,1,0
1.368891100,0,0
1.368892300,0,1
1.368896300,1,1
1.368901300,0,1
1.368902300,0,0
1.368906500,1,0
1.368911500,0,0
1.368912700,0,1
1.368916600,1,1
1.368921700,0,1
1.368922700,0,0
1.368926800,1,0
1.368931900,0,0
1.368937000,1,0
1.368942000,0,0
1.368947200,1,0
1.368952200,0,0
1.368957400,1,0
1.368962400,0,0
1.368967600,1,0
1.368972600,0,0
1.368973800,0,1
1.368977700,1,1
1.368982800,0,1
1.368983800,0,0
1.368987900,1,0
1.368993000,0,0
1.368998100,1,0
1.369003200,0,0
1.369008300,1,0
1.369013300,0,0
1.369018500,1,0
1.369023500,0,0
1.369028700,1,0
1.369033700,0,0
1.369038900,1,0
1.369043900,0,0
1.369049000,1,0
1.369054100,0,0
1.369054700,0,1
1.369059200,1,1
1.369066300,1,0
1.369072300,0,0
1.369073400,0,1
1.369077400,1,1
1.369082500,0,1
1.369083500,0,0
1.369087600,1,0
1.369092600,0,0
1.369093800,0,1
1.369097800,1,1
1.369102800,0,1
1.369103800,0,0
1.369108000,1,0
1.369113000,0,0
1.369114200,0,1
1.369118200,1,1
1.369123200,0,1
1.369124200,0,0
1.369128300,1,0
1.369133400,0,0
1.369138500,1,0
1.369143600,0,0
1.369144800,0,1
1.369148700,1,1
1.369153700,0,1
1.369154200,0,0
1.369158900,1,0
1.369163900,0,0
1.369169100,1,0
1.369174100,0,0
1.369179300,1,0
1.369184300,0,0
1.369189500,1,0
1.369194500,0,0
1.369199600,1,0
1.369204700,0,0
1.369205300,0,1
1.369209800,1,1
1.369214900,0,1
1.369220000,1,1
1.369225000,0,1
1.369230200,1,1
1.369235200,0,1
1.369240400,1,1
1.369245400,0,1
1.369250600,1,1
1.369255600,0,1
1.369256600,0,0
1.369260700,1,0
1.369267000,1,1
1.369325800,1,0
1.369331800,0,0
1.369332900,0,1
1.369336900,1,1
1.369342000,0,1
1.369343000,0,0
1.369347100,1,0
1.369352200,0,0
1.369353300,0,1
1.369357300,1,1
1.369362300,0,1
1.369363300,0,0
1.369367500,1,0
1.369372500,0,0
1.369373700,0,1
1.369377700,1,1
1.369382700,0,1
1.369383700,0,0
1.369387900,1,0
1.369392900,0,0
1.369398000,1,0
1.369403100,0,0
1.369408200,1,0
1.369413300,0,0
1.369418400,1,0
1.369423400,0,0
1.369428600,1,0
1.369433600,0,0
1.369434800,0,1
1.369438800,1,1
1.369443800,0,1
1.369444800,0,0
1.369449000,1,0
1.369454000,0,0
1.369455200,0,1
1.369459200,1,1
1.369464200,0,1
1.369465200,0,0
1.369469300,1,0
1.369474400,0,0
1.369479500,1,0
1.369484600,0,0
1.369489700,1,0
1.369494700,0,0
1.369499900,1,0
1.369504900,0,0
1.369510100,1,0
1.369515100,0,0
1.369515700,0,1
1.369520300,1,1
1.369527300,1,0
1.369533300,0,0
1.369534500,0,1
1.369538400,1,1
1.369543500,0,1
1.369544500,0,0
1.369548600,1,0
1.369553700,0,0
1.369554900,0,1
1.369558800,1,1
1.369563900,0,1
1.369564900,0,0
1.369569000,1,0
1.369574000,0,0
1.369575200,0,1
1.369579200,1,1
1.369584200,0,1
1.369585200,0,0
1.369589400,1,0
1.369594400,0,0
1.369599600,1,0
1.369604600,0,0
1.369605800,0,1
1.369609700,1,1
1.369614800,0,1
1.369615200,0,0
1.369619900,1,0
1.369625000,0,0
1.369630100,1,0
1.369635200,0,0
1.369640300,1,0
1.369645300,0,0
1.369650500,1,0
1.369655500,0,0
1.369660700,1,0
1.369665700,0,0
1.369670900,1,0
1.369675900,0,0
1.369681000,1,0
1.369686100,0,0
1.369691200,1,0
1.369696300,0,0
1.369701400,1,0
1.369706400,0,0
1.369711600,1,0
1.369716600,0,0
1.369719800,0,1
1.369721800,1,1
1.369726800,0,1
1.369727200,0,0
1.369732000,1,0
1.369737000,0,0
1.369742200,1,0
1.369747200,0,0
1.369752300,1,0
1.369757400,0,0
1.369762500,1,0
1.369767600,0,0
1.369772700,1,0
1.369777700,0,0
1.369782900,1,0
1.369787900,0,0
1.369793100,1,0
1.369798100,0,0
1.369803300,1,0
1.369808300,0,0
1.369813500,1,0
1.369818500,0,0
1.369823600,1,0
1.369828700,0,0
1.369833800,1,0
1.369838900,0,0
1.369844000,1,0
1.369849000,0,0
1.369854200,1,0
1.369859200,0,0
1.369864400,1,0
1.369869400,0,0
1.369874600,1,0
1.369879600,0,0
1.369884700,1,0
1.369889800,0,0
1.369894900,1,0
1.369900000,0,0
1.369903200,0,1
1.369905100,1,1
1.369910200,0,1
1.369910600,0,0
1.369915300,1,0
1.369920300,0,0
1.369925500,1,0
1.369930500,0,0
1.369935700,1,0
1.369940700,0,0
1.369945900,1,0
1.369950900,0,0
1.369956000,1,0
1.369961100,0,0
1.369966200,1,0
1.369971300,0,0
1.369976400,1,0
1.369981400,0,0
1.369986600,1,0
1.369991600,0,0
1.369996800,1,0
1.370001800,0,0
1.370007000,1,0
1.370012000,0,0
1.370017200,1,0
1.370022200,0,0
1.370027300,1,0
1.370032400,0,0
1.370037500,1,0
1.370042600,0,0
1.370047700,1,0
1.370052700,0,0
1.370057900,1,0
1.370062900,0,0
1.370068100,1,0
1.370073100,0,0
1.370078300,1,0
1.370083300,0,0
1.370086500,0,1
1.370088400,1,1
1.370093500,0,1
1.370093900,0,0
1.370098600,1,0
1.370103700,0,0
1.370108800,1,0
1.370113900,0,0
1.370119000,1,0
1.370124000,0,0
1.370129200,1,0
1.370134200,0,0
1.370139400,1,0
1.370144400,0,0
1.370149600,1,0
1.370154600,0,0
1.370159700,1,0
1.370164800,0,0
1.370165400,0,1
1.370169900,1,1
1.370175000,0,1
1.370176000,0,0
1.370180100,1,0
1.370186300,1,1
1.468098600,1,0
1.468104600,0,0
1.468105800,0,1
1.468109700,1,1
1.468114800,0,1
1.468115800,0,0
1.468120000,1,0
1.468125000,0,0
1.468126200,0,1
1.468130100,1,1
1.468135200,0,1
1.468136200,0,0
1.468140300,1,0
1.468145400,0,0
1.468146600,0,1
1.468150500,1,1
1.468155600,0,1
1.468156600,0,0
1.468160700,1,0
1.468165700,0,0
1.468170900,1,0
1.468175900,0,0
1.468181100,1,0
1.468186100,0,0
1.468191300,1,0
1.468196300,0,0
1.468201400,1,0
1.468206500,0,0
1.468207700,0,1
1.468211600,1,1
1.468216700,0,1
1.468217700,0,0
1.468221800,1,0
1.468226900,0,0
1.468232000,1,0
1.468237000,0,0
1.468242200,1,0
1.468247200,0,0
1.468252400,1,0
1.468257400,0,0
1.468262600,1,0
1.468267600,0,0
1.468272700,1,0
1.468277800,0,0
1.468282900,1,0
1.468288000,0,0
1.468288600,0,1
1.468293100,1,1
1.468300100,1,0
1.468306100,0,0
1.468307300,0,1
1.468311300,1,1
1.468316300,0,1
1.468317300,0,0
1.468321500,1,0
1.468326500,0,0
1.468327700,0,1
1.468331700,1,1
1.468336700,0,1
1.468337700,0,0
1.468341900,1,0
1.468346900,0,0
1.468348100,0,1
1.468352000,1,1
1.468357100,0,1
1.468358100,0,0
1.468362200,1,0
1.468367300,0,0
1.468372400,1,0
1.468377400,0,0
1.468378600,0,1
1.468382600,1,1
1.468387600,0,1
1.468388000,0,0
1.468392800,1,0
1.468397800,0,0
1.468403000,1,0
1.468408000,0,0
1.468413100,1,0
1.468418200,0,0
1.468423300,1,0
1.468428400,0,0
1.468433500,1,0
1.468438600,0,0
1.468439200,0,1
1.468443700,1,1
1.468448700,0,1
1.468453900,1,1
1.468458900,0,1
1.468464100,1,1
1.468469100,0,1
1.468474300,1,1
1.468479300,0,1
1.468484400,1,1
1.468489500,0,1
1.468490500,0,0
1.468494600,1,0
1.468500800,1,1
1.468566700,1,0
1.468572700,0,0
1.468573800,0,1
1.468577800,1,1
1.468582900,0,1
1.468583900,0,0
1.468588000,1,0
1.468593000,0,0
1.468594200,0,1
1.468598200,1,1
1.468603200,0,1
1.468604200,0,0
1.468608400,1,0
1.468613400,0,0
1.468614600,0,1
1.468618600,1,1
1.468623600,0,1
1.468624600,0,0
1.468628700,1,0
1.468633800,0,0
1.468638900,1,0
1.468644000,0,0
1.468649100,1,0
1.468654100,0,0
1.468659300,1,0
1.468664300,0,0
1.468669500,1,0
1.468674500,0,0
1.468675700,0,1
1.468679700,1,1
1.468684700,0,1
1.468685700,0,0
1.468689900,1,0
1.468694900,0,0
1.468696100,0,1
1.468700000,1,1
1.468705100,0,1
1.468706100,0,0
1.468710200,1,0
1.468715300,0,0
1.468720400,1,0
1.468725400,0,0
1.468730600,1,0
1.468735600,0,0
1.468740800,1,0
1.468745800,0,0
1.468751000,1,0
1.468756000,0,0
1.468756600,0,1
1.468761100,1,1
1.468768200,1,0
1.468774200,0,0
1.468775400,0,1
1.468779300,1,1
1.468784400,0,1
1.468785400,0,0
1.468789500,1,0
1.468794600,0,0
1.468795700,0,1
1.468799700,1,1
1.468804700,0,1
1.468805700,0,0
1.468809900,1,0
1.468814900,0,0
1.468816100,0,1
1.468820100,1,1
1.468825100,0,1
1.468826100,0,0
1.468830300,1,0
1.468835300,0,0
1.468840400,1,0
1.468845500,0,0
1.468846700,0,1
1.468850600,1,1
1.468855700,0,1
1.468856100,0,0
1.468860800,1,0
1.468865800,0,0
1.468871000,1,0
1.468876000,0,0
1.468881200,1,0
1.468886200,0,0
1.468891400,1,0
1.468896400,0,0
1.468901600,1,0
1.468906600,0,0
1.468911700,1,0
1.468916800,0,0
1.468921900,1,0
1.468927000,0,0
1.468932100,1,0
1.468937100,0,0
1.468942300,1,0
1.468947300,0,0
1.468952500,1,0
1.468957500,0,0
1.468960700,0,1
1.468962700,1,1
1.468967700,0,1
1.468968100,0,0
1.468972900,1,0
1.468977900,0,0
1.468983000,1,0
1.468988100,0,0
1.468993200,1,0
1.468998300,0,0
1.469003400,1,0
1.469008400,0,0
1.469013600,1,0
1.469018600,0,0
1.469023800,1,0
1.469028800,0,0
1.469034000,1,0
1.469039000,0,0
1.469044100,1,0
1.469049200,0,0
1.469054300,1,0
1.469059400,0,0
1.469064500,1,0
1.469069600,0,0
1.469074700,1,0
1.469079700,0,0
1.469084900,1,0
1.469089900,0,0
1.469095100,1,0
1.469100100,0,0
1.469105300,1,0
1.469110300,0,0
1.469115400,1,0
1.469120500,0,0
1.469125600,1,0
1.469130700,0,0
1.469135800,1,0
1.469140800,0,0
1.469144100,0,1
1.469146000,1,1
1.469151000,0,1
1.469151500,0,0
1.469156200,1,0
1.469161200,0,0
1.469166400,1,0
1.469171400,0,0
1.469176600,1,0
1.469181600,0,0
1.469186700,1,0
1.469191800,0,0
1.469196900,1,0
1.469202000,0,0
1.469207100,1,0
1.469212100,0,0
1.469217300,1,0
1.469222300,0,0
1.469227500,1,0
1.469232500,0,0
1.469237700,1,0
1.469242700,0,0
1.469247800,1,0
1.469252900,0,0
1.469258000,1,0
1.469263100,0,0
1.469268200,1,0
1.469273300,0,0
1.469278400,1,0
1.469283400,0,0
1.469288600,1,0
1.469293600,0,0
1.469298800,1,0
1.469303800,0,0
1.469309000,1,0
1.469314000,0,0
1.469319100,1,0
1.469324200,0,0
1.469327400,0,1
1.469329300,1,1
1.469334400,0,1
1.469334800,0,0
1.469339500,1,0
1.469344500,0,0
1.469349700,1,0
1.469354700,0,0
1.469359900,1,0
1.469364900,0,0
1.469370100,1,0
1.469375100,0,0
1.469380300,1,0
1.469385300,0,0
1.469390400,1,0
1.469395500,0,0
1.469400600,1,0
1.469405700,0,0
1.469406300,0,1
1.469410800,1,1
1.469415800,0,1
1.469416800,0,0
1.469421000,1,0
1.469427200,1,1
1.566410500,1,0
1.566416500,0,0
1.566417700,0,1
1.566421600,1,1
1.566426700,0,1
1.566427700,0,0
1.566431800,1,0
1.566436900,0,0
1.566438100,0,1
1.566442000,1,1
1.566447100,0,1
1.566448100,0,0
1.566452200,1,0
1.566457300,0,0
1.566458400,0,1
1.566462400,1,1
1.566467400,0,1
1.566468400,0,0
1.566472600,1,0
1.566477600,0,0
1.566482800,1,0
1.566487800,0,0
1.566493000,1,0
1.566498000,0,0
1.566503100,1,0
1.566508200,0,0
1.566513300,1,0
1.566518400,0,0
1.566519600,0,1
1.566523500,1,1
1.566528600,0,1
1.566529600,0,0
1.566533700,1,0
1.566538700,0,0
1.566543900,1,0
1.566548900,0,0
1.566554100,1,0
1.566559100,0,0
1.566564300,1,0
1.566569300,0,0
1.566574400,1,0
1.566579500,0,0
1.566584600,1,0
1.566589700,0,0
1.566594800,1,0
1.566599800,0,0
1.566600500,0,1
1.566605000,1,1
1.566612000,1,0
1.566618000,0,0
1.566619200,0,1
1.566623200,1,1
1.566628200,0,1
1.566629200,0,0
1.566633400,1,0
1.566638400,0,0
1.566639600,0,1
1.566643600,1,1
1.566648600,0,1
1.566649600,0,0
1.566653700,1,0
1.566658800,0,0
1.566660000,0,1
1.566663900,1,1
1.566669000,0,1
1.566670000,0,0
1.566674100,1,0
1.566679100,0,0
1.566684300,1,0
1.566689300,0,0
1.566690500,0,1
1.566694500,1,1
1.566699500,0,1
1.566699900,0,0
1.566704700,1,0
1.566709700,0,0
1.566714900,1,0
1.566719900,0,0
1.566725000,1,0
1.566730100,0,0
1.566735200,1,0
1.566740300,0,0
1.566745400,1,0
1.566750400,0,0
1.566751000,0,1
1.566755600,1,1
1.566760600,0,1
1.566765800,1,1
1.566770800,0,1
1.566776000,1,1
1.566781000,0,1
1.566786100,1,1
1.566791200,0,1
1.566796300,1,1
1.566801400,0,1
1.566802400,0,0
1.566806500,1,0
1.566812700,1,1
1.566879600,1,0
1.566885600,0,0
1.566886700,0,1
1.566890700,1,1
1.566895700,0,1
1.566896700,0,0
1.566900900,1,0
1.566905900,0,0
1.566907100,0,1
1.566911100,1,1
1.566916100,0,1
1.566917100,0,0
1.566921300,1,0
1.566926300,0,0
1.566927500,0,1
1.566931400,1,1
1.566936500,0,1
1.566937500,0,0
1.566941600,1,0
1.566946700,0,0
1.566951800,1,0
1.566956800,0,0
1.566962000,1,0
1.566967000,0,0
1.566972200,1,0
1.566977200,0,0
1.566982400,1,0
1.566987400,0,0
1.566988600,0,1
1.566992600,1,1
1.566997600,0,1
1.566998600,0,0
1.567002700,1,0
1.567007800,0,0
1.567009000,0,1
1.567012900,1,1
1.567018000,0,1
1.567019000,0,0
1.567023100,1,0
1.567028100,0,0
1.567033300,1,0
1.567038300,0,0
1.567043500,1,0
1.567048500,0,0
1.567053700,1,0
1.567058700,0,0
1.567063800,1,0
1.567068900,0,0
1.567069500,0,1
1.567074000,1,1
1.567081100,1,0
1.567087100,0,0
1.567088200,0,1
1.567092200,1,1
1.567097300,0,1
1.567098300,0,0
1.567102400,1,0
1.567107400,0,0
1.567108600,0,1
1.567112600,1,1
1.567117600,0,1
1.567118600,0,0
1.567122800,1,0
1.567127800,0,0
1.567129000,0,1
1.567133000,1,1
1.567138000,0,1
1.567139000,0,0
1.567143100,1,0
1.567148200,0,0
1.567153300,1,0
1.567158400,0,0
1.567159600,0,1
1.567163500,1,1
1.567168500,0,1
1.567169000,0,0
1.567173700,1,0
1.567178700,0,0
1.567183900,1,0
1.567188900,0,0
1.567194100,1,0
1.567199100,0,0
1.567204300,1,0
1.567209300,0,0
1.567214400,1,0
1.567219500,0,0
1.567224600,1,0
1.567229700,0,0
1.567234800,1,0
1.567239800,0,0
1.567245000,1,0
1.567250000,0,0
1.567255200,1,0
1.567260200,0,0
1.567265400,1,0
1.567270400,0,0
1.567273600,0,1
1.567275500,1,1
1.567280600,0,1
1.567281000,0,0
1.567285700,1,0
1.567290800,0,0
1.567295900,1,0
1.567301000,0,0
1.567306100,1,0
1.567311100,0,0
1.567316300,1,0
1.567321300,0,0
1.567326500,1,0
1.567331500,0,0
1.567336700,1,0
1.567341700,0,0
1.567346800,1,0
1.567351900,0,0
1.567357000,1,0
1.567362100,0,0
1.567367200,1,0
1.567372300,0,0
1.567377400,1,0
1.567382400,0,0
1.567387600,1,0
1.567392600,0,0
1.567397800,1,0
1.567402800,0,0
1.567408000,1,0
1.567413000,0,0
1.567418100,1,0
1.567423200,0,0
1.567428300,1,0
1.567433400,0,0
1.567438500,1,0
1.567443500,0,0
1.567448700,1,0
1.567453700,0,0
1.567456900,0,1
1.567458900,1,1
1.567463900,0,1
1.567464400,0,0
1.567469100,1,0
1.567474100,0,0
1.567479300,1,0
1.567484300,0,0
1.567489400,1,0
1.567494500,0,0
1.567499600,1,0
1.567504700,0,0
1.567509800,1,0
1.567514800,0,0
1.567520000,1,0
1.567525000,0,0
1.567530200,1,0
1.567535200,0,0
1.567540400,1,0
1.567545400,0,0
1.567550600,1,0
1.567555600,0,0
1.567560700,1,0
1.567565800,0,0
1.567570900,1,0
1.567576000,0,0
1.567581100,1,0
1.567586100,0,0
1.567591300,1,0
1.567596300,0,0
1.567601500,1,0
1.567606500,0,0
1.567611700,1,0
1.567616700,0,0
1.567621800,1,0
1.567626900,0,0
1.567632000,1,0
1.567637100,0,0
1.567640300,0,1
1.567642200,1,1
1.567647300,0,1
1.567647700,0,0
1.567652400,1,0
1.567657400,0,0
1.567662600,1,0
1.567667600,0,0
1.567672800,1,0
1.567677800,0,0
1.567683000,1,0
1.567688000,0,0
1.567693100,1,0
1.567698200,0,0
1.567703300,1,0
1.567708400,0,0
1.567713500,1,0
1.567718500,0,0
1.567719100,0,1
1.567723700,1,1
1.567728700,0,1
1.567729700,0,0
1.567733900,1,0
1.567740100,1,1
1.664747400,1,0
1.664753400,0,0
1.664754600,0,1
1.664758500,1,1
1.664763600,0,1
1.664764600,0,0
1.664768700,1,0
1.664773800,0,0
1.664775000,0,1
1.664778900,1,1
1.664784000,0,1
1.664785000,0,0
1.664789100,1,0
1.664794100,0,0
1.664795300,0,1
1.664799300,1,1
1.664804300,0,1
1.664805300,0,0
1.664809500,1,0
1.664814500,0,0
1.664819700,1,0
1.664824700,0,0
1.664829800,1,0
1.664834900,0,0
1.664840000,1,0
1.664845100,0,0
1.664850200,1,0
1.664855300,0,0
1.664856500,0,1
1.664860400,1,1
1.664865400,0,1
1.664866400,0,0
1.664870600,1,0
1.664875600,0,0
1.664880800,1,0
1.664885800,0,0
1.664891000,1,0
1.664896000,0,0
1.664901100,1,0
1.664906200,0,0
1.664911300,1,0
1.664916400,0,0
1.664921500,1,0
1.664926500,0,0
1.664931700,1,0
1.664936700,0,0
1.664937400,0,1
1.664941900,1,1
1.664948900,1,0
1.664954900,0,0
1.664956100,0,1
1.664960100,1,1
1.664965100,0,1
1.664966100,0,0
1.664970200,1,0
1.664975300,0,0
1.664976500,0,1
1.664980400,1,1
1.664985500,0,1
1.664986500,0,0
1.664990600,1,0
1.664995700,0,0
1.664996800,0,1
1.665000800,1,1
1.665005800,0,1
1.665006800,0,0
1.665011000,1,0
1.665016000,0,0
1.665021200,1,0
1.665026200,0,0
1.665027400,0,1
1.665031400,1,1
1.665036400,0,1
1.665036800,0,0
1.665041600,1,0
1.665046600,0,0
1.665051700,1,0
1.665056800,0,0
1.665061900,1,0
1.665067000,0,0
1.665072100,1,0
1.665077100,0,0
1.665082300,1,0
1.665087300,0,0
1.665088000,0,1
1.665092500,1,1
1.665097500,0,1
1.665102700,1,1
1.665107700,0,1
1.665112800,1,1
1.665117900,0,1
1.665123000,1,1
1.665128100,0,1
1.665133200,1,1
1.665138300,0,1
1.665139300,0,0
1.665143400,1,0
1.665149600,1,1
1.665216400,1,0
1.665222400,0,0
1.665223600,0,1
1.665227600,1,1
1.665232600,0,1
1.665233600,0,0
1.665237800,1,0
1.665242800,0,0
1.665244000,0,1
1.665248000,1,1
1.665253000,0,1
1.665254000,0,0
1.665258100,1,0
1.665263200,0,0
1.665264400,0,1
1.665268300,1,1
1.665273400,0,1
1.665274400,0,0
1.665278500,1,0
1.665283500,0,0
1.665288700,1,0
1.665293700,0,0
1.665298900,1,0
1.665303900,0,0
1.665309100,1,0
1.665314100,0,0
1.665319300,1,0
1.665324300,0,0
1.665325500,0,1
1.665329400,1,1
1.665334500,0,1
1.665335500,0,0
1.665339600,1,0
1.665344700,0,0
1.665345800,0,1
1.665349800,1,1
1.665354800,0,1
1.665355800,0,0
1.665360000,1,0
1.665365000,0,0
1.665370200,1,0
1.665375200,0,0
1.665380400,1,0
1.665385400,0,0
1.665390600,1,0
1.665395600,0,0
1.665400700,1,0
1.665405800,0,0
1.665406400,0,1
1.665410900,1,1
1.665418000,1,0
1.665424000,0,0
1.665425100,0,1
1.665429100,1,1
1.665434100,0,1
1.665435100,0,0
1.665439300,1,0
1.665444300,0,0
1.665445500,0,1
1.665449500,1,1
1.665454500,0,1
1.665455500,0,0
1.665459700,1,0
1.665464700,0,0
1.665465900,0,1
1.665469800,1,1
1.665474900,0,1
1.665475900,0,0
1.665480000,1,0
1.665485100,0,0
1.665490200,1,0
1.665495300,0,0
1.665496500,0,1
1.665500400,1,1
1.665505400,0,1
1.665505800,0,0
1.665510600,1,0
1.665515600,0,0
1.665520800,1,0
1.665525800,0,0
1.665531000,1,0
1.665536000,0,0
1.665541100,1,0
1.665546200,0,0
1.665551300,1,0
1.665556400,0,0
1.665561500,1,0
1.665566500,0,0
1.665571700,1,0
1.665576700,0,0
1.665581900,1,0
1.665586900,0,0
1.665592100,1,0
1.665597100,0,0
1.665602300,1,0
1.665607300,0,0
1.665610500,0,1
1.665612400,1,1
1.665617500,0,1
1.665617900,0,0
1.665622600,1,0
1.665627700,0,0
1.665632800,1,0
1.665637800,0,0
1.665643000,1,0
1.665648000,0,0
1.665653200,1,0
1.665658200,0,0
1.665663400,1,0
1.665668400,0,0
1.665673500,1,0
1.665678600,0,0
1.665683700,1,0
1.665688800,0,0
1.665693900,1,0
1.665699000,0,0
1.665704100,1,0
1.665709100,0,0
1.665714300,1,0
1.665719300,0,0
1.665724500,1,0
1.665729500,0,0
1.665734700,1,0
1.665739700,0,0
1.665744800,1,0
1.665749900,0,0
1.665755000,1,0
1.665760100,0,0
1.665765200,1,0
1.665770200,0,0
1.665775400,1,0
1.665780400,0,0
1.665785600,1,0
1.665790600,0,0
1.665793800,0,1
1.665795800,1,1
1.665800800,0,1
1.665801200,0,0
1.665806000,1,0
1.665811000,0,0
1.665816100,1,0
1.665821200,0,0
1.665826300,1,0
1.665831400,0,0
1.665836500,1,0
1.665841500,0,0
1.665846700,1,0
1.665851700,0,0
1.665856900,1,0
1.665861900,0,0
1.665867100,1,0
1.665872100,0,0
1.665877300,1,0
1.665882300,0,0
1.665887400,1,0
1.665892500,0,0
1.665897600,1,0
1.665902700,0,0
1.665907800,1,0
1.665912800,0,0
1.665918000,1,0
1.665923000,0,0
1.665928200,1,0
1.665933200,0,0
1.665938400,1,0
1.665943400,0,0
1.665948500,1,0
1.665953600,0,0
1.665958700,1,0
1.665963800,0,0
1.665968900,1,0
1.665974000,0,0
1.665977200,0,1
1.665979100,1,1
1.665984100,0,1
1.665984500,0,0
1.665989300,1,0
1.665994300,0,0
1.665999500,1,0
1.666004500,0,0
1.666009700,1,0
1.666014700,0,0
1.666019800,1,0
1.666024900,0,0
1.666030000,1,0
1.666035100,0,0
1.666040200,1,0
1.666045200,0,0
1.666050400,1,0
1.666055400,0,0
1.666056100,0,1
1.666060600,1,1
1.666065600,0,1
1.666066600,0,0
1.666070800,1,0
1.666077000,1,1
1.763946300,1,0
1.763952300,0,0
1.763953400,0,1
1.763957400,1,1
1.763962500,0,1
1.763963500,0,0
1.763967600,1,0
1.763972700,0,0
1.763973800,0,1
1.763977800,1,1
1.763982800,0,1
1.763983800,0,0
1.763988000,1,0
1.763993000,0,0
1.763994200,0,1
1.763998200,1,1
1.764003200,0,1
1.764004200,0,0
1.764008400,1,0
1.764013400,0,0
1.764018500,1,0
1.764023600,0,0
1.764028700,1,0
1.764033800,0,0
1.764038900,1,0
1.764043900,0,0
1.764049100,1,0
1.764054100,0,0
1.764055300,0,1
1.764059300,1,1
1.764064300,0,1
1.764065300,0,0
1.764069500,1,0
1.764074500,0,0
1.764079700,1,0
1.764084700,0,0
1.764089800,1,0
1.764094900,0,0
1.764100000,1,0
1.764105100,0,0
1.764110200,1,0
1.764115200,0,0
1.764120400,1,0
1.764125400,0,0
1.764130600,1,0
1.764135600,0,0
1.764136200,0,1
1.764140800,1,1
1.764147800,1,0
1.764153800,0,0
1.764155000,0,1
1.764158900,1,1
1.764164000,0,1
1.764165000,0,0
1.764169100,1,0
1.764174200,0,0
1.764175400,0,1
1.764179300,1,1
1.764184400,0,1
1.764185400,0,0
1.764189500,1,0
1.764194500,0,0
1.764195700,0,1
1.764199700,1,1
1.764204700,0,1
1.764205700,0,0
1.764209900,1,0
1.764214900,0,0
1.764220100,1,0
1.764225100,0,0
1.764226300,0,1
1.764230200,1,1
1.764235300,0,1
1.764235700,0,0
1.764240400,1,0
1.764245500,0,0
1.764250600,1,0
1.764255700,0,0
1.764260800,1,0
1.764265800,0,0
1.764271000,1,0
1.764276000,0,0
1.764281200,1,0
1.764286200,0,0
1.764286800,0,1
1.764291400,1,1
1.764296400,0,1
1.764301500,1,1
1.764306600,0,1
1.764311700,1,1
1.764316800,0,1
1.764321900,1,1
1.764326900,0,1
1.764332100,1,1
1.764337100,0,1
1.764338100,0,0
1.764342300,1,0
1.764348500,1,1
1.764407300,1,0
1.764413300,0,0
1.764414500,0,1
1.764418400,1,1
1.764423500,0,1
1.764424500,0,0
1.764428600,1,0
1.764433700,0,0
1.764434900,0,1
1.764438800,1,1
1.764443900,0,1
1.764444900,0,0
1.764449000,1,0
1.764454100,0,0
1.764455200,0,1
1.764459200,1,1
1.764464200,0,1
1.764465200,0,0
1.764469400,1,0
1.764474400,0,0
1.764479600,1,0
1.764484600,0,0
1.764489800,1,0
1.764494800,0,0
1.764500000,1,0
1.764505000,0,0
1.764510100,1,0
1.764515200,0,0
1.764516400,0,1
1.764520300,1,1
1.764525400,0,1
1.764526400,0,0
1.764530500,1,0
1.764535500,0,0
1.764536700,0,1
1.764540700,1,1
1.764545700,0,1
1.764546700,0,0
1.764550900,1,0
1.764555900,0,0
1.764561100,1,0
1.764566100,0,0
1.764571200,1,0
1.764576300,0,0
1.764581400,1,0
1.764586500,0,0
1.764591600,1,0
1.764596700,0,0
1.764597300,0,1
1.764601800,1,1
1.764608800,1,0
1.764614800,0,0
1.764616000,0,1
1.764620000,1,1
1.764625000,0,1
1.764626000,0,0
1.764630200,1,0
1.764635200,0,0
1.764636400,0,1
1.764640400,1,1
1.764645400,0,1
1.764646400,0,0
1.764650500,1,0
1.764655600,0,0
1.764656800,0,1
1.764660700,1,1
1.764665800,0,1
1.764666800,0,0
1.764670900,1,0
1.764675900,0,0
1.764681100,1,0
1.764686100,0,0
1.764687300,0,1
1.764691300,1,1
1.764696300,0,1
1.764696700,0,0
1.764701500,1,0
1.764706500,0,0
1.764711700,1,0
1.764716700,0,0
1.764721800,1,0
1.764726900,0,0
1.764732000,1,0
1.764737100,0,0
1.764742200,1,0
1.764747200,0,0
1.764752400,1,0
1.764757400,0,0
1.764762600,1,0
1.764767600,0,0
1.764772800,1,0
1.764777800,0,0
1.764782900,1,0
1.764788000,0,0
1.764793100,1,0
1.764798200,0,0
1.764801400,0,1
1.764803300,1,1
1.764808400,0,1
1.764808800,0,0
1.764813500,1,0
1.764818500,0,0
1.764823700,1,0
1.764828700,0,0
1.764833900,1,0
1.764838900,0,0
1.764844100,1,0
1.764849100,0,0
1.764854200,1,0
1.764859300,0,0
1.764864400,1,0
1.764869500,0,0
1.764874600,1,0
1.764879600,0,0
1.764884800,1,0
1.764889800,0,0
1.764895000,1,0
1.764900000,0,0
1.764905200,1,0
1.764910200,0,0
1.764915400,1,0
1.764920400,0,0
1.764925500,1,0
1.764930600,0,0
1.764935700,1,0
1.764940800,0,0
1.764945900,1,0
1.764950900,0,0
1.764956100,1,0
1.764961100,0,0
1.764966300,1,0
1.764971300,0,0
1.764976500,1,0
1.764981500,0,0
1.764984700,0,1
1.764986700,1,1
1.764991700,0,1
1.764992100,0,0
1.764996800,1,0
1.765001900,0,0
1.765007000,1,0
1.765012100,0,0
1.765017200,1,0
1.765022200,0,0
1.765027400,1,0
1.765032400,0,0
1.765037600,1,0
1.765042600,0,0
1.765047800,1,0
1.765052800,0,0
1.765057900,1,0
1.765063000,0,0
1.765068100,1,0
1.765073200,0,0
1.765078300,1,0
1.765083400,0,0
1.765088500,1,0
1.765093500,0,0
1.765098700,1,0
1.765103700,0,0
1.765108900,1,0
1.765113900,0,0
1.765119100,1,0
1.765124100,0,0
1.765129200,1,0
1.765134300,0,0
1.765139400,1,0
1.765144500,0,0
1.765149600,1,0
1.765154600,0,0
1.765159800,1,0
1.765164800,0,0
1.765168000,0,1
1.765170000,1,1
1.765175000,0,1
1.765175400,0,0
1.765180200,1,0
1.765185200,0,0
1.765190400,1,0
1.765195400,0,0
1.765200500,1,0
1.765205600,0,0
1.765210700,1,0
1.765215800,0,0
1.765220900,1,0
1.765225900,0,0
1.765231100,1,0
1.765236100,0,0
1.765241300,1,0
1.765246300,0,0
1.765246900,0,1
1.765251500,1,1
1.765256500,0,1
1.765257500,0,0
1.765261600,1,0
1.765267900,1,1
1.862289200,1,0
1.862295200,0,0
1.862296300,0,1
1.862300300,1,1
1.862305400,0,1
1.862306400,0,0
1.862310500,1,0
1.862315500,0,0
1.862316700,0,1
1.862320700,1,1
1.862325700,0,1
1.862326700,0,0
1.862330900,1,0
1.862335900,0,0
1.862337100,0,1
1.862341100,1,1
1.862346100,0,1
1.862347100,0,0
1.862351200,1,0
1.862356300,0,0
1.862361400,1,0
1.862366500,0,0
1.862371600,1,0
1.862376700,0,0
1.862381800,1,0
1.862386800,0,0
1.862392000,1,0
1.862397000,0,0
1.862398200,0,1
1.862402200,1,1
1.862407200,0,1
1.862408200,0,0
1.862412400,1,0
1.862417400,0,0
1.862422500,1,0
1.862427600,0,0
1.862432700,1,0
1.862437800,0,0
1.862442900,1,0
1.862447900,0,0
1.862453100,1,0
1.862458100,0,0
1.862463300,1,0
1.862468300,0,0
1.862473500,1,0
1.862478500,0,0
1.862479100,0,1
1.862483700,1,1
1.862490700,1,0
1.862496700,0,0
1.862497900,0,1
1.862501800,1,1
1.862506900,0,1
1.862507900,0,0
1.862512000,1,0
1.862517100,0,0
1.862518200,0,1
1.862522200,1,1
1.862527200,0,1
1.862528200,0,0
1.862532400,1,0
1.862537400,0,0
1.862538600,0,1
1.862542600,1,1
1.862547600,0,1
1.862548600,0,0
1.862552800,1,0
1.862557800,0,0
1.862562900,1,0
1.862568000,0,0
1.862569200,0,1
1.862573100,1,1
1.862578200,0,1
1.862578600,0,0
1.862583300,1,0
1.862588400,0,0
1.862593500,1,0
1.862598500,0,0
1.862603700,1,0
1.862608700,0,0
1.862613900,1,0
1.862618900,0,0
1.862624100,1,0
1.862629100,0,0
1.862629700,0,1
1.862634200,1,1
1.862639300,0,1
1.862644400,1,1
1.862649500,0,1
1.862654600,1,1
1.862659600,0,1
1.862664800,1,1
1.862669800,0,1
1.862675000,1,1
1.862680000,0,1
1.862681000,0,0
1.862685200,1,0
1.862691400,1,1
1.862749200,1,0
1.862755200,0,0
1.862756400,0,1
1.862760300,1,1
1.862765400,0,1
1.862766400,0,0
1.862770500,1,0
1.862775600,0,0
1.862776800,0,1
1.862780700,1,1
1.862785800,0,1
1.862786800,0,0
1.862790900,1,0
1.862795900,0,0
1.862797100,0,1
1.862801100,1,1
1.862806100,0,1
1.862807100,0,0
1.862811300,1,0
1.862816300,0,0
1.862821500,1,0
1.862826500,0,0
1.862831700,1,0
1.862836700,0,0
1.862841800,1,0
1.862846900,0,0
1.862852000,1,0
1.862857100,0,0
1.862858300,0,1
1.862862200,1,1
1.862867200,0,1
1.862868200,0,0
1.862872400,1,0
1.862877400,0,0
1.862878600,0,1
1.862882600,1,1
1.862887600,0,1
1.862888600,0,0
1.862892800,1,0
1.862897800,0,0
1.862902900,1,0
1.862908000,0,0
1.862913100,1,0
1.862918200,0,0
1.862923300,1,0
1.862928400,0,0
1.862933500,1,0
1.862938500,0,0
1.862939100,0,1
1.862943700,1,1
1.862950700,1,0
1.862956700,0,0
1.862957900,0,1
1.862961900,1,1
1.862966900,0,1
1.862967900,0,0
1.862972100,1,0
1.862977100,0,0
1.862978300,0,1
1.862982200,1,1
1.862987300,0,1
1.862988300,0,0
1.862992400,1,0
1.862997500,0,0
1.862998600,0,1
1.863002600,1,1
1.863007600,0,1
1.863008600,0,0
1.863012800,1,0
1.863017800,0,0
1.863023000,1,0
1.863028000,0,0
1.863029200,0,1
1.863033200,1,1
1.863038200,0,1
1.863038600,0,0
1.863043400,1,0
1.863048400,0,0
1.863053500,1,0
1.863058600,0,0
1.863063700,1,0
1.863068800,0,0
1.863073900,1,0
1.863078900,0,0
1.863084100,1,0
1.863089100,0,0
1.863094300,1,0
1.863099300,0,0
1.863104500,1,0
1.863109500,0,0
1.863114700,1,0
1.863119700,0,0
1.863124800,1,0
1.863129900,0,0
1.863135000,1,0
1.863140100,0,0
1.863143300,0,1
1.863145200,1,1
1.863150200,0,1
1.863150600,0,0
1.863155400,1,0
1.863160400,0,0
1.863165600,1,0
1.863170600,0,0
1.863175800,1,0
1.863180800,0,0
1.863185900,1,0
1.863191000,0,0
1.863196100,1,0
1.863201200,0,0
1.863206300,1,0
1.863211400,0,0
1.863216500,1,0
1.863221500,0,0
1.863226700,1,0
1.863231700,0,0
1.863236900,1,0
1.863241900,0,0
1.863247100,1,0
1.863252100,0,0
1.863257200,1,0
1.863262300,0,0
1.863267400,1,0
1.863272500,0,0
1.863277600,1,0
1.863282600,0,0
1.863287800,1,0
1.863292800,0,0
1.863298000,1,0
1.863303000,0,0
1.863308200,1,0
1.863313200,0,0
1.863318400,1,0
1.863323400,0,0
1.863326600,0,1
1.863328500,1,1
1.863333600,0,1
1.863334000,0,0
1.863338700,1,0
1.863343800,0,0
1.863348900,1,0
1.863353900,0,0
1.863359100,1,0
1.863364100,0,0
1.863369300,1,0
1.863374300,0,0
1.863379500,1,0
1.863384500,0,0
1.863389600,1,0
1.863394700,0,0
1.863399800,1,0
1.863404900,0,0
1.863410000,1,0
1.863415100,0,0
1.863420200,1,0
1.863425200,0,0
1.863430400,1,0
1.863435400,0,0
1.863440600,1,0
1.863445600,0,0
1.863450800,1,0
1.863455800,0,0
1.863460900,1,0
1.863466000,0,0
1.863471100,1,0
1.863476200,0,0
1.863481300,1,0
1.863486300,0,0
1.863491500,1,0
1.863496500,0,0
1.863501700,1,0
1.863506700,0,0
1.863509900,0,1
1.863511900,1,1
1.863516900,0,1
1.863517300,0,0
1.863522100,1,0
1.863527100,0,0
1.863532200,1,0
1.863537300,0,0
1.863542400,1,0
1.863547500,0,0
1.863552600,1,0
1.863557600,0,0
1.863562800,1,0
1.863567800,0,0
1.863573000,1,0
1.863578000,0,0
1.863583200,1,0
1.863588200,0,0
1.863588800,0,1
1.863593300,1,1
1.863598400,0,1
1.863599400,0,0
1.863603500,1,0
1.863609800,1,1
1.960596100,1,0
1.960602100,0,0
1.960603200,0,1
1.960607200,1,1
1.960612200,0,1
1.960613200,0,0
1.960617400,1,0
1.960622400,0,0
1.960623600,0,1
1.960627600,1,1
1.960632600,0,1
1.960633600,0,0
1.960637800,1,0
1.960642800,0,0
1.960644000,0,1
1.960647900,1,1
1.960653000,0,1
1.960654000,0,0
1.960658100,1,0
1.960663200,0,0
1.960668300,1,0
1.960673400,0,0
1.960678500,1,0
1.960683500,0,0
1.960688700,1,0
1.960693700,0,0
1.960698900,1,0
1.960703900,0,0
1.960705100,0,1
1.960709100,1,1
1.960714100,0,1
1.960715100,0,0
1.960719200,1,0
1.960724300,0,0
1.960729400,1,0
1.960734500,0,0
1.960739600,1,0
1.960744600,0,0
1.960749800,1,0
1.960754800,0,0
1.960760000,1,0
1.960765000,0,0
1.960770200,1,0
1.960775200,0,0
1.960780400,1,0
1.960785400,0,0
1.960786000,0,1
1.960790500,1,1
1.960797600,1,0
1.960803600,0,0
1.960804700,0,1
1.960808700,1,1
1.960813800,0,1
1.960814800,0,0
1.960818900,1,0
1.960823900,0,0
1.960825100,0,1
1.960829100,1,1
1.960834100,0,1
1.960835100,0,0
1.960839300,1,0
1.960844300,0,0
1.960845500,0,1
1.960849500,1,1
1.960854500,0,1
1.960855500,0,0
1.960859600,1,0
1.960864700,0,0
1.960869800,1,0
1.960874900,0,0
1.960876100,0,1
1.960880000,1,1
1.960885100,0,1
1.960885400,0,0
1.960890200,1,0
1.960895200,0,0
1.960900400,1,0
1.960905400,0,0
1.960910600,1,0
1.960915600,0,0
1.960920800,1,0
1.960925800,0,0
1.960930900,1,0
1.960936000,0,0
1.960936600,0,1
1.960941100,1,1
1.960946200,0,1
1.960951300,1,1
1.960956400,0,1
1.960961500,1,1
1.960966500,0,1
1.960971700,1,1
1.960976700,0,1
1.960981900,1,1
1.960986900,0,1
1.960987900,0,0
1.960992100,1,0
1.960998300,1,1
1.961057100,1,0
1.961063100,0,0
1.961064200,0,1
1.961068200,1,1
1.961073300,0,1
1.961074300,0,0
1.961078400,1,0
1.961083500,0,0
1.961084600,0,1
1.961088600,1,1
1.961093600,0,1
1.961094600,0,0
1.961098800,1,0
1.961103800,0,0
1.961105000,0,1
1.961109000,1,1
1.961114000,0,1
1.961115000,0,0
1.961119200,1,0
1.961124200,0,0
1.961129400,1,0
1.961134400,0,0
1.961139500,1,0
1.961144600,0,0
1.961149700,1,0
1.961154800,0,0
1.961159900,1,0
1.961164900,0,0
1.961166200,0,1
1.961170100,1,1
1.961175100,0,1
1.961176100,0,0
1.961180300,1,0
1.961185300,0,0
1.961186500,0,1
1.961190500,1,1
1.961195500,0,1
1.961196500,0,0
1.961200600,1,0
1.961205700,0,0
1.961210800,1,0
1.961215900,0,0
1.961221000,1,0
1.961226100,0,0
1.961231200,1,0
1.961236200,0,0
1.961241400,1,0
1.961246400,0,0
1.961247000,0,1
1.961251600,1,1
1.961258600,1,0
1.961264600,0,0
1.961265800,0,1
1.961269700,1,1
1.961274800,0,1
1.961275800,0,0
1.961279900,1,0
1.961285000,0,0
1.961286200,0,1
1.961290100,1,1
1.961295200,0,1
1.961296200,0,0
1.961300300,1,0
1.961305300,0,0
1.961306500,0,1
1.961310500,1,1
1.961315500,0,1
1.961316500,0,0
1.961320700,1,0
1.961325700,0,0
1.961330900,1,0
1.961335900,0,0
1.961337100,0,1
1.961341100,1,1
1.961346100,0,1
1.961346500,0,0
1.961351200,1,0
1.961356300,0,0
1.961361400,1,0
1.961366500,0,0
1.961371600,1,0
1.961376600,0,0
1.961381800,1,0
1.961386800,0,0
1.961392000,1,0
1.961397000,0,0
1.961402200,1,0
1.961407200,0,0
1.961412400,1,0
1.961417400,0,0
1.961422500,1,0
1.961427600,0,0
1.961432700,1,0
1.961437800,0,0
1.961442900,1,0
1.961447900,0,0
1.961451200,0,1
1.961453100,1,1
1.961458100,0,1
1.961458600,0,0
1.961463300,1,0
1.961468300,0,0
1.961473500,1,0
1.961478500,0,0
1.961483600,1,0
1.961488700,0,0
1.961493800,1,0
1.961498900,0,0
1.961504000,1,0
1.961509100,0,0
1.961514200,1,0
1.961519200,0,0
1.961524400,1,0
1.961529400,0,0
1.961534600,1,0
1.961539600,0,0
1.961544800,1,0
1.961549800,0,0
1.961554900,1,0
1.961560000,0,0
1.961565100,1,0
1.961570200,0,0
1.961575300,1,0
1.961580300,0,0
1.961585500,1,0
1.961590500,0,0
1.961595700,1,0
1.961600700,0,0
1.961605900,1,0
1.961610900,0,0
1.961616100,1,0
1.961621100,0,0
1.961626200,1,0
1.961631300,0,0
1.961634500,0,1
1.961636400,1,1
1.961641500,0,1
1.961641900,0,0
1.961646600,1,0
1.961651600,0,0
1.961656800,1,0
1.961661800,0,0
1.961667000,1,0
1.961672000,0,0
1.961677200,1,0
1.961682200,0,0
1.961687300,1,0
1.961692400,0,0
1.961697500,1,0
1.961702600,0,0
1.961707700,1,0
1.961712800,0,0
1.961717900,1,0
1.961722900,0,0
1.961728100,1,0
1.961733100,0,0
1.961738300,1,0
1.961743300,0,0
1.961748500,1,0
1.961753500,0,0
1.961758600,1,0
1.961763700,0,0
1.961768800,1,0
1.961773900,0,0
1.961779000,1,0
1.961784000,0,0
1.961789200,1,0
1.961794200,0,0
1.961799400,1,0
1.961804400,0,0
1.961809600,1,0
1.961814600,0,0
1.961817800,0,1
1.961819800,1,1
1.961824800,0,1
1.961825200,0,0
1.961829900,1,0
1.961835000,0,0
1.961840100,1,0
1.961845200,0,0
1.961850300,1,0
1.961855300,0,0
1.961860500,1,0
1.961865500,0,0
1.961870700,1,0
1.961875700,0,0
1.961880900,1,0
1.961885900,0,0
1.961891100,1,0
1.961896100,0,0
1.961896700,0,1
1.961901200,1,1
1.961906300,0,1
1.961907300,0,0
1.961911400,1,0
1.961917600,1,1
2.058925900,1,0
2.058931900,0,0
2.058933100,0,1
2.058937100,1,1
2.058942100,0,1
2.058943100,0,0
2.058947300,1,0
2.058952300,0,0
2.058953500,0,1
2.058957500,1,1
2.058962500,0,1
2.058963500,0,0
2.058967600,1,0
2.058972700,0,0
2.058973900,0,1
2.058977800,1,1
2.058982900,0,1
2.058983900,0,0
2.058988000,1,0
2.058993100,0,0
2.058998200,1,0
2.059003200,0,0
2.059008400,1,0
2.059013400,0,0
2.059018600,1,0
2.059023600,0,0
2.059028800,1,0
2.059033800,0,0
2.059035000,0,1
2.059038900,1,1
2.059044000,0,1
2.059045000,0,0
2.059049100,1,0
2.059054200,0,0
2.059059300,1,0
2.059064300,0,0
2.059069500,1,0
2.059074500,0,0
2.059079700,1,0
2.059084700,0,0
2.059089900,1,0
2.059094900,0,0
2.059100100,1,0
2.059105100,0,0
2.059110200,1,0
2.059115300,0,0
2.059115900,0,1
2.059120400,1,1
2.059127500,1,0
2.059133500,0,0
2.059134600,0,1
2.059138600,1,1
2.059143600,0,1
2.059144600,0,0
2.059148800,1,0
2.059153800,0,0
2.059155000,0,1
2.059159000,1,1
2.059164000,0,1
2.059165000,0,0
2.059169200,1,0
2.059174200,0,0
2.059175400,0,1
2.059179300,1,1
2.059184400,0,1
2.059185400,0,0
2.059189500,1,0
2.059194600,0,0
2.059199700,1,0
2.059204800,0,0
2.059206000,0,1
2.059209900,1,1
2.059214900,0,1
2.059215400,0,0
2.059220100,1,0
2.059225100,0,0
2.059230300,1,0
2.059235300,0,0
2.059240500,1,0
2.059245500,0,0
2.059250600,1,0
2.059255700,0,0
2.059260800,1,0
2.059265900,0,0
2.059266500,0,1
2.059271000,1,1
2.059276100,0,1
2.059281200,1,1
2.059286200,0,1
2.059291400,1,1
2.059296400,0,1
2.059301600,1,1
2.059306600,0,1
2.059311800,1,1
2.059316800,0,1
2.059317800,0,0
2.059321900,1,0
2.059328100,1,1
2.059394000,1,0
2.059400000,0,0
2.059401100,0,1
2.059405100,1,1
2.059410200,0,1
2.059411200,0,0
2.059415300,1,0
2.059420300,0,0
2.059421500,0,1
2.059425500,1,1
2.059430500,0,1
2.059431500,0,0
2.059435700,1,0
2.059440700,0,0
2.059441900,0,1
2.059445900,1,1
2.059450900,0,1
2.059451900,0,0
2.059456100,1,0
2.059461100,0,0
2.059466200,1,0
2.059471300,0,0
2.059476400,1,0
2.059481500,0,0
2.059486600,1,0
2.059491600,0,0
2.059496800,1,0
2.059501800,0,0
2.059503000,0,1
2.059507000,1,1
2.059512000,0,1
2.059513000,0,0
2.059517200,1,0
2.059522200,0,0
2.059523400,0,1
2.059527300,1,1
2.059532400,0,1
2.059533400,0,0
2.059537500,1,0
2.059542600,0,0
2.059547700,1,0
2.059552800,0,0
2.059557900,1,0
2.059562900,0,0
2.059568100,1,0
2.059573100,0,0
2.059578300,1,0
2.059583300,0,0
2.059583900,0,1
2.059588500,1,1
2.059595500,1,0
2.059601500,0,0
2.059602700,0,1
2.059606600,1,1
2.059611700,0,1
2.059612700,0,0
2.059616800,1,0
2.059621900,0,0
2.059623000,0,1
2.059627000,1,1
2.059632000,0,1
2.059633000,0,0
2.059637200,1,0
2.059642200,0,0
2.059643400,0,1
2.059647400,1,1
2.059652400,0,1
2.059653400,0,0
2.059657600,1,0
2.059662600,0,0
2.059667800,1,0
2.059672800,0,0
2.059674000,0,1
2.059677900,1,1
2.059683000,0,1
2.059683400,0,0
2.059688100,1,0
2.059693200,0,0
2.059698300,1,0
2.059703300,0,0
2.059708500,1,0
2.059713500,0,0
2.059718700,1,0
2.059723700,0,0
2.059728900,1,0
2.059733900,0,0
2.059739100,1,0
2.059744100,0,0
2.059749200,1,0
2.059754300,0,0
2.059759400,1,0
2.059764500,0,0
2.059769600,1,0
2.059774600,0,0
2.059779800,1,0
2.059784800,0,0
2.059788000,0,1
2.059790000,1,1
2.059795000,0,1
2.059795400,0,0
2.059800200,1,0
2.059805200,0,0
2.059810300,1,0
2.059815400,0,0
2.059820500,1,0
2.059825600,0,0
2.059830700,1,0
2.059835800,0,0
2.059840900,1,0
2.059845900,0,0
2.059851100,1,0
2.059856100,0,0
2.059861300,1,0
2.059866300,0,0
2.059871500,1,0
2.059876500,0,0
2.059881600,1,0
2.059886700,0,0
2.059891800,1,0
2.059896900,0,0
2.059902000,1,0
2.059907000,0,0
2.059912200,1,0
2.059917200,0,0
2.059922400,1,0
2.059927400,0,0
2.059932600,1,0
2.059937600,0,0
2.059942800,1,0
2.059947800,0,0
2.059952900,1,0
2.059958000,0,0
2.059963100,1,0
2.059968200,0,0
2.059971400,0,1
2.059973300,1,1
2.059978300,0,1
2.059978800,0,0
2.059983500,1,0
2.059988500,0,0
2.059993700,1,0
2.059998700,0,0
2.060003900,1,0
2.060008900,0,0
2.060014000,1,0
2.060019100,0,0
2.060024200,1,0
2.060029300,0,0
2.060034400,1,0
2.060039500,0,0
2.060044600,1,0
2.060049600,0,0
2.060054800,1,0
2.060059800,0,0
2.060065000,1,0
2.060070000,0,0
2.060075200,1,0
2.060080200,0,0
2.060085300,1,0
2.060090400,0,0
2.060095500,1,0
2.060100600,0,0
2.060105700,1,0
2.060110700,0,0
2.060115900,1,0
2.060120900,0,0
2.060126100,1,0
2.060131100,0,0
2.060136300,1,0
2.060141300,0,0
2.060146500,1,0
2.060151500,0,0
2.060154700,0,1
2.060156600,1,1
2.060161700,0,1
2.060162100,0,0
2.060166800,1,0
2.060171900,0,0
2.060177000,1,0
2.060182000,0,0
2.060187200,1,0
2.060192200,0,0
2.060197400,1,0
2.060202400,0,0
2.060207600,1,0
2.060212600,0,0
2.060217800,1,0
2.060222800,0,0
2.060227900,1,0
2.060233000,0,0
2.060233600,0,1
2.060238100,1,1
2.060243200,0,1
2.060244200,0,0
2.060248300,1,0
2.060254500,1,1
2.158143800,1,0
2.158149800,0,0
2.158151000,0,1
2.158154900,1,1
2.158160000,0,1
2.158161000,0,0
2.158165100,1,0
2.158170200,0,0
2.158171400,0,1
2.158175300,1,1
2.158180400,0,1
2.158181400,0,0
2.158185500,1,0
2.158190600,0,0
2.158191700,0,1
2.158195700,1,1
2.158200700,0,1
2.158201700,0,0
2.158205900,1,0
2.158210900,0,0
2.158216100,1,0
2.158221100,0,0
2.158226300,1,0
2.158231300,0,0
2.158236500,1,0
2.158241500,0,0
2.158246600,1,0
2.158251700,0,0
2.158252900,0,1
2.158256800,1,1
2.158261900,0,1
2.158262900,0,0
2.158267000,1,0
2.158272000,0,0
2.158277200,1,0
2.158282200,0,0
2.158287400,1,0
2.158292400,0,0
2.158297600,1,0
2.158302600,0,0
2.158307700,1,0
2.158312800,0,0
2.158317900,1,0
2.158323000,0,0
2.158328100,1,0
2.158333200,0,0
2.158333800,0,1
2.158338300,1,1
2.158345300,1,0
2.158351300,0,0
2.158352500,0,1
2.158356500,1,1
2.158361500,0,1
2.158362500,0,0
2.158366700,1,0
2.158371700,0,0
2.158372900,0,1
2.158376900,1,1
2.158381900,0,1
2.158382900,0,0
2.158387000,1,0
2.158392100,0,0
2.158393300,0,1
2.158397200,1,1
2.158402300,0,1
2.158403300,0,0
2.158407400,1,0
2.158412400,0,0
2.158417600,1,0
2.158422600,0,0
2.158423800,0,1
2.158427800,1,1
2.158432800,0,1
2.158433200,0,0
2.158438000,1,0
2.158443000,0,0
2.158448200,1,0
2.158453200,0,0
2.158458300,1,0
2.158463400,0,0
2.158468500,1,0
2.158473600,0,0
2.158478700,1,0
2.158483700,0,0
2.158484300,0,1
2.158488900,1,1
2.158493900,0,1
2.158499100,1,1
2.158504100,0,1
2.158509300,1,1
2.158514300,0,1
2.158519500,1,1
2.158524500,0,1
2.158529600,1,1
2.158534700,0,1
2.158535700,0,0
2.158539800,1,0
2.158546000,1,1
2.158612900,1,0
2.158618900,0,0
2.158620000,0,1
2.158624000,1,1
2.158629000,0,1
2.158630000,0,0
2.158634200,1,0
2.158639200,0,0
2.158640400,0,1
2.158644400,1,1
2.158649400,0,1
2.158650400,0,0
2.158654600,1,0
2.158659600,0,0
2.158660800,0,1
2.158664700,1,1
2.158669800,0,1
2.158670800,0,0
2.158674900,1,0
2.158680000,0,0
2.158685100,1,0
2.158690200,0,0
2.158695300,1,0
2.158700300,0,0
2.158705500,1,0
2.158710500,0,0
2.158715700,1,0
2.158720700,0,0
2.158721900,0,1
2.158725900,1,1
2.158730900,0,1
2.158731900,0,0
2.158736000,1,0
2.158741100,0,0
2.158742300,0,1
2.158746200,1,1
2.158751300,0,1
2.158752300,0,0
2.158756400,1,0
2.158761400,0,0
2.158766600,1,0
2.158771600,0,0
2.158776800,1,0
2.158781800,0,0
2.158787000,1,0
2.158792000,0,0
2.158797200,1,0
2.158802200,0,0
2.158802800,0,1
2.158807300,1,1
2.158814400,1,0
2.158820400,0,0
2.158821500,0,1
2.158825500,1,1
2.158830600,0,1
2.158831600,0,0
2.158835700,1,0
2.158840700,0,0
2.158841900,0,1
2.158845900,1,1
2.158850900,0,1
2.158851900,0,0
2.158856100,1,0
2.158861100,0,0
2.158862300,0,1
2.158866300,1,1
2.158871300,0,1
2.158872300,0,0
2.158876400,1,0
2.158881500,0,0
2.158886600,1,0
2.158891700,0,0
2.158892900,0,1
2.158896800,1,1
2.158901900,0,1
2.158902300,0,0
2.158907000,1,0
2.158912000,0,0
2.158917200,1,0
2.158922200,0,0
2.158927400,1,0
2.158932400,0,0
2.158937600,1,0
2.158942600,0,0
2.158947700,1,0
2.158952800,0,0
2.158957900,1,0
2.158963000,0,0
2.158968100,1,0
2.158973200,0,0
2.158978300,1,0
2.158983300,0,0
2.158988500,1,0
2.158993500,0,0
2.158998700,1,0
2.159003700,0,0
2.159006900,0,1
2.159008900,1,1
2.159013900,0,1
2.159014300,0,0
2.159019000,1,0
2.159024100,0,0
2.159029200,1,0
2.159034300,0,0
2.159039400,1,0
2.159044400,0,0
2.159049600,1,0
2.159054600,0,0
2.159059800,1,0
2.159064800,0,0
2.159070000,1,0
2.159075000,0,0
2.159080200,1,0
2.159085200,0,0
2.159090300,1,0
2.159095400,0,0
2.159100500,1,0
2.159105600,0,0
2.159110700,1,0
2.159115700,0,0
2.159120900,1,0
2.159125900,0,0
2.159131100,1,0
2.159136100,0,0
2.159141300,1,0
2.159146300,0,0
2.159151400,1,0
2.159156500,0,0
2.159161600,1,0
2.159166700,0,0
2.159171800,1,0
2.159176900,0,0
2.159182000,1,0
2.159187000,0,0
2.159190200,0,1
2.159192200,1,1
2.159197200,0,1
2.159197700,0,0
2.159202400,1,0
2.159207400,0,0
2.159212600,1,0
2.159217600,0,0
2.159222700,1,0
2.159227800,0,0
2.159232900,1,0
2.159238000,0,0
2.159243100,1,0
2.159248100,0,0
2.159253300,1,0
2.159258300,0,0
2.159263500,1,0
2.159268500,0,0
2.159273700,1,0
2.159278700,0,0
2.159283900,1,0
2.159288900,0,0
2.159294000,1,0
2.159299100,0,0
2.159304200,1,0
2.159309300,0,0
2.159314400,1,0
2.159319400,0,0
2.159324600,1,0
2.159329600,0,0
2.159334800,1,0
2.159339800,0,0
2.159345000,1,0
2.159350000,0,0
2.159355100,1,0
2.159360200,0,0
2.159365300,1,0
2.159370400,0,0
2.159373600,0,1
2.159375500,1,1
2.159380600,0,1
2.159381000,0,0
2.159385700,1,0
2.159390700,0,0
2.159395900,1,0
2.159400900,0,0
2.159406100,1,0
2.159411100,0,0
2.159416300,1,0
2.159421300,0,0
2.159426400,1,0
2.159431500,0,0
2.159436600,1,0
2.159441700,0,0
2.159446800,1,0
2.159451900,0,0
2.159452500,0,1
2.159457000,1,1
2.159462000,0,1
2.159463000,0,0
2.159467200,1,0
2.159473400,1,1
2.256532700,1,0
2.256538700,0,0
2.256539900,0,1
2.256543800,1,1
2.256548900,0,1
2.256549900,0,0
2.256554000,1,0
2.256559100,0,0
2.256560300,0,1
2.256564200,1,1
2.256569300,0,1
2.256570300,0,0
2.256574400,1,0
2.256579400,0,0
2.256580600,0,1
2.256584600,1,1
2.256589600,0,1
2.256590600,0,0
2.256594800,1,0
2.256599800,0,0
2.256605000,1,0
2.256610000,0,0
2.256615200,1,0
2.256620200,0,0
2.256625300,1,0
2.256630400,0,0
2.256635500,1,0
2.256640600,0,0
2.256641800,0,1
2.256645700,1,1
2.256650700,0,1
2.256651700,0,0
2.256655900,1,0
2.256660900,0,0
2.256666100,1,0
2.256671100,0,0
2.256676300,1,0
2.256681300,0,0
2.256686400,1,0
2.256691500,0,0
2.256696600,1,0
2.256701700,0,0
2.256706800,1,0
2.256711900,0,0
2.256717000,1,0
2.256722000,0,0
2.256722600,0,1
2.256727200,1,1
2.256734200,1,0
2.256740200,0,0
2.256741400,0,1
2.256745400,1,1
2.256750400,0,1
2.256751400,0,0
2.256755600,1,0
2.256760600,0,0
2.256761800,0,1
2.256765700,1,1
2.256770800,0,1
2.256771800,0,0
2.256775900,1,0
2.256781000,0,0
2.256782100,0,1
2.256786100,1,1
2.256791100,0,1
2.256792100,0,0
2.256796300,1,0
2.256801300,0,0
2.256806500,1,0
2.256811500,0,0
2.256812700,0,1
2.256816700,1,1
2.256821700,0,1
2.256822100,0,0
2.256826900,1,0
2.256831900,0,0
2.256837000,1,0
2.256842100,0,0
2.256847200,1,0
2.256852300,0,0
2.256857400,1,0
2.256862400,0,0
2.256867600,1,0
2.256872600,0,0
2.256873200,0,1
2.256877800,1,1
2.256882800,0,1
2.256888000,1,1
2.256893000,0,1
2.256898100,1,1
2.256903200,0,1
2.256908300,1,1
2.256913400,0,1
2.256918500,1,1
2.256923600,0,1
2.256924600,0,0
2.256928700,1,0
2.256934900,1,1
2.257000700,1,0
2.257006700,0,0
2.257007900,0,1
2.257011900,1,1
2.257016900,0,1
2.257017900,0,0
2.257022100,1,0
2.257027100,0,0
2.257028300,0,1
2.257032300,1,1
2.257037300,0,1
2.257038300,0,0
2.257042400,1,0
2.257047500,0,0
2.257048700,0,1
2.257052600,1,1
2.257057700,0,1
2.257058700,0,0
2.257062800,1,0
2.257067900,0,0
2.257073000,1,0
2.257078000,0,0
2.257083200,1,0
2.257088200,0,0
2.257093400,1,0
2.257098400,0,0
2.257103600,1,0
2.257108600,0,0
2.257109800,0,1
2.257113700,1,1
2.257118800,0,1
2.257119800,0,0
2.257123900,1,0
2.257129000,0,0
2.257130200,0,1
2.257134100,1,1
2.257139100,0,1
2.257140100,0,0
2.257144300,1,0
2.257149300,0,0
2.257154500,1,0
2.257159500,0,0
2.257164700,1,0
2.257169700,0,0
2.257174900,1,0
2.257179900,0,0
2.257185000,1,0
2.257190100,0,0
2.257190700,0,1
2.257195200,1,1
2.257202300,1,0
2.257208300,0,0
2.257209400,0,1
2.257213400,1,1
2.257218400,0,1
2.257219400,0,0
2.257223600,1,0
2.257228600,0,0
2.257229800,0,1
2.257233800,1,1
2.257238800,0,1
2.257239800,0,0
2.257244000,1,0
2.257249000,0,0
2.257250200,0,1
2.257254100,1,1
2.257259200,0,1
2.257260200,0,0
2.257264300,1,0
2.257269400,0,0
2.257274500,1,0
2.257279600,0,0
2.257280800,0,1
2.257284700,1,1
2.257289700,0,1
2.257290200,0,0
2.257294900,1,0
2.257299900,0,0
2.257305100,1,0
2.257310100,0,0
2.257315300,1,0
2.257320300,0,0
2.257325400,1,0
2.257330500,0,0
2.257335600,1,0
2.257340700,0,0
2.257345800,1,0
2.257350800,0,0
2.257356000,1,0
2.257361000,0,0
2.257366200,1,0
2.257371200,0,0
2.257376400,1,0
2.257381400,0,0
2.257386600,1,0
2.257391600,0,0
2.257394800,0,1
2.257396700,1,1
2.257401800,0,1
2.257402200,0,0
2.257406900,1,0
2.257412000,0,0
2.257417100,1,0
2.257422100,0,0
2.257427300,1,0
2.257432300,0,0
2.257437500,1,0
2.257442500,0,0
2.257447700,1,0
2.257452700,0,0
2.257457900,1,0
2.257462900,0,0
2.257468000,1,0
2.257473100,0,0
2.257478200,1,0
2.257483300,0,0
2.257488400,1,0
2.257493400,0,0
2.257498600,1,0
2.257503600,0,0
2.257508800,1,0
2.257513800,0,0
2.257519000,1,0
2.257524000,0,0
2.257529100,1,0
2.257534200,0,0
2.257539300,1,0
2.257544400,0,0
2.257549500,1,0
2.257554600,0,0
2.257559700,1,0
2.257564700,0,0
2.257569900,1,0
2.257574900,0,0
2.257578100,0,1
2.257580100,1,1
2.257585100,0,1
2.257585600,0,0
2.257590300,1,0
2.257595300,0,0
2.257600400,1,0
2.257605500,0,0
2.257610600,1,0
2.257615700,0,0
2.257620800,1,0
2.257625800,0,0
2.257631000,1,0
2.257636000,0,0
2.257641200,1,0
2.257646200,0,0
2.257651400,1,0
2.257656400,0,0
2.257661600,1,0
2.257666600,0,0
2.257671700,1,0
2.257676800,0,0
2.257681900,1,0
2.257687000,0,0
2.257692100,1,0
2.257697100,0,0
2.257702300,1,0
2.257707300,0,0
2.257712500,1,0
2.257717500,0,0
2.257722700,1,0
2.257727700,0,0
2.257732900,1,0
2.257737900,0,0
2.257743000,1,0
2.257748100,0,0
2.257753200,1,0
2.257758300,0,0
2.257761500,0,1
2.257763400,1,1
2.257768400,0,1
2.257768800,0,0
2.257773600,1,0
2.257778600,0,0
2.257783800,1,0
2.257788800,0,0
2.257794000,1,0
2.257799000,0,0
2.257804100,1,0
2.257809200,0,0
2.257814300,1,0
2.257819400,0,0
2.257824500,1,0
2.257829600,0,0
2.257834700,1,0
2.257839700,0,0
2.257840300,0,1
2.257844900,1,1
2.257849900,0,1
2.257850900,0,0
2.257855100,1,0
2.257861300,1,1
2.354870600,1,0
2.354876600,0,0
2.354877700,0,1
2.354881700,1,1
2.354886800,0,1
2.354887800,0,0
2.354891900,1,0
2.354897000,0,0
2.354898100,0,1
2.354902100,1,1
2.354907100,0,1
2.354908100,0,0
2.354912300,1,0
2.354917300,0,0
2.354918500,0,1
2.354922500,1,1
2.354927500,0,1
2.354928500,0,0
2.354932700,1,0
2.354937700,0,0
2.354942900,1,0
2.354947900,0,0
2.354953000,1,0
2.354958100,0,0
2.354963200,1,0
2.354968300,0,0
2.354973400,1,0
2.354978400,0,0
2.354979700,0,1
2.354983600,1,1
2.354988600,0,1
2.354989600,0,0
2.354993800,1,0
2.354998800,0,0
2.355004000,1,0
2.355009000,0,0
2.355014100,1,0
2.355019200,0,0
2.355024300,1,0
2.355029400,0,0
2.355034500,1,0
2.355039600,0,0
2.355044700,1,0
2.355049700,0,0
2.355054900,1,0
2.355059900,0,0
2.355060500,0,1
2.355065100,1,1
2.355072100,1,0
2.355078100,0,0
2.355079300,0,1
2.355083200,1,1
2.355088300,0,1
2.355089300,0,0
2.355093400,1,0
2.355098500,0,0
2.355099700,0,1
2.355103600,1,1
2.355108700,0,1
2.355109700,0,0
2.355113800,1,0
2.355118800,0,0
2.355120000,0,1
2.355124000,1,1
2.355129000,0,1
2.355130000,0,0
2.355134200,1,0
2.355139200,0,0
2.355144400,1,0
2.355149400,0,0
2.355150600,0,1
2.355154600,1,1
2.355159600,0,1
2.355160000,0,0
2.355164700,1,0
2.355169800,0,0
2.355174900,1,0
2.355180000,0,0
2.355185100,1,0
2.355190100,0,0
2.355195300,1,0
2.355200300,0,0
2.355205500,1,0
2.355210500,0,0
2.355211100,0,1
2.355215700,1,1
2.355220700,0,1
2.355225800,1,1
2.355230900,0,1
2.355236000,1,1
2.355241100,0,1
2.355246200,1,1
2.355251300,0,1
2.355256400,1,1
2.355261400,0,1
2.355262400,0,0
2.355266600,1,0
2.355272800,1,1
2.355330600,1,0
2.355336600,0,0
2.355337800,0,1
2.355341700,1,1
2.355346800,0,1
2.355347800,0,0
2.355351900,1,0
2.355357000,0,0
2.355358200,0,1
2.355362100,1,1
2.355367200,0,1
2.355368200,0,0
2.355372300,1,0
2.355377400,0,0
2.355378500,0,1
2.355382500,1,1
2.355387500,0,1
2.355388500,0,0
2.355392700,1,0
2.355397700,0,0
2.355402900,1,0
2.355407900,0,0
2.355413100,1,0
2.355418100,0,0
2.355423300,1,0
2.355428300,0,0
2.355433400,1,0
2.355438500,0,0
2.355439700,0,1
2.355443600,1,1
2.355448700,0,1
2.355449700,0,0
2.355453800,1,0
2.355458800,0,0
2.355460000,0,1
2.355464000,1,1
2.355469000,0,1
2.355470000,0,0
2.355474200,1,0
2.355479200,0,0
2.355484400,1,0
2.355489400,0,0
2.355494600,1,0
2.355499600,0,0
2.355504700,1,0
2.355509800,0,0
2.355514900,1,0
2.355520000,0,0
2.355520600,0,1
2.355525100,1,1
2.355532100,1,0
2.355538100,0,0
2.355539300,0,1
2.355543300,1,1
2.355548300,0,1
2.355549300,0,0
2.355553500,1,0
2.355558500,0,0
2.355559700,0,1
2.355563700,1,1
2.355568700,0,1
2.355569700,0,0
2.355573800,1,0
2.355578900,0,0
2.355580100,0,1
2.355584000,1,1
2.355589100,0,1
2.355590100,0,0
2.355594200,1,0
2.355599300,0,0
2.355604400,1,0
2.355609400,0,0
2.355610600,0,1
2.355614600,1,1
2.355619600,0,1
2.355620100,0,0
2.355624800,1,0
2.355629800,0,0
2.355635000,1,0
2.355640000,0,0
2.355645100,1,0
2.355650200,0,0
2.355655300,1,0
2.355660400,0,0
2.355665500,1,0
2.355670500,0,0
2.355675700,1,0
2.355680700,0,0
2.355685900,1,0
2.355690900,0,0
2.355696100,1,0
2.355701100,0,0
2.355706300,1,0
2.355711300,0,0
2.355716400,1,0
2.355721500,0,0
2.355724700,0,1
2.355726600,1,1
2.355731700,0,1
2.355732100,0,0
2.355736800,1,0
2.355741800,0,0
2.355747000,1,0
2.355752000,0,0
2.355757200,1,0
2.355762200,0,0
2.355767400,1,0
2.355772400,0,0
2.355777600,1,0
2.355782600,0,0
2.355787700,1,0
2.355792800,0,0
2.355797900,1,0
2.355803000,0,0
2.355808100,1,0
2.355813100,0,0
2.355818300,1,0
2.355823300,0,0
2.355828500,1,0
2.355833500,0,0
2.355838700,1,0
2.355843700,0,0
2.355848800,1,0
2.355853900,0,0
2.355859000,1,0
2.355864100,0,0
2.355869200,1,0
2.355874300,0,0
2.355879400,1,0
2.355884400,0,0
2.355889600,1,0
2.355894600,0,0
2.355899800,1,0
2.355904800,0,0
2.355908000,0,1
2.355910000,1,1
2.355915000,0,1
2.355915400,0,0
2.355920100,1,0
2.355925200,0,0
2.355930300,1,0
2.355935400,0,0
2.355940500,1,0
2.355945500,0,0
2.355950700,1,0
2.355955700,0,0
2.355960900,1,0
2.355965900,0,0
2.355971100,1,0
2.355976100,0,0
2.355981300,1,0
2.355986300,0,0
2.355991400,1,0
2.355996500,0,0
2.356001600,1,0
2.356006700,0,0
2.356011800,1,0
2.356016800,0,0
2.356022000,1,0
2.356027000,0,0
2.356032200,1,0
2.356037200,0,0
2.356042400,1,0
2.356047400,0,0
2.356052500,1,0
2.356057600,0,0
2.356062700,1,0
2.356067800,0,0
2.356072900,1,0
2.356078000,0,0
2.356083100,1,0
2.356088100,0,0
2.356091300,0,1
2.356093300,1,1
2.356098300,0,1
2.356098800,0,0
2.356103500,1,0
2.356108500,0,0
2.356113700,1,0
2.356118700,0,0
2.356123800,1,0
2.356128900,0,0
2.356134000,1,0
2.356139100,0,0
2.356144200,1,0
2.356149200,0,0
2.356154400,1,0
2.356159400,0,0
2.356164600,1,0
2.356169600,0,0
2.356170300,0,1
2.356174800,1,1
2.356179800,0,1
2.356180800,0,0
2.356185000,1,0
2.356191200,1,1
2.454104500,1,0
2.454110500,0,0
2.454111600,0,1
2.454115600,1,1
2.454120700,0,1
2.454121700,0,0
2.454125800,1,0
2.454130800,0,0
2.454132000,0,1
2.454136000,1,1
2.454141000,0,1
2.454142000,0,0
2.454146200,1,0
2.454151200,0,0
2.454152400,0,1
2.454156400,1,1
2.454161400,0,1
2.454162400,0,0
2.454166500,1,0
2.454171600,0,0
2.454176700,1,0
2.454181800,0,0
2.454186900,1,0
2.454191900,0,0
2.454197100,1,0
2.454202100,0,0
2.454207300,1,0
2.454212300,0,0
2.454213500,0,1
2.454217500,1,1
2.454222500,0,1
2.454223500,0,0
2.454227700,1,0
2.454232700,0,0
2.454237800,1,0
2.454242900,0,0
2.454248000,1,0
2.454253100,0,0
2.454258200,1,0
2.454263200,0,0
2.454268400,1,0
2.454273400,0,0
2.454278600,1,0
2.454283600,0,0
2.454288800,1,0
2.454293800,0,0
2.454294400,0,1
2.454299000,1,1
2.454306000,1,0
2.454312000,0,0
2.454313200,0,1
2.454317100,1,1
2.454322200,0,1
2.454323200,0,0
2.454327300,1,0
2.454332400,0,0
2.454333500,0,1
2.454337500,1,1
2.454342500,0,1
2.454343500,0,0
2.454347700,1,0
2.454352700,0,0
2.454353900,0,1
2.454357900,1,1
2.454362900,0,1
2.454363900,0,0
2.454368100,1,0
2.454373100,0,0
2.454378200,1,0
2.454383300,0,0
2.454384500,0,1
2.454388400,1,1
2.454393500,0,1
2.454393900,0,0
2.454398600,1,0
2.454403700,0,0
2.454408800,1,0
2.454413800,0,0
2.454419000,1,0
2.454424000,0,0
2.454429200,1,0
2.454434200,0,0
2.454439400,1,0
2.454444400,0,0
2.454445000,0,1
2.454449500,1,1
2.454454600,0,1
2.454459700,1,1
2.454464800,0,1
2.454469900,1,1
2.454474900,0,1
2.454480100,1,1
2.454485100,0,1
2.454490300,1,1
2.454495300,0,1
2.454496300,0,0
2.454500500,1,0
2.454506700,1,1
2.454564500,1,0
2.454570500,0,0
2.454571700,0,1
2.454575600,1,1
2.454580700,0,1
2.454581700,0,0
2.454585800,1,0
2.454590900,0,0
2.454592100,0,1
2.454596000,1,1
2.454601100,0,1
2.454602100,0,0
2.454606200,1,0
2.454611200,0,0
2.454612400,0,1
2.454616400,1,1
2.454621400,0,1
2.454622400,0,0
2.454626600,1,0
2.454631600,0,0
2.454636800,1,0
2.454641800,0,0
2.454646900,1,0
2.454652000,0,0
2.454657100,1,0
2.454662200,0,0
2.454667300,1,0
2.454672400,0,0
2.454673600,0,1
2.454677500,1,1
2.454682500,0,1
2.454683500,0,0
2.454687700,1,0
2.454692700,0,0
2.454693900,0,1
2.454697900,1,1
2.454702900,0,1
2.454703900,0,0
2.454708100,1,0
2.454713100,0,0
2.454718200,1,0
2.454723300,0,0
2.454728400,1,0
2.454733500,0,0
2.454738600,1,0
2.454743700,0,0
2.454748800,1,0
2.454753800,0,0
2.454754400,0,1
2.454759000,1,1
2.454766000,1,0
2.454772000,0,0
2.454773200,0,1
2.454777200,1,1
2.454782200,0,1
2.454783200,0,0
2.454787400,1,0
2.454792400,0,0
2.454793600,0,1
2.454797500,1,1
2.454802600,0,1
2.454803600,0,0
2.454807700,1,0
2.454812800,0,0
2.454813900,0,1
2.454817900,1,1
2.454822900,0,1
2.454823900,0,0
2.454828100,1,0
2.454833100,0,0
2.454838300,1,0
2.454843300,0,0
2.454844500,0,1
2.454848500,1,1
2.454853500,0,1
2.454853900,0,0
2.454858700,1,0
2.454863700,0,0
2.454868800,1,0
2.454873900,0,0
2.454879000,1,0
2.454884100,0,0
2.454889200,1,0
2.454894200,0,0
2.454899400,1,0
2.454904400,0,0
2.454909600,1,0
2.454914600,0,0
2.454919800,1,0
2.454924800,0,0
2.454929900,1,0
2.454935000,0,0
2.454940100,1,0
2.454945200,0,0
2.454950300,1,0
2.454955400,0,0
2.454958600,0,1
2.454960500,1,1
2.454965500,0,1
2.454965900,0,0
2.454970700,1,0
2.454975700,0,0
2.454980900,1,0
2.454985900,0,0
2.454991100,1,0
2.454996100,0,0
2.455001200,1,0
2.455006300,0,0
2.455011400,1,0
2.455016500,0,0
2.455021600,1,0
2.455026600,0,0
2.455031800,1,0
2.455036800,0,0
2.455042000,1,0
2.455047000,0,0
2.455052200,1,0
2.455057200,0,0
2.455062400,1,0
2.455067400,0,0
2.455072500,1,0
2.455077600,0,0
2.455082700,1,0
2.455087800,0,0
2.455092900,1,0
2.455097900,0,0
2.455103100,1,0
2.455108100,0,0
2.455113300,1,0
2.455118300,0,0
2.455123500,1,0
2.455128500,0,0
2.455133700,1,0
2.455138700,0,0
2.455141900,0,1
2.455143800,1,1
2.455148900,0,1
2.455149300,0,0
2.455154000,1,0
2.455159100,0,0
2.455164200,1,0
2.455169200,0,0
2.455174400,1,0
2.455179400,0,0
2.455184600,1,0
2.455189600,0,0
2.455194800,1,0
2.455199800,0,0
2.455204900,1,0
2.455210000,0,0
2.455215100,1,0
2.455220200,0,0
2.455225300,1,0
2.455230400,0,0
2.455235500,1,0
2.455240500,0,0
2.455245700,1,0
2.455250700,0,0
2.455255900,1,0
2.455260900,0,0
2.455266100,1,0
2.455271100,0,0
2.455276200,1,0
2.455281300,0,0
2.455286400,1,0
2.455291500,0,0
2.455296600,1,0
2.455301600,0,0
2.455306800,1,0
2.455311800,0,0
2.455317000,1,0
2.455322000,0,0
2.455325200,0,1
2.455327200,1,1
2.455332200,0,1
2.455332600,0,0
2.455337400,1,0
2.455342400,0,0
2.455347500,1,0
2.455352600,0,0
2.455357700,1,0
2.455362800,0,0
2.455367900,1,0
2.455372900,0,0
2.455378100,1,0
2.455383100,0,0
2.455388300,1,0
2.455393300,0,0
2.455398500,1,0
2.455403500,0,0
2.455404100,0,1
2.455408600,1,1
2.455413700,0,1
2.455414700,0,0
2.455418800,1,0
2.455425100,1,1
2.552379400,1,0
2.552385400,0,0
2.552386500,0,1
2.552390500,1,1
2.552395500,0,1
2.552396500,0,0
2.552400700,1,0
2.552405700,0,0
2.552406900,0,1
2.552410900,1,1
2.552415900,0,1
2.552416900,0,0
2.552421100,1,0
2.552426100,0,0
2.552427300,0,1
2.552431200,1,1
2.552436300,0,1
2.552437300,0,0
2.552441400,1,0
2.552446500,0,0
2.552451600,1,0
2.552456600,0,0
2.552461800,1,0
2.552466800,0,0
2.552472000,1,0
2.552477000,0,0
2.552482200,1,0
2.552487200,0,0
2.552488400,0,1
2.552492400,1,1
2.552497400,0,1
2.552498400,0,0
2.552502500,1,0
2.552507600,0,0
2.552512700,1,0
2.552517800,0,0
2.552522900,1,0
2.552527900,0,0
2.552533100,1,0
2.552538100,0,0
2.552543300,1,0
2.552548300,0,0
2.552553500,1,0
2.552558500,0,0
2.552563600,1,0
2.552568700,0,0
2.552569300,0,1
2.552573800,1,1
2.552580900,1,0
2.552586900,0,0
2.552588000,0,1
2.552592000,1,1
2.552597100,0,1
2.552598100,0,0
2.552602200,1,0
2.552607200,0,0
2.552608400,0,1
2.552612400,1,1
2.552617400,0,1
2.552618400,0,0
2.552622600,1,0
2.552627600,0,0
2.552628800,0,1
2.552632800,1,1
2.552637800,0,1
2.552638800,0,0
2.552642900,1,0
2.552648000,0,0
2.552653100,1,0
2.552658200,0,0
2.552659400,0,1
2.552663300,1,1
2.552668400,0,1
2.552668700,0,0
2.552673500,1,0
2.552678500,0,0
2.552683700,1,0
2.552688700,0,0
2.552693900,1,0
2.552698900,0,0
2.552704100,1,0
2.552709100,0,0
2.552714200,1,0
2.552719300,0,0
2.552719900,0,1
2.552724400,1,1
2.552729500,0,1
2.552734600,1,1
2.552739600,0,1
2.552744800,1,1
2.552749800,0,1
2.552755000,1,1
2.552760000,0,1
2.552765200,1,1
2.552770200,0,1
2.552771200,0,0
2.552775400,1,0
2.552781600,1,1
2.552839400,1,0
2.552845400,0,0
2.552846500,0,1
2.552850500,1,1
2.552855600,0,1
2.552856600,0,0
2.552860700,1,0
2.552865800,0,0
2.552866900,0,1
2.552870900,1,1
2.552875900,0,1
2.552876900,0,0
2.552881100,1,0
2.552886100,0,0
2.552887300,0,1
2.552891300,1,1
2.552896300,0,1
2.552897300,0,0
2.552901500,1,0
2.552906500,0,0
2.552911600,1,0
2.552916700,0,0
2.552921800,1,0
2.552926900,0,0
2.552932000,1,0
2.552937100,0,0
2.552942200,1,0
2.552947200,0,0
2.552948400,0,1
2.552952400,1,1
2.552957400,0,1
2.552958400,0,0
2.552962600,1,0
2.552967600,0,0
2.552968800,0,1
2.552972800,1,1
2.552977800,0,1
2.552978800,0,0
2.552982900,1,0
2.552988000,0,0
2.552993100,1,0
2.552998200,0,0
2.553003300,1,0
2.553008300,0,0
2.553013500,1,0
2.553018500,0,0
2.553023700,1,0
2.553028700,0,0
2.553029300,0,1
2.553033900,1,1
2.553040900,1,0
2.553046900,0,0
2.553048100,0,1
2.553052000,1,1
2.553057100,0,1
2.553058100,0,0
2.553062200,1,0
2.553067300,0,0
2.553068500,0,1
2.553072400,1,1
2.553077500,0,1
2.553078500,0,0
2.553082600,1,0
2.553087600,0,0
2.553088800,0,1
2.553092800,1,1
2.553097800,0,1
2.553098800,0,0
2.553103000,1,0
2.553108000,0,0
2.553113200,1,0
2.553118200,0,0
2.553119400,0,1
2.553123300,1,1
2.553128400,0,1
2.553128800,0,0
2.553133500,1,0
2.553138600,0,0
2.553143700,1,0
2.553148800,0,0
2.553153900,1,0
2.553158900,0,0
2.553164100,1,0
2.553169100,0,0
2.553174300,1,0
2.553179300,0,0
2.553184500,1,0
2.553189500,0,0
2.553194600,1,0
2.553199700,0,0
2.553204800,1,0
2.553209900,0,0
2.553215000,1,0
2.553220100,0,0
2.553225200,1,0
2.553230200,0,0
2.553233400,0,1
2.553235400,1,1
2.553240400,0,1
2.553240800,0,0
2.553245600,1,0
2.553250600,0,0
2.553255800,1,0
2.553260800,0,0
2.553265900,1,0
2.553271000,0,0
2.553276100,1,0
2.553281200,0,0
2.553286300,1,0
2.553291300,0,0
2.553296500,1,0
2.553301500,0,0
2.553306700,1,0
2.553311700,0,0
2.553316900,1,0
2.553321900,0,0
2.553327100,1,0
2.553332100,0,0
2.553337200,1,0
2.553342300,0,0
2.553347400,1,0
2.553352500,0,0
2.553357600,1,0
2.553362600,0,0
2.553367800,1,0
2.553372800,0,0
2.553378000,1,0
2.553383000,0,0
2.553388200,1,0
2.553393200,0,0
2.553398300,1,0
2.553403400,0,0
2.553408500,1,0
2.553413600,0,0
2.553416800,0,1
2.553418700,1,1
2.553423800,0,1
2.553424200,0,0
2.553428900,1,0
2.553433900,0,0
2.553439100,1,0
2.553444100,0,0
2.553449300,1,0
2.553454300,0,0
2.553459500,1,0
2.553464500,0,0
2.553469600,1,0
2.553474700,0,0
2.553479800,1,0
2.553484900,0,0
2.553490000,1,0
2.553495000,0,0
2.553500200,1,0
2.553505200,0,0
2.553510400,1,0
2.553515400,0,0
2.553520600,1,0
2.553525600,0,0
2.553530800,1,0
2.553535800,0,0
2.553540900,1,0
2.553546000,0,0
2.553551100,1,0
2.553556200,0,0
2.553561300,1,0
2.553566300,0,0
2.553571500,1,0
2.553576500,0,0
2.553581700,1,0
2.553586700,0,0
2.553591900,1,0
2.553596900,0,0
2.553600100,0,1
2.553602100,1,1
2.553607100,0,1
2.553607500,0,0
2.553612200,1,0
2.553617300,0,0
2.553622400,1,0
2.553627500,0,0
2.553632600,1,0
2.553637600,0,0
2.553642800,1,0
2.553647800,0,0
2.553653000,1,0
2.553658000,0,0
2.553663200,1,0
2.553668200,0,0
2.553673300,1,0
2.553678400,0,0
2.553679000,0,1
2.553683500,1,1
2.553688600,0,1
2.553689600,0,0
2.553693700,1,0
2.553699900,1,1
2.650699200,1,0
2.650705200,0,0
2.650706400,0,1
2.650710400,1,1
2.650715400,0,1
2.650716400,0,0
2.650720600,1,0
2.650725600,0,0
2.650726800,0,1
2.650730700,1,1
2.650735800,0,1
2.650736800,0,0
2.650740900,1,0
2.650746000,0,0
2.650747200,0,1
2.650751100,1,1
2.650756200,0,1
2.650757200,0,0
2.650761300,1,0
2.650766300,0,0
2.650771500,1,0
2.650776500,0,0
2.650781700,1,0
2.650786700,0,0
2.650791900,1,0
2.650796900,0,0
2.650802100,1,0
2.650807100,0,0
2.650808300,0,1
2.650812200,1,1
2.650817300,0,1
2.650818300,0,0
2.650822400,1,0
2.650827500,0,0
2.650832600,1,0
2.650837600,0,0
2.650842800,1,0
2.650847800,0,0
2.650853000,1,0
2.650858000,0,0
2.650863200,1,0
2.650868200,0,0
2.650873300,1,0
2.650878400,0,0
2.650883500,1,0
2.650888600,0,0
2.650889200,0,1
2.650893700,1,1
2.650900800,1,0
2.650906800,0,0
2.650907900,0,1
2.650911900,1,1
2.650916900,0,1
2.650917900,0,0
2.650922100,1,0
2.650927100,0,0
2.650928300,0,1
2.650932300,1,1
2.650937300,0,1
2.650938300,0,0
2.650942500,1,0
2.650947500,0,0
2.650948700,0,1
2.650952600,1,1
2.650957700,0,1
2.650958700,0,0
2.650962800,1,0
2.650967900,0,0
2.650973000,1,0
2.650978000,0,0
2.650979200,0,1
2.650983200,1,1
2.650988200,0,1
2.650988700,0,0
2.650993400,1,0
2.650998400,0,0
2.651003600,1,0
2.651008600,0,0
2.651013800,1,0
2.651018800,0,0
2.651023900,1,0
2.651029000,0,0
2.651034100,1,0
2.651039200,0,0
2.651039800,0,1
2.651044300,1,1
2.651049300,0,1
2.651054500,1,1
2.651059500,0,1
2.651064700,1,1
2.651069700,0,1
2.651074900,1,1
2.651079900,0,1
2.651085000,1,1
2.651090100,0,1
2.651091100,0,0
2.651095200,1,0
2.651101400,1,1
2.651167300,1,0
2.651173300,0,0
2.651174400,0,1
2.651178400,1,1
2.651183500,0,1
2.651184500,0,0
2.651188600,1,0
2.651193600,0,0
2.651194800,0,1
2.651198800,1,1
2.651203800,0,1
2.651204800,0,0
2.651209000,1,0
2.651214000,0,0
2.651215200,0,1
2.651219200,1,1
2.651224200,0,1
2.651225200,0,0
2.651229300,1,0
2.651234400,0,0
2.651239500,1,0
2.651244600,0,0
2.651249700,1,0
2.651254800,0,0
2.651259900,1,0
2.651264900,0,0
2.651270100,1,0
2.651275100,0,0
2.651276300,0,1
2.651280300,1,1
2.651285300,0,1
2.651286300,0,0
2.651290500,1,0
2.651295500,0,0
2.651296700,0,1
2.651300600,1,1
2.651305700,0,1
2.651306700,0,0
2.651310800,1,0
2.651315900,0,0
2.651321000,1,0
2.651326000,0,0
2.651331200,1,0
2.651336200,0,0
2.651341400,1,0
2.651346400,0,0
2.651351600,1,0
2.651356600,0,0
2.651357200,0,1
2.651361800,1,1
2.651368800,1,0
2.651374800,0,0
2.651376000,0,1
2.651379900,1,1
2.651385000,0,1
2.651386000,0,0
2.651390100,1,0
2.651395200,0,0
2.651396300,0,1
2.651400300,1,1
2.651405300,0,1
2.651406300,0,0
2.651410500,1,0
2.651415500,0,0
2.651416700,0,1
2.651420700,1,1
2.651425700,0,1
2.651426700,0,0
2.651430900,1,0
2.651435900,0,0
2.651441000,1,0
2.651446100,0,0
2.651447300,0,1
2.651451200,1,1
2.651456300,0,1
2.651456700,0,0
2.651461400,1,0
2.651466500,0,0
2.651471600,1,0
2.651476600,0,0
2.651481800,1,0
2.651486800,0,0
2.651492000,1,0
2.651497000,0,0
2.651502200,1,0
2.651507200,0,0
2.651512300,1,0
2.651517400,0,0
2.651522500,1,0
2.651527600,0,0
2.651532700,1,0
2.651537700,0,0
2.651542900,1,0
2.651547900,0,0
2.651553100,1,0
2.651558100,0,0
2.651561300,0,1
2.651563300,1,1
2.651568300,0,1
2.651568700,0,0
2.651573500,1,0
2.651578500,0,0
2.651583600,1,0
2.651588700,0,0
2.651593800,1,0
2.651598900,0,0
2.651604000,1,0
2.651609000,0,0
2.651614200,1,0
2.651619200,0,0
2.651624400,1,0
2.651629400,0,0
2.651634600,1,0
2.651639600,0,0
2.651644800,1,0
2.651649800,0,0
2.651654900,1,0
2.651660000,0,0
2.651665100,1,0
2.651670200,0,0
2.651675300,1,0
2.651680300,0,0
2.651685500,1,0
2.651690500,0,0
2.651695700,1,0
2.651700700,0,0
2.651705900,1,0
2.651710900,0,0
2.651716000,1,0
2.651721100,0,0
2.651726200,1,0
2.651731300,0,0
2.651736400,1,0
2.651741500,0,0
2.651744700,0,1
2.651746600,1,1
2.651751600,0,1
2.651752100,0,0
2.651756800,1,0
2.651761800,0,0
2.651767000,1,0
2.651772000,0,0
2.651777200,1,0
2.651782200,0,0
2.651787300,1,0
2.651792400,0,0
2.651797500,1,0
2.651802600,0,0
2.651807700,1,0
2.651812700,0,0
2.651817900,1,0
2.651822900,0,0
2.651828100,1,0
2.651833100,0,0
2.651838300,1,0
2.651843300,0,0
2.651848500,1,0
2.651853500,0,0
2.651858600,1,0
2.651863700,0,0
2.651868800,1,0
2.651873900,0,0
2.651879000,1,0
2.651884000,0,0
2.651889200,1,0
2.651894200,0,0
2.651899400,1,0
2.651904400,0,0
2.651909600,1,0
2.651914600,0,0
2.651919800,1,0
2.651924800,0,0
2.651928000,0,1
2.651929900,1,1
2.651935000,0,1
2.651935400,0,0
2.651940100,1,0
2.651945200,0,0
2.651950300,1,0
2.651955300,0,0
2.651960500,1,0
2.651965500,0,0
2.651970700,1,0
2.651975700,0,0
2.651980900,1,0
2.651985900,0,0
2.651991000,1,0
2.651996100,0,0
2.652001200,1,0
2.652006300,0,0
2.652006900,0,1
2.652011400,1,1
2.652016500,0,1
2.652017500,0,0
2.652021600,1,0
2.652027800,1,1
2.748974100,1,0
2.748980100,0,0
2.748981300,0,1
2.748985200,1,1
2.748990300,0,1
2.748991300,0,0
2.748995400,1,0
2.749000500,0,0
2.749001700,0,1
2.749005600,1,1
2.749010700,0,1
2.749011700,0,0
2.749015800,1,0
2.749020900,0,0
2.749022000,0,1
2.749026000,1,1
2.749031000,0,1
2.749032000,0,0
2.749036200,1,0
2.749041200,0,0
2.749046400,1,0
2.749051400,0,0
2.749056600,1,0
2.749061600,0,0
2.749066700,1,0
2.749071800,0,0
2.749076900,1,0
2.749082000,0,0
2.749083200,0,1
2.749087100,1,1
2.749092200,0,1
2.749093200,0,0
2.749097300,1,0
2.749102300,0,0
2.749107500,1,0
2.749112500,0,0
2.749117700,1,0
2.749122700,0,0
2.749127900,1,0
2.749132900,0,0
2.749138000,1,0
2.749143100,0,0
2.749148200,1,0
2.749153300,0,0
2.749158400,1,0
2.749163500,0,0
2.749164000,0,1
2.749168600,1,1
2.749175600,1,0
2.749181600,0,0
2.749182800,0,1
2.749186800,1,1
2.749191800,0,1
2.749192800,0,0
2.749197000,1,0
2.749202000,0,0
2.749203200,0,1
2.749207200,1,1
2.749212200,0,1
2.749213200,0,0
2.749217300,1,0
2.749222400,0,0
2.749223600,0,1
2.749227500,1,1
2.749232600,0,1
2.749233600,0,0
2.749237700,1,0
2.749242700,0,0
2.749247900,1,0
2.749252900,0,0
2.749254100,0,1
2.749258100,1,1
2.749263100,0,1
2.749263500,0,0
2.749268300,1,0
2.749273300,0,0
2.749278500,1,0
2.749283500,0,0
2.749288600,1,0
2.749293700,0,0
2.749298800,1,0
2.749303900,0,0
2.749309000,1,0
2.749314000,0,0
2.749314700,0,1
2.749319200,1,1
2.749324200,0,1
2.749329400,1,1
2.749334400,0,1
2.749339600,1,1
2.749344600,0,1
2.749349700,1,1
2.749354800,0,1
2.749359900,1,1
2.749365000,0,1
2.749366000,0,0
2.749370100,1,0
2.749376300,1,1
2.749442200,1,0
2.749448200,0,0
2.749449300,0,1
2.749453300,1,1
2.749458300,0,1
2.749459300,0,0
2.749463500,1,0
2.749468500,0,0
2.749469700,0,1
2.749473700,1,1
2.749478700,0,1
2.749479700,0,0
2.749483900,1,0
2.749488900,0,0
2.749490100,0,1
2.749494000,1,1
2.749499100,0,1
2.749500100,0,0
2.749504200,1,0
2.749509300,0,0
2.749514400,1,0
2.749519400,0,0
2.749524600,1,0
2.749529600,0,0
2.749534800,1,0
2.749539800,0,0
2.749545000,1,0
2.749550000,0,0
2.749551200,0,1
2.749555200,1,1
2.749560200,0,1
2.749561200,0,0
2.749565300,1,0
2.749570400,0,0
2.749571600,0,1
2.749575500,1,1
2.749580600,0,1
2.749581600,0,0
2.749585700,1,0
2.749590700,0,0
2.749595900,1,0
2.749600900,0,0
2.749606100,1,0
2.749611100,0,0
2.749616300,1,0
2.749621300,0,0
2.749626500,1,0
2.749631500,0,0
2.749632100,0,1
2.749636600,1,1
2.749643700,1,0
2.749649700,0,0
2.749650800,0,1
2.749654800,1,1
2.749659900,0,1
2.749660900,0,0
2.749665000,1,0
2.749670000,0,0
2.749671200,0,1
2.749675200,1,1
2.749680200,0,1
2.749681200,0,0
2.749685400,1,0
2.749690400,0,0
2.749691600,0,1
2.749695600,1,1
2.749700600,0,1
2.749701600,0,0
2.749705700,1,0
2.749710800,0,0
2.749715900,1,0
2.749721000,0,0
2.749722200,0,1
2.749726100,1,1
2.749731200,0,1
2.749731600,0,0
2.749736300,1,0
2.749741300,0,0
2.749746500,1,0
2.749751500,0,0
2.749756700,1,0
2.749761700,0,0
2.749766900,1,0
2.749771900,0,0
2.749777000,1,0
2.749782100,0,0
2.749787200,1,0
2.749792300,0,0
2.749797400,1,0
2.749802400,0,0
2.749807600,1,0
2.749812600,0,0
2.749817800,1,0
2.749822800,0,0
2.749828000,1,0
2.749833000,0,0
2.749836200,0,1
2.749838200,1,1
2.749843200,0,1
2.749843600,0,0
2.749848300,1,0
2.749853400,0,0
2.749858500,1,0
2.749863600,0,0
2.749868700,1,0
2.749873700,0,0
2.749878900,1,0
2.749883900,0,0
2.749889100,1,0
2.749894100,0,0
2.749899300,1,0
2.749904300,0,0
2.749909400,1,0
2.749914500,0,0
2.749919600,1,0
2.749924700,0,0
2.749929800,1,0
2.749934900,0,0
2.749940000,1,0
2.749945000,0,0
2.749950200,1,0
2.749955200,0,0
2.749960400,1,0
2.749965400,0,0
2.749970600,1,0
2.749975600,0,0
2.749980700,1,0
2.749985800,0,0
2.749990900,1,0
2.749996000,0,0
2.750001100,1,0
2.750006200,0,0
2.750011300,1,0
2.750016300,0,0
2.750019500,0,1
2.750021500,1,1
2.750026500,0,1
2.750027000,0,0
2.750031700,1,0
2.750036700,0,0
2.750041900,1,0
2.750046900,0,0
2.750052000,1,0
2.750057100,0,0
2.750062200,1,0
2.750067300,0,0
2.750072400,1,0
2.750077400,0,0
2.750082600,1,0
2.750087600,0,0
2.750092800,1,0
2.750097800,0,0
2.750103000,1,0
2.750108000,0,0
2.750113200,1,0
2.750118200,0,0
2.750123300,1,0
2.750128400,0,0
2.750133500,1,0
2.750138600,0,0
2.750143700,1,0
2.750148700,0,0
2.750153900,1,0
2.750158900,0,0
2.750164100,1,0
2.750169100,0,0
2.750174300,1,0
2.750179300,0,0
2.750184400,1,0
2.750189500,0,0
2.750194600,1,0
2.750199700,0,0
2.750202900,0,1
2.750204800,1,1
2.750209900,0,1
2.750210300,0,0
2.750215000,1,0
2.750220000,0,0
2.750225200,1,0
2.750230200,0,0
2.750235400,1,0
2.750240400,0,0
2.750245600,1,0
2.750250600,0,0
2.750255700,1,0
2.750260800,0,0
2.750265900,1,0
2.750271000,0,0
2.750276100,1,0
2.750281100,0,0
2.750281700,0,1
2.750286300,1,1
2.750291300,0,1
2.750292300,0,0
2.750296500,1,0
2.750302700,1,1
2.848201000,1,0
2.848207000,0,0
2.848208100,0,1
2.848212100,1,1
2.848217200,0,1
2.848218200,0,0
2.848222300,1,0
2.848227400,0,0
2.848228500,0,1
2.848232500,1,1
2.848237600,0,1
2.848238600,0,0
2.848242700,1,0
2.848247700,0,0
2.848248900,0,1
2.848252900,1,1
2.848257900,0,1
2.848258900,0,0
2.848263100,1,0
2.848268100,0,0
2.848273300,1,0
2.848278300,0,0
2.848283400,1,0
2.848288500,0,0
2.848293600,1,0
2.848298700,0,0
2.848303800,1,0
2.848308800,0,0
2.848310100,0,1
2.848314000,1,1
2.848319000,0,1
2.848320000,0,0
2.848324200,1,0
2.848329200,0,0
2.848334400,1,0
2.848339400,0,0
2.848344600,1,0
2.848349600,0,0
2.848354700,1,0
2.848359800,0,0
2.848364900,1,0
2.848370000,0,0
2.848375100,1,0
2.848380100,0,0
2.848385300,1,0
2.848390300,0,0
2.848391000,0,1
2.848395500,1,1
2.848402500,1,0
2.848408500,0,0
2.848409700,0,1
2.848413600,1,1
2.848418700,0,1
2.848419700,0,0
2.848423800,1,0
2.848428900,0,0
2.848430100,0,1
2.848434000,1,1
2.848439100,0,1
2.848440100,0,0
2.848444200,1,0
2.848449300,0,0
2.848450400,0,1
2.848454400,1,1
2.848459400,0,1
2.848460400,0,0
2.848464600,1,0
2.848469600,0,0
2.848474800,1,0
2.848479800,0,0
2.848481000,0,1
2.848485000,1,1
2.848490000,0,1
2.848490400,0,0
2.848495100,1,0
2.848500200,0,0
2.848505300,1,0
2.848510400,0,0
2.848515500,1,0
2.848520500,0,0
2.848525700,1,0
2.848530700,0,0
2.848535900,1,0
2.848540900,0,0
2.848541600,0,1
2.848546100,1,1
2.848551100,0,1
2.848556300,1,1
2.848561300,0,1
2.848566400,1,1
2.848571500,0,1
2.848576600,1,1
2.848581700,0,1
2.848586800,1,1
2.848591800,0,1
2.848592800,0,0
2.848597000,1,0
2.848603200,1,1
2.848670000,1,0
2.848676000,0,0
2.848677200,0,1
2.848681200,1,1
2.848686200,0,1
2.848687200,0,0
2.848691400,1,0
2.848696400,0,0
2.848697600,0,1
2.848701500,1,1
2.848706600,0,1
2.848707600,0,0
2.848711700,1,0
2.848716800,0,0
2.848718000,0,1
2.848721900,1,1
2.848727000,0,1
2.848728000,0,0
2.848732100,1,0
2.848737100,0,0
2.848742300,1,0
2.848747300,0,0
2.848752500,1,0
2.848757500,0,0
2.848762700,1,0
2.848767700,0,0
2.848772800,1,0
2.848777900,0,0
2.848779100,0,1
2.848783000,1,1
2.848788100,0,1
2.848789100,0,0
2.848793200,1,0
2.848798300,0,0
2.848799400,0,1
2.848803400,1,1
2.848808400,0,1
2.848809400,0,0
2.848813600,1,0
2.848818600,0,0
2.848823800,1,0
2.848828800,0,0
2.848834000,1,0
2.848839000,0,0
2.848844100,1,0
2.848849200,0,0
2.848854300,1,0
2.848859400,0,0
2.848860000,0,1
2.848864500,1,1
2.848871500,1,0
2.848877500,0,0
2.848878700,0,1
2.848882700,1,1
2.848887700,0,1
2.848888700,0,0
2.848892900,1,0
2.848897900,0,0
2.848899100,0,1
2.848903100,1,1
2.848908100,0,1
2.848909100,0,0
2.848913300,1,0
2.848918300,0,0
2.848919500,0,1
2.848923400,1,1
2.848928500,0,1
2.848929500,0,0
2.848933600,1,0
2.848938700,0,0
2.848943800,1,0
2.848948800,0,0
2.848950000,0,1
2.848954000,1,1
2.848959000,0,1
2.848959400,0,0
2.848964200,1,0
2.848969200,0,0
2.848974400,1,0
2.848979400,0,0
2.848984600,1,0
2.848989600,0,0
2.848994700,1,0
2.848999800,0,0
2.849004900,1,0
2.849010000,0,0
2.849015100,1,0
2.849020100,0,0
2.849025300,1,0
2.849030300,0,0
2.849035500,1,0
2.849040500,0,0
2.849045700,1,0
2.849050700,0,0
2.849055800,1,0
2.849060900,0,0
2.849064100,0,1
2.849066000,1,1
2.849071100,0,1
2.849071500,0,0
2.849076200,1,0
2.849081300,0,0
2.849086400,1,0
2.849091400,0,0
2.849096600,1,0
2.849101600,0,0
2.849106800,1,0
2.849111800,0,0
2.849117000,1,0
2.849122000,0,0
2.849127100,1,0
2.849132200,0,0
2.849137300,1,0
2.849142400,0,0
2.849147500,1,0
2.849152500,0,0
2.849157700,1,0
2.849162700,0,0
2.849167900,1,0
2.849172900,0,0
2.849178100,1,0
2.849183100,0,0
2.849188300,1,0
2.849193300,0,0
2.849198400,1,0
2.849203500,0,0
2.849208600,1,0
2.849213700,0,0
2.849218800,1,0
2.849223800,0,0
2.849229000,1,0
2.849234000,0,0
2.849239200,1,0
2.849244200,0,0
2.849247400,0,1
2.849249400,1,1
2.849254400,0,1
2.849254800,0,0
2.849259500,1,0
2.849264600,0,0
2.849269700,1,0
2.849274800,0,0
2.849279900,1,0
2.849285000,0,0
2.849290100,1,0
2.849295100,0,0
2.849300300,1,0
2.849305300,0,0
2.849310500,1,0
2.849315500,0,0
2.849320700,1,0
2.849325700,0,0
2.849330800,1,0
2.849335900,0,0
2.849341000,1,0
2.849346100,0,0
2.849351200,1,0
2.849356200,0,0
2.849361400,1,0
2.849366400,0,0
2.849371600,1,0
2.849376600,0,0
2.849381800,1,0
2.849386800,0,0
2.849392000,1,0
2.849397000,0,0
2.849402100,1,0
2.849407200,0,0
2.849412300,1,0
2.849417400,0,0
2.849422500,1,0
2.849427500,0,0
2.849430800,0,1
2.849432700,1,1
2.849437700,0,1
2.849438100,0,0
2.849442900,1,0
2.849447900,0,0
2.849453100,1,0
2.849458100,0,0
2.849463300,1,0
2.849468300,0,0
2.849473400,1,0
2.849478500,0,0
2.849483600,1,0
2.849488700,0,0
2.849493800,1,0
2.849498800,0,0
2.849504000,1,0
2.849509000,0,0
2.849509600,0,1
2.849514200,1,1
2.849519200,0,1
2.849520200,0,0
2.849524400,1,0
2.849530600,1,1
2.946509900,1,0
2.946515900,0,0
2.946517000,0,1
2.946521000,1,1
2.946526100,0,1
2.946527100,0,0
2.946531200,1,0
2.946536200,0,0
2.946537400,0,1
2.946541400,1,1
2.946546400,0,1
2.946547400,0,0
2.946551600,1,0
2.946556600,0,0
2.946557800,0,1
2.946561800,1,1
2.946566800,0,1
2.946567800,0,0
2.946572000,1,0
2.946577000,0,0
2.946582100,1,0
2.946587200,0,0
2.946592300,1,0
2.946597400,0,0
2.946602500,1,0
2.946607500,0,0
2.946612700,1,0
2.946617700,0,0
2.946618900,0,1
2.946622900,1,1
2.946627900,0,1
2.946628900,0,0
2.946633100,1,0
2.946638100,0,0
2.946643300,1,0
2.946648300,0,0
2.946653400,1,0
2.946658500,0,0
2.946663600,1,0
2.946668700,0,0
2.946673800,1,0
2.946678800,0,0
2.946684000,1,0
2.946689000,0,0
2.946694200,1,0
2.946699200,0,0
2.946699800,0,1
2.946704400,1,1
2.946711400,1,0
2.946717400,0,0
2.946718600,0,1
2.946722500,1,1
2.946727600,0,1
2.946728600,0,0
2.946732700,1,0
2.946737800,0,0
2.946738900,0,1
2.946742900,1,1
2.946748000,0,1
2.946749000,0,0
2.946753100,1,0
2.946758100,0,0
2.946759300,0,1
2.946763300,1,1
2.946768300,0,1
2.946769300,0,0
2.946773500,1,0
2.946778500,0,0
2.946783700,1,0
2.946788700,0,0
2.946789900,0,1
2.946793800,1,1
2.946798900,0,1
2.946799300,0,0
2.946804000,1,0
2.946809100,0,0
2.946814200,1,0
2.946819200,0,0
2.946824400,1,0
2.946829400,0,0
2.946834600,1,0
2.946839600,0,0
2.946844800,1,0
2.946849800,0,0
2.946850400,0,1
2.946855000,1,1
2.946860000,0,1
2.946865100,1,1
2.946870200,0,1
2.946875300,1,1
2.946880400,0,1
2.946885500,1,1
2.946890500,0,1
2.946895700,1,1
2.946900700,0,1
2.946901700,0,0
2.946905900,1,0
2.946912100,1,1
2.946970900,1,0
2.946976900,0,0
2.946978100,0,1
2.946982000,1,1
2.946987100,0,1
2.946988100,0,0
2.946992200,1,0
2.946997300,0,0
2.946998500,0,1
2.947002400,1,1
2.947007500,0,1
2.947008500,0,0
2.947012600,1,0
2.947017700,0,0
2.947018800,0,1
2.947022800,1,1
2.947027800,0,1
2.947028800,0,0
2.947033000,1,0
2.947038000,0,0
2.947043200,1,0
2.947048200,0,0
2.947053400,1,0
2.947058400,0,0
2.947063500,1,0
2.947068600,0,0
2.947073700,1,0
2.947078800,0,0
2.947080000,0,1
2.947083900,1,1
2.947088900,0,1
2.947089900,0,0
2.947094100,1,0
2.947099100,0,0
2.947100300,0,1
2.947104300,1,1
2.947109300,0,1
2.947110300,0,0
2.947114500,1,0
2.947119500,0,0
2.947124700,1,0
2.947129700,0,0
2.947134800,1,0
2.947139900,0,0
2.947145000,1,0
2.947150100,0,0
2.947155200,1,0
2.947160200,0,0
2.947160800,0,1
2.947165400,1,1
2.947172400,1,0
2.947178400,0,0
2.947179600,0,1
2.947183600,1,1
2.947188600,0,1
2.947189600,0,0
2.947193800,1,0
2.947198800,0,0
2.947200000,0,1
2.947203900,1,1
2.947209000,0,1
2.947210000,0,0
2.947214100,1,0
2.947219200,0,0
2.947220400,0,1
2.947224300,1,1
2.947229400,0,1
2.947230400,0,0
2.947234500,1,0
2.947239500,0,0
2.947244700,1,0
2.947249700,0,0
2.947250900,0,1
2.947254900,1,1
2.947259900,0,1
2.947260300,0,0
2.947265100,1,0
2.947270100,0,0
2.947275200,1,0
2.947280300,0,0
2.947285400,1,0
2.947290500,0,0
2.947295600,1,0
2.947300700,0,0
2.947305800,1,0
2.947310800,0,0
2.947316000,1,0
2.947321000,0,0
2.947326200,1,0
2.947331200,0,0
2.947336400,1,0
2.947341400,0,0
2.947346500,1,0
2.947351600,0,0
2.947356700,1,0
2.947361800,0,0
2.947365000,0,1
2.947366900,1,1
2.947371900,0,1
2.947372400,0,0
2.947377100,1,0
2.947382100,0,0
2.947387300,1,0
2.947392300,0,0
2.947397500,1,0
2.947402500,0,0
2.947407700,1,0
2.947412700,0,0
2.947417800,1,0
2.947422900,0,0
2.947428000,1,0
2.947433100,0,0
2.947438200,1,0
2.947443200,0,0
2.947448400,1,0
2.947453400,0,0
2.947458600,1,0
2.947463600,0,0
2.947468800,1,0
2.947473800,0,0
2.947479000,1,0
2.947484000,0,0
2.947489100,1,0
2.947494200,0,0
2.947499300,1,0
2.947504400,0,0
2.947509500,1,0
2.947514500,0,0
2.947519700,1,0
2.947524700,0,0
2.947529900,1,0
2.947534900,0,0
2.947540100,1,0
2.947545100,0,0
2.947548300,0,1
2.947550200,1,1
2.947555300,0,1
2.947555700,0,0
2.947560400,1,0
2.947565500,0,0
2.947570600,1,0
2.947575700,0,0
2.947580800,1,0
2.947585800,0,0
2.947591000,1,0
2.947596000,0,0
2.947601200,1,0
2.947606200,0,0
2.947611400,1,0
2.947616400,0,0
2.947621500,1,0
2.947626600,0,0
2.947631700,1,0
2.947636800,0,0
2.947641900,1,0
2.947646900,0,0
2.947652100,1,0
2.947657100,0,0
2.947662300,1,0
2.947667300,0,0
2.947672500,1,0
2.947677500,0,0
2.947682700,1,0
2.947687700,0,0
2.947692800,1,0
2.947697900,0,0
2.947703000,1,0
2.947708100,0,0
2.947713200,1,0
2.947718200,0,0
2.947723400,1,0
2.947728400,0,0
2.947731600,0,1
2.947733600,1,1
2.947738600,0,1
2.947739000,0,0
2.947743800,1,0
2.947748800,0,0
2.947753900,1,0
2.947759000,0,0
2.947764100,1,0
2.947769200,0,0
2.947774300,1,0
2.947779400,0,0
2.947784500,1,0
2.947789500,0,0
2.947794700,1,0
2.947799700,0,0
2.947804900,1,0
2.947809900,0,0
2.947810500,0,1
2.947815100,1,1
2.947820100,0,1
2.947821100,0,0
2.947825200,1,0
2.947831500,1,1
3.044815800,1,0
3.044821800,0,0
3.044822900,0,1
3.044826900,1,1
3.044831900,0,1
3.044832900,0,0
3.044837100,1,0
3.044842100,0,0
3.044843300,0,1
3.044847300,1,1
3.044852300,0,1
3.044853300,0,0
3.044857500,1,0
3.044862500,0,0
3.044863700,0,1
3.044867600,1,1
3.044872700,0,1
3.044873700,0,0
3.044877800,1,0
3.044882900,0,0
3.044888000,1,0
3.044893100,0,0
3.044898200,1,0
3.044903200,0,0
3.044908400,1,0
3.044913400,0,0
3.044918600,1,0
3.044923600,0,0
3.044924800,0,1
3.044928800,1,1
3.044933800,0,1
3.044934800,0,0
3.044938900,1,0
3.044944000,0,0
3.044949100,1,0
3.044954200,0,0
3.044959300,1,0
3.044964400,0,0
3.044969500,1,0
3.044974500,0,0
3.044979700,1,0
3.044984700,0,0
3.044989900,1,0
3.044994900,0,0
3.045000100,1,0
3.045005100,0,0
3.045005700,0,1
3.045010200,1,1
3.045017300,1,0
3.045023300,0,0
3.045024500,0,1
3.045028400,1,1
3.045033500,0,1
3.045034500,0,0
3.045038600,1,0
3.045043600,0,0
3.045044800,0,1
3.045048800,1,1
3.045053800,0,1
3.045054800,0,0
3.045059000,1,0
3.045064000,0,0
3.045065200,0,1
3.045069200,1,1
3.045074200,0,1
3.045075200,0,0
3.045079400,1,0
3.045084400,0,0
3.045089500,1,0
3.045094600,0,0
3.045095800,0,1
3.045099700,1,1
3.045104800,0,1
3.045105200,0,0
3.045109900,1,0
3.045114900,0,0
3.045120100,1,0
3.045125100,0,0
3.045130300,1,0
3.045135300,0,0
3.045140500,1,0
3.045145500,0,0
3.045150700,1,0
3.045155700,0,0
3.045156300,0,1
3.045160800,1,1
3.045165900,0,1
3.045171000,1,1
3.045176100,0,1
3.045181200,1,1
3.045186200,0,1
3.045191400,1,1
3.045196400,0,1
3.045201600,1,1
3.045206600,0,1
3.045207600,0,0
3.045211800,1,0
3.045218000,1,1
3.045276800,1,0
3.045282800,0,0
3.045284000,0,1
3.045287900,1,1
3.045293000,0,1
3.045294000,0,0
3.045298100,1,0
3.045303200,0,0
3.045304300,0,1
3.045308300,1,1
3.045313300,0,1
3.045314300,0,0
3.045318500,1,0
3.045323500,0,0
3.045324700,0,1
3.045328700,1,1
3.045333700,0,1
3.045334700,0,0
3.045338900,1,0
3.045343900,0,0
3.045349100,1,0
3.045354100,0,0
3.045359200,1,0
3.045364300,0,0
3.045369400,1,0
3.045374500,0,0
3.045379600,1,0
3.045384600,0,0
3.045385900,0,1
3.045389800,1,1
3.045394800,0,1
3.045395800,0,0
3.045400000,1,0
3.045405000,0,0
3.045406200,0,1
3.045410200,1,1
3.045415200,0,1
3.045416200,0,0
3.045420400,1,0
3.045425400,0,0
3.045430500,1,0
3.045435600,0,0
3.045440700,1,0
3.045445800,0,0
3.045450900,1,0
3.045455900,0,0
3.045461100,1,0
3.045466100,0,0
3.045466700,0,1
3.045471300,1,1
3.045478300,1,0
3.045484300,0,0
3.045485500,0,1
3.045489400,1,1
3.045494500,0,1
3.045495500,0,0
3.045499600,1,0
3.045504700,0,0
3.045505900,0,1
3.045509800,1,1
3.045514900,0,1
3.045515900,0,0
3.045520000,1,0
3.045525100,0,0
3.045526200,0,1
3.045530200,1,1
3.045535200,0,1
3.045536200,0,0
3.045540400,1,0
3.045545400,0,0
3.045550600,1,0
3.045555600,0,0
3.045556800,0,1
3.045560800,1,1
3.045565800,0,1
3.045566200,0,0
3.045570900,1,0
3.045576000,0,0
3.045581100,1,0
3.045586200,0,0
3.045591300,1,0
3.045596300,0,0
3.045601500,1,0
3.045606500,0,0
3.045611700,1,0
3.045616700,0,0
3.045621900,1,0
3.045626900,0,0
3.045632100,1,0
3.045637100,0,0
3.045642200,1,0
3.045647300,0,0
3.045652400,1,0
3.045657500,0,0
3.045662600,1,0
3.045667600,0,0
3.045670900,0,1
3.045672800,1,1
3.045677800,0,1
3.045678200,0,0
3.045683000,1,0
3.045688000,0,0
3.045693200,1,0
3.045698200,0,0
3.045703400,1,0
3.045708400,0,0
3.045713500,1,0
3.045718600,0,0
3.045723700,1,0
3.045728800,0,0
3.045733900,1,0
3.045738900,0,0
3.045744100,1,0
3.045749100,0,0
3.045754300,1,0
3.045759300,0,0
3.045764500,1,0
3.045769500,0,0
3.045774600,1,0
3.045779700,0,0
3.045784800,1,0
3.045789900,0,0
3.045795000,1,0
3.045800100,0,0
3.045805200,1,0
3.045810200,0,0
3.045815400,1,0
3.045820400,0,0
3.045825600,1,0
3.045830600,0,0
3.045835800,1,0
3.045840800,0,0
3.045845900,1,0
3.045851000,0,0
3.045854200,0,1
3.045856100,1,1
3.045861200,0,1
3.045861600,0,0
3.045866300,1,0
3.045871300,0,0
3.045876500,1,0
3.045881500,0,0
3.045886700,1,0
3.045891700,0,0
3.045896900,1,0
3.045901900,0,0
3.045907100,1,0
3.045912100,0,0
3.045917200,1,0
3.045922300,0,0
3.045927400,1,0
3.045932500,0,0
3.045937600,1,0
3.045942600,0,0
3.045947800,1,0
3.045952800,0,0
3.045958000,1,0
3.045963000,0,0
3.045968200,1,0
3.045973200,0,0
3.045978300,1,0
3.045983400,0,0
3.045988500,1,0
3.045993600,0,0
3.045998700,1,0
3.046003800,0,0
3.046008900,1,0
3.046013900,0,0
3.046019100,1,0
3.046024100,0,0
3.046029300,1,0
3.046034300,0,0
3.046037500,0,1
3.046039500,1,1
3.046044500,0,1
3.046044900,0,0
3.046049600,1,0
3.046054700,0,0
3.046059800,1,0
3.046064900,0,0
3.046070000,1,0
3.046075000,0,0
3.046080200,1,0
3.046085200,0,0
3.046090400,1,0
3.046095400,0,0
3.046100600,1,0
3.046105600,0,0
3.046110800,1,0
3.046115800,0,0
3.046116400,0,1
3.046120900,1,1
3.046126000,0,1
3.046127000,0,0
3.046131100,1,0
3.046137300,1,1
3.144006600,1,0
3.144012600,0,0
3.144013800,0,1
3.144017800,1,1
3.144022800,0,1
3.144023800,0,0
3.144028000,1,0
3.144033000,0,0
3.144034200,0,1
3.144038100,1,1
3.144043200,0,1
3.144044200,0,0
3.144048300,1,0
3.144053400,0,0
3.144054600,0,1
3.144058500,1,1
3.144063600,0,1
3.144064600,0,0
3.144068700,1,0
3.144073700,0,0
3.144078900,1,0
3.144083900,0,0
3.144089100,1,0
3.144094100,0,0
3.144099300,1,0
3.144104300,0,0
3.144109500,1,0
3.144114500,0,0
3.144115700,0,1
3.144119600,1,1
3.144124700,0,1
3.144125700,0,0
3.144129800,1,0
3.144134900,0,0
3.144140000,1,0
3.144145000,0,0
3.144150200,1,0
3.144155200,0,0
3.144160400,1,0
3.144165400,0,0
3.144170600,1,0
3.144175600,0,0
3.144180700,1,0
3.144185800,0,0
3.144190900,1,0
3.144196000,0,0
3.144196600,0,1
3.144201100,1,1
3.144208200,1,0
3.144214200,0,0
3.144215300,0,1
3.144219300,1,1
3.144224300,0,1
3.144225300,0,0
3.144229500,1,0
3.144234500,0,0
3.144235700,0,1
3.144239700,1,1
3.144244700,0,1
3.144245700,0,0
3.144249900,1,0
3.144254900,0,0
3.144256100,0,1
3.144260000,1,1
3.144265100,0,1
3.144266100,0,0
3.144270200,1,0
3.144275300,0,0
3.144280400,1,0
3.144285400,0,0
3.144286700,0,1
3.144290600,1,1
3.144295600,0,1
3.144296100,0,0
3.144300800,1,0
3.144305800,0,0
3.144311000,1,0
3.144316000,0,0
3.144321200,1,0
3.144326200,0,0
3.144331300,1,0
3.144336400,0,0
3.144341500,1,0
3.144346600,0,0
3.144347200,0,1
3.144351700,1,1
3.144356700,0,1
3.144361900,1,1
3.144366900,0,1
3.144372100,1,1
3.144377100,0,1
3.144382300,1,1
3.144387300,0,1
3.144392400,1,1
3.144397500,0,1
3.144398500,0,0
3.144402600,1,0
3.144408800,1,1
3.144466700,1,0
3.144472700,0,0
3.144473800,0,1
3.144477800,1,1
3.144482900,0,1
3.144483900,0,0
3.144488000,1,0
3.144493000,0,0
3.144494200,0,1
3.144498200,1,1
3.144503200,0,1
3.144504200,0,0
3.144508400,1,0
3.144513400,0,0
3.144514600,0,1
3.144518600,1,1
3.144523600,0,1
3.144524600,0,0
3.144528700,1,0
3.144533800,0,0
3.144538900,1,0
3.144544000,0,0
3.144549100,1,0
3.144554200,0,0
3.144559300,1,0
3.144564300,0,0
3.144569500,1,0
3.144574500,0,0
3.144575700,0,1
3.144579700,1,1
3.144584700,0,1
3.144585700,0,0
3.144589900,1,0
3.144594900,0,0
3.144596100,0,1
3.144600000,1,1
3.144605100,0,1
3.144606100,0,0
3.144610200,1,0
3.144615300,0,0
3.144620400,1,0
3.144625400,0,0
3.144630600,1,0
3.144635600,0,0
3.144640800,1,0
3.144645800,0,0
3.144651000,1,0
3.144656000,0,0
3.144656700,0,1
3.144661200,1,1
3.144668200,1,0
3.144674200,0,0
3.144675400,0,1
3.144679300,1,1
3.144684400,0,1
3.144685400,0,0
3.144689500,1,0
3.144694600,0,0
3.144695700,0,1
3.144699700,1,1
3.144704700,0,1
3.144705700,0,0
3.144709900,1,0
3.144714900,0,0
3.144716100,0,1
3.144720100,1,1
3.144725100,0,1
3.144726100,0,0
3.144730300,1,0
3.144735300,0,0
3.144740400,1,0
3.144745500,0,0
3.144746700,0,1
3.144750600,1,1
3.144755700,0,1
3.144756100,0,0
3.144760800,1,0
3.144765900,0,0
3.144771000,1,0
3.144776000,0,0
3.144781200,1,0
3.144786200,0,0
3.144791400,1,0
3.144796400,0,0
3.144801600,1,0
3.144806600,0,0
3.144811700,1,0
3.144816800,0,0
3.144821900,1,0
3.144827000,0,0
3.144832100,1,0
3.144837100,0,0
3.144842300,1,0
3.144847300,0,0
3.144852500,1,0
3.144857500,0,0
3.144860700,0,1
3.144862700,1,1
3.144867700,0,1
3.144868100,0,0
3.144872900,1,0
3.144877900,0,0
3.144883000,1,0
3.144888100,0,0
3.144893200,1,0
3.144898300,0,0
3.144903400,1,0
3.144908400,0,0
3.144913600,1,0
3.144918600,0,0
3.144923800,1,0
3.144928800,0,0
3.144934000,1,0
3.144939000,0,0
3.144944200,1,0
3.144949200,0,0
3.144954300,1,0
3.144959400,0,0
3.144964500,1,0
3.144969600,0,0
3.144974700,1,0
3.144979700,0,0
3.144984900,1,0
3.144989900,0,0
3.144995100,1,0
3.145000100,0,0
3.145005300,1,0
3.145010300,0,0
3.145015400,1,0
3.145020500,0,0
3.145025600,1,0
3.145030700,0,0
3.145035800,1,0
3.145040900,0,0
3.145044100,0,1
3.145046000,1,1
3.145051000,0,1
3.145051500,0,0
3.145056200,1,0
3.145061200,0,0
3.145066400,1,0
3.145071400,0,0
3.145076600,1,0
3.145081600,0,0
3.145086700,1,0
3.145091800,0,0
3.145096900,1,0
3.145102000,0,0
3.145107100,1,0
3.145112100,0,0
3.145117300,1,0
3.145122300,0,0
3.145127500,1,0
3.145132500,0,0
3.145137700,1,0
3.145142700,0,0
3.145147900,1,0
3.145152900,0,0
3.145158000,1,0
3.145163100,0,0
3.145168200,1,0
3.145173300,0,0
3.145178400,1,0
3.145183400,0,0
3.145188600,1,0
3.145193600,0,0
3.145198800,1,0
3.145203800,0,0
3.145209000,1,0
3.145214000,0,0
3.145219200,1,0
3.145224200,0,0
3.145227400,0,1
3.145229300,1,1
3.145234400,0,1
3.145234800,0,0
3.145239500,1,0
3.145244600,0,0
3.145249700,1,0
3.145254700,0,0
3.145259900,1,0
3.145264900,0,0
3.145270100,1,0
3.145275100,0,0
3.145280300,1,0
3.145285300,0,0
3.145290400,1,0
3.145295500,0,0
3.145300600,1,0
3.145305700,0,0
3.145306300,0,1
3.145310800,1,1
3.145315900,0,1
3.145316900,0,0
3.145321000,1,0
3.145327200,1,1
3.242328500,1,0
3.242334500,0,0
3.242335700,0,1
3.242339600,1,1
3.242344700,0,1
3.242345700,0,0
3.242349800,1,0
3.242354900,0,0
3.242356100,0,1
3.242360000,1,1
3.242365100,0,1
3.242366100,0,0
3.242370200,1,0
3.242375300,0,0
3.242376400,0,1
3.242380400,1,1
3.242385400,0,1
3.242386400,0,0
3.242390600,1,0
3.242395600,0,0
3.242400800,1,0
3.242405800,0,0
3.242411000,1,0
3.242416000,0,0
3.242421100,1,0
3.242426200,0,0
3.242431300,1,0
3.242436400,0,0
3.242437600,0,1
3.242441500,1,1
3.242446600,0,1
3.242447600,0,0
3.242451700,1,0
3.242456700,0,0
3.242461900,1,0
3.242466900,0,0
3.242472100,1,0
3.242477100,0,0
3.242482300,1,0
3.242487300,0,0
3.242492400,1,0
3.242497500,0,0
3.242502600,1,0
3.242507700,0,0
3.242512800,1,0
3.242517800,0,0
3.242518500,0,1
3.242523000,1,1
3.242530000,1,0
3.242536000,0,0
3.242537200,0,1
3.242541200,1,1
3.242546200,0,1
3.242547200,0,0
3.242551400,1,0
3.242556400,0,0
3.242557600,0,1
3.242561500,1,1
3.242566600,0,1
3.242567600,0,0
3.242571700,1,0
3.242576800,0,0
3.242578000,0,1
3.242581900,1,1
3.242587000,0,1
3.242588000,0,0
3.242592100,1,0
3.242597100,0,0
3.242602300,1,0
3.242607300,0,0
3.242608500,0,1
3.242612500,1,1
3.242617500,0,1
3.242618000,0,0
3.242622700,1,0
3.242627700,0,0
3.242632900,1,0
3.242637900,0,0
3.242643000,1,0
3.242648100,0,0
3.242653200,1,0
3.242658300,0,0
3.242663400,1,0
3.242668400,0,0
3.242669100,0,1
3.242673600,1,1
3.242678600,0,1
3.242683800,1,1
3.242688800,0,1
3.242694000,1,1
3.242699000,0,1
3.242704100,1,1
3.242709200,0,1
3.242714300,1,1
3.242719400,0,1
3.242720400,0,0
3.242724500,1,0
3.242730700,1,1
3.242796600,1,0
3.242802600,0,0
3.242803700,0,1
3.242807700,1,1
3.242812700,0,1
3.242813700,0,0
3.242817900,1,0
3.242822900,0,0
3.242824100,0,1
3.242828100,1,1
3.242833100,0,1
3.242834100,0,0
3.242838300,1,0
3.242843300,0,0
3.242844500,0,1
3.242848400,1,1
3.242853500,0,1
3.242854500,0,0
3.242858600,1,0
3.242863700,0,0
3.242868800,1,0
3.242873800,0,0
3.242879000,1,0
3.242884000,0,0
3.242889200,1,0
3.242894200,0,0
3.242899400,1,0
3.242904400,0,0
3.242905600,0,1
3.242909600,1,1
3.242914600,0,1
3.242915600,0,0
3.242919700,1,0
3.242924800,0,0
3.242926000,0,1
3.242929900,1,1
3.242935000,0,1
3.242936000,0,0
3.242940100,1,0
3.242945100,0,0
3.242950300,1,0
3.242955300,0,0
3.242960500,1,0
3.242965500,0,0
3.242970700,1,0
3.242975700,0,0
3.242980800,1,0
3.242985900,0,0
3.242986500,0,1
3.242991000,1,1
3.242998100,1,0
3.243004100,0,0
3.243005200,0,1
3.243009200,1,1
3.243014300,0,1
3.243015300,0,0
3.243019400,1,0
3.243024400,0,0
3.243025600,0,1
3.243029600,1,1
3.243034600,0,1
3.243035600,0,0
3.243039800,1,0
3.243044800,0,0
3.243046000,0,1
3.243050000,1,1
3.243055000,0,1
3.243056000,0,0
3.243060100,1,0
3.243065200,0,0
3.243070300,1,0
3.243075400,0,0
3.243076600,0,1
3.243080500,1,1
3.243085500,0,1
3.243086000,0,0
3.243090700,1,0
3.243095700,0,0
3.243100900,1,0
3.243105900,0,0
3.243111100,1,0
3.243116100,0,0
3.243121300,1,0
3.243126300,0,0
3.243131400,1,0
3.243136500,0,0
3.243141600,1,0
3.243146700,0,0
3.243151800,1,0
3.243156800,0,0
3.243162000,1,0
3.243167000,0,0
3.243172200,1,0
3.243177200,0,0
3.243182400,1,0
3.243187400,0,0
3.243190600,0,1
3.243192500,1,1
3.243197600,0,1
3.243198000,0,0
3.243202700,1,0
3.243207800,0,0
3.243212900,1,0
3.243218000,0,0
3.243223100,1,0
3.243228100,0,0
3.243233300,1,0
3.243238300,0,0
3.243243500,1,0
3.243248500,0,0
3.243253700,1,0
3.243258700,0,0
3.243263800,1,0
3.243268900,0,0
3.243274000,1,0
3.243279100,0,0
3.243284200,1,0
3.243289300,0,0
3.243294400,1,0
3.243299400,0,0
3.243304600,1,0
3.243309600,0,0
3.243314800,1,0
3.243319800,0,0
3.243325000,1,0
3.243330000,0,0
3.243335100,1,0
3.243340200,0,0
3.243345300,1,0
3.243350400,0,0
3.243355500,1,0
3.243360500,0,0
3.243365700,1,0
3.243370700,0,0
3.243373900,0,1
3.243375900,1,1
3.243380900,0,1
3.243381300,0,0
3.243386100,1,0
3.243391100,0,0
3.243396300,1,0
3.243401300,0,0
3.243406400,1,0
3.243411500,0,0
3.243416600,1,0
3.243421700,0,0
3.243426800,1,0
3.243431800,0,0
3.243437000,1,0
3.243442000,0,0
3.243447200,1,0
3.243452200,0,0
3.243457400,1,0
3.243462400,0,0
3.243467500,1,0
3.243472600,0,0
3.243477700,1,0
3.243482800,0,0
3.243487900,1,0
3.243493000,0,0
3.243498100,1,0
3.243503100,0,0
3.243508300,1,0
3.243513300,0,0
3.243518500,1,0
3.243523500,0,0
3.243528700,1,0
3.243533700,0,0
3.243538800,1,0
3.243543900,0,0
3.243549000,1,0
3.243554100,0,0
3.243557300,0,1
3.243559200,1,1
3.243564200,0,1
3.243564700,0,0
3.243569400,1,0
3.243574400,0,0
3.243579600,1,0
3.243584600,0,0
3.243589800,1,0
3.243594800,0,0
3.243600000,1,0
3.243605000,0,0
3.243610100,1,0
3.243615200,0,0
3.243620300,1,0
3.243625400,0,0
3.243630500,1,0
3.243635500,0,0
3.243636200,0,1
3.243640700,1,1
3.243645700,0,1
3.243646700,0,0
3.243650900,1,0
3.243657100,1,1
3.340505400,1,0
3.340511400,0,0
3.340512500,0,1
3.340516500,1,1
3.340521600,0,1
3.340522600,0,0
3.340526700,1,0
3.340531800,0,0
3.340532900,0,1
3.340536900,1,1
3.340542000,0,1
3.340543000,0,0
3.340547100,1,0
3.340552100,0,0
3.340553300,0,1
3.340557300,1,1
3.340562300,0,1
3.340563300,0,0
3.340567500,1,0
3.340572500,0,0
3.340577700,1,0
3.340582700,0,0
3.340587800,1,0
3.340592900,0,0
3.340598000,1,0
3.340603100,0,0
3.340608200,1,0
3.340613200,0,0
3.340614500,0,1
3.340618400,1,1
3.340623400,0,1
3.340624400,0,0
3.340628600,1,0
3.340633600,0,0
3.340638800,1,0
3.340643800,0,0
3.340649000,1,0
3.340654000,0,0
3.340659100,1,0
3.340664200,0,0
3.340669300,1,0
3.340674400,0,0
3.340679500,1,0
3.340684500,0,0
3.340689700,1,0
3.340694700,0,0
3.340695300,0,1
3.340699900,1,1
3.340706900,1,0
3.340712900,0,0
3.340714100,0,1
3.340718000,1,1
3.340723100,0,1
3.340724100,0,0
3.340728200,1,0
3.340733300,0,0
3.340734500,0,1
3.340738400,1,1
3.340743500,0,1
3.340744500,0,0
3.340748600,1,0
3.340753700,0,0
3.340754800,0,1
3.340758800,1,1
3.340763800,0,1
3.340764800,0,0
3.340769000,1,0
3.340774000,0,0
3.340779200,1,0
3.340784200,0,0
3.340785400,0,1
3.340789400,1,1
3.340794400,0,1
3.340794800,0,0
3.340799500,1,0
3.340804600,0,0
3.340809700,1,0
3.340814800,0,0
3.340819900,1,0
3.340824900,0,0
3.340830100,1,0
3.340835100,0,0
3.340840300,1,0
3.340845300,0,0
3.340845900,0,1
3.340850500,1,1
3.340855500,0,1
3.340860700,1,1
3.340865700,0,1
3.340870800,1,1
3.340875900,0,1
3.340881000,1,1
3.340886100,0,1
3.340891200,1,1
3.340896200,0,1
3.340897200,0,0
3.340901400,1,0
3.340907600,1,1
3.340966400,1,0
3.340972400,0,0
3.340973600,0,1
3.340977600,1,1
3.340982600,0,1
3.340983600,0,0
3.340987800,1,0
3.340992800,0,0
3.340994000,0,1
3.340997900,1,1
3.341003000,0,1
3.341004000,0,0
3.341008100,1,0
3.341013200,0,0
3.341014400,0,1
3.341018300,1,1
3.341023400,0,1
3.341024400,0,0
3.341028500,1,0
3.341033500,0,0
3.341038700,1,0
3.341043700,0,0
3.341048900,1,0
3.341053900,0,0
3.341059100,1,0
3.341064100,0,0
3.341069200,1,0
3.341074300,0,0
3.341075500,0,1
3.341079400,1,1
3.341084500,0,1
3.341085500,0,0
3.341089600,1,0
3.341094700,0,0
3.341095800,0,1
3.341099800,1,1
3.341104800,0,1
3.341105800,0,0
3.341110000,1,0
3.341115000,0,0
3.341120200,1,0
3.341125200,0,0
3.341130400,1,0
3.341135400,0,0
3.341140500,1,0
3.341145600,0,0
3.341150700,1,0
3.341155800,0,0
3.341156400,0,1
3.341160900,1,1
3.341167900,1,0
3.341173900,0,0
3.341175100,0,1
3.341179100,1,1
3.341184100,0,1
3.341185100,0,0
3.341189300,1,0
3.341194300,0,0
3.341195500,0,1
3.341199500,1,1
3.341204500,0,1
3.341205500,0,0
3.341209700,1,0
3.341214700,0,0
3.341215900,0,1
3.341219800,1,1
3.341224900,0,1
3.341225900,0,0
3.341230000,1,0
3.341235100,0,0
3.341240200,1,0
3.341245200,0,0
3.341246400,0,1
3.341250400,1,1
3.341255400,0,1
3.341255800,0,0
3.341260600,1,0
3.341265600,0,0
3.341270800,1,0
3.341275800,0,0
3.341281000,1,0
3.341286000,0,0
3.341291100,1,0
3.341296200,0,0
3.341301300,1,0
3.341306400,0,0
3.341311500,1,0
3.341316500,0,0
3.341321700,1,0
3.341326700,0,0
3.341331900,1,0
3.341336900,0,0
3.341342100,1,0
3.341347100,0,0
3.341352200,1,0
3.341357300,0,0
3.341360500,0,1
3.341362400,1,1
3.341367500,0,1
3.341367900,0,0
3.341372600,1,0
3.341377700,0,0
3.341382800,1,0
3.341387800,0,0
3.341393000,1,0
3.341398000,0,0
3.341403200,1,0
3.341408200,0,0
3.341413400,1,0
3.341418400,0,0
3.341423500,1,0
3.341428600,0,0
3.341433700,1,0
3.341438800,0,0
3.341443900,1,0
3.341448900,0,0
3.341454100,1,0
3.341459100,0,0
3.341464300,1,0
3.341469300,0,0
3.341474500,1,0
3.341479500,0,0
3.341484700,1,0
3.341489700,0,0
3.341494800,1,0
3.341499900,0,0
3.341505000,1,0
3.341510100,0,0
3.341515200,1,0
3.341520200,0,0
3.341525400,1,0
3.341530400,0,0
3.341535600,1,0
3.341540600,0,0
3.341543800,0,1
3.341545800,1,1
3.341550800,0,1
3.341551200,0,0
3.341555900,1,0
3.341561000,0,0
3.341566100,1,0
3.341571200,0,0
3.341576300,1,0
3.341581400,0,0
3.341586500,1,0
3.341591500,0,0
3.341596700,1,0
3.341601700,0,0
3.341606900,1,0
3.341611900,0,0
3.341617100,1,0
3.341622100,0,0
3.341627200,1,0
3.341632300,0,0
3.341637400,1,0
3.341642500,0,0
3.341647600,1,0
3.341652600,0,0
3.341657800,1,0
3.341662800,0,0
3.341668000,1,0
3.341673000,0,0
3.341678200,1,0
3.341683200,0,0
3.341688400,1,0
3.341693400,0,0
3.341698500,1,0
3.341703600,0,0
3.341708700,1,0
3.341713800,0,0
3.341718900,1,0
3.341723900,0,0
3.341727200,0,1
3.341729100,1,1
3.341734100,0,1
3.341734500,0,0
3.341739300,1,0
3.341744300,0,0
3.341749500,1,0
3.341754500,0,0
3.341759700,1,0
3.341764700,0,0
3.341769800,1,0
3.341774900,0,0
3.341780000,1,0
3.341785100,0,0
3.341790200,1,0
3.341795200,0,0
3.341800400,1,0
3.341805400,0,0
3.341806000,0,1
3.341810600,1,1
3.341815600,0,1
3.341816600,0,0
3.341820800,1,0
3.341827000,1,1
3.439720300,1,0
3.439726300,0,0
3.439727400,0,1
3.439731400,1,1
3.439736500,0,1
3.439737500,0,0
3.439741600,1,0
3.439746600,0,0
3.439747800,0,1
3.439751800,1,1
3.439756800,0,1
3.439757800,0,0
3.439762000,1,0
3.439767000,0,0
3.439768200,0,1
3.439772200,1,1
3.439777200,0,1
3.439778200,0,0
3.439782300,1,0
3.439787400,0,0
3.439792500,1,0
3.439797600,0,0
3.439802700,1,0
3.439807800,0,0
3.439812900,1,0
3.439817900,0,0
3.439823100,1,0
3.439828100,0,0
3.439829300,0,1
3.439833300,1,1
3.439838300,0,1
3.439839300,0,0
3.439843500,1,0
3.439848500,0,0
3.439853600,1,0
3.439858700,0,0
3.439863800,1,0
3.439868900,0,0
3.439874000,1,0
3.439879000,0,0
3.439884200,1,0
3.439889200,0,0
3.439894400,1,0
3.439899400,0,0
3.439904600,1,0
3.439909600,0,0
3.439910200,0,1
3.439914800,1,1
3.439921800,1,0
3.439927800,0,0
3.439929000,0,1
3.439932900,1,1
3.439938000,0,1
3.439939000,0,0
3.439943100,1,0
3.439948200,0,0
3.439949300,0,1
3.439953300,1,1
3.439958300,0,1
3.439959300,0,0
3.439963500,1,0
3.439968500,0,0
3.439969700,0,1
3.439973700,1,1
3.439978700,0,1
3.439979700,0,0
3.439983900,1,0
3.439988900,0,0
3.439994000,1,0
3.439999100,0,0
3.440000300,0,1
3.440004200,1,1
3.440009300,0,1
3.440009700,0,0
3.440014400,1,0
3.440019500,0,0
3.440024600,1,0
3.440029600,0,0
3.440034800,1,0
3.440039800,0,0
3.440045000,1,0
3.440050000,0,0
3.440055200,1,0
3.440060200,0,0
3.440060800,0,1
3.440065300,1,1
3.440070400,0,1
3.440075500,1,1
3.440080600,0,1
3.440085700,1,1
3.440090700,0,1
3.440095900,1,1
3.440100900,0,1
3.440106100,1,1
3.440111100,0,1
3.440112100,0,0
3.440116300,1,0
3.440122500,1,1
3.440181300,1,0
3.440187300,0,0
3.440188500,0,1
3.440192400,1,1
3.440197500,0,1
3.440198500,0,0
3.440202600,1,0
3.440207700,0,0
3.440208900,0,1
3.440212800,1,1
3.440217900,0,1
3.440218900,0,0
3.440223000,1,0
3.440228000,0,0
3.440229200,0,1
3.440233200,1,1
3.440238200,0,1
3.440239200,0,0
3.440243400,1,0
3.440248400,0,0
3.440253600,1,0
3.440258600,0,0
3.440263800,1,0
3.440268800,0,0
3.440273900,1,0
3.440279000,0,0
3.440284100,1,0
3.440289200,0,0
3.440290400,0,1
3.440294300,1,1
3.440299300,0,1
3.440300300,0,0
3.440304500,1,0
3.440309500,0,0
3.440310700,0,1
3.440314700,1,1
3.440319700,0,1
3.440320700,0,0
3.440324900,1,0
3.440329900,0,0
3.440335000,1,0
3.440340100,0,0
3.440345200,1,0
3.440350300,0,0
3.440355400,1,0
3.440360500,0,0
3.440365600,1,0
3.440370600,0,0
3.440371300,0,1
3.440375800,1,1
3.440382800,1,0
3.440388800,0,0
3.440390000,0,1
3.440394000,1,1
3.440399000,0,1
3.440400000,0,0
3.440404200,1,0
3.440409200,0,0
3.440410400,0,1
3.440414300,1,1
3.440419400,0,1
3.440420400,0,0
3.440424500,1,0
3.440429600,0,0
3.440430700,0,1
3.440434700,1,1
3.440439700,0,1
3.440440700,0,0
3.440444900,1,0
3.440449900,0,0
3.440455100,1,0
3.440460100,0,0
3.440461300,0,1
3.440465300,1,1
3.440470300,0,1
3.440470700,0,0
3.440475500,1,0
3.440480500,0,0
3.440485600,1,0
3.440490700,0,0
3.440495800,1,0
3.440500900,0,0
3.440506000,1,0
3.440511000,0,0
3.440516200,1,0
3.440521200,0,0
3.440526400,1,0
3.440531400,0,0
3.440536600,1,0
3.440541600,0,0
3.440546700,1,0
3.440551800,0,0
3.440556900,1,0
3.440562000,0,0
3.440567100,1,0
3.440572200,0,0
3.440575400,0,1
3.440577300,1,1
3.440582300,0,1
3.440582800,0,0
3.440587500,1,0
3.440592500,0,0
3.440597700,1,0
3.440602700,0,0
3.440607900,1,0
3.440612900,0,0
3.440618000,1,0
3.440623100,0,0
3.440628200,1,0
3.440633300,0,0
3.440638400,1,0
3.440643500,0,0
3.440648600,1,0
3.440653600,0,0
3.440658800,1,0
3.440663800,0,0
3.440669000,1,0
3.440674000,0,0
3.440679200,1,0
3.440684200,0,0
3.440689300,1,0
3.440694400,0,0
3.440699500,1,0
3.440704600,0,0
3.440709700,1,0
3.440714700,0,0
3.440719900,1,0
3.440724900,0,0
3.440730100,1,0
3.440735100,0,0
3.440740300,1,0
3.440745300,0,0
3.440750500,1,0
3.440755500,0,0
3.440758700,0,1
3.440760600,1,1
3.440765700,0,1
3.440766100,0,0
3.440770800,1,0
3.440775900,0,0
3.440781000,1,0
3.440786000,0,0
3.440791200,1,0
3.440796200,0,0
3.440801400,1,0
3.440806400,0,0
3.440811600,1,0
3.440816600,0,0
3.440821700,1,0
3.440826800,0,0
3.440831900,1,0
3.440837000,0,0
3.440842100,1,0
3.440847200,0,0
3.440852300,1,0
3.440857300,0,0
3.440862500,1,0
3.440867500,0,0
3.440872700,1,0
3.440877700,0,0
3.440882900,1,0
3.440887900,0,0
3.440893000,1,0
3.440898100,0,0
3.440903200,1,0
3.440908300,0,0
3.440913400,1,0
3.440918400,0,0
3.440923600,1,0
3.440928600,0,0
3.440933800,1,0
3.440938800,0,0
3.440942000,0,1
3.440944000,1,1
3.440949000,0,1
3.440949400,0,0
3.440954200,1,0
3.440959200,0,0
3.440964300,1,0
3.440969400,0,0
3.440974500,1,0
3.440979600,0,0
3.440984700,1,0
3.440989700,0,0
3.440994900,1,0
3.440999900,0,0
3.441005100,1,0
3.441010100,0,0
3.441015300,1,0
3.441020300,0,0
3.441020900,0,1
3.441025400,1,1
3.441030500,0,1
3.441031500,0,0
3.441035600,1,0
3.441041900,1,1
3.538035100,1,0
3.538041200,0,0
3.538042300,0,1
3.538046300,1,1
3.538051300,0,1
3.538052300,0,0
3.538056500,1,0
3.538061500,0,0
3.538062700,0,1
3.538066700,1,1
3.538071700,0,1
3.538072700,0,0
3.538076900,1,0
3.538081900,0,0
3.538083100,0,1
3.538087000,1,1
3.538092100,0,1
3.538093100,0,0
3.538097200,1,0
3.538102300,0,0
3.538107400,1,0
3.538112400,0,0
3.538117600,1,0
3.538122600,0,0
3.538127800,1,0
3.538132800,0,0
3.538138000,1,0
3.538143000,0,0
3.538144200,0,1
3.538148200,1,1
3.538153200,0,1
3.538154200,0,0
3.538158300,1,0
3.538163400,0,0
3.538168500,1,0
3.538173600,0,0
3.538178700,1,0
3.538183700,0,0
3.538188900,1,0
3.538193900,0,0
3.538199100,1,0
3.538204100,0,0
3.538209300,1,0
3.538214300,0,0
3.538219400,1,0
3.538224500,0,0
3.538225100,0,1
3.538229600,1,1
3.538236700,1,0
3.538242700,0,0
3.538243800,0,1
3.538247800,1,1
3.538252900,0,1
3.538253900,0,0
3.538258000,1,0
3.538263000,0,0
3.538264200,0,1
3.538268200,1,1
3.538273200,0,1
3.538274200,0,0
3.538278400,1,0
3.538283400,0,0
3.538284600,0,1
3.538288600,1,1
3.538293600,0,1
3.538294600,0,0
3.538298700,1,0
3.538303800,0,0
3.538308900,1,0
3.538314000,0,0
3.538315200,0,1
3.538319100,1,1
3.538324100,0,1
3.538324500,0,0
3.538329300,1,0
3.538334300,0,0
3.538339500,1,0
3.538344500,0,0
3.538349700,1,0
3.538354700,0,0
3.538359900,1,0
3.538364900,0,0
3.538370000,1,0
3.538375100,0,0
3.538375700,0,1
3.538380200,1,1
3.538385300,0,1
3.538390400,1,1
3.538395400,0,1
3.538400600,1,1
3.538405600,0,1
3.538410800,1,1
3.538415800,0,1
3.538421000,1,1
3.538426000,0,1
3.538427000,0,0
3.538431100,1,0
3.538437400,1,1
3.538495200,1,0
3.538501200,0,0
3.538502300,0,1
3.538506300,1,1
3.538511400,0,1
3.538512400,0,0
3.538516500,1,0
3.538521600,0,0
3.538522700,0,1
3.538526700,1,1
3.538531700,0,1
3.538532700,0,0
3.538536900,1,0
3.538541900,0,0
3.538543100,0,1
3.538547100,1,1
3.538552100,0,1
3.538553100,0,0
3.538557300,1,0
3.538562300,0,0
3.538567400,1,0
3.538572500,0,0
3.538577600,1,0
3.538582700,0,0
3.538587800,1,0
3.538592800,0,0
3.538598000,1,0
3.538603000,0,0
3.538604200,0,1
3.538608200,1,1
3.538613200,0,1
3.538614200,0,0
3.538618400,1,0
3.538623400,0,0
3.538624600,0,1
3.538628600,1,1
3.538633600,0,1
3.538634600,0,0
3.538638700,1,0
3.538643800,0,0
3.538648900,1,0
3.538654000,0,0
3.538659100,1,0
3.538664100,0,0
3.538669300,1,0
3.538674300,0,0
3.538679500,1,0
3.538684500,0,0
3.538685100,0,1
3.538689700,1,1
3.538696700,1,0
3.538702700,0,0
3.538703900,0,1
3.538707800,1,1
3.538712900,0,1
3.538713900,0,0
3.538718000,1,0
3.538723100,0,0
3.538724300,0,1
3.538728200,1,1
3.538733300,0,1
3.538734300,0,0
3.538738400,1,0
3.538743400,0,0
3.538744600,0,1
3.538748600,1,1
3.538753600,0,1
3.538754600,0,0
3.538758800,1,0
3.538763800,0,0
3.538769000,1,0
3.538774000,0,0
3.538775200,0,1
3.538779100,1,1
3.538784200,0,1
3.538784600,0,0
3.538789300,1,0
3.538794400,0,0
3.538799500,1,0
3.538804600,0,0
3.538809700,1,0
3.538814700,0,0
3.538819900,1,0
3.538824900,0,0
3.538830100,1,0
3.538835100,0,0
3.538840300,1,0
3.538845300,0,0
3.538850400,1,0
3.538855500,0,0
3.538860600,1,0
3.538865700,0,0
3.538870800,1,0
3.538875800,0,0
3.538881000,1,0
3.538886000,0,0
3.538889200,0,1
3.538891200,1,1
3.538896200,0,1
3.538896600,0,0
3.538901400,1,0
3.538906400,0,0
3.538911600,1,0
3.538916600,0,0
3.538921700,1,0
3.538926800,0,0
3.538931900,1,0
3.538937000,0,0
3.538942100,1,0
3.538947100,0,0
3.538952300,1,0
3.538957300,0,0
3.538962500,1,0
3.538967500,0,0
3.538972700,1,0
3.538977700,0,0
3.538982900,1,0
3.538987900,0,0
3.538993000,1,0
3.538998100,0,0
3.539003200,1,0
3.539008300,0,0
3.539013400,1,0
3.539018400,0,0
3.539023600,1,0
3.539028600,0,0
3.539033800,1,0
3.539038800,0,0
3.539044000,1,0
3.539049000,0,0
3.539054100,1,0
3.539059200,0,0
3.539064300,1,0
3.539069400,0,0
3.539072600,0,1
3.539074500,1,1
3.539079600,0,1
3.539080000,0,0
3.539084700,1,0
3.539089700,0,0
3.539094900,1,0
3.539099900,0,0
3.539105100,1,0
3.539110100,0,0
3.539115300,1,0
3.539120300,0,0
3.539125400,1,0
3.539130500,0,0
3.539135600,1,0
3.539140700,0,0
3.539145800,1,0
3.539150800,0,0
3.539156000,1,0
3.539161000,0,0
3.539166200,1,0
3.539171200,0,0
3.539176400,1,0
3.539181400,0,0
3.539186600,1,0
3.539191600,0,0
3.539196700,1,0
3.539201800,0,0
3.539206900,1,0
3.539212000,0,0
3.539217100,1,0
3.539222100,0,0
3.539227300,1,0
3.539232300,0,0
3.539237500,1,0
3.539242500,0,0
3.539247700,1,0
3.539252700,0,0
3.539255900,0,1
3.539257800,1,1
3.539262900,0,1
3.539263300,0,0
3.539268000,1,0
3.539273100,0,0
3.539278200,1,0
3.539283300,0,0
3.539288400,1,0
3.539293400,0,0
3.539298600,1,0
3.539303600,0,0
3.539308800,1,0
3.539313800,0,0
3.539319000,1,0
3.539324000,0,0
3.539329100,1,0
3.539334200,0,0
3.539334800,0,1
3.539339300,1,1
3.539344400,0,1
3.539345400,0,0
3.539349500,1,0
3.539355700,1,1
3.636357000,1,0
3.636363000,0,0
3.636364200,0,1
3.636368100,1,1
3.636373200,0,1
3.636374200,0,0
3.636378400,1,0
3.636383400,0,0
3.636384600,0,1
3.636388500,1,1
3.636393600,0,1
3.636394600,0,0
3.636398700,1,0
3.636403800,0,0
3.636405000,0,1
3.636408900,1,1
3.636414000,0,1
3.636415000,0,0
3.636419100,1,0
3.636424100,0,0
3.636429300,1,0
3.636434300,0,0
3.636439500,1,0
3.636444500,0,0
3.636449700,1,0
3.636454700,0,0
3.636459800,1,0
3.636464900,0,0
3.636466100,0,1
3.636470000,1,1
3.636475100,0,1
3.636476100,0,0
3.636480200,1,0
3.636485200,0,0
3.636490400,1,0
3.636495400,0,0
3.636500600,1,0
3.636505600,0,0
3.636510800,1,0
3.636515800,0,0
3.636521000,1,0
3.636526000,0,0
3.636531100,1,0
3.636536200,0,0
3.636541300,1,0
3.636546400,0,0
3.636547000,0,1
3.636551500,1,1
3.636558500,1,0
3.636564500,0,0
3.636565700,0,1
3.636569700,1,1
3.636574700,0,1
3.636575700,0,0
3.636579900,1,0
3.636584900,0,0
3.636586100,0,1
3.636590100,1,1
3.636595100,0,1
3.636596100,0,0
3.636600200,1,0
3.636605300,0,0
3.636606500,0,1
3.636610400,1,1
3.636615500,0,1
3.636616500,0,0
3.636620600,1,0
3.636625700,0,0
3.636630800,1,0
3.636635800,0,0
3.636637000,0,1
3.636641000,1,1
3.636646000,0,1
3.636646400,0,0
3.636651200,1,0
3.636656200,0,0
3.636661400,1,0
3.636666400,0,0
3.636671500,1,0
3.636676600,0,0
3.636681700,1,0
3.636686800,0,0
3.636691900,1,0
3.636697000,0,0
3.636697600,0,1
3.636702100,1,1
3.636707100,0,1
3.636712300,1,1
3.636717300,0,1
3.636722500,1,1
3.636727500,0,1
3.636732700,1,1
3.636737700,0,1
3.636742800,1,1
3.636747900,0,1
3.636748900,0,0
3.636753000,1,0
3.636759200,1,1
3.636826100,1,0
3.636832100,0,0
3.636833200,0,1
3.636837200,1,1
3.636842200,0,1
3.636843200,0,0
3.636847400,1,0
3.636852400,0,0
3.636853600,0,1
3.636857600,1,1
3.636862600,0,1
3.636863600,0,0
3.636867800,1,0
3.636872800,0,0
3.636874000,0,1
3.636878000,1,1
3.636883000,0,1
3.636884000,0,0
3.636888100,1,0
3.636893200,0,0
3.636898300,1,0
3.636903400,0,0
3.636908500,1,0
3.636913500,0,0
3.636918700,1,0
3.636923700,0,0
3.636928900,1,0
3.636933900,0,0
3.636935100,0,1
3.636939100,1,1
3.636944100,0,1
3.636945100,0,0
3.636949200,1,0
3.636954300,0,0
3.636955500,0,1
3.636959400,1,1
3.636964500,0,1
3.636965500,0,0
3.636969600,1,0
3.636974700,0,0
3.636979800,1,0
3.636984800,0,0
3.636990000,1,0
3.636995000,0,0
3.637000200,1,0
3.637005200,0,0
3.637010400,1,0
3.637015400,0,0
3.637016000,0,1
3.637020500,1,1
3.637027600,1,0
3.637033600,0,0
3.637034800,0,1
3.637038700,1,1
3.637043800,0,1
3.637044800,0,0
3.637048900,1,0
3.637053900,0,0
3.637055100,0,1
3.637059100,1,1
3.637064100,0,1
3.637065100,0,0
3.637069300,1,0
3.637074300,0,0
3.637075500,0,1
3.637079500,1,1
3.637084500,0,1
3.637085500,0,0
3.637089700,1,0
3.637094700,0,0
3.637099800,1,0
3.637104900,0,0
3.637106100,0,1
3.637110000,1,1
3.637115100,0,1
3.637115500,0,0
3.637120200,1,0
3.637125200,0,0
3.637130400,1,0
3.637135400,0,0
3.637140600,1,0
3.637145600,0,0
3.637150800,1,0
3.637155800,0,0
3.637161000,1,0
3.637166000,0,0
3.637171100,1,0
3.637176200,0,0
3.637181300,1,0
3.637186400,0,0
3.637191500,1,0
3.637196500,0,0
3.637201700,1,0
3.637206700,0,0
3.637211900,1,0
3.637216900,0,0
3.637220100,0,1
3.637222100,1,1
3.637227100,0,1
3.637227500,0,0
3.637232200,1,0
3.637237300,0,0
3.637242400,1,0
3.637247500,0,0
3.637252600,1,0
3.637257700,0,0
3.637262800,1,0
3.637267800,0,0
3.637273000,1,0
3.637278000,0,0
3.637283200,1,0
3.637288200,0,0
3.637293400,1,0
3.637298400,0,0
3.637303500,1,0
3.637308600,0,0
3.637313700,1,0
3.637318800,0,0
3.637323900,1,0
3.637328900,0,0
3.637334100,1,0
3.637339100,0,0
3.637344300,1,0
3.637349300,0,0
3.637354500,1,0
3.637359500,0,0
3.637364700,1,0
3.637369700,0,0
3.637374800,1,0
3.637379900,0,0
3.637385000,1,0
3.637390100,0,0
3.637395200,1,0
3.637400200,0,0
3.637403500,0,1
3.637405400,1,1
3.637410400,0,1
3.637410900,0,0
3.637415600,1,0
3.637420600,0,0
3.637425800,1,0
3.637430800,0,0
3.637436000,1,0
3.637441000,0,0
3.637446100,1,0
3.637451200,0,0
3.637456300,1,0
3.637461400,0,0
3.637466500,1,0
3.637471500,0,0
3.637476700,1,0
3.637481700,0,0
3.637486900,1,0
3.637491900,0,0
3.637497100,1,0
3.637502100,0,0
3.637507200,1,0
3.637512300,0,0
3.637517400,1,0
3.637522500,0,0
3.637527600,1,0
3.637532700,0,0
3.637537800,1,0
3.637542800,0,0
3.637548000,1,0
3.637553000,0,0
3.637558200,1,0
3.637563200,0,0
3.637568400,1,0
3.637573400,0,0
3.637578500,1,0
3.637583600,0,0
3.637586800,0,1
3.637588700,1,1
3.637593800,0,1
3.637594200,0,0
3.637598900,1,0
3.637603900,0,0
3.637609100,1,0
3.637614100,0,0
3.637619300,1,0
3.637624300,0,0
3.637629500,1,0
3.637634500,0,0
3.637639700,1,0
3.637644700,0,0
3.637649800,1,0
3.637654900,0,0
3.637660000,1,0
3.637665100,0,0
3.637665600,0,1
3.637670200,1,1
3.637675200,0,1
3.637676200,0,0
3.637680400,1,0
3.637686600,1,1
3.735537900,1,0
3.735543900,0,0
3.735545100,0,1
3.735549000,1,1
3.735554100,0,1
3.735555100,0,0
3.735559200,1,0
3.735564300,0,0
3.735565400,0,1
3.735569400,1,1
3.735574500,0,1
3.735575500,0,0
3.735579600,1,0
3.735584600,0,0
3.735585800,0,1
3.735589800,1,1
3.735594800,0,1
3.735595800,0,0
3.735600000,1,0
3.735605000,0,0
3.735610200,1,0
3.735615200,0,0
3.735620300,1,0
3.735625400,0,0
3.735630500,1,0
3.735635600,0,0
3.735640700,1,0
3.735645800,0,0
3.735647000,0,1
3.735650900,1,1
3.735655900,0,1
3.735656900,0,0
3.735661100,1,0
3.735666100,0,0
3.735671300,1,0
3.735676300,0,0
3.735681500,1,0
3.735686500,0,0
3.735691600,1,0
3.735696700,0,0
3.735701800,1,0
3.735706900,0,0
3.735712000,1,0
3.735717000,0,0
3.735722200,1,0
3.735727200,0,0
3.735727900,0,1
3.735732400,1,1
3.735739400,1,0
3.735745400,0,0
3.735746600,0,1
3.735750600,1,1
3.735755600,0,1
3.735756600,0,0
3.735760700,1,0
3.735765800,0,0
3.735767000,0,1
3.735770900,1,1
3.735776000,0,1
3.735777000,0,0
3.735781100,1,0
3.735786200,0,0
3.735787300,0,1
3.735791300,1,1
3.735796300,0,1
3.735797300,0,0
3.735801500,1,0
3.735806500,0,0
3.735811700,1,0
3.735816700,0,0
3.735817900,0,1
3.735821900,1,1
3.735826900,0,1
3.735827300,0,0
3.735832000,1,0
3.735837100,0,0
3.735842200,1,0
3.735847300,0,0
3.735852400,1,0
3.735857500,0,0
3.735862600,1,0
3.735867600,0,0
3.735872800,1,0
3.735877800,0,0
3.735878500,0,1
3.735883000,1,1
3.735888000,0,1
3.735893200,1,1
3.735898200,0,1
3.735903300,1,1
3.735908400,0,1
3.735913500,1,1
3.735918600,0,1
3.735923700,1,1
3.735928700,0,1
3.735929800,0,0
3.735933900,1,0
3.735940100,1,1
3.736006900,1,0
3.736012900,0,0
3.736014100,0,1
3.736018100,1,1
3.736023100,0,1
3.736024100,0,0
3.736028300,1,0
3.736033300,0,0
3.736034500,0,1
3.736038400,1,1
3.736043500,0,1
3.736044500,0,0
3.736048600,1,0
3.736053700,0,0
3.736054900,0,1
3.736058800,1,1
3.736063900,0,1
3.736064900,0,0
3.736069000,1,0
3.736074000,0,0
3.736079200,1,0
3.736084200,0,0
3.736089400,1,0
3.736094400,0,0
3.736099600,1,0
3.736104600,0,0
3.736109800,1,0
3.736114800,0,0
3.736116000,0,1
3.736119900,1,1
3.736125000,0,1
3.736126000,0,0
3.736130100,1,0
3.736135200,0,0
3.736136300,0,1
3.736140300,1,1
3.736145300,0,1
3.736146300,0,0
3.736150500,1,0
3.736155500,0,0
3.736160700,1,0
3.736165700,0,0
3.736170900,1,0
3.736175900,0,0
3.736181000,1,0
3.736186100,0,0
3.736191200,1,0
3.736196300,0,0
3.736196900,0,1
3.736201400,1,1
3.736208500,1,0
3.736214500,0,0
3.736215600,0,1
3.736219600,1,1
3.736224600,0,1
3.736225600,0,0
3.736229800,1,0
3.736234800,0,0
3.736236000,0,1
3.736240000,1,1
3.736245000,0,1
3.736246000,0,0
3.736250200,1,0
3.736255200,0,0
3.736256400,0,1
3.736260300,1,1
3.736265400,0,1
3.736266400,0,0
3.736270500,1,0
3.736275600,0,0
3.736280700,1,0
3.736285700,0,0
3.736286900,0,1
3.736290900,1,1
3.736295900,0,1
3.736296300,0,0
3.736301100,1,0
3.736306100,0,0
3.736311300,1,0
3.736316300,0,0
3.736321500,1,0
3.736326500,0,0
3.736331600,1,0
3.736336700,0,0
3.736341800,1,0
3.736346900,0,0
3.736352000,1,0
3.736357000,0,0
3.736362200,1,0
3.736367200,0,0
3.736372400,1,0
3.736377400,0,0
3.736382600,1,0
3.736387600,0,0
3.736392800,1,0
3.736397800,0,0
3.736401000,0,1
3.736402900,1,1
3.736408000,0,1
3.736408400,0,0
3.736413100,1,0
3.736418200,0,0
3.736423300,1,0
3.736428300,0,0
3.736433500,1,0
3.736438500,0,0
3.736443700,1,0
3.736448700,0,0
3.736453900,1,0
3.736458900,0,0
3.736464000,1,0
3.736469100,0,0
3.736474200,1,0
3.736479300,0,0
3.736484400,1,0
3.736489500,0,0
3.736494600,1,0
3.736499600,0,0
3.736504800,1,0
3.736509800,0,0
3.736515000,1,0
3.736520000,0,0
3.736525200,1,0
3.736530200,0,0
3.736535300,1,0
3.736540400,0,0
3.736545500,1,0
3.736550600,0,0
3.736555700,1,0
3.736560700,0,0
3.736565900,1,0
3.736570900,0,0
3.736576100,1,0
3.736581100,0,0
3.736584300,0,1
3.736586300,1,1
3.736591300,0,1
3.736591700,0,0
3.736596500,1,0
3.736601500,0,0
3.736606600,1,0
3.736611700,0,0
3.736616800,1,0
3.736621900,0,0
3.736627000,1,0
3.736632000,0,0
3.736637200,1,0
3.736642200,0,0
3.736647400,1,0
3.736652400,0,0
3.736657600,1,0
3.736662600,0,0
3.736667700,1,0
3.736672800,0,0
3.736677900,1,0
3.736683000,0,0
3.736688100,1,0
3.736693200,0,0
3.736698300,1,0
3.736703300,0,0
3.736708500,1,0
3.736713500,0,0
3.736718700,1,0
3.736723700,0,0
3.736728900,1,0
3.736733900,0,0
3.736739000,1,0
3.736744100,0,0
3.736749200,1,0
3.736754300,0,0
3.736759400,1,0
3.736764400,0,0
3.736767700,0,1
3.736769600,1,1
3.736774600,0,1
3.736775000,0,0
3.736779800,1,0
3.736784800,0,0
3.736790000,1,0
3.736795000,0,0
3.736800200,1,0
3.736805200,0,0
3.736810300,1,0
3.736815400,0,0
3.736820500,1,0
3.736825600,0,0
3.736830700,1,0
3.736835700,0,0
3.736840900,1,0
3.736845900,0,0
3.736846500,0,1
3.736851100,1,1
3.736856100,0,1
3.736857100,0,0
3.736861300,1,0
3.736867500,1,1
3.833824800,1,0
3.833830800,0,0
3.833831900,0,1
3.833835900,1,1
3.833841000,0,1
3.833842000,0,0
3.833846100,1,0
3.833851100,0,0
3.833852300,0,1
3.833856300,1,1
3.833861300,0,1
3.833862300,0,0
3.833866500,1,0
3.833871500,0,0
3.833872700,0,1
3.833876700,1,1
3.833881700,0,1
3.833882700,0,0
3.833886900,1,0
3.833891900,0,0
3.833897000,1,0
3.833902100,0,0
3.833907200,1,0
3.833912300,0,0
3.833917400,1,0
3.833922400,0,0
3.833927600,1,0
3.833932600,0,0
3.833933800,0,1
3.833937800,1,1
3.833942800,0,1
3.833943800,0,0
3.833948000,1,0
3.833953000,0,0
3.833958100,1,0
3.833963200,0,0
3.833968300,1,0
3.833973400,0,0
3.833978500,1,0
3.833983600,0,0
3.833988700,1,0
3.833993700,0,0
3.833998900,1,0
3.834003900,0,0
3.834009100,1,0
3.834014100,0,0
3.834014700,0,1
3.834019300,1,1
3.834026300,1,0
3.834032300,0,0
3.834033500,0,1
3.834037400,1,1
3.834042500,0,1
3.834043500,0,0
3.834047600,1,0
3.834052700,0,0
3.834053800,0,1
3.834057800,1,1
3.834062800,0,1
3.834063800,0,0
3.834068000,1,0
3.834073000,0,0
3.834074200,0,1
3.834078200,1,1
3.834083200,0,1
3.834084200,0,0
3.834088400,1,0
3.834093400,0,0
3.834098600,1,0
3.834103600,0,0
3.834104800,0,1
3.834108700,1,1
3.834113800,0,1
3.834114200,0,0
3.834118900,1,0
3.834124000,0,0
3.834129100,1,0
3.834134100,0,0
3.834139300,1,0
3.834144300,0,0
3.834149500,1,0
3.834154500,0,0
3.834159700,1,0
3.834164700,0,0
3.834165400,0,1
3.834169900,1,1
3.834174900,0,1
3.834180000,1,1
3.834185100,0,1
3.834190200,1,1
3.834195300,0,1
3.834200400,1,1
3.834205400,0,1
3.834210600,1,1
3.834215600,0,1
3.834216600,0,0
3.834220800,1,0
3.834227000,1,1
3.834292800,1,0
3.834298800,0,0
3.834300000,0,1
3.834303900,1,1
3.834309000,0,1
3.834310000,0,0
3.834314100,1,0
3.834319200,0,0
3.834320400,0,1
3.834324300,1,1
3.834329400,0,1
3.834330400,0,0
3.834334500,1,0
3.834339600,0,0
3.834340700,0,1
3.834344700,1,1
3.834349700,0,1
3.834350700,0,0
3.834354900,1,0
3.834359900,0,0
3.834365100,1,0
3.834370100,0,0
3.834375300,1,0
3.834380300,0,0
3.834385400,1,0
3.834390500,0,0
3.834395600,1,0
3.834400700,0,0
3.834401900,0,1
3.834405800,1,1
3.834410800,0,1
3.834411800,0,0
3.834416000,1,0
3.834421000,0,0
3.834422200,0,1
3.834426200,1,1
3.834431200,0,1
3.834432200,0,0
3.834436400,1,0
3.834441400,0,0
3.834446600,1,0
3.834451600,0,0
3.834456700,1,0
3.834461800,0,0
3.834466900,1,0
3.834472000,0,0
3.834477100,1,0
3.834482100,0,0
3.834482800,0,1
3.834487300,1,1
3.834494300,1,0
3.834500300,0,0
3.834501500,0,1
3.834505500,1,1
3.834510500,0,1
3.834511500,0,0
3.834515700,1,0
3.834520700,0,0
3.834521900,0,1
3.834525800,1,1
3.834530900,0,1
3.834531900,0,0
3.834536000,1,0
3.834541100,0,0
3.834542300,0,1
3.834546200,1,1
3.834551300,0,1
3.834552300,0,0
3.834556400,1,0
3.834561400,0,0
3.834566600,1,0
3.834571600,0,0
3.834572800,0,1
3.834576800,1,1
3.834581800,0,1
3.834582300,0,0
3.834587000,1,0
3.834592000,0,0
3.834597100,1,0
3.834602200,0,0
3.834607300,1,0
3.834612400,0,0
3.834617500,1,0
3.834622600,0,0
3.834627700,1,0
3.834632700,0,0
3.834637900,1,0
3.834642900,0,0
3.834648100,1,0
3.834653100,0,0
3.834658300,1,0
3.834663300,0,0
3.834668400,1,0
3.834673500,0,0
3.834678600,1,0
3.834683700,0,0
3.834686900,0,1
3.834688800,1,1
3.834693800,0,1
3.834694300,0,0
3.834699000,1,0
3.834704000,0,0
3.834709200,1,0
3.834714200,0,0
3.834719400,1,0
3.834724400,0,0
3.834729600,1,0
3.834734600,0,0
3.834739700,1,0
3.834744800,0,0
3.834749900,1,0
3.834755000,0,0
3.834760100,1,0
3.834765100,0,0
3.834770300,1,0
3.834775300,0,0
3.834780500,1,0
3.834785500,0,0
3.834790700,1,0
3.834795700,0,0
3.834800800,1,0
3.834805900,0,0
3.834811000,1,0
3.834816100,0,0
3.834821200,1,0
3.834826300,0,0
3.834831400,1,0
3.834836400,0,0
3.834841600,1,0
3.834846600,0,0
3.834851800,1,0
3.834856800,0,0
3.834862000,1,0
3.834867000,0,0
3.834870200,0,1
3.834872100,1,1
3.834877200,0,1
3.834877600,0,0
3.834882300,1,0
3.834887400,0,0
3.834892500,1,0
3.834897500,0,0
3.834902700,1,0
3.834907700,0,0
3.834912900,1,0
3.834917900,0,0
3.834923100,1,0
3.834928100,0,0
3.834933300,1,0
3.834938300,0,0
3.834943400,1,0
3.834948500,0,0
3.834953600,1,0
3.834958700,0,0
3.834963800,1,0
3.834968800,0,0
3.834974000,1,0
3.834979000,0,0
3.834984200,1,0
3.834989200,0,0
3.834994400,1,0
3.834999400,0,0
3.835004600,1,0
3.835009600,0,0
3.835014700,1,0
3.835019800,0,0
3.835024900,1,0
3.835030000,0,0
3.835035100,1,0
3.835040100,0,0
3.835045300,1,0
3.835050300,0,0
3.835053500,0,1
3.835055500,1,1
3.835060500,0,1
3.835061000,0,0
3.835065700,1,0
3.835070700,0,0
3.835075800,1,0
3.835080900,0,0
3.835086000,1,0
3.835091100,0,0
3.835096200,1,0
3.835101300,0,0
3.835106400,1,0
3.835111400,0,0
3.835116600,1,0
3.835121600,0,0
3.835126800,1,0
3.835131800,0,0
3.835132400,0,1
3.835137000,1,1
3.835142000,0,1
3.835143000,0,0
3.835147100,1,0
3.835153400,1,1
3.883385900,1,0
3.883391900,0,0
3.883393100,0,1
3.883397000,1,1
3.883402100,0,1
3.883403100,0,0
3.883407200,1,0
3.883412300,0,0
3.883413500,0,1
3.883417400,1,1
3.883422500,0,1
3.883423500,0,0
3.883427600,1,0
3.883432700,0,0
3.883433800,0,1
3.883437800,1,1
3.883442800,0,1
3.883443800,0,0
3.883448000,1,0
3.883453000,0,0
3.883458200,1,0
3.883463200,0,0
3.883468400,1,0
3.883473400,0,0
3.883478500,1,0
3.883483600,0,0
3.883488700,1,0
3.883493800,0,0
3.883498900,1,0
3.883504000,0,0
3.883505200,0,1
3.883509100,1,1
3.883514100,0,1
3.883515100,0,0
3.883519300,1,0
3.883524300,0,0
3.883529500,1,0
3.883534500,0,0
3.883539700,1,0
3.883544700,0,0
3.883549800,1,0
3.883554900,0,0
3.883556100,0,1
3.883560000,1,1
3.883565100,0,1
3.883565500,0,0
3.883570200,1,0
3.883575200,0,0
3.883575900,0,1
3.883580400,1,1
3.883587400,1,0
3.883593400,0,0
3.883594600,0,1
3.883598600,1,1
3.883603600,0,1
3.883604600,0,0
3.883608800,1,0
3.883613800,0,0
3.883615000,0,1
3.883619000,1,1
3.883624000,0,1
3.883625000,0,0
3.883629100,1,0
3.883634200,0,0
3.883635400,0,1
3.883639300,1,1
3.883644400,0,1
3.883645400,0,0
3.883649500,1,0
3.883654500,0,0
3.883659700,1,0
3.883664700,0,0
3.883665900,0,1
3.883669900,1,1
3.883674900,0,1
3.883675300,0,0
3.883680100,1,0
3.883685100,0,0
3.883690300,1,0
3.883695300,0,0
3.883700400,1,0
3.883705500,0,0
3.883710600,1,0
3.883715700,0,0
3.883720800,1,0
3.883725800,0,0
3.883731000,1,0
3.883736000,0,0
3.883741200,1,0
3.883746200,0,0
3.883751400,1,0
3.883756400,0,0
3.883757000,0,1
3.883761500,1,1
3.883766600,0,1
3.883771700,1,1
3.883776800,0,1
3.883777800,0,0
3.883781900,1,0
3.883788100,1,1
3.932606700,1,0
3.932612700,0,0
3.932613800,0,1
3.932617800,1,1
3.932622900,0,1
3.932623900,0,0
3.932628000,1,0
3.932633100,0,0
3.932634200,0,1
3.932638200,1,1
3.932643200,0,1
3.932644200,0,0
3.932648400,1,0
3.932653400,0,0
3.932654600,0,1
3.932658600,1,1
3.932663600,0,1
3.932664600,0,0
3.932668800,1,0
3.932673800,0,0
3.932678900,1,0
3.932684000,0,0
3.932689100,1,0
3.932694200,0,0
3.932699300,1,0
3.932704400,0,0
3.932709500,1,0
3.932714500,0,0
3.932715800,0,1
3.932719700,1,1
3.932724700,0,1
3.932725700,0,0
3.932729900,1,0
3.932734900,0,0
3.932740100,1,0
3.932745100,0,0
3.932750200,1,0
3.932755300,0,0
3.932760400,1,0
3.932765500,0,0
3.932770600,1,0
3.932775700,0,0
3.932780800,1,0
3.932785800,0,0
3.932791000,1,0
3.932796000,0,0
3.932796700,0,1
3.932801200,1,1
3.932808200,1,0
3.932814200,0,0
3.932815400,0,1
3.932819300,1,1
3.932824400,0,1
3.932825400,0,0
3.932829500,1,0
3.932834600,0,0
3.932835800,0,1
3.932839700,1,1
3.932844800,0,1
3.932845800,0,0
3.932849900,1,0
3.932854900,0,0
3.932856100,0,1
3.932860100,1,1
3.932865100,0,1
3.932866100,0,0
3.932870300,1,0
3.932875300,0,0
3.932880500,1,0
3.932885500,0,0
3.932886700,0,1
3.932890700,1,1
3.932895700,0,1
3.932896100,0,0
3.932900800,1,0
3.932905900,0,0
3.932911000,1,0
3.932916100,0,0
3.932921200,1,0
3.932926200,0,0
3.932931400,1,0
3.932936400,0,0
3.932941600,1,0
3.932946600,0,0
3.932947200,0,1
3.932951800,1,1
3.932956800,0,1
3.932961900,1,1
3.932967000,0,1
3.932972100,1,1
3.932977200,0,1
3.932982300,1,1
3.932987400,0,1
3.932992500,1,1
3.932997500,0,1
3.932998500,0,0
3.933002700,1,0
3.933008900,1,1
3.933074700,1,0
3.933080700,0,0
3.933081900,0,1
3.933085800,1,1
3.933090900,0,1
3.933091900,0,0
3.933096000,1,0
3.933101100,0,0
3.933102300,0,1
3.933106200,1,1
3.933111300,0,1
3.933112300,0,0
3.933116400,1,0
3.933121500,0,0
3.933122600,0,1
3.933126600,1,1
3.933131600,0,1
3.933132600,0,0
3.933136800,1,0
3.933141800,0,0
3.933147000,1,0
3.933152000,0,0
3.933157200,1,0
3.933162200,0,0
3.933167400,1,0
3.933172400,0,0
3.933177500,1,0
3.933182600,0,0
3.933183800,0,1
3.933187700,1,1
3.933192800,0,1
3.933193800,0,0
3.933197900,1,0
3.933202900,0,0
3.933204100,0,1
3.933208100,1,1
3.933213100,0,1
3.933214100,0,0
3.933218300,1,0
3.933223300,0,0
3.933228500,1,0
3.933233500,0,0
3.933238700,1,0
3.933243700,0,0
3.933248800,1,0
3.933253900,0,0
3.933259000,1,0
3.933264100,0,0
3.933264700,0,1
3.933269200,1,1
3.933276200,1,0
3.933282200,0,0
3.933283400,0,1
3.933287400,1,1
3.933292400,0,1
3.933293400,0,0
3.933297600,1,0
3.933302600,0,0
3.933303800,0,1
3.933307800,1,1
3.933312800,0,1
3.933313800,0,0
3.933317900,1,0
3.933323000,0,0
3.933324200,0,1
3.933328100,1,1
3.933333200,0,1
3.933334200,0,0
3.933338300,1,0
3.933343400,0,0
3.933348500,1,0
3.933353500,0,0
3.933354700,0,1
3.933358700,1,1
3.933363700,0,1
3.933364100,0,0
3.933368900,1,0
3.933373900,0,0
3.933379100,1,0
3.933384100,0,0
3.933389200,1,0
3.933394300,0,0
3.933399400,1,0
3.933404500,0,0
3.933409600,1,0
3.933414600,0,0
3.933419800,1,0
3.933424800,0,0
3.933430000,1,0
3.933435000,0,0
3.933440200,1,0
3.933445200,0,0
3.933450400,1,0
3.933455400,0,0
3.933460500,1,0
3.933465600,0,0
3.933468800,0,1
3.933470700,1,1
3.933475800,0,1
3.933476200,0,0
3.933480900,1,0
3.933485900,0,0
3.933491100,1,0
3.933496100,0,0
3.933501300,1,0
3.933506300,0,0
3.933511500,1,0
3.933516500,0,0
3.933521600,1,0
3.933526700,0,0
3.933531800,1,0
3.933536900,0,0
3.933542000,1,0
3.933547100,0,0
3.933552200,1,0
3.933557200,0,0
3.933562400,1,0
3.933567400,0,0
3.933572600,1,0
3.933577600,0,0
3.933582800,1,0
3.933587800,0,0
3.933592900,1,0
3.933598000,0,0
3.933603100,1,0
3.933608200,0,0
3.933613300,1,0
3.933618300,0,0
3.933623500,1,0
3.933628500,0,0
3.933633700,1,0
3.933638700,0,0
3.933643900,1,0
3.933648900,0,0
3.933652100,0,1
3.933654100,1,1
3.933659100,0,1
3.933659500,0,0
3.933664200,1,0
3.933669300,0,0
3.933674400,1,0
3.933679500,0,0
3.933684600,1,0
3.933689600,0,0
3.933694800,1,0
3.933699800,0,0
3.933705000,1,0
3.933710000,0,0
3.933715200,1,0
3.933720200,0,0
3.933725400,1,0
3.933730400,0,0
3.933735500,1,0
3.933740600,0,0
3.933745700,1,0
3.933750800,0,0
3.933755900,1,0
3.933760900,0,0
3.933766100,1,0
3.933771100,0,0
3.933776300,1,0
3.933781300,0,0
3.933786500,1,0
3.933791500,0,0
3.933796600,1,0
3.933801700,0,0
3.933806800,1,0
3.933811900,0,0
3.933817000,1,0
3.933822100,0,0
3.933827200,1,0
3.933832200,0,0
3.933835400,0,1
3.933837400,1,1
3.933842400,0,1
3.933842800,0,0
3.933847600,1,0
3.933852600,0,0
3.933857800,1,0
3.933862800,0,0
3.933867900,1,0
3.933873000,0,0
3.933878100,1,0
3.933883200,0,0
3.933888300,1,0
3.933893300,0,0
3.933898500,1,0
3.933903500,0,0
3.933908700,1,0
3.933913700,0,0
3.933914400,0,1
3.933918900,1,1
3.933923900,0,1
3.933924900,0,0
3.933929100,1,0
3.933935300,1,1
4.030879600,1,0
4.030885600,0,0
4.030886700,0,1
4.030890700,1,1
4.030895700,0,1
4.030896700,0,0
4.030900900,1,0
4.030905900,0,0
4.030907100,0,1
4.030911100,1,1
4.030916100,0,1
4.030917100,0,0
4.030921300,1,0
4.030926300,0,0
4.030927500,0,1
4.030931500,1,1
4.030936500,0,1
4.030937500,0,0
4.030941600,1,0
4.030946700,0,0
4.030951800,1,0
4.030956900,0,0
4.030962000,1,0
4.030967000,0,0
4.030972200,1,0
4.030977200,0,0
4.030982400,1,0
4.030987400,0,0
4.030988600,0,1
4.030992600,1,1
4.030997600,0,1
4.030998600,0,0
4.031002800,1,0
4.031007800,0,0
4.031012900,1,0
4.031018000,0,0
4.031023100,1,0
4.031028200,0,0
4.031033300,1,0
4.031038300,0,0
4.031043500,1,0
4.031048500,0,0
4.031053700,1,0
4.031058700,0,0
4.031063900,1,0
4.031068900,0,0
4.031069500,0,1
4.031074000,1,1
4.031081100,1,0
4.031087100,0,0
4.031088300,0,1
4.031092200,1,1
4.031097300,0,1
4.031098300,0,0
4.031102400,1,0
4.031107500,0,0
4.031108600,0,1
4.031112600,1,1
4.031117600,0,1
4.031118600,0,0
4.031122800,1,0
4.031127800,0,0
4.031129000,0,1
4.031133000,1,1
4.031138000,0,1
4.031139000,0,0
4.031143200,1,0
4.031148200,0,0
4.031153300,1,0
4.031158400,0,0
4.031159600,0,1
4.031163500,1,1
4.031168600,0,1
4.031169000,0,0
4.031173700,1,0
4.031178700,0,0
4.031183900,1,0
4.031188900,0,0
4.031194100,1,0
4.031199100,0,0
4.031204300,1,0
4.031209300,0,0
4.031214500,1,0
4.031219500,0,0
4.031220100,0,1
4.031224600,1,1
4.031229700,0,1
4.031234800,1,1
4.031239900,0,1
4.031245000,1,1
4.031250000,0,1
4.031255200,1,1
4.031260200,0,1
4.031265400,1,1
4.031270400,0,1
4.031271400,0,0
4.031275600,1,0
4.031281800,1,1
4.031348600,1,0
4.031354600,0,0
4.031355800,0,1
4.031359700,1,1
4.031364800,0,1
4.031365800,0,0
4.031369900,1,0
4.031375000,0,0
4.031376100,0,1
4.031380100,1,1
4.031385200,0,1
4.031386200,0,0
4.031390300,1,0
4.031395300,0,0
4.031396500,0,1
4.031400500,1,1
4.031405500,0,1
4.031406500,0,0
4.031410700,1,0
4.031415700,0,0
4.031420900,1,0
4.031425900,0,0
4.031431000,1,0
4.031436100,0,0
4.031441200,1,0
4.031446300,0,0
4.031451400,1,0
4.031456500,0,0
4.031457700,0,1
4.031461600,1,1
4.031466600,0,1
4.031467600,0,0
4.031471800,1,0
4.031476800,0,0
4.031478000,0,1
4.031482000,1,1
4.031487000,0,1
4.031488000,0,0
4.031492200,1,0
4.031497200,0,0
4.031502300,1,0
4.031507400,0,0
4.031512500,1,0
4.031517600,0,0
4.031522700,1,0
4.031527700,0,0
4.031532900,1,0
4.031537900,0,0
4.031538600,0,1
4.031543100,1,1
4.031550100,1,0
4.031556100,0,0
4.031557300,0,1
4.031561300,1,1
4.031566300,0,1
4.031567300,0,0
4.031571400,1,0
4.031576500,0,0
4.031577700,0,1
4.031581600,1,1
4.031586700,0,1
4.031587700,0,0
4.031591800,1,0
4.031596900,0,0
4.031598000,0,1
4.031602000,1,1
4.031607000,0,1
4.031608000,0,0
4.031612200,1,0
4.031617200,0,0
4.031622400,1,0
4.031627400,0,0
4.031628600,0,1
4.031632600,1,1
4.031637600,0,1
4.031638000,0,0
4.031642700,1,0
4.031647800,0,0
4.031652900,1,0
4.031658000,0,0
4.031663100,1,0
4.031668200,0,0
4.031673300,1,0
4.031678300,0,0
4.031683500,1,0
4.031688500,0,0
4.031693700,1,0
4.031698700,0,0
4.031703900,1,0
4.031708900,0,0
4.031714000,1,0
4.031719100,0,0
4.031724200,1,0
4.031729300,0,0
4.031734400,1,0
4.031739400,0,0
4.031742700,0,1
4.031744600,1,1
4.031749600,0,1
4.031750100,0,0
4.031754800,1,0
4.031759800,0,0
4.031765000,1,0
4.031770000,0,0
4.031775200,1,0
4.031780200,0,0
4.031785300,1,0
4.031790400,0,0
4.031795500,1,0
4.031800600,0,0
4.031805700,1,0
4.031810700,0,0
4.031815900,1,0
4.031820900,0,0
4.031826100,1,0
4.031831100,0,0
4.031836300,1,0
4.031841300,0,0
4.031846500,1,0
4.031851500,0,0
4.031856600,1,0
4.031861700,0,0
4.031866800,1,0
4.031871900,0,0
4.031877000,1,0
4.031882000,0,0
4.031887200,1,0
4.031892200,0,0
4.031897400,1,0
4.031902400,0,0
4.031907600,1,0
4.031912600,0,0
4.031917700,1,0
4.031922800,0,0
4.031926000,0,1
4.031927900,1,1
4.031933000,0,1
4.031933400,0,0
4.031938100,1,0
4.031943200,0,0
4.031948300,1,0
4.031953300,0,0
4.031958500,1,0
4.031963500,0,0
4.031968700,1,0
4.031973700,0,0
4.031978900,1,0
4.031983900,0,0
4.031989000,1,0
4.031994100,0,0
4.031999200,1,0
4.032004300,0,0
4.032009400,1,0
4.032014400,0,0
4.032019600,1,0
4.032024600,0,0
4.032029800,1,0
4.032034800,0,0
4.032040000,1,0
4.032045000,0,0
4.032050200,1,0
4.032055200,0,0
4.032060300,1,0
4.032065400,0,0
4.032070500,1,0
4.032075600,0,0
4.032080700,1,0
4.032085700,0,0
4.032090900,1,0
4.032095900,0,0
4.032101100,1,0
4.032106100,0,0
4.032109300,0,1
4.032111300,1,1
4.032116300,0,1
4.032116700,0,0
4.032121400,1,0
4.032126500,0,0
4.032131600,1,0
4.032136700,0,0
4.032141800,1,0
4.032146900,0,0
4.032152000,1,0
4.032157000,0,0
4.032162200,1,0
4.032167200,0,0
4.032172400,1,0
4.032177400,0,0
4.032182600,1,0
4.032187600,0,0
4.032188200,0,1
4.032192700,1,1
4.032197800,0,1
4.032198800,0,0
4.032202900,1,0
4.032209100,1,1
4.129131400,1,0
4.129137400,0,0
4.129138600,0,1
4.129142600,1,1
4.129147600,0,1
4.129148600,0,0
4.129152800,1,0
4.129157800,0,0
4.129159000,0,1
4.129163000,1,1
4.129168000,0,1
4.129169000,0,0
4.129173100,1,0
4.129178200,0,0
4.129179400,0,1
4.129183300,1,1
4.129188400,0,1
4.129189400,0,0
4.129193500,1,0
4.129198600,0,0
4.129203700,1,0
4.129208700,0,0
4.129213900,1,0
4.129218900,0,0
4.129224100,1,0
4.129229100,0,0
4.129234300,1,0
4.129239300,0,0
4.129240500,0,1
4.129244400,1,1
4.129249500,0,1
4.129250500,0,0
4.129254600,1,0
4.129259700,0,0
4.129264800,1,0
4.129269800,0,0
4.129275000,1,0
4.129280000,0,0
4.129285200,1,0
4.129290200,0,0
4.129295400,1,0
4.129300400,0,0
4.129305600,1,0
4.129310600,0,0
4.129315700,1,0
4.129320800,0,0
4.129321400,0,1
4.129325900,1,1
4.129333000,1,0
4.129339000,0,0
4.129340100,0,1
4.129344100,1,1
4.129349100,0,1
4.129350100,0,0
4.129354300,1,0
4.129359300,0,0
4.129360500,0,1
4.129364500,1,1
4.129369500,0,1
4.129370500,0,0
4.129374700,1,0
4.129379700,0,0
4.129380900,0,1
4.129384800,1,1
4.129389900,0,1
4.129390900,0,0
4.129395000,1,0
4.129400100,0,0
4.129405200,1,0
4.129410300,0,0
4.129411500,0,1
4.129415400,1,1
4.129420400,0,1
4.129420800,0,0
4.129425600,1,0
4.129430600,0,0
4.129435800,1,0
4.129440800,0,0
4.129446000,1,0
4.129451000,0,0
4.129456100,1,0
4.129461200,0,0
4.129466300,1,0
4.129471400,0,0
4.129472000,0,1
4.129476500,1,1
4.129481500,0,1
4.129486700,1,1
4.129491700,0,1
4.129496900,1,1
4.129501900,0,1
4.129507100,1,1
4.129512100,0,1
4.129517300,1,1
4.129522300,0,1
4.129523300,0,0
4.129527400,1,0
4.129533600,1,1
4.129591500,1,0
4.129597500,0,0
4.129598600,0,1
4.129602600,1,1
4.129607700,0,1
4.129608700,0,0
4.129612800,1,0
4.129617800,0,0
4.129619000,0,1
4.129623000,1,1
4.129628000,0,1
4.129629000,0,0
4.129633200,1,0
4.129638200,0,0
4.129639400,0,1
4.129643400,1,1
4.129648400,0,1
4.129649400,0,0
4.129653600,1,0
4.129658600,0,0
4.129663700,1,0
4.129668800,0,0
4.129673900,1,0
4.129679000,0,0
4.129684100,1,0
4.129689100,0,0
4.129694300,1,0
4.129699300,0,0
4.129700500,0,1
4.129704500,1,1
4.129709500,0,1
4.129710500,0,0
4.129714700,1,0
4.129719700,0,0
4.129720900,0,1
4.129724800,1,1
4.129729900,0,1
4.129730900,0,0
4.129735000,1,0
4.129740100,0,0
4.129745200,1,0
4.129750300,0,0
4.129755400,1,0
4.129760400,0,0
4.129765600,1,0
4.129770600,0,0
4.129775800,1,0
4.129780800,0,0
4.129781400,0,1
4.129786000,1,1
4.129793000,1,0
4.129799000,0,0
4.129800200,0,1
4.129804100,1,1
4.129809200,0,1
4.129810200,0,0
4.129814300,1,0
4.129819400,0,0
4.129820500,0,1
4.129824500,1,1
4.129829500,0,1
4.129830500,0,0
4.129834700,1,0
4.129839700,0,0
4.129840900,0,1
4.129844900,1,1
4.129849900,0,1
4.129850900,0,0
4.129855100,1,0
4.129860100,0,0
4.129865300,1,0
4.129870300,0,0
4.129871500,0,1
4.129875400,1,1
4.129880500,0,1
4.129880900,0,0
4.129885600,1,0
4.129890700,0,0
4.129895800,1,0
4.129900800,0,0
4.129906000,1,0
4.129911000,0,0
4.129916200,1,0
4.129921200,0,0
4.129926400,1,0
4.129931400,0,0
4.129936600,1,0
4.129941600,0,0
4.129946700,1,0
4.129951800,0,0
4.129956900,1,0
4.129962000,0,0
4.129967100,1,0
4.129972100,0,0
4.129977300,1,0
4.129982300,0,0
4.129985500,0,1
4.129987500,1,1
4.129992500,0,1
4.129992900,0,0
4.129997700,1,0
4.130002700,0,0
4.130007800,1,0
4.130012900,0,0
4.130018000,1,0
4.130023100,0,0
4.130028200,1,0
4.130033300,0,0
4.130038400,1,0
4.130043400,0,0
4.130048600,1,0
4.130053600,0,0
4.130058800,1,0
4.130063800,0,0
4.130069000,1,0
4.130074000,0,0
4.130079100,1,0
4.130084200,0,0
4.130089300,1,0
4.130094400,0,0
4.130099500,1,0
4.130104500,0,0
4.130109700,1,0
4.130114700,0,0
4.130119900,1,0
4.130124900,0,0
4.130130100,1,0
4.130135100,0,0
4.130140300,1,0
4.130145300,0,0
4.130150400,1,0
4.130155500,0,0
4.130160600,1,0
4.130165700,0,0
4.130168900,0,1
4.130170800,1,1
4.130175800,0,1
4.130176200,0,0
4.130181000,1,0
4.130186000,0,0
4.130191200,1,0
4.130196200,0,0
4.130201400,1,0
4.130206400,0,0
4.130211500,1,0
4.130216600,0,0
4.130221700,1,0
4.130226800,0,0
4.130231900,1,0
4.130237000,0,0
4.130242100,1,0
4.130247100,0,0
4.130252300,1,0
4.130257300,0,0
4.130262500,1,0
4.130267500,0,0
4.130272700,1,0
4.130277700,0,0
4.130282800,1,0
4.130287900,0,0
4.130293000,1,0
4.130298100,0,0
4.130303200,1,0
4.130308200,0,0
4.130313400,1,0
4.130318400,0,0
4.130323600,1,0
4.130328600,0,0
4.130333800,1,0
4.130338800,0,0
4.130344000,1,0
4.130349000,0,0
4.130352200,0,1
4.130354100,1,1
4.130359200,0,1
4.130359600,0,0
4.130364300,1,0
4.130369400,0,0
4.130374500,1,0
4.130379500,0,0
4.130384700,1,0
4.130389700,0,0
4.130394900,1,0
4.130399900,0,0
4.130405100,1,0
4.130410100,0,0
4.130415300,1,0
4.130420300,0,0
4.130425400,1,0
4.130430500,0,0
4.130431100,0,1
4.130435600,1,1
4.130440700,0,1
4.130441700,0,0
4.130445800,1,0
4.130452000,1,1
4.227394300,1,0
4.227400300,0,0
4.227401500,0,1
4.227405400,1,1
4.227410500,0,1
4.227411500,0,0
4.227415600,1,0
4.227420700,0,0
4.227421900,0,1
4.227425800,1,1
4.227430900,0,1
4.227431900,0,0
4.227436000,1,0
4.227441100,0,0
4.227442200,0,1
4.227446200,1,1
4.227451200,0,1
4.227452200,0,0
4.227456400,1,0
4.227461400,0,0
4.227466600,1,0
4.227471600,0,0
4.227476800,1,0
4.227481800,0,0
4.227486900,1,0
4.227492000,0,0
4.227497100,1,0
4.227502200,0,0
4.227503400,0,1
4.227507300,1,1
4.227512400,0,1
4.227513400,0,0
4.227517500,1,0
4.227522500,0,0
4.227527700,1,0
4.227532700,0,0
4.227537900,1,0
4.227542900,0,0
4.227548100,1,0
4.227553100,0,0
4.227558200,1,0
4.227563300,0,0
4.227568400,1,0
4.227573500,0,0
4.227578600,1,0
4.227583600,0,0
4.227584200,0,1
4.227588800,1,1
4.227595800,1,0
4.227601800,0,0
4.227603000,0,1
4.227607000,1,1
4.227612000,0,1
4.227613000,0,0
4.227617200,1,0
4.227622200,0,0
4.227623400,0,1
4.227627400,1,1
4.227632400,0,1
4.227633400,0,0
4.227637500,1,0
4.227642600,0,0
4.227643800,0,1
4.227647700,1,1
4.227652800,0,1
4.227653800,0,0
4.227657900,1,0
4.227662900,0,0
4.227668100,1,0
4.227673100,0,0
4.227674300,0,1
4.227678300,1,1
4.227683300,0,1
4.227683700,0,0
4.227688500,1,0
4.227693500,0,0
4.227698700,1,0
4.227703700,0,0
4.227708800,1,0
4.227713900,0,0
4.227719000,1,0
4.227724100,0,0
4.227729200,1,0
4.227734200,0,0
4.227734900,0,1
4.227739400,1,1
4.227744400,0,1
4.227749600,1,1
4.227754600,0,1
4.227759800,1,1
4.227764800,0,1
4.227769900,1,1
4.227775000,0,1
4.227780100,1,1
4.227785200,0,1
4.227786200,0,0
4.227790300,1,0
4.227796500,1,1
4.227854400,1,0
4.227860400,0,0
4.227861500,0,1
4.227865500,1,1
4.227870500,0,1
4.227871500,0,0
4.227875700,1,0
4.227880700,0,0
4.227881900,0,1
4.227885900,1,1
4.227890900,0,1
4.227891900,0,0
4.227896100,1,0
4.227901100,0,0
4.227902300,0,1
4.227906200,1,1
4.227911300,0,1
4.227912300,0,0
4.227916400,1,0
4.227921500,0,0
4.227926600,1,0
4.227931600,0,0
4.227936800,1,0
4.227941800,0,0
4.227947000,1,0
4.227952000,0,0
4.227957200,1,0
4.227962200,0,0
4.227963400,0,1
4.227967400,1,1
4.227972400,0,1
4.227973400,0,0
4.227977500,1,0
4.227982600,0,0
4.227983800,0,1
4.227987700,1,1
4.227992800,0,1
4.227993800,0,0
4.227997900,1,0
4.228002900,0,0
4.228008100,1,0
4.228013100,0,0
4.228018300,1,0
4.228023300,0,0
4.228028500,1,0
4.228033500,0,0
4.228038600,1,0
4.228043700,0,0
4.228044300,0,1
4.228048800,1,1
4.228055900,1,0
4.228061900,0,0
4.228063000,0,1
4.228067000,1,1
4.228072100,0,1
4.228073100,0,0
4.228077200,1,0
4.228082200,0,0
4.228083400,0,1
4.228087400,1,1
4.228092400,0,1
4.228093400,0,0
4.228097600,1,0
4.228102600,0,0
4.228103800,0,1
4.228107800,1,1
4.228112800,0,1
4.228113800,0,0
4.228117900,1,0
4.228123000,0,0
4.228128100,1,0
4.228133200,0,0
4.228134400,0,1
4.228138300,1,1
4.228143300,0,1
4.228143800,0,0
4.228148500,1,0
4.228153500,0,0
4.228158700,1,0
4.228163700,0,0
4.228168900,1,0
4.228173900,0,0
4.228179100,1,0
4.228184100,0,0
4.228189200,1,0
4.228194300,0,0
4.228199400,1,0
4.228204500,0,0
4.228209600,1,0
4.228214600,0,0
4.228219800,1,0
4.228224800,0,0
4.228230000,1,0
4.228235000,0,0
4.228240200,1,0
4.228245200,0,0
4.228248400,0,1
4.228250300,1,1
4.228255400,0,1
4.228255800,0,0
4.228260500,1,0
4.228265600,0,0
4.228270700,1,0
4.228275800,0,0
4.228280900,1,0
4.228285900,0,0
4.228291100,1,0
4.228296100,0,0
4.228301300,1,0
4.228306300,0,0
4.228311500,1,0
4.228316500,0,0
4.228321600,1,0
4.228326700,0,0
4.228331800,1,0
4.228336900,0,0
4.228342000,1,0
4.228347100,0,0
4.228352200,1,0
4.228357200,0,0
4.228362400,1,0
4.228367400,0,0
4.228372600,1,0
4.228377600,0,0
4.228382800,1,0
4.228387800,0,0
4.228392900,1,0
4.228398000,0,0
4.228403100,1,0
4.228408200,0,0
4.228413300,1,0
4.228418300,0,0
4.228423500,1,0
4.228428500,0,0
4.228431700,0,1
4.228433700,1,1
4.228438700,0,1
4.228439100,0,0
4.228443900,1,0
4.228448900,0,0
4.228454100,1,0
4.228459100,0,0
4.228464200,1,0
4.228469300,0,0
4.228474400,1,0
4.228479500,0,0
4.228484600,1,0
4.228489600,0,0
4.228494800,1,0
4.228499800,0,0
4.228505000,1,0
4.228510000,0,0
4.228515200,1,0
4.228520200,0,0
4.228525400,1,0
4.228530400,0,0
4.228535500,1,0
4.228540600,0,0
4.228545700,1,0
4.228550800,0,0
4.228555900,1,0
4.228560900,0,0
4.228566100,1,0
4.228571100,0,0
4.228576300,1,0
4.228581300,0,0
4.228586500,1,0
4.228591500,0,0
4.228596600,1,0
4.228601700,0,0
4.228606800,1,0
4.228611900,0,0
4.228615100,0,1
4.228617000,1,1
4.228622100,0,1
4.228622500,0,0
4.228627200,1,0
4.228632200,0,0
4.228637400,1,0
4.228642400,0,0
4.228647600,1,0
4.228652600,0,0
4.228657800,1,0
4.228662800,0,0
4.228667900,1,0
4.228673000,0,0
4.228678100,1,0
4.228683200,0,0
4.228688300,1,0
4.228693300,0,0
4.228694000,0,1
4.228698500,1,1
4.228703500,0,1
4.228704500,0,0
4.228708700,1,0
4.228714900,1,1
4.326532200,1,0
4.326538200,0,0
4.326539300,0,1
4.326543300,1,1
4.326548400,0,1
4.326549400,0,0
4.326553500,1,0
4.326558600,0,0
4.326559700,0,1
4.326563700,1,1
4.326568700,0,1
4.326569700,0,0
4.326573900,1,0
4.326578900,0,0
4.326580100,0,1
4.326584100,1,1
4.326589100,0,1
4.326590100,0,0
4.326594300,1,0
4.326599300,0,0
4.326604400,1,0
4.326609500,0,0
4.326614600,1,0
4.326619700,0,0
4.326624800,1,0
4.326629900,0,0
4.326635000,1,0
4.326640000,0,0
4.326641200,0,1
4.326645200,1,1
4.326650200,0,1
4.326651200,0,0
4.326655400,1,0
4.326660400,0,0
4.326665600,1,0
4.326670600,0,0
4.326675700,1,0
4.326680800,0,0
4.326685900,1,0
4.326691000,0,0
4.326696100,1,0
4.326701100,0,0
4.326706300,1,0
4.326711300,0,0
4.326716500,1,0
4.326721500,0,0
4.326722200,0,1
4.326726700,1,1
4.326733700,1,0
4.326739700,0,0
4.326740900,0,1
4.326744800,1,1
4.326749900,0,1
4.326750900,0,0
4.326755000,1,0
4.326760100,0,0
4.326761300,0,1
4.326765200,1,1
4.326770300,0,1
4.326771300,0,0
4.326775400,1,0
4.326780400,0,0
4.326781600,0,1
4.326785600,1,1
4.326790600,0,1
4.326791600,0,0
4.326795800,1,0
4.326800800,0,0
4.326806000,1,0
4.326811000,0,0
4.326812200,0,1
4.326816100,1,1
4.326821200,0,1
4.326821600,0,0
4.326826300,1,0
4.326831400,0,0
4.326836500,1,0
4.326841600,0,0
4.326846700,1,0
4.326851700,0,0
4.326856900,1,0
4.326861900,0,0
4.326867100,1,0
4.326872100,0,0
4.326872800,0,1
4.326877300,1,1
4.326882300,0,1
4.326887400,1,1
4.326892500,0,1
4.326897600,1,1
4.326902700,0,1
4.326907800,1,1
4.326912900,0,1
4.326918000,1,1
4.326923000,0,1
4.326924000,0,0
4.326928200,1,0
4.326934400,1,1
4.326993200,1,0
4.326999200,0,0
4.327000400,0,1
4.327004300,1,1
4.327009400,0,1
4.327010400,0,0
4.327014500,1,0
4.327019600,0,0
4.327020800,0,1
4.327024700,1,1
4.327029800,0,1
4.327030800,0,0
4.327034900,1,0
4.327040000,0,0
4.327041100,0,1
4.327045100,1,1
4.327050100,0,1
4.327051100,0,0
4.327055300,1,0
4.327060300,0,0
4.327065500,1,0
4.327070500,0,0
4.327075700,1,0
4.327080700,0,0
4.327085900,1,0
4.327090900,0,0
4.327096000,1,0
4.327101100,0,0
4.327102300,0,1
4.327106200,1,1
4.327111300,0,1
4.327112300,0,0
4.327116400,1,0
4.327121400,0,0
4.327122600,0,1
4.327126600,1,1
4.327131600,0,1
4.327132600,0,0
4.327136800,1,0
4.327141800,0,0
4.327147000,1,0
4.327152000,0,0
4.327157100,1,0
4.327162200,0,0
4.327167300,1,0
4.327172400,0,0
4.327177500,1,0
4.327182600,0,0
4.327183200,0,1
4.327187700,1,1
4.327194700,1,0
4.327200700,0,0
4.327201900,0,1
4.327205900,1,1
4.327210900,0,1
4.327211900,0,0
4.327216100,1,0
4.327221100,0,0
4.327222300,0,1
4.327226300,1,1
4.327231300,0,1
4.327232300,0,0
4.327236400,1,0
4.327241500,0,0
4.327242700,0,1
4.327246600,1,1
4.327251700,0,1
4.327252700,0,0
4.327256800,1,0
4.327261800,0,0
4.327267000,1,0
4.327272000,0,0
4.327273200,0,1
4.327277200,1,1
4.327282200,0,1
4.327282700,0,0
4.327287400,1,0
4.327292400,0,0
4.327297600,1,0
4.327302600,0,0
4.327307700,1,0
4.327312800,0,0
4.327317900,1,0
4.327323000,0,0
4.327328100,1,0
4.327333100,0,0
4.327338300,1,0
4.327343300,0,0
4.327348500,1,0
4.327353500,0,0
4.327358700,1,0
4.327363700,0,0
4.327368900,1,0
4.327373900,0,0
4.327379000,1,0
4.327384100,0,0
4.327387300,0,1
4.327389200,1,1
4.327394300,0,1
4.327394700,0,0
4.327399400,1,0
4.327404400,0,0
4.327409600,1,0
4.327414600,0,0
4.327419800,1,0
4.327424800,0,0
4.327430000,1,0
4.327435000,0,0
4.327440100,1,0
4.327445200,0,0
4.327450300,1,0
4.327455400,0,0
4.327460500,1,0
4.327465600,0,0
4.327470700,1,0
4.327475700,0,0
4.327480900,1,0
4.327485900,0,0
4.327491100,1,0
4.327496100,0,0
4.327501300,1,0
4.327506300,0,0
4.327511400,1,0
4.327516500,0,0
4.327521600,1,0
4.327526700,0,0
4.327531800,1,0
4.327536800,0,0
4.327542000,1,0
4.327547000,0,0
4.327552200,1,0
4.327557200,0,0
4.327562400,1,0
4.327567400,0,0
4.327570600,0,1
4.327572600,1,1
4.327577600,0,1
4.327578000,0,0
4.327582700,1,0
4.327587800,0,0
4.327592900,1,0
4.327598000,0,0
4.327603100,1,0
4.327608100,0,0
4.327613300,1,0
4.327618300,0,0
4.327623500,1,0
4.327628500,0,0
4.327633700,1,0
4.327638700,0,0
4.327643900,1,0
4.327648900,0,0
4.327654000,1,0
4.327659100,0,0
4.327664200,1,0
4.327669300,0,0
4.327674400,1,0
4.327679400,0,0
4.327684600,1,0
4.327689600,0,0
4.327694800,1,0
4.327699800,0,0
4.327705000,1,0
4.327710000,0,0
4.327715100,1,0
4.327720200,0,0
4.327725300,1,0
4.327730400,0,0
4.327735500,1,0
4.327740500,0,0
4.327745700,1,0
4.327750700,0,0
4.327753900,0,1
4.327755900,1,1
4.327760900,0,1
4.327761400,0,0
4.327766100,1,0
4.327771100,0,0
4.327776300,1,0
4.327781300,0,0
4.327786400,1,0
4.327791500,0,0
4.327796600,1,0
4.327801700,0,0
4.327806800,1,0
4.327811800,0,0
4.327817000,1,0
4.327822000,0,0
4.327827200,1,0
4.327832200,0,0
4.327832800,0,1
4.327837400,1,1
4.327842400,0,1
4.327843400,0,0
4.327847600,1,0
4.327853800,1,1
4.424816100,1,0
4.424822100,0,0
4.424823200,0,1
4.424827200,1,1
4.424832200,0,1
4.424833200,0,0
4.424837400,1,0
4.424842400,0,0
4.424843600,0,1
4.424847600,1,1
4.424852600,0,1
4.424853600,0,0
4.424857800,1,0
4.424862800,0,0
4.424864000,0,1
4.424868000,1,1
4.424873000,0,1
4.424874000,0,0
4.424878100,1,0
4.424883200,0,0
4.424888300,1,0
4.424893400,0,0
4.424898500,1,0
4.424903500,0,0
4.424908700,1,0
4.424913700,0,0
4.424918900,1,0
4.424923900,0,0
4.424925100,0,1
4.424929100,1,1
4.424934100,0,1
4.424935100,0,0
4.424939200,1,0
4.424944300,0,0
4.424949400,1,0
4.424954500,0,0
4.424959600,1,0
4.424964700,0,0
4.424969800,1,0
4.424974800,0,0
4.424980000,1,0
4.424985000,0,0
4.424990200,1,0
4.424995200,0,0
4.425000400,1,0
4.425005400,0,0
4.425006000,0,1
4.425010500,1,1
4.425017600,1,0
4.425023600,0,0
4.425024800,0,1
4.425028700,1,1
4.425033800,0,1
4.425034800,0,0
4.425038900,1,0
4.425043900,0,0
4.425045100,0,1
4.425049100,1,1
4.425054100,0,1
4.425055100,0,0
4.425059300,1,0
4.425064300,0,0
4.425065500,0,1
4.425069500,1,1
4.425074500,0,1
4.425075500,0,0
4.425079700,1,0
4.425084700,0,0
4.425089800,1,0
4.425094900,0,0
4.425096100,0,1
4.425100000,1,1
4.425105100,0,1
4.425105500,0,0
4.425110200,1,0
4.425115200,0,0
4.425120400,1,0
4.425125400,0,0
4.425130600,1,0
4.425135600,0,0
4.425140800,1,0
4.425145800,0,0
4.425151000,1,0
4.425156000,0,0
4.425156600,0,1
4.425161100,1,1
4.425166200,0,1
4.425171300,1,1
4.425176400,0,1
4.425181500,1,1
4.425186500,0,1
4.425191700,1,1
4.425196700,0,1
4.425201900,1,1
4.425206900,0,1
4.425207900,0,0
4.425212100,1,0
4.425218300,1,1
4.425284100,1,0
4.425290100,0,0
4.425291300,0,1
4.425295200,1,1
4.425300300,0,1
4.425301300,0,0
4.425305400,1,0
4.425310500,0,0
4.425311600,0,1
4.425315600,1,1
4.425320700,0,1
4.425321700,0,0
4.425325800,1,0
4.425330800,0,0
4.425332000,0,1
4.425336000,1,1
4.425341000,0,1
4.425342000,0,0
4.425346200,1,0
4.425351200,0,0
4.425356400,1,0
4.425361400,0,0
4.425366500,1,0
4.425371600,0,0
4.425376700,1,0
4.425381800,0,0
4.425386900,1,0
4.425391900,0,0
4.425393200,0,1
4.425397100,1,1
4.425402100,0,1
4.425403100,0,0
4.425407300,1,0
4.425412300,0,0
4.425413500,0,1
4.425417500,1,1
4.425422500,0,1
4.425423500,0,0
4.425427700,1,0
4.425432700,0,0
4.425437800,1,0
4.425442900,0,0
4.425448000,1,0
4.425453100,0,0
4.425458200,1,0
4.425463200,0,0
4.425468400,1,0
4.425473400,0,0
4.425474000,0,1
4.425478600,1,1
4.425485600,1,0
4.425491600,0,0
4.425492800,0,1
4.425496700,1,1
4.425501800,0,1
4.425502800,0,0
4.425506900,1,0
4.425512000,0,0
4.425513200,0,1
4.425517100,1,1
4.425522200,0,1
4.425523200,0,0
4.425527300,1,0
4.425532400,0,0
4.425533500,0,1
4.425537500,1,1
4.425542500,0,1
4.425543500,0,0
4.425547700,1,0
4.425552700,0,0
4.425557900,1,0
4.425562900,0,0
4.425564100,0,1
4.425568100,1,1
4.425573100,0,1
4.425573500,0,0
4.425578200,1,0
4.425583300,0,0
4.425588400,1,0
4.425593500,0,0
4.425598600,1,0
4.425603600,0,0
4.425608800,1,0
4.425613800,0,0
4.425619000,1,0
4.425624000,0,0
4.425629200,1,0
4.425634200,0,0
4.425639400,1,0
4.425644400,0,0
4.425649500,1,0
4.425654600,0,0
4.425659700,1,0
4.425664800,0,0
4.425669900,1,0
4.425674900,0,0
4.425678200,0,1
4.425680100,1,1
4.425685100,0,1
4.425685600,0,0
4.425690300,1,0
4.425695300,0,0
4.425700500,1,0
4.425705500,0,0
4.425710700,1,0
4.425715700,0,0
4.425720800,1,0
4.425725900,0,0
4.425731000,1,0
4.425736100,0,0
4.425741200,1,0
4.425746200,0,0
4.425751400,1,0
4.425756400,0,0
4.425761600,1,0
4.425766600,0,0
4.425771800,1,0
4.425776800,0,0
4.425781900,1,0
4.425787000,0,0
4.425792100,1,0
4.425797200,0,0
4.425802300,1,0
4.425807400,0,0
4.425812500,1,0
4.425817500,0,0
4.425822700,1,0
4.425827700,0,0
4.425832900,1,0
4.425837900,0,0
4.425843100,1,0
4.425848100,0,0
4.425853200,1,0
4.425858300,0,0
4.425861500,0,1
4.425863400,1,1
4.425868500,0,1
4.425868800,0,0
4.425873600,1,0
4.425878600,0,0
4.425883800,1,0
4.425888800,0,0
4.425894000,1,0
4.425899000,0,0
4.425904200,1,0
4.425909200,0,0
4.425914400,1,0
4.425919400,0,0
4.425924500,1,0
4.425929600,0,0
4.425934700,1,0
4.425939800,0,0
4.425944900,1,0
4.425949900,0,0
4.425955100,1,0
4.425960100,0,0
4.425965300,1,0
4.425970300,0,0
4.425975500,1,0
4.425980500,0,0
4.425985700,1,0
4.425990700,0,0
4.425995800,1,0
4.426000900,0,0
4.426006000,1,0
4.426011100,0,0
4.426016200,1,0
4.426021200,0,0
4.426026400,1,0
4.426031400,0,0
4.426036600,1,0
4.426041600,0,0
4.426044800,0,1
4.426046800,1,1
4.426051800,0,1
4.426052200,0,0
4.426056900,1,0
4.426062000,0,0
4.426067100,1,0
4.426072200,0,0
4.426077300,1,0
4.426082300,0,0
4.426087500,1,0
4.426092500,0,0
4.426097700,1,0
4.426102700,0,0
4.426107900,1,0
4.426112900,0,0
4.426118100,1,0
4.426123100,0,0
4.426123700,0,1
4.426128200,1,1
4.426133300,0,1
4.426134300,0,0
4.426138400,1,0
4.426144600,1,1
4.523074900,1,0
4.523080900,0,0
4.523082100,0,1
4.523086100,1,1
4.523091100,0,1
4.523092100,0,0
4.523096300,1,0
4.523101300,0,0
4.523102500,0,1
4.523106400,1,1
4.523111500,0,1
4.523112500,0,0
4.523116600,1,0
4.523121700,0,0
4.523122900,0,1
4.523126800,1,1
4.523131900,0,1
4.523132900,0,0
4.523137000,1,0
4.523142000,0,0
4.523147200,1,0
4.523152200,0,0
4.523157400,1,0
4.523162400,0,0
4.523167600,1,0
4.523172600,0,0
4.523177800,1,0
4.523182800,0,0
4.523184000,0,1
4.523187900,1,1
4.523193000,0,1
4.523194000,0,0
4.523198100,1,0
4.523203200,0,0
4.523208300,1,0
4.523213300,0,0
4.523218500,1,0
4.523223500,0,0
4.523228700,1,0
4.523233700,0,0
4.523238900,1,0
4.523243900,0,0
4.523249000,1,0
4.523254100,0,0
4.523259200,1,0
4.523264300,0,0
4.523264900,0,1
4.523269400,1,1
4.523276500,1,0
4.523282500,0,0
4.523283600,0,1
4.523287600,1,1
4.523292600,0,1
4.523293600,0,0
4.523297800,1,0
4.523302800,0,0
4.523304000,0,1
4.523308000,1,1
4.523313000,0,1
4.523314000,0,0
4.523318200,1,0
4.523323200,0,0
4.523324400,0,1
4.523328300,1,1
4.523333400,0,1
4.523334400,0,0
4.523338500,1,0
4.523343600,0,0
4.523348700,1,0
4.523353700,0,0
4.523354900,0,1
4.523358900,1,1
4.523363900,0,1
4.523364400,0,0
4.523369100,1,0
4.523374100,0,0
4.523379300,1,0
4.523384300,0,0
4.523389500,1,0
4.523394500,0,0
4.523399600,1,0
4.523404700,0,0
4.523409800,1,0
4.523414900,0,0
4.523415500,0,1
4.523420000,1,1
4.523425000,0,1
4.523430200,1,1
4.523435200,0,1
4.523440400,1,1
4.523445400,0,1
4.523450600,1,1
4.523455600,0,1
4.523460700,1,1
4.523465800,0,1
4.523466800,0,0
4.523470900,1,0
4.523477100,1,1
4.523543000,1,0
4.523549000,0,0
4.523550100,0,1
4.523554100,1,1
4.523559200,0,1
4.523560200,0,0
4.523564300,1,0
4.523569300,0,0
4.523570500,0,1
4.523574500,1,1
4.523579500,0,1
4.523580500,0,0
4.523584700,1,0
4.523589700,0,0
4.523590900,0,1
4.523594900,1,1
4.523599900,0,1
4.523600900,0,0
4.523605000,1,0
4.523610100,0,0
4.523615200,1,0
4.523620300,0,0
4.523625400,1,0
4.523630400,0,0
4.523635600,1,0
4.523640600,0,0
4.523645800,1,0
4.523650800,0,0
4.523652000,0,1
4.523656000,1,1
4.523661000,0,1
4.523662000,0,0
4.523666200,1,0
4.523671200,0,0
4.523672400,0,1
4.523676300,1,1
4.523681400,0,1
4.523682400,0,0
4.523686500,1,0
4.523691600,0,0
4.523696700,1,0
4.523701700,0,0
4.523706900,1,0
4.523711900,0,0
4.523717100,1,0
4.523722100,0,0
4.523727300,1,0
4.523732300,0,0
4.523732900,0,1
4.523737400,1,1
4.523744500,1,0
4.523750500,0,0
4.523751700,0,1
4.523755600,1,1
4.523760700,0,1
4.523761700,0,0
4.523765800,1,0
4.523770900,0,0
4.523772000,0,1
4.523776000,1,1
4.523781000,0,1
4.523782000,0,0
4.523786200,1,0
4.523791200,0,0
4.523792400,0,1
4.523796400,1,1
4.523801400,0,1
4.523802400,0,0
4.523806600,1,0
4.523811600,0,0
4.523816700,1,0
4.523821800,0,0
4.523823000,0,1
4.523826900,1,1
4.523832000,0,1
4.523832400,0,0
4.523837100,1,0
4.523842200,0,0
4.523847300,1,0
4.523852300,0,0
4.523857500,1,0
4.523862500,0,0
4.523867700,1,0
4.523872700,0,0
4.523877900,1,0
4.523882900,0,0
4.523888000,1,0
4.523893100,0,0
4.523898200,1,0
4.523903300,0,0
4.523908400,1,0
4.523913400,0,0
4.523918600,1,0
4.523923600,0,0
4.523928800,1,0
4.523933800,0,0
4.523937000,0,1
4.523939000,1,1
4.523944000,0,1
4.523944400,0,0
4.523949200,1,0
4.523954200,0,0
4.523959300,1,0
4.523964400,0,0
4.523969500,1,0
4.523974600,0,0
4.523979700,1,0
4.523984700,0,0
4.523989900,1,0
4.523994900,0,0
4.524000100,1,0
4.524005100,0,0
4.524010300,1,0
4.524015300,0,0
4.524020500,1,0
4.524025500,0,0
4.524030600,1,0
4.524035700,0,0
4.524040800,1,0
4.524045900,0,0
4.524051000,1,0
4.524056000,0,0
4.524061200,1,0
4.524066200,0,0
4.524071400,1,0
4.524076400,0,0
4.524081600,1,0
4.524086600,0,0
4.524091700,1,0
4.524096800,0,0
4.524101900,1,0
4.524107000,0,0
4.524112100,1,0
4.524117200,0,0
4.524120400,0,1
4.524122300,1,1
4.524127300,0,1
4.524127700,0,0
4.524132500,1,0
4.524137500,0,0
4.524142700,1,0
4.524147700,0,0
4.524152900,1,0
4.524157900,0,0
4.524163000,1,0
4.524168100,0,0
4.524173200,1,0
4.524178300,0,0
4.524183400,1,0
4.524188400,0,0
4.524193600,1,0
4.524198600,0,0
4.524203800,1,0
4.524208800,0,0
4.524214000,1,0
4.524219000,0,0
4.524224200,1,0
4.524229200,0,0
4.524234300,1,0
4.524239400,0,0
4.524244500,1,0
4.524249600,0,0
4.524254700,1,0
4.524259700,0,0
4.524264900,1,0
4.524269900,0,0
4.524275100,1,0
4.524280100,0,0
4.524285300,1,0
4.524290300,0,0
4.524295400,1,0
4.524300500,0,0
4.524303700,0,1
4.524305600,1,1
4.524310700,0,1
4.524311100,0,0
4.524315800,1,0
4.524320900,0,0
4.524326000,1,0
4.524331000,0,0
4.524336200,1,0
4.524341200,0,0
4.524346400,1,0
4.524351400,0,0
4.524356600,1,0
4.524361600,0,0
4.524366700,1,0
4.524371800,0,0
4.524376900,1,0
4.524382000,0,0
4.524382600,0,1
4.524387100,1,1
4.524392100,0,1
4.524393100,0,0
4.524397300,1,0
4.524403500,1,1
4.622275800,1,0
4.622281800,0,0
4.622283000,0,1
4.622286900,1,1
4.622292000,0,1
4.622293000,0,0
4.622297100,1,0
4.622302200,0,0
4.622303400,0,1
4.622307300,1,1
4.622312400,0,1
4.622313400,0,0
4.622317500,1,0
4.622322500,0,0
4.622323700,0,1
4.622327700,1,1
4.622332700,0,1
4.622333700,0,0
4.622337900,1,0
4.622342900,0,0
4.622348100,1,0
4.622353100,0,0
4.622358200,1,0
4.622363300,0,0
4.622368400,1,0
4.622373500,0,0
4.622378600,1,0
4.622383700,0,0
4.622384900,0,1
4.622388800,1,1
4.622393800,0,1
4.622394800,0,0
4.622399000,1,0
4.622404000,0,0
4.622409200,1,0
4.622414200,0,0
4.622419400,1,0
4.622424400,0,0
4.622429500,1,0
4.622434600,0,0
4.622439700,1,0
4.622444800,0,0
4.622449900,1,0
4.622454900,0,0
4.622460100,1,0
4.622465100,0,0
4.622465800,0,1
4.622470300,1,1
4.622477300,1,0
4.622483300,0,0
4.622484500,0,1
4.622488500,1,1
4.622493500,0,1
4.622494500,0,0
4.622498600,1,0
4.622503700,0,0
4.622504900,0,1
4.622508800,1,1
4.622513900,0,1
4.622514900,0,0
4.622519000,1,0
4.622524100,0,0
4.622525200,0,1
4.622529200,1,1
4.622534200,0,1
4.622535200,0,0
4.622539400,1,0
4.622544400,0,0
4.622549600,1,0
4.622554600,0,0
4.622555800,0,1
4.622559800,1,1
4.622564800,0,1
4.622565200,0,0
4.622570000,1,0
4.622575000,0,0
4.622580100,1,0
4.622585200,0,0
4.622590300,1,0
4.622595400,0,0
4.622600500,1,0
4.622605500,0,0
4.622610700,1,0
4.622615700,0,0
4.622616300,0,1
4.622620900,1,1
4.622625900,0,1
4.622631100,1,1
4.622636100,0,1
4.622641200,1,1
4.622646300,0,1
4.622651400,1,1
4.622656500,0,1
4.622661600,1,1
4.622666700,0,1
4.622667700,0,0
4.622671800,1,0
4.622678000,1,1
4.622744800,1,0
4.622750800,0,0
4.622752000,0,1
4.622756000,1,1
4.622761000,0,1
4.622762000,0,0
4.622766200,1,0
4.622771200,0,0
4.622772400,0,1
4.622776400,1,1
4.622781400,0,1
4.622782400,0,0
4.622786500,1,0
4.622791600,0,0
4.622792800,0,1
4.622796700,1,1
4.622801800,0,1
4.622802800,0,0
4.622806900,1,0
4.622811900,0,0
4.622817100,1,0
4.622822100,0,0
4.622827300,1,0
4.622832300,0,0
4.622837500,1,0
4.622842500,0,0
4.622847700,1,0
4.622852700,0,0
4.622853900,0,1
4.622857800,1,1
4.622862900,0,1
4.622863900,0,0
4.622868000,1,0
4.622873100,0,0
4.622874200,0,1
4.622878200,1,1
4.622883200,0,1
4.622884200,0,0
4.622888400,1,0
4.622893400,0,0
4.622898600,1,0
4.622903600,0,0
4.622908800,1,0
4.622913800,0,0
4.622919000,1,0
4.622924000,0,0
4.622929100,1,0
4.622934200,0,0
4.622934800,0,1
4.622939300,1,1
4.622946400,1,0
4.622952400,0,0
4.622953500,0,1
4.622957500,1,1
4.622962500,0,1
4.622963500,0,0
4.622967700,1,0
4.622972700,0,0
4.622973900,0,1
4.622977900,1,1
4.622982900,0,1
4.622983900,0,0
4.622988100,1,0
4.622993100,0,0
4.622994300,0,1
4.622998200,1,1
4.623003300,0,1
4.623004300,0,0
4.623008400,1,0
4.623013500,0,0
4.623018600,1,0
4.623023600,0,0
4.623024900,0,1
4.623028800,1,1
4.623033800,0,1
4.623034300,0,0
4.623039000,1,0
4.623044000,0,0
4.623049200,1,0
4.623054200,0,0
4.623059400,1,0
4.623064400,0,0
4.623069500,1,0
4.623074600,0,0
4.623079700,1,0
4.623084800,0,0
4.623089900,1,0
4.623094900,0,0
4.623100100,1,0
4.623105100,0,0
4.623110300,1,0
4.623115300,0,0
4.623120500,1,0
4.623125500,0,0
4.623130700,1,0
4.623135700,0,0
4.623138900,0,1
4.623140800,1,1
4.623145900,0,1
4.623146300,0,0
4.623151000,1,0
4.623156100,0,0
4.623161200,1,0
4.623166200,0,0
4.623171400,1,0
4.623176400,0,0
4.623181600,1,0
4.623186600,0,0
4.623191800,1,0
4.623196800,0,0
4.623201900,1,0
4.623207000,0,0
4.623212100,1,0
4.623217200,0,0
4.623222300,1,0
4.623227400,0,0
4.623232500,1,0
4.623237500,0,0
4.623242700,1,0
4.623247700,0,0
4.623252900,1,0
4.623257900,0,0
4.623263100,1,0
4.623268100,0,0
4.623273200,1,0
4.623278300,0,0
4.623283400,1,0
4.623288500,0,0
4.623293600,1,0
4.623298600,0,0
4.623303800,1,0
4.623308800,0,0
4.623314000,1,0
4.623319000,0,0
4.623322200,0,1
4.623324200,1,1
4.623329200,0,1
4.623329700,0,0
4.623334400,1,0
4.623339400,0,0
4.623344500,1,0
4.623349600,0,0
4.623354700,1,0
4.623359800,0,0
4.623364900,1,0
4.623369900,0,0
4.623375100,1,0
4.623380100,0,0
4.623385300,1,0
4.623390300,0,0
4.623395500,1,0
4.623400500,0,0
4.623405600,1,0
4.623410700,0,0
4.623415800,1,0
4.623420900,0,0
4.623426000,1,0
4.623431100,0,0
4.623436200,1,0
4.623441200,0,0
4.623446400,1,0
4.623451400,0,0
4.623456600,1,0
4.623461600,0,0
4.623466800,1,0
4.623471800,0,0
4.623476900,1,0
4.623482000,0,0
4.623487100,1,0
4.623492200,0,0
4.623497300,1,0
4.623502400,0,0
4.623505600,0,1
4.623507500,1,1
4.623512500,0,1
4.623512900,0,0
4.623517700,1,0
4.623522700,0,0
4.623527900,1,0
4.623532900,0,0
4.623538100,1,0
4.623543100,0,0
4.623548200,1,0
4.623553300,0,0
4.623558400,1,0
4.623563500,0,0
4.623568600,1,0
4.623573600,0,0
4.623578800,1,0
4.623583800,0,0
4.623584400,0,1
4.623589000,1,1
4.623594000,0,1
4.623595000,0,0
4.623599200,1,0
4.623605400,1,1
4.720542700,1,0
4.720548700,0,0
4.720549800,0,1
4.720553800,1,1
4.720558900,0,1
4.720559900,0,0
4.720564000,1,0
4.720569000,0,0
4.720570200,0,1
4.720574200,1,1
4.720579200,0,1
4.720580200,0,0
4.720584400,1,0
4.720589400,0,0
4.720590600,0,1
4.720594600,1,1
4.720599600,0,1
4.720600600,0,0
4.720604800,1,0
4.720609800,0,0
4.720614900,1,0
4.720620000,0,0
4.720625100,1,0
4.720630200,0,0
4.720635300,1,0
4.720640300,0,0
4.720645500,1,0
4.720650500,0,0
4.720651700,0,1
4.720655700,1,1
4.720660700,0,1
4.720661700,0,0
4.720665900,1,0
4.720670900,0,0
4.720676000,1,0
4.720681100,0,0
4.720686200,1,0
4.720691300,0,0
4.720696400,1,0
4.720701500,0,0
4.720706600,1,0
4.720711600,0,0
4.720716800,1,0
4.720721800,0,0
4.720727000,1,0
4.720732000,0,0
4.720732600,0,1
4.720737200,1,1
4.720744200,1,0
4.720750200,0,0
4.720751400,0,1
4.720755300,1,1
4.720760400,0,1
4.720761400,0,0
4.720765500,1,0
4.720770600,0,0
4.720771700,0,1
4.720775700,1,1
4.720780700,0,1
4.720781700,0,0
4.720785900,1,0
4.720790900,0,0
4.720792100,0,1
4.720796100,1,1
4.720801100,0,1
4.720802100,0,0
4.720806300,1,0
4.720811300,0,0
4.720816500,1,0
4.720821500,0,0
4.720822700,0,1
4.720826600,1,1
4.720831700,0,1
4.720832100,0,0
4.720836800,1,0
4.720841900,0,0
4.720847000,1,0
4.720852000,0,0
4.720857200,1,0
4.720862200,0,0
4.720867400,1,0
4.720872400,0,0
4.720877600,1,0
4.720882600,0,0
4.720883200,0,1
4.720887700,1,1
4.720892800,0,1
4.720897900,1,1
4.720903000,0,1
4.720908100,1,1
4.720913200,0,1
4.720918300,1,1
4.720923300,0,1
4.720928500,1,1
4.720933500,0,1
4.720934500,0,0
4.720938700,1,0
4.720944900,1,1
4.721003700,1,0
4.721009700,0,0
4.721010900,0,1
4.721014800,1,1
4.721019900,0,1
4.721020900,0,0
4.721025000,1,0
4.721030100,0,0
4.721031300,0,1
4.721035200,1,1
4.721040300,0,1
4.721041300,0,0
4.721045400,1,0
4.721050400,0,0
4.721051600,0,1
4.721055600,1,1
4.721060600,0,1
4.721061600,0,0
4.721065800,1,0
4.721070800,0,0
4.721076000,1,0
4.721081000,0,0
4.721086200,1,0
4.721091200,0,0
4.721096300,1,0
4.721101400,0,0
4.721106500,1,0
4.721111600,0,0
4.721112800,0,1
4.721116700,1,1
4.721121700,0,1
4.721122700,0,0
4.721126900,1,0
4.721131900,0,0
4.721133100,0,1
4.721137100,1,1
4.721142100,0,1
4.721143100,0,0
4.721147300,1,0
4.721152300,0,0
4.721157500,1,0
4.721162500,0,0
4.721167600,1,0
4.721172700,0,0
4.721177800,1,0
4.721182900,0,0
4.721188000,1,0
4.721193000,0,0
4.721193600,0,1
4.721198200,1,1
4.721205200,1,0
4.721211200,0,0
4.721212400,0,1
4.721216400,1,1
4.721221400,0,1
4.721222400,0,0
4.721226600,1,0
4.721231600,0,0
4.721232800,0,1
4.721236700,1,1
4.721241800,0,1
4.721242800,0,0
4.721246900,1,0
4.721252000,0,0
4.721253200,0,1
4.721257100,1,1
4.721262200,0,1
4.721263200,0,0
4.721267300,1,0
4.721272300,0,0
4.721277500,1,0
4.721282500,0,0
4.721283700,0,1
4.721287700,1,1
4.721292700,0,1
4.721293100,0,0
4.721297900,1,0
4.721302900,0,0
4.721308000,1,0
4.721313100,0,0
4.721318200,1,0
4.721323300,0,0
4.721328400,1,0
4.721333400,0,0
4.721338600,1,0
4.721343600,0,0
4.721348800,1,0
4.721353800,0,0
4.721359000,1,0
4.721364000,0,0
4.721369200,1,0
4.721374200,0,0
4.721379300,1,0
4.721384400,0,0
4.721389500,1,0
4.721394600,0,0
4.721397800,0,1
4.721399700,1,1
4.721404700,0,1
4.721405100,0,0
4.721409900,1,0
4.721414900,0,0
4.721420100,1,0
4.721425100,0,0
4.721430300,1,0
4.721435300,0,0
4.721440500,1,0
4.721445500,0,0
4.721450600,1,0
4.721455700,0,0
4.721460800,1,0
4.721465900,0,0
4.721471000,1,0
4.721476000,0,0
4.721481200,1,0
4.721486200,0,0
4.721491400,1,0
4.721496400,0,0
4.721501600,1,0
4.721506600,0,0
4.721511700,1,0
4.721516800,0,0
4.721521900,1,0
4.721527000,0,0
4.721532100,1,0
4.721537200,0,0
4.721542300,1,0
4.721547300,0,0
4.721552500,1,0
4.721557500,0,0
4.721562700,1,0
4.721567700,0,0
4.721572900,1,0
4.721577900,0,0
4.721581100,0,1
4.721583000,1,1
4.721588100,0,1
4.721588500,0,0
4.721593200,1,0
4.721598300,0,0
4.721603400,1,0
4.721608400,0,0
4.721613600,1,0
4.721618600,0,0
4.721623800,1,0
4.721628800,0,0
4.721634000,1,0
4.721639000,0,0
4.721644200,1,0
4.721649200,0,0
4.721654300,1,0
4.721659400,0,0
4.721664500,1,0
4.721669600,0,0
4.721674700,1,0
4.721679700,0,0
4.721684900,1,0
4.721689900,0,0
4.721695100,1,0
4.721700100,0,0
4.721705300,1,0
4.721710300,0,0
4.721715400,1,0
4.721720500,0,0
4.721725600,1,0
4.721730700,0,0
4.721735800,1,0
4.721740900,0,0
4.721746000,1,0
4.721751000,0,0
4.721756200,1,0
4.721761200,0,0
4.721764400,0,1
4.721766400,1,1
4.721771400,0,1
4.721771800,0,0
4.721776600,1,0
4.721781600,0,0
4.721786700,1,0
4.721791800,0,0
4.721796900,1,0
4.721802000,0,0
4.721807100,1,0
4.721812100,0,0
4.721817300,1,0
4.721822300,0,0
4.721827500,1,0
4.721832500,0,0
4.721837700,1,0
4.721842700,0,0
4.721843300,0,1
4.721847900,1,1
4.721852900,0,1
4.721853900,0,0
4.721858000,1,0
4.721864300,1,1
4.818832500,1,0
4.818838500,0,0
4.818839700,0,1
4.818843700,1,1
4.818848700,0,1
4.818849700,0,0
4.818853900,1,0
4.818858900,0,0
4.818860100,0,1
4.818864100,1,1
4.818869100,0,1
4.818870100,0,0
4.818874200,1,0
4.818879300,0,0
4.818880500,0,1
4.818884400,1,1
4.818889500,0,1
4.818890500,0,0
4.818894600,1,0
4.818899700,0,0
4.818904800,1,0
4.818909800,0,0
4.818915000,1,0
4.818920000,0,0
4.818925200,1,0
4.818930200,0,0
4.818935400,1,0
4.818940400,0,0
4.818941600,0,1
4.818945500,1,1
4.818950600,0,1
4.818951600,0,0
4.818955700,1,0
4.818960800,0,0
4.818965900,1,0
4.818971000,0,0
4.818976100,1,0
4.818981100,0,0
4.818986300,1,0
4.818991300,0,0
4.818996500,1,0
4.819001500,0,0
4.819006700,1,0
4.819011700,0,0
4.819016800,1,0
4.819021900,0,0
4.819022500,0,1
4.819027000,1,1
4.819034100,1,0
4.819040100,0,0
4.819041200,0,1
4.819045200,1,1
4.819050200,0,1
4.819051200,0,0
4.819055400,1,0
4.819060400,0,0
4.819061600,0,1
4.819065600,1,1
4.819070600,0,1
4.819071600,0,0
4.819075800,1,0
4.819080800,0,0
4.819082000,0,1
4.819086000,1,1
4.819091000,0,1
4.819092000,0,0
4.819096100,1,0
4.819101200,0,0
4.819106300,1,0
4.819111400,0,0
4.819112600,0,1
4.819116500,1,1
4.819121500,0,1
4.819122000,0,0
4.819126700,1,0
4.819131700,0,0
4.819136900,1,0
4.819141900,0,0
4.819147100,1,0
4.819152100,0,0
4.819157200,1,0
4.819162300,0,0
4.819167400,1,0
4.819172500,0,0
4.819173100,0,1
4.819177600,1,1
4.819182700,0,1
4.819187800,1,1
4.819192800,0,1
4.819198000,1,1
4.819203000,0,1
4.819208200,1,1
4.819213200,0,1
4.819218400,1,1
4.819223400,0,1
4.819224400,0,0
4.819228500,1,0
4.819234700,1,1
4.819293600,1,0
4.819299600,0,0
4.819300700,0,1
4.819304700,1,1
4.819309800,0,1
4.819310800,0,0
4.819314900,1,0
4.819320000,0,0
4.819321100,0,1
4.819325100,1,1
4.819330100,0,1
4.819331100,0,0
4.819335300,1,0
4.819340300,0,0
4.819341500,0,1
4.819345500,1,1
4.819350500,0,1
4.819351500,0,0
4.819355700,1,0
4.819360700,0,0
4.819365800,1,0
4.819370900,0,0
4.819376000,1,0
4.819381100,0,0
4.819386200,1,0
4.819391200,0,0
4.819396400,1,0
4.819401400,0,0
4.819402600,0,1
4.819406600,1,1
4.819411600,0,1
4.819412600,0,0
4.819416800,1,0
4.819421800,0,0
4.819423000,0,1
4.819427000,1,1
4.819432000,0,1
4.819433000,0,0
4.819437100,1,0
4.819442200,0,0
4.819447300,1,0
4.819452400,0,0
4.819457500,1,0
4.819462500,0,0
4.819467700,1,0
4.819472700,0,0
4.819477900,1,0
4.819482900,0,0
4.819483600,0,1
4.819488100,1,1
4.819495100,1,0
4.819501100,0,0
4.819502300,0,1
4.819506200,1,1
4.819511300,0,1
4.819512300,0,0
4.819516400,1,0
4.819521500,0,0
4.819522700,0,1
4.819526600,1,1
4.819531700,0,1
4.819532700,0,0
4.819536800,1,0
4.819541800,0,0
4.819543000,0,1
4.819547000,1,1
4.819552000,0,1
4.819553000,0,0
4.819557200,1,0
4.819562200,0,0
4.819567400,1,0
4.819572400,0,0
4.819573600,0,1
4.819577500,1,1
4.819582600,0,1
4.819583000,0,0
4.819587700,1,0
4.819592800,0,0
4.819597900,1,0
4.819602900,0,0
4.819608100,1,0
4.819613100,0,0
4.819618300,1,0
4.819623300,0,0
4.819628500,1,0
4.819633500,0,0
4.819638700,1,0
4.819643700,0,0
4.819648800,1,0
4.819653900,0,0
4.819659000,1,0
4.819664100,0,0
4.819669200,1,0
4.819674200,0,0
4.819679400,1,0
4.819684400,0,0
4.819687600,0,1
4.819689600,1,1
4.819694600,0,1
4.819695000,0,0
4.819699800,1,0
4.819704800,0,0
4.819710000,1,0
4.819715000,0,0
4.819720100,1,0
4.819725200,0,0
4.819730300,1,0
4.819735400,0,0
4.819740500,1,0
4.819745500,0,0
4.819750700,1,0
4.819755700,0,0
4.819760900,1,0
4.819765900,0,0
4.819771100,1,0
4.819776100,0,0
4.819781200,1,0
4.819786300,0,0
4.819791400,1,0
4.819796500,0,0
4.819801600,1,0
4.819806700,0,0
4.819811800,1,0
4.819816800,0,0
4.819822000,1,0
4.819827000,0,0
4.819832200,1,0
4.819837200,0,0
4.819842400,1,0
4.819847400,0,0
4.819852500,1,0
4.819857600,0,0
4.819862700,1,0
4.819867800,0,0
4.819871000,0,1
4.819872900,1,1
4.819877900,0,1
4.819878400,0,0
4.819883100,1,0
4.819888100,0,0
4.819893300,1,0
4.819898300,0,0
4.819903500,1,0
4.819908500,0,0
4.819913700,1,0
4.819918700,0,0
4.819923800,1,0
4.819928900,0,0
4.819934000,1,0
4.819939100,0,0
4.819944200,1,0
4.819949200,0,0
4.819954400,1,0
4.819959400,0,0
4.819964600,1,0
4.819969600,0,0
4.819974800,1,0
4.819979800,0,0
4.819984900,1,0
4.819990000,0,0
4.819995100,1,0
4.820000200,0,0
4.820005300,1,0
4.820010400,0,0
4.820015500,1,0
4.820020500,0,0
4.820025700,1,0
4.820030700,0,0
4.820035900,1,0
4.820040900,0,0
4.820046100,1,0
4.820051100,0,0
4.820054300,0,1
4.820056200,1,1
4.820061300,0,1
4.820061700,0,0
4.820066400,1,0
4.820071500,0,0
4.820076600,1,0
4.820081600,0,0
4.820086800,1,0
4.820091800,0,0
4.820097000,1,0
4.820102000,0,0
4.820107200,1,0
4.820112200,0,0
4.820117400,1,0
4.820122400,0,0
4.820127500,1,0
4.820132600,0,0
4.820133200,0,1
4.820137700,1,1
4.820142800,0,1
4.820143800,0,0
4.820147900,1,0
4.820154100,1,1
4.918001400,1,0
4.918007400,0,0
4.918008600,0,1
4.918012500,1,1
4.918017600,0,1
4.918018600,0,0
4.918022700,1,0
4.918027800,0,0
4.918029000,0,1
4.918032900,1,1
4.918038000,0,1
4.918039000,0,0
4.918043100,1,0
4.918048200,0,0
4.918049300,0,1
4.918053300,1,1
4.918058300,0,1
4.918059300,0,0
4.918063500,1,0
4.918068500,0,0
4.918073700,1,0
4.918078700,0,0
4.918083900,1,0
4.918088900,0,0
4.918094000,1,0
4.918099100,0,0
4.918104200,1,0
4.918109300,0,0
4.918110500,0,1
4.918114400,1,1
4.918119400,0,1
4.918120400,0,0
4.918124600,1,0
4.918129600,0,0
4.918134800,1,0
4.918139800,0,0
4.918145000,1,0
4.918150000,0,0
4.918155200,1,0
4.918160200,0,0
4.918165300,1,0
4.918170400,0,0
4.918175500,1,0
4.918180600,0,0
4.918185700,1,0
4.918190700,0,0
4.918191400,0,1
4.918195900,1,1
4.918202900,1,0
4.918208900,0,0
4.918210100,0,1
4.918214100,1,1
4.918219100,0,1
4.918220100,0,0
4.918224300,1,0
4.918229300,0,0
4.918230500,0,1
4.918234400,1,1
4.918239500,0,1
4.918240500,0,0
4.918244600,1,0
4.918249700,0,0
4.918250900,0,1
4.918254800,1,1
4.918259900,0,1
4.918260900,0,0
4.918265000,1,0
4.918270000,0,0
4.918275200,1,0
4.918280200,0,0
4.918281400,0,1
4.918285400,1,1
4.918290400,0,1
4.918290900,0,0
4.918295600,1,0
4.918300600,0,0
4.918305700,1,0
4.918310800,0,0
4.918315900,1,0
4.918321000,0,0
4.918326100,1,0
4.918331200,0,0
4.918336300,1,0
4.918341300,0,0
4.918342000,0,1
4.918346500,1,1
4.918351500,0,1
4.918356700,1,1
4.918361700,0,1
4.918366900,1,1
4.918371900,0,1
4.918377000,1,1
4.918382100,0,1
4.918387200,1,1
4.918392300,0,1
4.918393300,0,0
4.918397400,1,0
4.918403600,1,1
4.918461400,1,0
4.918467400,0,0
4.918468600,0,1
4.918472600,1,1
4.918477600,0,1
4.918478600,0,0
4.918482800,1,0
4.918487800,0,0
4.918489000,0,1
4.918493000,1,1
4.918498000,0,1
4.918499000,0,0
4.918503200,1,0
4.918508200,0,0
4.918509400,0,1
4.918513300,1,1
4.918518400,0,1
4.918519400,0,0
4.918523500,1,0
4.918528600,0,0
4.918533700,1,0
4.918538700,0,0
4.918543900,1,0
4.918548900,0,0
4.918554100,1,0
4.918559100,0,0
4.918564300,1,0
4.918569300,0,0
4.918570500,0,1
4.918574400,1,1
4.918579500,0,1
4.918580500,0,0
4.918584600,1,0
4.918589700,0,0
4.918590900,0,1
4.918594800,1,1
4.918599900,0,1
4.918600900,0,0
4.918605000,1,0
4.918610000,0,0
4.918615200,1,0
4.918620200,0,0
4.918625400,1,0
4.918630400,0,0
4.918635600,1,0
4.918640600,0,0
4.918645700,1,0
4.918650800,0,0
4.918651400,0,1
4.918655900,1,1
4.918663000,1,0
4.918669000,0,0
4.918670100,0,1
4.918674100,1,1
4.918679100,0,1
4.918680100,0,0
4.918684300,1,0
4.918689300,0,0
4.918690500,0,1
4.918694500,1,1
4.918699500,0,1
4.918700500,0,0
4.918704700,1,0
4.918709700,0,0
4.918710900,0,1
4.918714900,1,1
4.918719900,0,1
4.918720900,0,0
4.918725000,1,0
4.918730100,0,0
4.918735200,1,0
4.918740300,0,0
4.918741500,0,1
4.918745400,1,1
4.918750400,0,1
4.918750800,0,0
4.918755600,1,0
4.918760600,0,0
4.918765800,1,0
4.918770800,0,0
4.918776000,1,0
4.918781000,0,0
4.918786200,1,0
4.918791200,0,0
4.918796300,1,0
4.918801400,0,0
4.918806500,1,0
4.918811600,0,0
4.918816700,1,0
4.918821700,0,0
4.918826900,1,0
4.918831900,0,0
4.918837100,1,0
4.918842100,0,0
4.918847300,1,0
4.918852300,0,0
4.918855500,0,1
4.918857400,1,1
4.918862500,0,1
4.918862900,0,0
4.918867600,1,0
4.918872700,0,0
4.918877800,1,0
4.918882900,0,0
4.918888000,1,0
4.918893000,0,0
4.918898200,1,0
4.918903200,0,0
4.918908400,1,0
4.918913400,0,0
4.918918600,1,0
4.918923600,0,0
4.918928700,1,0
4.918933800,0,0
4.918938900,1,0
4.918944000,0,0
4.918949100,1,0
4.918954100,0,0
4.918959300,1,0
4.918964300,0,0
4.918969500,1,0
4.918974500,0,0
4.918979700,1,0
4.918984700,0,0
4.918989900,1,0
4.918994900,0,0
4.919000000,1,0
4.919005100,0,0
4.919010200,1,0
4.919015300,0,0
4.919020400,1,0
4.919025400,0,0
4.919030600,1,0
4.919035600,0,0
4.919038800,0,1
4.919040800,1,1
4.919045800,0,1
4.919046200,0,0
4.919051000,1,0
4.919056000,0,0
4.919061100,1,0
4.919066200,0,0
4.919071300,1,0
4.919076400,0,0
4.919081500,1,0
4.919086600,0,0
4.919091700,1,0
4.919096700,0,0
4.919101900,1,0
4.919106900,0,0
4.919112100,1,0
4.919117100,0,0
4.919122300,1,0
4.919127300,0,0
4.919132400,1,0
4.919137500,0,0
4.919142600,1,0
4.919147700,0,0
4.919152800,1,0
4.919157800,0,0
4.919163000,1,0
4.919168000,0,0
4.919173200,1,0
4.919178200,0,0
4.919183400,1,0
4.919188400,0,0
4.919193600,1,0
4.919198600,0,0
4.919203700,1,0
4.919208800,0,0
4.919213900,1,0
4.919219000,0,0
4.919222200,0,1
4.919224100,1,1
4.919229100,0,1
4.919229500,0,0
4.919234300,1,0
4.919239300,0,0
4.919244500,1,0
4.919249500,0,0
4.919254700,1,0
4.919259700,0,0
4.919264900,1,0
4.919269900,0,0
4.919275000,1,0
4.919280100,0,0
4.919285200,1,0
4.919290300,0,0
4.919295400,1,0
4.919300400,0,0
4.919301100,0,1
4.919305600,1,1
4.919310600,0,1
4.919311600,0,0
4.919315800,1,0
4.919322000,1,1
5.016276300,1,0
5.016282300,0,0
5.016283400,0,1
5.016287400,1,1
5.016292500,0,1
5.016293500,0,0
5.016297600,1,0
5.016302700,0,0
5.016303800,0,1
5.016307800,1,1
5.016312800,0,1
5.016313800,0,0
5.016318000,1,0
5.016323000,0,0
5.016324200,0,1
5.016328200,1,1
5.016333200,0,1
5.016334200,0,0
5.016338400,1,0
5.016343400,0,0
5.016348500,1,0
5.016353600,0,0
5.016358700,1,0
5.016363800,0,0
5.016368900,1,0
5.016373900,0,0
5.016379100,1,0
5.016384100,0,0
5.016385300,0,1
5.016389300,1,1
5.016394300,0,1
5.016395300,0,0
5.016399500,1,0
5.016404500,0,0
5.016409700,1,0
5.016414700,0,0
5.016419800,1,0
5.016424900,0,0
5.016430000,1,0
5.016435100,0,0
5.016440200,1,0
5.016445200,0,0
5.016450400,1,0
5.016455400,0,0
5.016460600,1,0
5.016465600,0,0
5.016466200,0,1
5.016470800,1,1
5.016477800,1,0
5.016483800,0,0
5.016485000,0,1
5.016488900,1,1
5.016494000,0,1
5.016495000,0,0
5.016499100,1,0
5.016504200,0,0
5.016505400,0,1
5.016509300,1,1
5.016514400,0,1
5.016515400,0,0
5.016519500,1,0
5.016524500,0,0
5.016525700,0,1
5.016529700,1,1
5.016534700,0,1
5.016535700,0,0
5.016539900,1,0
5.016544900,0,0
5.016550100,1,0
5.016555100,0,0
5.016556300,0,1
5.016560200,1,1
5.016565300,0,1
5.016565700,0,0
5.016570400,1,0
5.016575500,0,0
5.016580600,1,0
5.016585600,0,0
5.016590800,1,0
5.016595800,0,0
5.016601000,1,0
5.016606000,0,0
5.016611200,1,0
5.016616200,0,0
5.016616900,0,1
5.016621400,1,1
5.016626400,0,1
5.016631500,1,1
5.016636600,0,1
5.016641700,1,1
5.016646800,0,1
5.016651900,1,1
5.016656900,0,1
5.016662100,1,1
5.016667100,0,1
5.016668100,0,0
5.016672300,1,0
5.016678500,1,1
5.016737300,1,0
5.016743300,0,0
5.016744500,0,1
5.016748400,1,1
5.016753500,0,1
5.016754500,0,0
5.016758600,1,0
5.016763700,0,0
5.016764900,0,1
5.016768800,1,1
5.016773900,0,1
5.016774900,0,0
5.016779000,1,0
5.016784100,0,0
5.016785200,0,1
5.016789200,1,1
5.016794200,0,1
5.016795200,0,0
5.016799400,1,0
5.016804400,0,0
5.016809600,1,0
5.016814600,0,0
5.016819800,1,0
5.016824800,0,0
5.016829900,1,0
5.016835000,0,0
5.016840100,1,0
5.016845200,0,0
5.016846400,0,1
5.016850300,1,1
5.016855400,0,1
5.016856400,0,0
5.016860500,1,0
5.016865500,0,0
5.016866700,0,1
5.016870700,1,1
5.016875700,0,1
5.016876700,0,0
5.016880900,1,0
5.016885900,0,0
5.016891100,1,0
5.016896100,0,0
5.016901200,1,0
5.016906300,0,0
5.016911400,1,0
5.016916500,0,0
5.016921600,1,0
5.016926600,0,0
5.016927200,0,1
5.016931800,1,1
5.016938800,1,0
5.016944800,0,0
5.016946000,0,1
5.016950000,1,1
5.016955000,0,1
5.016956000,0,0
5.016960200,1,0
5.016965200,0,0
5.016966400,0,1
5.016970400,1,1
5.016975400,0,1
5.016976400,0,0
5.016980500,1,0
5.016985600,0,0
5.016986800,0,1
5.016990700,1,1
5.016995800,0,1
5.016996800,0,0
5.017000900,1,0
5.017005900,0,0
5.017011100,1,0
5.017016100,0,0
5.017017300,0,1
5.017021300,1,1
5.017026300,0,1
5.017026700,0,0
5.017031500,1,0
5.017036500,0,0
5.017041700,1,0
5.017046700,0,0
5.017051800,1,0
5.017056900,0,0
5.017062000,1,0
5.017067100,0,0
5.017072200,1,0
5.017077200,0,0
5.017082400,1,0
5.017087400,0,0
5.017092600,1,0
5.017097600,0,0
5.017102800,1,0
5.017107800,0,0
5.017112900,1,0
5.017118000,0,0
5.017123100,1,0
5.017128200,0,0
5.017131400,0,1
5.017133300,1,1
5.017138400,0,1
5.017138800,0,0
5.017143500,1,0
5.017148500,0,0
5.017153700,1,0
5.017158700,0,0
5.017163900,1,0
5.017168900,0,0
5.017174100,1,0
5.017179100,0,0
5.017184200,1,0
5.017189300,0,0
5.017194400,1,0
5.017199500,0,0
5.017204600,1,0
5.017209600,0,0
5.017214800,1,0
5.017219800,0,0
5.017225000,1,0
5.017230000,0,0
5.017235200,1,0
5.017240200,0,0
5.017245400,1,0
5.017250400,0,0
5.017255500,1,0
5.017260600,0,0
5.017265700,1,0
5.017270800,0,0
5.017275900,1,0
5.017280900,0,0
5.017286100,1,0
5.017291100,0,0
5.017296300,1,0
5.017301300,0,0
5.017306500,1,0
5.017311500,0,0
5.017314700,0,1
5.017316600,1,1
5.017321700,0,1
5.017322100,0,0
5.017326800,1,0
5.017331900,0,0
5.017337000,1,0
5.017342100,0,0
5.017347200,1,0
5.017352200,0,0
5.017357400,1,0
5.017362400,0,0
5.017367600,1,0
5.017372600,0,0
5.017377800,1,0
5.017382800,0,0
5.017387900,1,0
5.017393000,0,0
5.017398100,1,0
5.017403200,0,0
5.017408300,1,0
5.017413300,0,0
5.017418500,1,0
5.017423500,0,0
5.017428700,1,0
5.017433700,0,0
5.017438900,1,0
5.017443900,0,0
5.017449100,1,0
5.017454100,0,0
5.017459200,1,0
5.017464300,0,0
5.017469400,1,0
5.017474500,0,0
5.017479600,1,0
5.017484600,0,0
5.017489800,1,0
5.017494800,0,0
5.017498000,0,1
5.017500000,1,1
5.017505000,0,1
5.017505400,0,0
5.017510200,1,0
5.017515200,0,0
5.017520400,1,0
5.017525400,0,0
5.017530500,1,0
5.017535600,0,0
5.017540700,1,0
5.017545800,0,0
5.017550900,1,0
5.017555900,0,0
5.017561100,1,0
5.017566100,0,0
5.017571300,1,0
5.017576300,0,0
5.017576900,0,1
5.017581500,1,1
5.017586500,0,1
5.017587500,0,0
5.017591600,1,0
5.017597900,1,1
5.114523200,1,0
5.114529200,0,0
5.114530300,0,1
5.114534300,1,1
5.114539300,0,1
5.114540300,0,0
5.114544500,1,0
5.114549500,0,0
5.114550700,0,1
5.114554700,1,1
5.114559700,0,1
5.114560700,0,0
5.114564900,1,0
5.114569900,0,0
5.114571100,0,1
5.114575000,1,1
5.114580100,0,1
5.114581100,0,0
5.114585200,1,0
5.114590300,0,0
5.114595400,1,0
5.114600400,0,0
5.114605600,1,0
5.114610600,0,0
5.114615800,1,0
5.114620800,0,0
5.114626000,1,0
5.114631000,0,0
5.114632200,0,1
5.114636200,1,1
5.114641200,0,1
5.114642200,0,0
5.114646300,1,0
5.114651400,0,0
5.114656500,1,0
5.114661600,0,0
5.114666700,1,0
5.114671700,0,0
5.114676900,1,0
5.114681900,0,0
5.114687100,1,0
5.114692100,0,0
5.114697300,1,0
5.114702300,0,0
5.114707400,1,0
5.114712500,0,0
5.114713100,0,1
5.114717600,1,1
5.114724700,1,0
5.114730700,0,0
5.114731800,0,1
5.114735800,1,1
5.114740900,0,1
5.114741900,0,0
5.114746000,1,0
5.114751000,0,0
5.114752200,0,1
5.114756200,1,1
5.114761200,0,1
5.114762200,0,0
5.114766400,1,0
5.114771400,0,0
5.114772600,0,1
5.114776600,1,1
5.114781600,0,1
5.114782600,0,0
5.114786700,1,0
5.114791800,0,0
5.114796900,1,0
5.114802000,0,0
5.114803200,0,1
5.114807100,1,1
5.114812100,0,1
5.114812500,0,0
5.114817300,1,0
5.114822300,0,0
5.114827500,1,0
5.114832500,0,0
5.114837700,1,0
5.114842700,0,0
5.114847900,1,0
5.114852900,0,0
5.114858000,1,0
5.114863100,0,0
5.114863700,0,1
5.114868200,1,1
5.114873300,0,1
5.114878400,1,1
5.114883400,0,1
5.114888600,1,1
5.114893600,0,1
5.114898800,1,1
5.114903800,0,1
5.114909000,1,1
5.114914000,0,1
5.114915000,0,0
5.114919200,1,0
5.114925400,1,1
5.114991200,1,0
5.114997200,0,0
5.114998300,0,1
5.115002300,1,1
5.115007400,0,1
5.115008400,0,0
5.115012500,1,0
5.115017600,0,0
5.115018700,0,1
5.115022700,1,1
5.115027700,0,1
5.115028700,0,0
5.115032900,1,0
5.115037900,0,0
5.115039100,0,1
5.115043100,1,1
5.115048100,0,1
5.115049100,0,0
5.115053300,1,0
5.115058300,0,0
5.115063400,1,0
5.115068500,0,0
5.115073600,1,0
5.115078700,0,0
5.115083800,1,0
5.115088900,0,0
5.115094000,1,0
5.115099000,0,0
5.115100200,0,1
5.115104200,1,1
5.115109200,0,1
5.115110200,0,0
5.115114400,1,0
5.115119400,0,0
5.115120600,0,1
5.115124600,1,1
5.115129600,0,1
5.115130600,0,0
5.115134700,1,0
5.115139800,0,0
5.115144900,1,0
5.115150000,0,0
5.115155100,1,0
5.115160100,0,0
5.115165300,1,0
5.115170300,0,0
5.115175500,1,0
5.115180500,0,0
5.115181200,0,1
5.115185700,1,1
5.115192700,1,0
5.115198700,0,0
5.115199900,0,1
5.115203800,1,1
5.115208900,0,1
5.115209900,0,0
5.115214000,1,0
5.115219100,0,0
5.115220300,0,1
5.115224200,1,1
5.115229300,0,1
5.115230300,0,0
5.115234400,1,0
5.115239400,0,0
5.115240600,0,1
5.115244600,1,1
5.115249600,0,1
5.115250600,0,0
5.115254800,1,0
5.115259800,0,0
5.115265000,1,0
5.115270000,0,0
5.115271200,0,1
5.115275100,1,1
5.115280200,0,1
5.115280600,0,0
5.115285300,1,0
5.115290400,0,0
5.115295500,1,0
5.115300600,0,0
5.115305700,1,0
5.115310700,0,0
5.115315900,1,0
5.115320900,0,0
5.115326100,1,0
5.115331100,0,0
5.115336300,1,0
5.115341300,0,0
5.115346400,1,0
5.115351500,0,0
5.115356600,1,0
5.115361700,0,0
5.115366800,1,0
5.115371900,0,0
5.115377000,1,0
5.115382000,0,0
5.115385200,0,1
5.115387200,1,1
5.115392200,0,1
5.115392700,0,0
5.115397400,1,0
5.115402400,0,0
5.115407600,1,0
5.115412600,0,0
5.115417700,1,0
5.115422800,0,0
5.115427900,1,0
5.115433000,0,0
5.115438100,1,0
5.115443100,0,0
5.115448300,1,0
5.115453300,0,0
5.115458500,1,0
5.115463500,0,0
5.115468700,1,0
5.115473700,0,0
5.115478900,1,0
5.115483900,0,0
5.115489000,1,0
5.115494100,0,0
5.115499200,1,0
5.115504300,0,0
5.115509400,1,0
5.115514400,0,0
5.115519600,1,0
5.115524600,0,0
5.115529800,1,0
5.115534800,0,0
5.115540000,1,0
5.115545000,0,0
5.115550100,1,0
5.115555200,0,0
5.115560300,1,0
5.115565400,0,0
5.115568600,0,1
5.115570500,1,1
5.115575600,0,1
5.115576000,0,0
5.115580700,1,0
5.115585700,0,0
5.115590900,1,0
5.115595900,0,0
5.115601100,1,0
5.115606100,0,0
5.115611300,1,0
5.115616300,0,0
5.115621400,1,0
5.115626500,0,0
5.115631600,1,0
5.115636700,0,0
5.115641800,1,0
5.115646800,0,0
5.115652000,1,0
5.115657000,0,0
5.115662200,1,0
5.115667200,0,0
5.115672400,1,0
5.115677400,0,0
5.115682600,1,0
5.115687600,0,0
5.115692700,1,0
5.115697800,0,0
5.115702900,1,0
5.115708000,0,0
5.115713100,1,0
5.115718100,0,0
5.115723300,1,0
5.115728300,0,0
5.115733500,1,0
5.115738500,0,0
5.115743700,1,0
5.115748700,0,0
5.115751900,0,1
5.115753900,1,1
5.115758900,0,1
5.115759300,0,0
5.115764000,1,0
5.115769100,0,0
5.115774200,1,0
5.115779300,0,0
5.115784400,1,0
5.115789400,0,0
5.115794600,1,0
5.115799600,0,0
5.115804800,1,0
5.115809800,0,0
5.115815000,1,0
5.115820000,0,0
5.115825100,1,0
5.115830200,0,0
5.115830800,0,1
5.115835300,1,1
5.115840400,0,1
5.115841400,0,0
5.115845500,1,0
5.115851700,1,1
5.212818000,1,0
5.212824000,0,0
5.212825200,0,1
5.212829100,1,1
5.212834200,0,1
5.212835200,0,0
5.212839300,1,0
5.212844400,0,0
5.212845600,0,1
5.212849500,1,1
5.212854600,0,1
5.212855600,0,0
5.212859700,1,0
5.212864800,0,0
5.212865900,0,1
5.212869900,1,1
5.212874900,0,1
5.212875900,0,0
5.212880100,1,0
5.212885100,0,0
5.212890300,1,0
5.212895300,0,0
5.212900500,1,0
5.212905500,0,0
5.212910700,1,0
5.212915700,0,0
5.212920800,1,0
5.212925900,0,0
5.212927100,0,1
5.212931000,1,1
5.212936100,0,1
5.212937100,0,0
5.212941200,1,0
5.212946200,0,0
5.212951400,1,0
5.212956400,0,0
5.212961600,1,0
5.212966600,0,0
5.212971800,1,0
5.212976800,0,0
5.212981900,1,0
5.212987000,0,0
5.212992100,1,0
5.212997200,0,0
5.213002300,1,0
5.213007400,0,0
5.213007900,0,1
5.213012500,1,1
5.213019500,1,0
5.213025500,0,0
5.213026700,0,1
5.213030700,1,1
5.213035700,0,1
5.213036700,0,0
5.213040900,1,0
5.213045900,0,0
5.213047100,0,1
5.213051100,1,1
5.213056100,0,1
5.213057100,0,0
5.213061200,1,0
5.213066300,0,0
5.213067500,0,1
5.213071400,1,1
5.213076500,0,1
5.213077500,0,0
5.213081600,1,0
5.213086600,0,0
5.213091800,1,0
5.213096800,0,0
5.213098000,0,1
5.213102000,1,1
5.213107000,0,1
5.213107400,0,0
5.213112200,1,0
5.213117200,0,0
5.213122400,1,0
5.213127400,0,0
5.213132500,1,0
5.213137600,0,0
5.213142700,1,0
5.213147800,0,0
5.213152900,1,0
5.213157900,0,0
5.213158600,0,1
5.213163100,1,1
5.213168100,0,1
5.213173300,1,1
5.213178300,0,1
5.213183500,1,1
5.213188500,0,1
5.213193600,1,1
5.213198700,0,1
5.213203800,1,1
5.213208900,0,1
5.213209900,0,0
5.213214000,1,0
5.213220200,1,1
5.213286100,1,0
5.213292100,0,0
5.213293200,0,1
5.213297200,1,1
5.213302200,0,1
5.213303200,0,0
5.213307400,1,0
5.213312400,0,0
5.213313600,0,1
5.213317600,1,1
5.213322600,0,1
5.213323600,0,0
5.213327800,1,0
5.213332800,0,0
5.213334000,0,1
5.213337900,1,1
5.213343000,0,1
5.213344000,0,0
5.213348100,1,0
5.213353200,0,0
5.213358300,1,0
5.213363400,0,0
5.213368500,1,0
5.213373500,0,0
5.213378700,1,0
5.213383700,0,0
5.213388900,1,0
5.213393900,0,0
5.213395100,0,1
5.213399100,1,1
5.213404100,0,1
5.213405100,0,0
5.213409200,1,0
5.213414300,0,0
5.213415500,0,1
5.213419400,1,1
5.213424500,0,1
5.213425500,0,0
5.213429600,1,0
5.213434600,0,0
5.213439800,1,0
5.213444800,0,0
5.213450000,1,0
5.213455000,0,0
5.213460200,1,0
5.213465200,0,0
5.213470400,1,0
5.213475400,0,0
5.213476000,0,1
5.213480500,1,1
5.213487600,1,0
5.213493600,0,0
5.213494700,0,1
5.213498700,1,1
5.213503800,0,1
5.213504800,0,0
5.213508900,1,0
5.213513900,0,0
5.213515100,0,1
5.213519100,1,1
5.213524100,0,1
5.213525100,0,0
5.213529300,1,0
5.213534300,0,0
5.213535500,0,1
5.213539500,1,1
5.213544500,0,1
5.213545500,0,0
5.213549600,1,0
5.213554700,0,0
5.213559800,1,0
5.213564900,0,0
5.213566100,0,1
5.213570000,1,1
5.213575100,0,1
5.213575500,0,0
5.213580200,1,0
5.213585200,0,0
5.213590400,1,0
5.213595400,0,0
5.213600600,1,0
5.213605600,0,0
5.213610800,1,0
5.213615800,0,0
5.213620900,1,0
5.213626000,0,0
5.213631100,1,0
5.213636200,0,0
5.213641300,1,0
5.213646300,0,0
5.213651500,1,0
5.213656500,0,0
5.213661700,1,0
5.213666700,0,0
5.213671900,1,0
5.213676900,0,0
5.213680100,0,1
5.213682100,1,1
5.213687100,0,1
5.213687500,0,0
5.213692200,1,0
5.213697300,0,0
5.213702400,1,0
5.213707500,0,0
5.213712600,1,0
5.213717600,0,0
5.213722800,1,0
5.213727800,0,0
5.213733000,1,0
5.213738000,0,0
5.213743200,1,0
5.213748200,0,0
5.213753400,1,0
5.213758400,0,0
5.213763500,1,0
5.213768600,0,0
5.213773700,1,0
5.213778800,0,0
5.213783900,1,0
5.213788900,0,0
5.213794100,1,0
5.213799100,0,0
5.213804300,1,0
5.213809300,0,0
5.213814500,1,0
5.213819500,0,0
5.213824600,1,0
5.213829700,0,0
5.213834800,1,0
5.213839900,0,0
5.213845000,1,0
5.213850100,0,0
5.213855200,1,0
5.213860200,0,0
5.213863400,0,1
5.213865400,1,1
5.213870400,0,1
5.213870900,0,0
5.213875600,1,0
5.213880600,0,0
5.213885800,1,0
5.213890800,0,0
5.213895900,1,0
5.213901000,0,0
5.213906100,1,0
5.213911200,0,0
5.213916300,1,0
5.213921300,0,0
5.213926500,1,0
5.213931500,0,0
5.213936700,1,0
5.213941700,0,0
5.213946900,1,0
5.213951900,0,0
5.213957100,1,0
5.213962100,0,0
5.213967200,1,0
5.213972300,0,0
5.213977400,1,0
5.213982500,0,0
5.213987600,1,0
5.213992600,0,0
5.213997800,1,0
5.214002800,0,0
5.214008000,1,0
5.214013000,0,0
5.214018200,1,0
5.214023200,0,0
5.214028300,1,0
5.214033400,0,0
5.214038500,1,0
5.214043600,0,0
5.214046800,0,1
5.214048700,1,1
5.214053800,0,1
5.214054200,0,0
5.214058900,1,0
5.214063900,0,0
5.214069100,1,0
5.214074100,0,0
5.214079300,1,0
5.214084300,0,0
5.214089500,1,0
5.214094500,0,0
5.214099600,1,0
5.214104700,0,0
5.214109800,1,0
5.214114900,0,0
5.214120000,1,0
5.214125100,0,0
5.214125600,0,1
5.214130200,1,1
5.214135200,0,1
5.214136200,0,0
5.214140400,1,0
5.214146600,1,1
5.312000900,1,0
5.312006900,0,0
5.312008000,0,1
5.312012000,1,1
5.312017100,0,1
5.312018100,0,0
5.312022200,1,0
5.312027300,0,0
5.312028400,0,1
5.312032400,1,1
5.312037400,0,1
5.312038400,0,0
5.312042600,1,0
5.312047600,0,0
5.312048800,0,1
5.312052800,1,1
5.312057800,0,1
5.312058800,0,0
5.312063000,1,0
5.312068000,0,0
5.312073100,1,0
5.312078200,0,0
5.312083300,1,0
5.312088400,0,0
5.312093500,1,0
5.312098600,0,0
5.312103700,1,0
5.312108700,0,0
5.312109900,0,1
5.312113900,1,1
5.312118900,0,1
5.312119900,0,0
5.312124100,1,0
5.312129100,0,0
5.312134300,1,0
5.312139300,0,0
5.312144400,1,0
5.312149500,0,0
5.312154600,1,0
5.312159700,0,0
5.312164800,1,0
5.312169800,0,0
5.312175000,1,0
5.312180000,0,0
5.312185200,1,0
5.312190200,0,0
5.312190900,0,1
5.312195400,1,1
5.312202400,1,0
5.312208400,0,0
5.312209600,0,1
5.312213500,1,1
5.312218600,0,1
5.312219600,0,0
5.312223700,1,0
5.312228800,0,0
5.312230000,0,1
5.312233900,1,1
5.312239000,0,1
5.312240000,0,0
5.312244100,1,0
5.312249100,0,0
5.312250300,0,1
5.312254300,1,1
5.312259300,0,1
5.312260300,0,0
5.312264500,1,0
5.312269500,0,0
5.312274700,1,0
5.312279700,0,0
5.312280900,0,1
5.312284800,1,1
5.312289900,0,1
5.312290300,0,0
5.312295000,1,0
5.312300100,0,0
5.312305200,1,0
5.312310300,0,0
5.312315400,1,0
5.312320400,0,0
5.312325600,1,0
5.312330600,0,0
5.312335800,1,0
5.312340800,0,0
5.312341400,0,1
5.312346000,1,1
5.312351000,0,1
5.312356100,1,1
5.312361200,0,1
5.312366300,1,1
5.312371400,0,1
5.312376500,1,1
5.312381500,0,1
5.312386700,1,1
5.312391700,0,1
5.312392700,0,0
5.312396900,1,0
5.312403100,1,1
5.312468900,1,0
5.312474900,0,0
5.312476100,0,1
5.312480000,1,1
5.312485100,0,1
5.312486100,0,0
5.312490200,1,0
5.312495300,0,0
5.312496500,0,1
5.312500400,1,1
5.312505500,0,1
5.312506500,0,0
5.312510600,1,0
5.312515700,0,0
5.312516800,0,1
5.312520800,1,1
5.312525800,0,1
5.312526800,0,0
5.312531000,1,0
5.312536000,0,0
5.312541200,1,0
5.312546200,0,0
5.312551400,1,0
5.312556400,0,0
5.312561600,1,0
5.312566600,0,0
5.312571700,1,0
5.312576800,0,0
5.312578000,0,1
5.312581900,1,1
5.312587000,0,1
5.312588000,0,0
5.312592100,1,0
5.312597100,0,0
5.312598300,0,1
5.312602300,1,1
5.312607300,0,1
5.312608300,0,0
5.312612500,1,0
5.312617500,0,0
5.312622700,1,0
5.312627700,0,0
5.312632800,1,0
5.312637900,0,0
5.312643000,1,0
5.312648100,0,0
5.312653200,1,0
5.312658300,0,0
5.312658900,0,1
5.312663400,1,1
5.312670400,1,0
5.312676400,0,0
5.312677600,0,1
5.312681600,1,1
5.312686600,0,1
5.312687600,0,0
5.312691800,1,0
5.312696800,0,0
5.312698000,0,1
5.312702000,1,1
5.312707000,0,1
5.312708000,0,0
5.312712100,1,0
5.312717200,0,0
5.312718400,0,1
5.312722300,1,1
5.312727400,0,1
5.312728400,0,0
5.312732500,1,0
5.312737500,0,0
5.312742700,1,0
5.312747700,0,0
5.312748900,0,1
5.312752900,1,1
5.312757900,0,1
5.312758300,0,0
5.312763100,1,0
5.312768100,0,0
5.312773300,1,0
5.312778300,0,0
5.312783400,1,0
5.312788500,0,0
5.312793600,1,0
5.312798700,0,0
5.312803800,1,0
5.312808800,0,0
5.312814000,1,0
5.312819000,0,0
5.312824200,1,0
5.312829200,0,0
5.312834400,1,0
5.312839400,0,0
5.312844500,1,0
5.312849600,0,0
5.312854700,1,0
5.312859800,0,0
5.312863000,0,1
5.312864900,1,1
5.312870000,0,1
5.312870400,0,0
5.312875100,1,0
5.312880100,0,0
5.312885300,1,0
5.312890300,0,0
5.312895500,1,0
5.312900500,0,0
5.312905700,1,0
5.312910700,0,0
5.312915800,1,0
5.312920900,0,0
5.312926000,1,0
5.312931100,0,0
5.312936200,1,0
5.312941200,0,0
5.312946400,1,0
5.312951400,0,0
5.312956600,1,0
5.312961600,0,0
5.312966800,1,0
5.312971800,0,0
5.312977000,1,0
5.312982000,0,0
5.312987100,1,0
5.312992200,0,0
5.312997300,1,0
5.313002400,0,0
5.313007500,1,0
5.313012500,0,0
5.313017700,1,0
5.313022700,0,0
5.313027900,1,0
5.313032900,0,0
5.313038100,1,0
5.313043100,0,0
5.313046300,0,1
5.313048300,1,1
5.313053300,0,1
5.313053700,0,0
5.313058400,1,0
5.313063500,0,0
5.313068600,1,0
5.313073700,0,0
5.313078800,1,0
5.313083800,0,0
5.313089000,1,0
5.313094000,0,0
5.313099200,1,0
5.313104200,0,0
5.313109400,1,0
5.313114400,0,0
5.313119500,1,0
5.313124600,0,0
5.313129700,1,0
5.313134800,0,0
5.313139900,1,0
5.313145000,0,0
5.313150100,1,0
5.313155100,0,0
5.313160300,1,0
5.313165300,0,0
5.313170500,1,0
5.313175500,0,0
5.313180700,1,0
5.313185700,0,0
5.313190800,1,0
5.313195900,0,0
5.313201000,1,0
5.313206100,0,0
5.313211200,1,0
5.313216200,0,0
5.313221400,1,0
5.313226400,0,0
5.313229600,0,1
5.313231600,1,1
5.313236600,0,1
5.313237000,0,0
5.313241800,1,0
5.313246800,0,0
5.313252000,1,0
5.313257000,0,0
5.313262100,1,0
5.313267200,0,0
5.313272300,1,0
5.313277400,0,0
5.313282500,1,0
5.313287500,0,0
5.313292700,1,0
5.313297700,0,0
5.313302900,1,0
5.313307900,0,0
5.313308600,0,1
5.313313100,1,1
5.313318100,0,1
5.313319100,0,0
5.313323300,1,0
5.313329500,1,1
5.410320800,1,0
5.410326800,0,0
5.410327900,0,1
5.410331900,1,1
5.410336900,0,1
5.410337900,0,0
5.410342100,1,0
5.410347100,0,0
5.410348300,0,1
5.410352300,1,1
5.410357300,0,1
5.410358300,0,0
5.410362500,1,0
5.410367500,0,0
5.410368700,0,1
5.410372600,1,1
5.410377700,0,1
5.410378700,0,0
5.410382800,1,0
5.410387900,0,0
5.410393000,1,0
5.410398000,0,0
5.410403200,1,0
5.410408200,0,0
5.410413400,1,0
5.410418400,0,0
5.410423600,1,0
5.410428600,0,0
5.410429800,0,1
5.410433800,1,1
5.410438800,0,1
5.410439800,0,0
5.410443900,1,0
5.410449000,0,0
5.410454100,1,0
5.410459200,0,0
5.410464300,1,0
5.410469300,0,0
5.410474500,1,0
5.410479500,0,0
5.410484700,1,0
5.410489700,0,0
5.410494900,1,0
5.410499900,0,0
5.410505000,1,0
5.410510100,0,0
5.410510700,0,1
5.410515200,1,1
5.410522300,1,0
5.410528300,0,0
5.410529400,0,1
5.410533400,1,1
5.410538500,0,1
5.410539500,0,0
5.410543600,1,0
5.410548600,0,0
5.410549800,0,1
5.410553800,1,1
5.410558800,0,1
5.410559800,0,0
5.410564000,1,0
5.410569000,0,0
5.410570200,0,1
5.410574200,1,1
5.410579200,0,1
5.410580200,0,0
5.410584300,1,0
5.410589400,0,0
5.410594500,1,0
5.410599600,0,0
5.410600800,0,1
5.410604700,1,1
5.410609800,0,1
5.410610200,0,0
5.410614900,1,0
5.410619900,0,0
5.410625100,1,0
5.410630100,0,0
5.410635300,1,0
5.410640300,0,0
5.410645500,1,0
5.410650500,0,0
5.410655600,1,0
5.410660700,0,0
5.410661300,0,1
5.410665800,1,1
5.410670900,0,1
5.410676000,1,1
5.410681000,0,1
5.410686200,1,1
5.410691200,0,1
5.410696400,1,1
5.410701400,0,1
5.410706600,1,1
5.410711600,0,1
5.410712600,0,0
5.410716800,1,0
5.410723000,1,1
5.410780800,1,0
5.410786800,0,0
5.410787900,0,1
5.410791900,1,1
5.410797000,0,1
5.410798000,0,0
5.410802100,1,0
5.410807200,0,0
5.410808300,0,1
5.410812300,1,1
5.410817300,0,1
5.410818300,0,0
5.410822500,1,0
5.410827500,0,0
5.410828700,0,1
5.410832700,1,1
5.410837700,0,1
5.410838700,0,0
5.410842900,1,0
5.410847900,0,0
5.410853000,1,0
5.410858100,0,0
5.410863200,1,0
5.410868300,0,0
5.410873400,1,0
5.410878500,0,0
5.410883600,1,0
5.410888600,0,0
5.410889800,0,1
5.410893800,1,1
5.410898800,0,1
5.410899800,0,0
5.410904000,1,0
5.410909000,0,0
5.410910200,0,1
5.410914200,1,1
5.410919200,0,1
5.410920200,0,0
5.410924300,1,0
5.410929400,0,0
5.410934500,1,0
5.410939600,0,0
5.410944700,1,0
5.410949700,0,0
5.410954900,1,0
5.410959900,0,0
5.410965100,1,0
5.410970100,0,0
5.410970800,0,1
5.410975300,1,1
5.410982300,1,0
5.410988300,0,0
5.410989500,0,1
5.410993400,1,1
5.410998500,0,1
5.410999500,0,0
5.411003600,1,0
5.411008700,0,0
5.411009900,0,1
5.411013800,1,1
5.411018900,0,1
5.411019900,0,0
5.411024000,1,0
5.411029000,0,0
5.411030200,0,1
5.411034200,1,1
5.411039200,0,1
5.411040200,0,0
5.411044400,1,0
5.411049400,0,0
5.411054600,1,0
5.411059600,0,0
5.411060800,0,1
5.411064700,1,1
5.411069800,0,1
5.411070200,0,0
5.411074900,1,0
5.411080000,0,0
5.411085100,1,0
5.411090200,0,0
5.411095300,1,0
5.411100300,0,0
5.411105500,1,0
5.411110500,0,0
5.411115700,1,0
5.411120700,0,0
5.411125900,1,0
5.411130900,0,0
5.411136000,1,0
5.411141100,0,0
5.411146200,1,0
5.411151300,0,0
5.411156400,1,0
5.411161500,0,0
5.411166600,1,0
5.411171600,0,0
5.411174800,0,1
5.411176800,1,1
5.411181800,0,1
5.411182300,0,0
5.411187000,1,0
5.411192000,0,0
5.411197200,1,0
5.411202200,0,0
5.411207300,1,0
5.411212400,0,0
5.411217500,1,0
5.411222600,0,0
5.411227700,1,0
5.411232700,0,0
5.411237900,1,0
5.411242900,0,0
5.411248100,1,0
5.411253100,0,0
5.411258300,1,0
5.411263300,0,0
5.411268500,1,0
5.411273500,0,0
5.411278600,1,0
5.411283700,0,0
5.411288800,1,0
5.411293900,0,0
5.411299000,1,0
5.411304000,0,0
5.411309200,1,0
5.411314200,0,0
5.411319400,1,0
5.411324400,0,0
5.411329600,1,0
5.411334600,0,0
5.411339700,1,0
5.411344800,0,0
5.411349900,1,0
5.411355000,0,0
5.411358200,0,1
5.411360100,1,1
5.411365200,0,1
5.411365600,0,0
5.411370300,1,0
5.411375300,0,0
5.411380500,1,0
5.411385500,0,0
5.411390700,1,0
5.411395700,0,0
5.411400900,1,0
5.411405900,0,0
5.411411000,1,0
5.411416100,0,0
5.411421200,1,0
5.411426300,0,0
5.411431400,1,0
5.411436400,0,0
5.411441600,1,0
5.411446600,0,0
5.411451800,1,0
5.411456800,0,0
5.411462000,1,0
5.411467000,0,0
5.411472200,1,0
5.411477200,0,0
5.411482300,1,0
5.411487400,0,0
5.411492500,1,0
5.411497600,0,0
5.411502700,1,0
5.411507700,0,0
5.411512900,1,0
5.411517900,0,0
5.411523100,1,0
5.411528100,0,0
5.411533300,1,0
5.411538300,0,0
5.411541500,0,1
5.411543500,1,1
5.411548500,0,1
5.411548900,0,0
5.411553600,1,0
5.411558700,0,0
5.411563800,1,0
5.411568900,0,0
5.411574000,1,0
5.411579000,0,0
5.411584200,1,0
5.411589200,0,0
5.411594400,1,0
5.411599400,0,0
5.411604600,1,0
5.411609600,0,0
5.411614700,1,0
5.411619800,0,0
5.411620400,0,1
5.411624900,1,1
5.411630000,0,1
5.411631000,0,0
5.411635100,1,0
5.411641300,1,1
5.508587600,1,0
5.508593600,0,0
5.508594800,0,1
5.508598700,1,1
5.508603800,0,1
5.508604800,0,0
5.508608900,1,0
5.508614000,0,0
5.508615200,0,1
5.508619100,1,1
5.508624200,0,1
5.508625200,0,0
5.508629300,1,0
5.508634400,0,0
5.508635500,0,1
5.508639500,1,1
5.508644500,0,1
5.508645500,0,0
5.508649700,1,0
5.508654700,0,0
5.508659900,1,0
5.508664900,0,0
5.508670100,1,0
5.508675100,0,0
5.508680300,1,0
5.508685300,0,0
5.508690400,1,0
5.508695500,0,0
5.508696700,0,1
5.508700600,1,1
5.508705700,0,1
5.508706700,0,0
5.508710800,1,0
5.508715800,0,0
5.508721000,1,0
5.508726000,0,0
5.508731200,1,0
5.508736200,0,0
5.508741400,1,0
5.508746400,0,0
5.508751500,1,0
5.508756600,0,0
5.508761700,1,0
5.508766800,0,0
5.508771900,1,0
5.508777000,0,0
5.508777600,0,1
5.508782100,1,1
5.508789100,1,0
5.508795100,0,0
5.508796300,0,1
5.508800300,1,1
5.508805300,0,1
5.508806300,0,0
5.508810500,1,0
5.508815500,0,0
5.508816700,0,1
5.508820700,1,1
5.508825700,0,1
5.508826700,0,0
5.508830800,1,0
5.508835900,0,0
5.508837100,0,1
5.508841000,1,1
5.508846100,0,1
5.508847100,0,0
5.508851200,1,0
5.508856200,0,0
5.508861400,1,0
5.508866400,0,0
5.508867600,0,1
5.508871600,1,1
5.508876600,0,1
5.508877000,0,0
5.508881800,1,0
5.508886800,0,0
5.508892000,1,0
5.508897000,0,0
5.508902100,1,0
5.508907200,0,0
5.508912300,1,0
5.508917400,0,0
5.508922500,1,0
5.508927500,0,0
5.508928100,0,1
5.508932700,1,1
5.508937700,0,1
5.508942900,1,1
5.508947900,0,1
5.508953100,1,1
5.508958100,0,1
5.508963200,1,1
5.508968300,0,1
5.508973400,1,1
5.508978500,0,1
5.508979500,0,0
5.508983600,1,0
5.508989800,1,1
5.509048700,1,0
5.509054700,0,0
5.509055800,0,1
5.509059800,1,1
5.509064800,0,1
5.509065800,0,0
5.509070000,1,0
5.509075000,0,0
5.509076200,0,1
5.509080200,1,1
5.509085200,0,1
5.509086200,0,0
5.509090400,1,0
5.509095400,0,0
5.509096600,0,1
5.509100500,1,1
5.509105600,0,1
5.509106600,0,0
5.509110700,1,0
5.509115800,0,0
5.509120900,1,0
5.509125900,0,0
5.509131100,1,0
5.509136100,0,0
5.509141300,1,0
5.509146300,0,0
5.509151500,1,0
5.509156500,0,0
5.509157700,0,1
5.509161700,1,1
5.509166700,0,1
5.509167700,0,0
5.509171800,1,0
5.509176900,0,0
5.509178100,0,1
5.509182000,1,1
5.509187100,0,1
5.509188100,0,0
5.509192200,1,0
5.509197200,0,0
5.509202400,1,0
5.509207400,0,0
5.509212600,1,0
5.509217600,0,0
5.509222800,1,0
5.509227800,0,0
5.509233000,1,0
5.509238000,0,0
5.509238600,0,1
5.509243100,1,1
5.509250200,1,0
5.509256200,0,0
5.509257300,0,1
5.509261300,1,1
5.509266400,0,1
5.509267400,0,0
5.509271500,1,0
5.509276500,0,0
5.509277700,0,1
5.509281700,1,1
5.509286700,0,1
5.509287700,0,0
5.509291900,1,0
5.509296900,0,0
5.509298100,0,1
5.509302100,1,1
5.509307100,0,1
5.509308100,0,0
5.509312200,1,0
5.509317300,0,0
5.509322400,1,0
5.509327500,0,0
5.509328700,0,1
5.509332600,1,1
5.509337700,0,1
5.509338100,0,0
5.509342800,1,0
5.509347800,0,0
5.509353000,1,0
5.509358000,0,0
5.509363200,1,0
5.509368200,0,0
5.509373400,1,0
5.509378400,0,0
5.509383500,1,0
5.509388600,0,0
5.509393700,1,0
5.509398800,0,0
5.509403900,1,0
5.509408900,0,0
5.509414100,1,0
5.509419100,0,0
5.509424300,1,0
5.509429300,0,0
5.509434500,1,0
5.509439500,0,0
5.509442700,0,1
5.509444700,1,1
5.509449700,0,1
5.509450100,0,0
5.509454800,1,0
5.509459900,0,0
5.509465000,1,0
5.509470100,0,0
5.509475200,1,0
5.509480200,0,0
5.509485400,1,0
5.509490400,0,0
5.509495600,1,0
5.509500600,0,0
5.509505800,1,0
5.509510800,0,0
5.509516000,1,0
5.509521000,0,0
5.509526100,1,0
5.509531200,0,0
5.509536300,1,0
5.509541400,0,0
5.509546500,1,0
5.509551500,0,0
5.509556700,1,0
5.509561700,0,0
5.509566900,1,0
5.509571900,0,0
5.509577100,1,0
5.509582100,0,0
5.509587200,1,0
5.509592300,0,0
5.509597400,1,0
5.509602500,0,0
5.509607600,1,0
5.509612700,0,0
5.509617800,1,0
5.509622800,0,0
5.509626000,0,1
5.509628000,1,1
5.509633000,0,1
5.509633400,0,0
5.509638200,1,0
5.509643200,0,0
5.509648400,1,0
5.509653400,0,0
5.509658500,1,0
5.509663600,0,0
5.509668700,1,0
5.509673800,0,0
5.509678900,1,0
5.509683900,0,0
5.509689100,1,0
5.509694100,0,0
5.509699300,1,0
5.509704300,0,0
5.509709500,1,0
5.509714500,0,0
5.509719700,1,0
5.509724700,0,0
5.509729800,1,0
5.509734900,0,0
5.509740000,1,0
5.509745100,0,0
5.509750200,1,0
5.509755200,0,0
5.509760400,1,0
5.509765400,0,0
5.509770600,1,0
5.509775600,0,0
5.509780800,1,0
5.509785800,0,0
5.509790900,1,0
5.509796000,0,0
5.509801100,1,0
5.509806200,0,0
5.509809400,0,1
5.509811300,1,1
5.509816400,0,1
5.509816800,0,0
5.509821500,1,0
5.509826500,0,0
5.509831700,1,0
5.509836700,0,0
5.509841900,1,0
5.509846900,0,0
5.509852100,1,0
5.509857100,0,0
5.509862200,1,0
5.509867300,0,0
5.509872400,1,0
5.509877500,0,0
5.509882600,1,0
5.509887600,0,0
5.509888300,0,1
5.509892800,1,1
5.509897800,0,1
5.509898800,0,0
5.509903000,1,0
5.509909200,1,1
5.607786500,1,0
5.607792500,0,0
5.607793600,0,1
5.607797600,1,1
5.607802700,0,1
5.607803700,0,0
5.607807800,1,0
5.607812900,0,0
5.607814000,0,1
5.607818000,1,1
5.607823000,0,1
5.607824000,0,0
5.607828200,1,0
5.607833200,0,0
5.607834400,0,1
5.607838400,1,1
5.607843400,0,1
5.607844400,0,0
5.607848600,1,0
5.607853600,0,0
5.607858700,1,0
5.607863800,0,0
5.607868900,1,0
5.607874000,0,0
5.607879100,1,0
5.607884100,0,0
5.607889300,1,0
5.607894300,0,0
5.607895500,0,1
5.607899500,1,1
5.607904500,0,1
5.607905500,0,0
5.607909700,1,0
5.607914700,0,0
5.607919900,1,0
5.607924900,0,0
5.607930000,1,0
5.607935100,0,0
5.607940200,1,0
5.607945300,0,0
5.607950400,1,0
5.607955400,0,0
5.607960600,1,0
5.607965600,0,0
5.607970800,1,0
5.607975800,0,0
5.607976400,0,1
5.607981000,1,1
5.607988000,1,0
5.607994000,0,0
5.607995200,0,1
5.607999100,1,1
5.608004200,0,1
5.608005200,0,0
5.608009300,1,0
5.608014400,0,0
5.608015600,0,1
5.608019500,1,1
5.608024600,0,1
5.608025600,0,0
5.608029700,1,0
5.608034700,0,0
5.608035900,0,1
5.608039900,1,1
5.608044900,0,1
5.608045900,0,0
5.608050100,1,0
5.608055100,0,0
5.608060300,1,0
5.608065300,0,0
5.608066500,0,1
5.608070400,1,1
5.608075500,0,1
5.608075900,0,0
5.608080600,1,0
5.608085700,0,0
5.608090800,1,0
5.608095800,0,0
5.608101000,1,0
5.608106000,0,0
5.608111200,1,0
5.608116200,0,0
5.608121400,1,0
5.608126400,0,0
5.608127100,0,1
5.608131600,1,1
5.608136600,0,1
5.608141700,1,1
5.608146800,0,1
5.608151900,1,1
5.608157000,0,1
5.608162100,1,1
5.608167100,0,1
5.608172300,1,1
5.608177300,0,1
5.608178300,0,0
5.608182500,1,0
5.608188700,1,1
5.608247500,1,0
5.608253500,0,0
5.608254700,0,1
5.608258600,1,1
5.608263700,0,1
5.608264700,0,0
5.608268800,1,0
5.608273900,0,0
5.608275100,0,1
5.608279000,1,1
5.608284100,0,1
5.608285100,0,0
5.608289200,1,0
5.608294300,0,0
5.608295400,0,1
5.608299400,1,1
5.608304400,0,1
5.608305400,0,0
5.608309600,1,0
5.608314600,0,0
5.608319800,1,0
5.608324800,0,0
5.608330000,1,0
5.608335000,0,0
5.608340100,1,0
5.608345200,0,0
5.608350300,1,0
5.608355400,0,0
5.608356600,0,1
5.608360500,1,1
5.608365600,0,1
5.608366600,0,0
5.608370700,1,0
5.608375700,0,0
5.608376900,0,1
5.608380900,1,1
5.608385900,0,1
5.608386900,0,0
5.608391100,1,0
5.608396100,0,0
5.608401300,1,0
5.608406300,0,0
5.608411400,1,0
5.608416500,0,0
5.608421600,1,0
5.608426700,0,0
5.608431800,1,0
5.608436800,0,0
5.608437500,0,1
5.608442000,1,1
5.608449000,1,0
5.608455000,0,0
5.608456200,0,1
5.608460200,1,1
5.608465200,0,1
5.608466200,0,0
5.608470400,1,0
5.608475400,0,0
5.608476600,0,1
5.608480600,1,1
5.608485600,0,1
5.608486600,0,0
5.608490700,1,0
5.608495800,0,0
5.608497000,0,1
5.608500900,1,1
5.608506000,0,1
5.608507000,0,0
5.608511100,1,0
5.608516100,0,0
5.608521300,1,0
5.608526300,0,0
5.608527500,0,1
5.608531500,1,1
5.608536500,0,1
5.608537000,0,0
5.608541700,1,0
5.608546700,0,0
5.608551900,1,0
5.608556900,0,0
5.608562000,1,0
5.608567100,0,0
5.608572200,1,0
5.608577300,0,0
5.608582400,1,0
5.608587400,0,0
5.608592600,1,0
5.608597600,0,0
5.608602800,1,0
5.608607800,0,0
5.608613000,1,0
5.608618000,0,0
5.608623100,1,0
5.608628200,0,0
5.608633300,1,0
5.608638400,0,0
5.608641600,0,1
5.608643500,1,1
5.608648600,0,1
5.608649000,0,0
5.608653700,1,0
5.608658700,0,0
5.608663900,1,0
5.608668900,0,0
5.608674100,1,0
5.608679100,0,0
5.608684300,1,0
5.608689300,0,0
5.608694400,1,0
5.608699500,0,0
5.608704600,1,0
5.608709700,0,0
5.608714800,1,0
5.608719800,0,0
5.608725000,1,0
5.608730000,0,0
5.608735200,1,0
5.608740200,0,0
5.608745400,1,0
5.608750400,0,0
5.608755600,1,0
5.608760600,0,0
5.608765700,1,0
5.608770800,0,0
5.608775900,1,0
5.608781000,0,0
5.608786100,1,0
5.608791100,0,0
5.608796300,1,0
5.608801300,0,0
5.608806500,1,0
5.608811500,0,0
5.608816700,1,0
5.608821700,0,0
5.608824900,0,1
5.608826800,1,1
5.608831900,0,1
5.608832300,0,0
5.608837000,1,0
5.608842100,0,0
5.608847200,1,0
5.608852300,0,0
5.608857400,1,0
5.608862400,0,0
5.608867600,1,0
5.608872600,0,0
5.608877800,1,0
5.608882800,0,0
5.608888000,1,0
5.608893000,0,0
5.608898100,1,0
5.608903200,0,0
5.608908300,1,0
5.608913400,0,0
5.608918500,1,0
5.608923500,0,0
5.608928700,1,0
5.608933700,0,0
5.608938900,1,0
5.608943900,0,0
5.608949100,1,0
5.608954100,0,0
5.608959300,1,0
5.608964300,0,0
5.608969400,1,0
5.608974500,0,0
5.608979600,1,0
5.608984700,0,0
5.608989800,1,0
5.608994800,0,0
5.609000000,1,0
5.609005000,0,0
5.609008200,0,1
5.609010200,1,1
5.609015200,0,1
5.609015600,0,0
5.609020400,1,0
5.609025400,0,0
5.609030600,1,0
5.609035600,0,0
5.609040700,1,0
5.609045800,0,0
5.609050900,1,0
5.609056000,0,0
5.609061100,1,0
5.609066100,0,0
5.609071300,1,0
5.609076300,0,0
5.609081500,1,0
5.609086500,0,0
5.609087100,0,1
5.609091700,1,1
5.609096700,0,1
5.609097700,0,0
5.609101800,1,0
5.609108100,1,1
5.706040300,1,0
5.706046300,0,0
5.706047500,0,1
5.706051500,1,1
5.706056500,0,1
5.706057500,0,0
5.706061700,1,0
5.706066700,0,0
5.706067900,0,1
5.706071900,1,1
5.706076900,0,1
5.706077900,0,0
5.706082100,1,0
5.706087100,0,0
5.706088300,0,1
5.706092200,1,1
5.706097300,0,1
5.706098300,0,0
5.706102400,1,0
5.706107500,0,0
5.706112600,1,0
5.706117600,0,0
5.706122800,1,0
5.706127800,0,0
5.706133000,1,0
5.706138000,0,0
5.706143200,1,0
5.706148200,0,0
5.706149400,0,1
5.706153300,1,1
5.706158400,0,1
5.706159400,0,0
5.706163500,1,0
5.706168600,0,0
5.706173700,1,0
5.706178800,0,0
5.706183900,1,0
5.706188900,0,0
5.706194100,1,0
5.706199100,0,0
5.706204300,1,0
5.706209300,0,0
5.706214500,1,0
5.706219500,0,0
5.706224600,1,0
5.706229700,0,0
5.706230300,0,1
5.706234800,1,1
5.706241900,1,0
5.706247900,0,0
5.706249000,0,1
5.706253000,1,1
5.706258000,0,1
5.706259000,0,0
5.706263200,1,0
5.706268200,0,0
5.706269400,0,1
5.706273400,1,1
5.706278400,0,1
5.706279400,0,0
5.706283600,1,0
5.706288600,0,0
5.706289800,0,1
5.706293800,1,1
5.706298800,0,1
5.706299800,0,0
5.706303900,1,0
5.706309000,0,0
5.706314100,1,0
5.706319200,0,0
5.706320400,0,1
5.706324300,1,1
5.706329300,0,1
5.706329800,0,0
5.706334500,1,0
5.706339500,0,0
5.706344700,1,0
5.706349700,0,0
5.706354900,1,0
5.706359900,0,0
5.706365100,1,0
5.706370100,0,0
5.706375200,1,0
5.706380300,0,0
5.706380900,0,1
5.706385400,1,1
5.706390500,0,1
5.706395600,1,1
5.706400600,0,1
5.706405800,1,1
5.706410800,0,1
5.706416000,1,1
5.706421000,0,1
5.706426200,1,1
5.706431200,0,1
5.706432200,0,0
5.706436300,1,0
5.706442600,1,1
5.706508400,1,0
5.706514400,0,0
5.706515500,0,1
5.706519500,1,1
5.706524600,0,1
5.706525600,0,0
5.706529700,1,0
5.706534800,0,0
5.706535900,0,1
5.706539900,1,1
5.706544900,0,1
5.706545900,0,0
5.706550100,1,0
5.706555100,0,0
5.706556300,0,1
5.706560300,1,1
5.706565300,0,1
5.706566300,0,0
5.706570500,1,0
5.706575500,0,0
5.706580600,1,0
5.706585700,0,0
5.706590800,1,0
5.706595900,0,0
5.706601000,1,0
5.706606000,0,0
5.706611200,1,0
5.706616200,0,0
5.706617400,0,1
5.706621400,1,1
5.706626400,0,1
5.706627400,0,0
5.706631600,1,0
5.706636600,0,0
5.706637800,0,1
5.706641800,1,1
5.706646800,0,1
5.706647800,0,0
5.706651900,1,0
5.706657000,0,0
5.706662100,1,0
5.706667200,0,0
5.706672300,1,0
5.706677300,0,0
5.706682500,1,0
5.706687500,0,0
5.706692700,1,0
5.706697700,0,0
5.706698300,0,1
5.706702900,1,1
5.706709900,1,0
5.706715900,0,0
5.706717100,0,1
5.706721000,1,1
5.706726100,0,1
5.706727100,0,0
5.706731200,1,0
5.706736300,0,0
5.706737500,0,1
5.706741400,1,1
5.706746500,0,1
5.706747500,0,0
5.706751600,1,0
5.706756600,0,0
5.706757800,0,1
5.706761800,1,1
5.706766800,0,1
5.706767800,0,0
5.706772000,1,0
5.706777000,0,0
5.706782200,1,0
5.706787200,0,0
5.706788400,0,1
5.706792300,1,1
5.706797400,0,1
5.706797800,0,0
5.706802500,1,0
5.706807600,0,0
5.706812700,1,0
5.706817800,0,0
5.706822900,1,0
5.706827900,0,0
5.706833100,1,0
5.706838100,0,0
5.706843300,1,0
5.706848300,0,0
5.706853500,1,0
5.706858500,0,0
5.706863600,1,0
5.706868700,0,0
5.706873800,1,0
5.706878900,0,0
5.706884000,1,0
5.706889000,0,0
5.706894200,1,0
5.706899200,0,0
5.706902400,0,1
5.706904400,1,1
5.706909400,0,1
5.706909800,0,0
5.706914600,1,0
5.706919600,0,0
5.706924800,1,0
5.706929800,0,0
5.706934900,1,0
5.706940000,0,0
5.706945100,1,0
5.706950200,0,0
5.706955300,1,0
5.706960300,0,0
5.706965500,1,0
5.706970500,0,0
5.706975700,1,0
5.706980700,0,0
5.706985900,1,0
5.706990900,0,0
5.706996000,1,0
5.707001100,0,0
5.707006200,1,0
5.707011300,0,0
5.707016400,1,0
5.707021500,0,0
5.707026600,1,0
5.707031600,0,0
5.707036800,1,0
5.707041800,0,0
5.707047000,1,0
5.707052000,0,0
5.707057200,1,0
5.707062200,0,0
5.707067300,1,0
5.707072400,0,0
5.707077500,1,0
5.707082600,0,0
5.707085800,0,1
5.707087700,1,1
5.707092700,0,1
5.707093200,0,0
5.707097900,1,0
5.707102900,0,0
5.707108100,1,0
5.707113100,0,0
5.707118300,1,0
5.707123300,0,0
5.707128500,1,0
5.707133500,0,0
5.707138600,1,0
5.707143700,0,0
5.707148800,1,0
5.707153900,0,0
5.707159000,1,0
5.707164000,0,0
5.707169200,1,0
5.707174200,0,0
5.707179400,1,0
5.707184400,0,0
5.707189600,1,0
5.707194600,0,0
5.707199800,1,0
5.707204800,0,0
5.707209900,1,0
5.707215000,0,0
5.707220100,1,0
5.707225200,0,0
5.707230300,1,0
5.707235300,0,0
5.707240500,1,0
5.707245500,0,0
5.707250700,1,0
5.707255700,0,0
5.707260900,1,0
5.707265900,0,0
5.707269100,0,1
5.707271000,1,1
5.707276100,0,1
5.707276500,0,0
5.707281200,1,0
5.707286300,0,0
5.707291400,1,0
5.707296500,0,0
5.707301600,1,0
5.707306600,0,0
5.707311800,1,0
5.707316800,0,0
5.707322000,1,0
5.707327000,0,0
5.707332200,1,0
5.707337200,0,0
5.707342300,1,0
5.707347400,0,0
5.707348000,0,1
5.707352500,1,1
5.707357600,0,1
5.707358600,0,0
5.707362700,1,0
5.707368900,1,1
5.804327200,1,0
5.804333200,0,0
5.804334400,0,1
5.804338300,1,1
5.804343400,0,1
5.804344400,0,0
5.804348500,1,0
5.804353600,0,0
5.804354800,0,1
5.804358700,1,1
5.804363800,0,1
5.804364800,0,0
5.804368900,1,0
5.804374000,0,0
5.804375100,0,1
5.804379100,1,1
5.804384100,0,1
5.804385100,0,0
5.804389300,1,0
5.804394300,0,0
5.804399500,1,0
5.804404500,0,0
5.804409700,1,0
5.804414700,0,0
5.804419800,1,0
5.804424900,0,0
5.804430000,1,0
5.804435100,0,0
5.804436300,0,1
5.804440200,1,1
5.804445200,0,1
5.804446200,0,0
5.804450400,1,0
5.804455400,0,0
5.804460600,1,0
5.804465600,0,0
5.804470800,1,0
5.804475800,0,0
5.804481000,1,0
5.804486000,0,0
5.804491100,1,0
5.804496200,0,0
5.804501300,1,0
5.804506400,0,0
5.804511500,1,0
5.804516500,0,0
5.804517200,0,1
5.804521700,1,1
5.804528700,1,0
5.804534700,0,0
5.804535900,0,1
5.804539900,1,1
5.804544900,0,1
5.804545900,0,0
5.804550100,1,0
5.804555100,0,0
5.804556300,0,1
5.804560200,1,1
5.804565300,0,1
5.804566300,0,0
5.804570400,1,0
5.804575500,0,0
5.804576700,0,1
5.804580600,1,1
5.804585700,0,1
5.804586700,0,0
5.804590800,1,0
5.804595800,0,0
5.804601000,1,0
5.804606000,0,0
5.804607200,0,1
5.804611200,1,1
5.804616200,0,1
5.804616600,0,0
5.804621400,1,0
5.804626400,0,0
5.804631500,1,0
5.804636600,0,0
5.804641700,1,0
5.804646800,0,0
5.804651900,1,0
5.804657000,0,0
5.804662100,1,0
5.804667100,0,0
5.804667700,0,1
5.804672300,1,1
5.804677300,0,1
5.804682500,1,1
5.804687500,0,1
5.804692700,1,1
5.804697700,0,1
5.804702800,1,1
5.804707900,0,1
5.804713000,1,1
5.804718100,0,1
5.804719100,0,0
5.804723200,1,0
5.804729400,1,1
5.804795200,1,0
5.804801200,0,0
5.804802400,0,1
5.804806400,1,1
5.804811400,0,1
5.804812400,0,0
5.804816600,1,0
5.804821600,0,0
5.804822800,0,1
5.804826800,1,1
5.804831800,0,1
5.804832800,0,0
5.804837000,1,0
5.804842000,0,0
5.804843200,0,1
5.804847100,1,1
5.804852200,0,1
5.804853200,0,0
5.804857300,1,0
5.804862400,0,0
5.804867500,1,0
5.804872500,0,0
5.804877700,1,0
5.804882700,0,0
5.804887900,1,0
5.804892900,0,0
5.804898100,1,0
5.804903100,0,0
5.804904300,0,1
5.804908200,1,1
5.804913300,0,1
5.804914300,0,0
5.804918400,1,0
5.804923500,0,0
5.804924700,0,1
5.804928600,1,1
5.804933700,0,1
5.804934700,0,0
5.804938800,1,0
5.804943800,0,0
5.804949000,1,0
5.804954000,0,0
5.804959200,1,0
5.804964200,0,0
5.804969400,1,0
5.804974400,0,0
5.804979500,1,0
5.804984600,0,0
5.804985200,0,1
5.804989700,1,1
5.804996800,1,0
5.805002800,0,0
5.805003900,0,1
5.805007900,1,1
5.805013000,0,1
5.805014000,0,0
5.805018100,1,0
5.805023100,0,0
5.805024300,0,1
5.805028300,1,1
5.805033300,0,1
5.805034300,0,0
5.805038500,1,0
5.805043500,0,0
5.805044700,0,1
5.805048700,1,1
5.805053700,0,1
5.805054700,0,0
5.805058800,1,0
5.805063900,0,0
5.805069000,1,0
5.805074100,0,0
5.805075300,0,1
5.805079200,1,1
5.805084200,0,1
5.805084600,0,0
5.805089400,1,0
5.805094400,0,0
5.805099600,1,0
5.805104600,0,0
5.805109800,1,0
5.805114800,0,0
5.805120000,1,0
5.805125000,0,0
5.805130100,1,0
5.805135200,0,0
5.805140300,1,0
5.805145400,0,0
5.805150500,1,0
5.805155500,0,0
5.805160700,1,0
5.805165700,0,0
5.805170900,1,0
5.805175900,0,0
5.805181100,1,0
5.805186100,0,0
5.805189300,0,1
5.805191200,1,1
5.805196300,0,1
5.805196700,0,0
5.805201400,1,0
5.805206500,0,0
5.805211600,1,0
5.805216700,0,0
5.805221800,1,0
5.805226800,0,0
5.805232000,1,0
5.805237000,0,0
5.805242200,1,0
5.805247200,0,0
5.805252400,1,0
5.805257400,0,0
5.805262500,1,0
5.805267600,0,0
5.805272700,1,0
5.805277800,0,0
5.805282900,1,0
5.805287900,0,0
5.805293100,1,0
5.805298100,0,0
5.805303300,1,0
5.805308300,0,0
5.805313500,1,0
5.805318500,0,0
5.805323700,1,0
5.805328700,0,0
5.805333800,1,0
5.805338900,0,0
5.805344000,1,0
5.805349100,0,0
5.805354200,1,0
5.805359200,0,0
5.805364400,1,0
5.805369400,0,0
5.805372600,0,1
5.805374600,1,1
5.805379600,0,1
5.805380000,0,0
5.805384800,1,0
5.805389800,0,0
5.805395000,1,0
5.805400000,0,0
5.805405100,1,0
5.805410200,0,0
5.805415300,1,0
5.805420400,0,0
5.805425500,1,0
5.805430500,0,0
5.805435700,1,0
5.805440700,0,0
5.805445900,1,0
5.805450900,0,0
5.805456100,1,0
5.805461100,0,0
5.805466200,1,0
5.805471300,0,0
5.805476400,1,0
5.805481500,0,0
5.805486600,1,0
5.805491700,0,0
5.805496800,1,0
5.805501800,0,0
5.805507000,1,0
5.805512000,0,0
5.805517200,1,0
5.805522200,0,0
5.805527400,1,0
5.805532400,0,0
5.805537500,1,0
5.805542600,0,0
5.805547700,1,0
5.805552800,0,0
5.805556000,0,1
5.805557900,1,1
5.805562900,0,1
5.805563300,0,0
5.805568100,1,0
5.805573100,0,0
5.805578300,1,0
5.805583300,0,0
5.805588500,1,0
5.805593500,0,0
5.805598700,1,0
5.805603700,0,0
5.805608800,1,0
5.805613900,0,0
5.805619000,1,0
5.805624100,0,0
5.805629200,1,0
5.805634200,0,0
5.805634900,0,1
5.805639400,1,1
5.805644400,0,1
5.805645400,0,0
5.805649600,1,0
5.805655800,1,1
5.903481100,1,0
5.903487100,0,0
5.903488200,0,1
5.903492200,1,1
5.903497300,0,1
5.903498300,0,0
5.903502400,1,0
5.903507400,0,0
5.903508600,0,1
5.903512600,1,1
5.903517600,0,1
5.903518600,0,0
5.903522800,1,0
5.903527800,0,0
5.903529000,0,1
5.903533000,1,1
5.903538000,0,1
5.903539000,0,0
5.903543100,1,0
5.903548200,0,0
5.903553300,1,0
5.903558400,0,0
5.903563500,1,0
5.903568600,0,0
5.903573700,1,0
5.903578700,0,0
5.903583900,1,0
5.903588900,0,0
5.903590100,0,1
5.903594100,1,1
5.903599100,0,1
5.903600100,0,0
5.903604300,1,0
5.903609300,0,0
5.903614400,1,0
5.903619500,0,0
5.903624600,1,0
5.903629700,0,0
5.903634800,1,0
5.903639900,0,0
5.903645000,1,0
5.903650000,0,0
5.903655200,1,0
5.903660200,0,0
5.903665400,1,0
5.903670400,0,0
5.903671000,0,1
5.903675600,1,1
5.903682600,1,0
5.903688600,0,0
5.903689800,0,1
5.903693700,1,1
5.903698800,0,1
5.903699800,0,0
5.903703900,1,0
5.903709000,0,0
5.903710100,0,1
5.903714100,1,1
5.903719100,0,1
5.903720100,0,0
5.903724300,1,0
5.903729300,0,0
5.903730500,0,1
5.903734500,1,1
5.903739500,0,1
5.903740500,0,0
5.903744700,1,0
5.903749700,0,0
5.903754900,1,0
5.903759900,0,0
5.903761100,0,1
5.903765000,1,1
5.903770100,0,1
5.903770500,0,0
5.903775200,1,0
5.903780300,0,0
5.903785400,1,0
5.903790400,0,0
5.903795600,1,0
5.903800600,0,0
5.903805800,1,0
5.903810800,0,0
5.903816000,1,0
5.903821000,0,0
5.903821600,0,1
5.903826100,1,1
5.903831200,0,1
5.903836300,1,1
5.903841400,0,1
5.903846500,1,1
5.903851600,0,1
5.903856700,1,1
5.903861700,0,1
5.903866900,1,1
5.903871900,0,1
5.903872900,0,0
5.903877100,1,0
5.903883300,1,1
5.903948100,1,0
5.903954100,0,0
5.903955300,0,1
5.903959200,1,1
5.903964300,0,1
5.903965300,0,0
5.903969400,1,0
5.903974500,0,0
5.903975700,0,1
5.903979600,1,1
5.903984700,0,1
5.903985700,0,0
5.903989800,1,0
5.903994800,0,0
5.903996000,0,1
5.904000000,1,1
5.904005000,0,1
5.904006000,0,0
5.904010200,1,0
5.904015200,0,0
5.904020400,1,0
5.904025400,0,0
5.904030600,1,0
5.904035600,0,0
5.904040700,1,0
5.904045800,0,0
5.904050900,1,0
5.904056000,0,0
5.904057200,0,1
5.904061100,1,1
5.904066100,0,1
5.904067100,0,0
5.904071300,1,0
5.904076300,0,0
5.904077500,0,1
5.904081500,1,1
5.904086500,0,1
5.904087500,0,0
5.904091700,1,0
5.904096700,0,0
5.904101900,1,0
5.904106900,0,0
5.904112000,1,0
5.904117100,0,0
5.904122200,1,0
5.904127300,0,0
5.904132400,1,0
5.904137400,0,0
5.904138000,0,1
5.904142600,1,1
5.904149600,1,0
5.904155600,0,0
5.904156800,0,1
5.904160800,1,1
5.904165800,0,1
5.904166800,0,0
5.904171000,1,0
5.904176000,0,0
5.904177200,0,1
5.904181100,1,1
5.904186200,0,1
5.904187200,0,0
5.904191300,1,0
5.904196400,0,0
5.904197600,0,1
5.904201500,1,1
5.904206600,0,1
5.904207600,0,0
5.904211700,1,0
5.904216700,0,0
5.904221900,1,0
5.904226900,0,0
5.904228100,0,1
5.904232100,1,1
5.904237100,0,1
5.904237500,0,0
5.904242300,1,0
5.904247300,0,0
5.904252400,1,0
5.904257500,0,0
5.904262600,1,0
5.904267700,0,0
5.904272800,1,0
5.904277800,0,0
5.904283000,1,0
5.904288000,0,0
5.904293200,1,0
5.904298200,0,0
5.904303400,1,0
5.904308400,0,0
5.904313600,1,0
5.904318600,0,0
5.904323700,1,0
5.904328800,0,0
5.904333900,1,0
5.904339000,0,0
5.904342200,0,1
5.904344100,1,1
5.904349100,0,1
5.904349500,0,0
5.904354300,1,0
5.904359300,0,0
5.904364500,1,0
5.904369500,0,0
5.904374700,1,0
5.904379700,0,0
5.904384900,1,0
5.904389900,0,0
5.904395000,1,0
5.904400100,0,0
5.904405200,1,0
5.904410300,0,0
5.904415400,1,0
5.904420400,0,0
5.904425600,1,0
5.904430600,0,0
5.904435800,1,0
5.904440800,0,0
5.904446000,1,0
5.904451000,0,0
5.904456100,1,0
5.904461200,0,0
5.904466300,1,0
5.904471400,0,0
5.904476500,1,0
5.904481600,0,0
5.904486700,1,0
5.904491700,0,0
5.904496900,1,0
5.904501900,0,0
5.904507100,1,0
5.904512100,0,0
5.904517300,1,0
5.904522300,0,0
5.904525500,0,1
5.904527400,1,1
5.904532500,0,1
5.904532900,0,0
5.904537600,1,0
5.904542700,0,0
5.904547800,1,0
5.904552800,0,0
5.904558000,1,0
5.904563000,0,0
5.904568200,1,0
5.904573200,0,0
5.904578400,1,0
5.904583400,0,0
5.904588600,1,0
5.904593600,0,0
5.904598700,1,0
5.904603800,0,0
5.904608900,1,0
5.904614000,0,0
5.904619100,1,0
5.904624100,0,0
5.904629300,1,0
5.904634300,0,0
5.904639500,1,0
5.904644500,0,0
5.904649700,1,0
5.904654700,0,0
5.904659800,1,0
5.904664900,0,0
5.904670000,1,0
5.904675100,0,0
5.904680200,1,0
5.904685300,0,0
5.904690400,1,0
5.904695400,0,0
5.904700600,1,0
5.904705600,0,0
5.904708800,0,1
5.904710800,1,1
5.904715800,0,1
5.904716200,0,0
5.904721000,1,0
5.904726000,0,0
5.904731100,1,0
5.904736200,0,0
5.904741300,1,0
5.904746400,0,0
5.904751500,1,0
5.904756500,0,0
5.904761700,1,0
5.904766700,0,0
5.904771900,1,0
5.904776900,0,0
5.904782100,1,0
5.904787100,0,0
5.904787700,0,1
5.904792300,1,1
5.904797300,0,1
5.904798300,0,0
5.904802400,1,0
5.904808700,1,1
6.001784900,1,0
6.001790900,0,0
6.001792100,0,1
6.001796100,1,1
6.001801100,0,1
6.001802100,0,0
6.001806300,1,0
6.001811300,0,0
6.001812500,0,1
6.001816500,1,1
6.001821500,0,1
6.001822500,0,0
6.001826600,1,0
6.001831700,0,0
6.001832900,0,1
6.001836800,1,1
6.001841900,0,1
6.001842900,0,0
6.001847000,1,0
6.001852100,0,0
6.001857200,1,0
6.001862200,0,0
6.001867400,1,0
6.001872400,0,0
6.001877600,1,0
6.001882600,0,0
6.001887800,1,0
6.001892800,0,0
6.001894000,0,1
6.001897900,1,1
6.001903000,0,1
6.001904000,0,0
6.001908100,1,0
6.001913200,0,0
6.001918300,1,0
6.001923300,0,0
6.001928500,1,0
6.001933500,0,0
6.001938700,1,0
6.001943700,0,0
6.001948900,1,0
6.001953900,0,0
6.001959100,1,0
6.001964100,0,0
6.001969200,1,0
6.001974300,0,0
6.001974900,0,1
6.001979400,1,1
6.001986500,1,0
6.001992500,0,0
6.001993600,0,1
6.001997600,1,1
6.002002600,0,1
6.002003600,0,0
6.002007800,1,0
6.002012800,0,0
6.002014000,0,1
6.002018000,1,1
6.002023000,0,1
6.002024000,0,0
6.002028200,1,0
6.002033200,0,0
6.002034400,0,1
6.002038300,1,1
6.002043400,0,1
6.002044400,0,0
6.002048500,1,0
6.002053600,0,0
6.002058700,1,0
6.002063800,0,0
6.002065000,0,1
6.002068900,1,1
6.002073900,0,1
6.002074300,0,0
6.002079100,1,0
6.002084100,0,0
6.002089300,1,0
6.002094300,0,0
6.002099500,1,0
6.002104500,0,0
6.002109600,1,0
6.002114700,0,0
6.002119800,1,0
6.002124900,0,0
6.002125500,0,1
6.002130000,1,1
6.002135000,0,1
6.002140200,1,1
6.002145200,0,1
6.002150400,1,1
6.002155400,0,1
6.002160600,1,1
6.002165600,0,1
6.002170800,1,1
6.002175800,0,1
6.002176800,0,0
6.002180900,1,0
6.002187100,1,1
6.002245000,1,0
6.002251000,0,0
6.002252100,0,1
6.002256100,1,1
6.002261200,0,1
6.002262200,0,0
6.002266300,1,0
6.002271300,0,0
6.002272500,0,1
6.002276500,1,1
6.002281500,0,1
6.002282500,0,0
6.002286700,1,0
6.002291700,0,0
6.002292900,0,1
6.002296900,1,1
6.002301900,0,1
6.002302900,0,0
6.002307100,1,0
6.002312100,0,0
6.002317200,1,0
6.002322300,0,0
6.002327400,1,0
6.002332500,0,0
6.002337600,1,0
6.002342600,0,0
6.002347800,1,0
6.002352800,0,0
6.002354000,0,1
6.002358000,1,1
6.002363000,0,1
6.002364000,0,0
6.002368200,1,0
6.002373200,0,0
6.002374400,0,1
6.002378300,1,1
6.002383400,0,1
6.002384400,0,0
6.002388500,1,0
6.002393600,0,0
6.002398700,1,0
6.002403800,0,0
6.002408900,1,0
6.002413900,0,0
6.002419100,1,0
6.002424100,0,0
6.002429300,1,0
6.002434300,0,0
6.002434900,0,1
6.002439500,1,1
6.002446500,1,0
6.002452500,0,0
6.002453700,0,1
6.002457600,1,1
6.002462700,0,1
6.002463700,0,0
6.002467800,1,0
6.002472900,0,0
6.002474000,0,1
6.002478000,1,1
6.002483000,0,1
6.002484000,0,0
6.002488200,1,0
6.002493200,0,0
6.002494400,0,1
6.002498400,1,1
6.002503400,0,1
6.002504400,0,0
6.002508600,1,0
6.002513600,0,0
6.002518800,1,0
6.002523800,0,0
6.002525000,0,1
6.002528900,1,1
6.002534000,0,1
6.002534400,0,0
6.002539100,1,0
6.002544200,0,0
6.002549300,1,0
6.002554300,0,0
6.002559500,1,0
6.002564500,0,0
6.002569700,1,0
6.002574700,0,0
6.002579900,1,0
6.002584900,0,0
6.002590000,1,0
6.002595100,0,0
6.002600200,1,0
6.002605300,0,0
6.002610400,1,0
6.002615500,0,0
6.002620600,1,0
6.002625600,0,0
6.002630800,1,0
6.002635800,0,0
6.002639000,0,1
6.002641000,1,1
6.002646000,0,1
6.002646400,0,0
6.002651200,1,0
6.002656200,0,0
6.002661300,1,0
6.002666400,0,0
6.002671500,1,0
6.002676600,0,0
6.002681700,1,0
6.002686700,0,0
6.002691900,1,0
6.002696900,0,0
6.002702100,1,0
6.002707100,0,0
6.002712300,1,0
6.002717300,0,0
6.002722500,1,0
6.002727500,0,0
6.002732600,1,0
6.002737700,0,0
6.002742800,1,0
6.002747900,0,0
6.002753000,1,0
6.002758000,0,0
6.002763200,1,0
6.002768200,0,0
6.002773400,1,0
6.002778400,0,0
6.002783600,1,0
6.002788600,0,0
6.002793800,1,0
6.002798800,0,0
6.002803900,1,0
6.002809000,0,0
6.002814100,1,0
6.002819200,0,0
6.002822400,0,1
6.002824300,1,1
6.002829300,0,1
6.002829800,0,0
6.002834500,1,0
6.002839500,0,0
6.002844700,1,0
6.002849700,0,0
6.002854900,1,0
6.002859900,0,0
6.002865000,1,0
6.002870100,0,0
6.002875200,1,0
6.002880300,0,0
6.002885400,1,0
6.002890500,0,0
6.002895600,1,0
6.002900600,0,0
6.002905800,1,0
6.002910800,0,0
6.002916000,1,0
6.002921000,0,0
6.002926200,1,0
6.002931200,0,0
6.002936300,1,0
6.002941400,0,0
6.002946500,1,0
6.002951600,0,0
6.002956700,1,0
6.002961700,0,0
6.002966900,1,0
6.002971900,0,0
6.002977100,1,0
6.002982100,0,0
6.002987300,1,0
6.002992300,0,0
6.002997500,1,0
6.003002500,0,0
6.003005700,0,1
6.003007600,1,1
6.003012700,0,1
6.003013100,0,0
6.003017800,1,0
6.003022900,0,0
6.003028000,1,0
6.003033000,0,0
6.003038200,1,0
6.003043200,0,0
6.003048400,1,0
6.003053400,0,0
6.003058600,1,0
6.003063600,0,0
6.003068700,1,0
6.003073800,0,0
6.003078900,1,0
6.003084000,0,0
6.003084600,0,1
6.003089100,1,1
6.003094200,0,1
6.003095200,0,0
6.003099300,1,0
6.003105500,1,1
6.100030800,1,0
6.100036800,0,0
6.100038000,0,1
6.100041900,1,1
6.100047000,0,1
6.100048000,0,0
6.100052100,1,0
6.100057200,0,0
6.100058400,0,1
6.100062300,1,1
6.100067400,0,1
6.100068400,0,0
6.100072500,1,0
6.100077500,0,0
6.100078700,0,1
6.100082700,1,1
6.100087700,0,1
6.100088700,0,0
6.100092900,1,0
6.100097900,0,0
6.100103100,1,0
6.100108100,0,0
6.100113300,1,0
6.100118300,0,0
6.100123400,1,0
6.100128500,0,0
6.100133600,1,0
6.100138700,0,0
6.100139900,0,1
6.100143800,1,1
6.100148800,0,1
6.100149800,0,0
6.100154000,1,0
6.100159000,0,0
6.100164200,1,0
6.100169200,0,0
6.100174400,1,0
6.100179400,0,0
6.100184500,1,0
6.100189600,0,0
6.100194700,1,0
6.100199800,0,0
6.100204900,1,0
6.100210000,0,0
6.100215100,1,0
6.100220100,0,0
6.100220800,0,1
6.100225300,1,1
6.100232300,1,0
6.100238300,0,0
6.100239500,0,1
6.100243500,1,1
6.100248500,0,1
6.100249500,0,0
6.100253700,1,0
6.100258700,0,0
6.100259900,0,1
6.100263800,1,1
6.100268900,0,1
6.100269900,0,0
6.100274000,1,0
6.100279100,0,0
6.100280200,0,1
6.100284200,1,1
6.100289200,0,1
6.100290200,0,0
6.100294400,1,0
6.100299400,0,0
6.100304600,1,0
6.100309600,0,0
6.100310800,0,1
6.100314800,1,1
6.100319800,0,1
6.100320200,0,0
6.100325000,1,0
6.100330000,0,0
6.100335100,1,0
6.100340200,0,0
6.100345300,1,0
6.100350400,0,0
6.100355500,1,0
6.100360500,0,0
6.100365700,1,0
6.100370700,0,0
6.100371300,0,1
6.100375900,1,1
6.100380900,0,1
6.100386100,1,1
6.100391100,0,1
6.100396200,1,1
6.100401300,0,1
6.100406400,1,1
6.100411500,0,1
6.100416600,1,1
6.100421700,0,1
6.100422700,0,0
6.100426800,1,0
6.100433000,1,1
6.100491800,1,0
6.100497800,0,0
6.100499000,0,1
6.100503000,1,1
6.100508000,0,1
6.100509000,0,0
6.100513200,1,0
6.100518200,0,0
6.100519400,0,1
6.100523400,1,1
6.100528400,0,1
6.100529400,0,0
6.100533500,1,0
6.100538600,0,0
6.100539800,0,1
6.100543700,1,1
6.100548800,0,1
6.100549800,0,0
6.100553900,1,0
6.100559000,0,0
6.100564100,1,0
6.100569100,0,0
6.100574300,1,0
6.100579300,0,0
6.100584500,1,0
6.100589500,0,0
6.100594700,1,0
6.100599700,0,0
6.100600900,0,1
6.100604800,1,1
6.100609900,0,1
6.100610900,0,0
6.100615000,1,0
6.100620100,0,0
6.100621200,0,1
6.100625200,1,1
6.100630200,0,1
6.100631200,0,0
6.100635400,1,0
6.100640400,0,0
6.100645600,1,0
6.100650600,0,0
6.100655800,1,0
6.100660800,0,0
6.100666000,1,0
6.100671000,0,0
6.100676100,1,0
6.100681200,0,0
6.100681800,0,1
6.100686300,1,1
6.100693400,1,0
6.100699400,0,0
6.100700500,0,1
6.100704500,1,1
6.100709500,0,1
6.100710500,0,0
6.100714700,1,0
6.100719700,0,0
6.100720900,0,1
6.100724900,1,1
6.100729900,0,1
6.100730900,0,0
6.100735100,1,0
6.100740100,0,0
6.100741300,0,1
6.100745200,1,1
6.100750300,0,1
6.100751300,0,0
6.100755400,1,0
6.100760500,0,0
6.100765600,1,0
6.100770700,0,0
6.100771900,0,1
6.100775800,1,1
6.100780800,0,1
6.100781300,0,0
6.100786000,1,0
6.100791000,0,0
6.100796200,1,0
6.100801200,0,0
6.100806400,1,0
6.100811400,0,0
6.100816500,1,0
6.100821600,0,0
6.100826700,1,0
6.100831800,0,0
6.100836900,1,0
6.100841900,0,0
6.100847100,1,0
6.100852100,0,0
6.100857300,1,0
6.100862300,0,0
6.100867500,1,0
6.100872500,0,0
6.100877700,1,0
6.100882700,0,0
6.100885900,0,1
6.100887800,1,1
6.100892900,0,1
6.100893300,0,0
6.100898000,1,0
6.100903100,0,0
6.100908200,1,0
6.100913200,0,0
6.100918400,1,0
6.100923400,0,0
6.100928600,1,0
6.100933600,0,0
6.100938800,1,0
6.100943800,0,0
6.100949000,1,0
6.100954000,0,0
6.100959100,1,0
6.100964200,0,0
6.100969300,1,0
6.100974400,0,0
6.100979500,1,0
6.100984500,0,0
6.100989700,1,0
6.100994700,0,0
6.100999900,1,0
6.101004900,0,0
6.101010100,1,0
6.101015100,0,0
6.101020200,1,0
6.101025300,0,0
6.101030400,1,0
6.101035500,0,0
6.101040600,1,0
6.101045700,0,0
6.101050800,1,0
6.101055800,0,0
6.101061000,1,0
6.101066000,0,0
6.101069200,0,1
6.101071200,1,1
6.101076200,0,1
6.101076600,0,0
6.101081400,1,0
6.101086400,0,0
6.101091500,1,0
6.101096600,0,0
6.101101700,1,0
6.101106800,0,0
6.101111900,1,0
6.101116900,0,0
6.101122100,1,0
6.101127100,0,0
6.101132300,1,0
6.101137300,0,0
6.101142500,1,0
6.101147500,0,0
6.101152700,1,0
6.101157700,0,0
6.101162800,1,0
6.101167900,0,0
6.101173000,1,0
6.101178100,0,0
6.101183200,1,0
6.101188200,0,0
6.101193400,1,0
6.101198400,0,0
6.101203600,1,0
6.101208600,0,0
6.101213800,1,0
6.101218800,0,0
6.101224000,1,0
6.101229000,0,0
6.101234100,1,0
6.101239200,0,0
6.101244300,1,0
6.101249400,0,0
6.101252600,0,1
6.101254500,1,1
6.101259500,0,1
6.101260000,0,0
6.101264700,1,0
6.101269700,0,0
6.101274900,1,0
6.101279900,0,0
6.101285100,1,0
6.101290100,0,0
6.101295200,1,0
6.101300300,0,0
6.101305400,1,0
6.101310500,0,0
6.101315600,1,0
6.101320600,0,0
6.101325800,1,0
6.101330800,0,0
6.101331500,0,1
6.101336000,1,1
6.101341000,0,1
6.101342000,0,0
6.101346200,1,0
6.101352400,1,1
6.198318700,1,0
6.198324700,0,0
6.198325800,0,1
6.198329800,1,1
6.198334900,0,1
6.198335900,0,0
6.198340000,1,0
6.198345000,0,0
6.198346200,0,1
6.198350200,1,1
6.198355200,0,1
6.198356200,0,0
6.198360400,1,0
6.198365400,0,0
6.198366600,0,1
6.198370600,1,1
6.198375600,0,1
6.198376600,0,0
6.198380700,1,0
6.198385800,0,0
6.198390900,1,0
6.198396000,0,0
6.198401100,1,0
6.198406200,0,0
6.198411300,1,0
6.198416300,0,0
6.198421500,1,0
6.198426500,0,0
6.198427700,0,1
6.198431700,1,1
6.198436700,0,1
6.198437700,0,0
6.198441900,1,0
6.198446900,0,0
6.198452000,1,0
6.198457100,0,0
6.198462200,1,0
6.198467300,0,0
6.198472400,1,0
6.198477400,0,0
6.198482600,1,0
6.198487600,0,0
6.198492800,1,0
6.198497800,0,0
6.198503000,1,0
6.198508000,0,0
6.198508600,0,1
6.198513200,1,1
6.198520200,1,0
6.198526200,0,0
6.198527400,0,1
6.198531300,1,1
6.198536400,0,1
6.198537400,0,0
6.198541500,1,0
6.198546600,0,0
6.198547700,0,1
6.198551700,1,1
6.198556700,0,1
6.198557700,0,0
6.198561900,1,0
6.198566900,0,0
6.198568100,0,1
6.198572100,1,1
6.198577100,0,1
6.198578100,0,0
6.198582300,1,0
6.198587300,0,0
6.198592400,1,0
6.198597500,0,0
6.198598700,0,1
6.198602600,1,1
6.198607700,0,1
6.198608100,0,0
6.198612800,1,0
6.198617900,0,0
6.198623000,1,0
6.198628000,0,0
6.198633200,1,0
6.198638200,0,0
6.198643400,1,0
6.198648400,0,0
6.198653600,1,0
6.198658600,0,0
6.198659200,0,1
6.198663700,1,1
6.198668800,0,1
6.198673900,1,1
6.198679000,0,1
6.198684100,1,1
6.198689100,0,1
6.198694300,1,1
6.198699300,0,1
6.198704500,1,1
6.198709500,0,1
6.198710500,0,0
6.198714700,1,0
6.198720900,1,1
6.198778700,1,0
6.198784700,0,0
6.198785900,0,1
6.198789800,1,1
6.198794900,0,1
6.198795900,0,0
6.198800000,1,0
6.198805100,0,0
6.198806300,0,1
6.198810200,1,1
6.198815300,0,1
6.198816300,0,0
6.198820400,1,0
6.198825400,0,0
6.198826600,0,1
6.198830600,1,1
6.198835600,0,1
6.198836600,0,0
6.198840800,1,0
6.198845800,0,0
6.198851000,1,0
6.198856000,0,0
6.198861200,1,0
6.198866200,0,0
6.198871300,1,0
6.198876400,0,0
6.198881500,1,0
6.198886600,0,0
6.198887800,0,1
6.198891700,1,1
6.198896700,0,1
6.198897700,0,0
6.198901900,1,0
6.198906900,0,0
6.198908100,0,1
6.198912100,1,1
6.198917100,0,1
6.198918100,0,0
6.198922300,1,0
6.198927300,0,0
6.198932400,1,0
6.198937500,0,0
6.198942600,1,0
6.198947700,0,0
6.198952800,1,0
6.198957900,0,0
6.198963000,1,0
6.198968000,0,0
6.198968700,0,1
6.198973200,1,1
6.198980200,1,0
6.198986200,0,0
6.198987400,0,1
6.198991400,1,1
6.198996400,0,1
6.198997400,0,0
6.199001600,1,0
6.199006600,0,0
6.199007800,0,1
6.199011700,1,1
6.199016800,0,1
6.199017800,0,0
6.199021900,1,0
6.199027000,0,0
6.199028100,0,1
6.199032100,1,1
6.199037100,0,1
6.199038100,0,0
6.199042300,1,0
6.199047300,0,0
6.199052500,1,0
6.199057500,0,0
6.199058700,0,1
6.199062700,1,1
6.199067700,0,1
6.199068200,0,0
6.199072900,1,0
6.199077900,0,0
6.199083000,1,0
6.199088100,0,0
6.199093200,1,0
6.199098300,0,0
6.199103400,1,0
6.199108400,0,0
6.199113600,1,0
6.199118600,0,0
6.199123800,1,0
6.199128800,0,0
6.199134000,1,0
6.199139000,0,0
6.199144100,1,0
6.199149200,0,0
6.199154300,1,0
6.199159400,0,0
6.199164500,1,0
6.199169600,0,0
6.199172800,0,1
6.199174700,1,1
6.199179700,0,1
6.199180200,0,0
6.199184900,1,0
6.199189900,0,0
6.199195100,1,0
6.199200100,0,0
6.199205300,1,0
6.199210300,0,0
6.199215400,1,0
6.199220500,0,0
6.199225600,1,0
6.199230700,0,0
6.199235800,1,0
6.199240800,0,0
6.199246000,1,0
6.199251000,0,0
6.199256200,1,0
6.199261200,0,0
6.199266400,1,0
6.199271400,0,0
6.199276600,1,0
6.199281600,0,0
6.199286700,1,0
6.199291800,0,0
6.199296900,1,0
6.199302000,0,0
6.199307100,1,0
6.199312100,0,0
6.199317300,1,0
6.199322300,0,0
6.199327500,1,0
6.199332500,0,0
6.199337700,1,0
6.199342700,0,0
6.199347900,1,0
6.199352900,0,0
6.199356100,0,1
6.199358000,1,1
6.199363100,0,1
6.199363500,0,0
6.199368200,1,0
6.199373300,0,0
6.199378400,1,0
6.199383400,0,0
6.199388600,1,0
6.199393600,0,0
6.199398800,1,0
6.199403800,0,0
6.199409000,1,0
6.199414000,0,0
6.199419100,1,0
6.199424200,0,0
6.199429300,1,0
6.199434400,0,0
6.199439500,1,0
6.199444600,0,0
6.199449700,1,0
6.199454700,0,0
6.199459900,1,0
6.199464900,0,0
6.199470100,1,0
6.199475100,0,0
6.199480300,1,0
6.199485300,0,0
6.199490400,1,0
6.199495500,0,0
6.199500600,1,0
6.199505700,0,0
6.199510800,1,0
6.199515800,0,0
6.199521000,1,0
6.199526000,0,0
6.199531200,1,0
6.199536200,0,0
6.199539400,0,1
6.199541400,1,1
6.199546400,0,1
6.199546800,0,0
6.199551600,1,0
6.199556600,0,0
6.199561700,1,0
6.199566800,0,0
6.199571900,1,0
6.199577000,0,0
6.199582100,1,0
6.199587100,0,0
6.199592300,1,0
6.199597300,0,0
6.199602500,1,0
6.199607500,0,0
6.199612700,1,0
6.199617700,0,0
6.199618300,0,1
6.199622900,1,1
6.199627900,0,1
6.199628900,0,0
6.199633000,1,0
6.199639300,1,1
6.297467500,1,0
6.297473500,0,0
6.297474700,0,1
6.297478600,1,1
6.297483700,0,1
6.297484700,0,0
6.297488900,1,0
6.297493900,0,0
6.297495100,0,1
6.297499000,1,1
6.297504100,0,1
6.297505100,0,0
6.297509200,1,0
6.297514300,0,0
6.297515500,0,1
6.297519400,1,1
6.297524500,0,1
6.297525500,0,0
6.297529600,1,0
6.297534600,0,0
6.297539800,1,0
6.297544800,0,0
6.297550000,1,0
6.297555000,0,0
6.297560200,1,0
6.297565200,0,0
6.297570300,1,0
6.297575400,0,0
6.297576600,0,1
6.297580500,1,1
6.297585600,0,1
6.297586600,0,0
6.297590700,1,0
6.297595700,0,0
6.297600900,1,0
6.297605900,0,0
6.297611100,1,0
6.297616100,0,0
6.297621300,1,0
6.297626300,0,0
6.297631500,1,0
6.297636500,0,0
6.297641600,1,0
6.297646700,0,0
6.297651800,1,0
6.297656900,0,0
6.297657500,0,1
6.297662000,1,1
6.297669000,1,0
6.297675000,0,0
6.297676200,0,1
6.297680200,1,1
6.297685200,0,1
6.297686200,0,0
6.297690400,1,0
6.297695400,0,0
6.297696600,0,1
6.297700600,1,1
6.297705600,0,1
6.297706600,0,0
6.297710800,1,0
6.297715800,0,0
6.297717000,0,1
6.297720900,1,1
6.297726000,0,1
6.297727000,0,0
6.297731100,1,0
6.297736200,0,0
6.297741300,1,0
6.297746300,0,0
6.297747500,0,1
6.297751500,1,1
6.297756500,0,1
6.297756900,0,0
6.297761700,1,0
6.297766700,0,0
6.297771900,1,0
6.297776900,0,0
6.297782000,1,0
6.297787100,0,0
6.297792200,1,0
6.297797300,0,0
6.297802400,1,0
6.297807500,0,0
6.297808000,0,1
6.297812600,1,1
6.297817600,0,1
6.297822800,1,1
6.297827800,0,1
6.297833000,1,1
6.297838000,0,1
6.297843200,1,1
6.297848200,0,1
6.297853300,1,1
6.297858400,0,1
6.297859400,0,0
6.297863500,1,0
6.297869700,1,1
6.297935600,1,0
6.297941600,0,0
6.297942700,0,1
6.297946700,1,1
6.297951700,0,1
6.297952700,0,0
6.297956900,1,0
6.297961900,0,0
6.297963100,0,1
6.297967100,1,1
6.297972100,0,1
6.297973100,0,0
6.297977300,1,0
6.297982300,0,0
6.297983500,0,1
6.297987500,1,1
6.297992500,0,1
6.297993500,0,0
6.297997600,1,0
6.298002700,0,0
6.298007800,1,0
6.298012900,0,0
6.298018000,1,0
6.298023000,0,0
6.298028200,1,0
6.298033200,0,0
6.298038400,1,0
6.298043400,0,0
6.298044600,0,1
6.298048600,1,1
6.298053600,0,1
6.298054600,0,0
6.298058700,1,0
6.298063800,0,0
6.298065000,0,1
6.298068900,1,1
6.298074000,0,1
6.298075000,0,0
6.298079100,1,0
6.298084200,0,0
6.298089300,1,0
6.298094300,0,0
6.298099500,1,0
6.298104500,0,0
6.298109700,1,0
6.298114700,0,0
6.298119900,1,0
6.298124900,0,0
6.298125500,0,1
6.298130000,1,1
6.298137100,1,0
6.298143100,0,0
6.298144300,0,1
6.298148200,1,1
6.298153300,0,1
6.298154300,0,0
6.298158400,1,0
6.298163500,0,0
6.298164600,0,1
6.298168600,1,1
6.298173600,0,1
6.298174600,0,0
6.298178800,1,0
6.298183800,0,0
6.298185000,0,1
6.298189000,1,1
6.298194000,0,1
6.298195000,0,0
6.298199200,1,0
6.298204200,0,0
6.298209300,1,0
6.298214400,0,0
6.298215600,0,1
6.298219500,1,1
6.298224600,0,1
6.298225000,0,0
6.298229700,1,0
6.298234700,0,0
6.298239900,1,0
6.298244900,0,0
6.298250100,1,0
6.298255100,0,0
6.298260300,1,0
6.298265300,0,0
6.298270500,1,0
6.298275500,0,0
6.298280600,1,0
6.298285700,0,0
6.298290800,1,0
6.298295900,0,0
6.298301000,1,0
6.298306000,0,0
6.298311200,1,0
6.298316200,0,0
6.298321400,1,0
6.298326400,0,0
6.298329600,0,1
6.298331600,1,1
6.298336600,0,1
6.298337000,0,0
6.298341700,1,0
6.298346800,0,0
6.298351900,1,0
6.298357000,0,0
6.298362100,1,0
6.298367200,0,0
6.298372300,1,0
6.298377300,0,0
6.298382500,1,0
6.298387500,0,0
6.298392700,1,0
6.298397700,0,0
6.298402900,1,0
6.298407900,0,0
6.298413000,1,0
6.298418100,0,0
6.298423200,1,0
6.298428300,0,0
6.298433400,1,0
6.298438400,0,0
6.298443600,1,0
6.298448600,0,0
6.298453800,1,0
6.298458800,0,0
6.298464000,1,0
6.298469000,0,0
6.298474200,1,0
6.298479200,0,0
6.298484300,1,0
6.298489400,0,0
6.298494500,1,0
6.298499600,0,0
6.298504700,1,0
6.298509700,0,0
6.298513000,0,1
6.298514900,1,1
6.298519900,0,1
6.298520400,0,0
6.298525100,1,0
6.298530100,0,0
6.298535300,1,0
6.298540300,0,0
6.298545500,1,0
6.298550500,0,0
6.298555600,1,0
6.298560700,0,0
6.298565800,1,0
6.298570900,0,0
6.298576000,1,0
6.298581000,0,0
6.298586200,1,0
6.298591200,0,0
6.298596400,1,0
6.298601400,0,0
6.298606600,1,0
6.298611600,0,0
6.298616700,1,0
6.298621800,0,0
6.298626900,1,0
6.298632000,0,0
6.298637100,1,0
6.298642200,0,0
6.298647300,1,0
6.298652300,0,0
6.298657500,1,0
6.298662500,0,0
6.298667700,1,0
6.298672700,0,0
6.298677900,1,0
6.298682900,0,0
6.298688000,1,0
6.298693100,0,0
6.298696300,0,1
6.298698200,1,1
6.298703300,0,1
6.298703700,0,0
6.298708400,1,0
6.298713400,0,0
6.298718600,1,0
6.298723600,0,0
6.298728800,1,0
6.298733800,0,0
6.298739000,1,0
6.298744000,0,0
6.298749200,1,0
6.298754200,0,0
6.298759300,1,0
6.298764400,0,0
6.298769500,1,0
6.298774600,0,0
6.298775200,0,1
6.298779700,1,1
6.298784700,0,1
6.298785700,0,0
6.298789900,1,0
6.298796100,1,1
6.395730400,1,0
6.395736400,0,0
6.395737500,0,1
6.395741500,1,1
6.395746600,0,1
6.395747600,0,0
6.395751700,1,0
6.395756800,0,0
6.395757900,0,1
6.395761900,1,1
6.395766900,0,1
6.395767900,0,0
6.395772100,1,0
6.395777100,0,0
6.395778300,0,1
6.395782300,1,1
6.395787300,0,1
6.395788300,0,0
6.395792500,1,0
6.395797500,0,0
6.395802700,1,0
6.395807700,0,0
6.395812800,1,0
6.395817900,0,0
6.395823000,1,0
6.395828100,0,0
6.395833200,1,0
6.395838200,0,0
6.395839500,0,1
6.395843400,1,1
6.395848400,0,1
6.395849400,0,0
6.395853600,1,0
6.395858600,0,0
6.395863800,1,0
6.395868800,0,0
6.395874000,1,0
6.395879000,0,0
6.395884100,1,0
6.395889200,0,0
6.395894300,1,0
6.395899400,0,0
6.395904500,1,0
6.395909500,0,0
6.395914700,1,0
6.395919700,0,0
6.395920300,0,1
6.395924900,1,1
6.395931900,1,0
6.395937900,0,0
6.395939100,0,1
6.395943000,1,1
6.395948100,0,1
6.395949100,0,0
6.395953200,1,0
6.395958300,0,0
6.395959500,0,1
6.395963400,1,1
6.395968500,0,1
6.395969500,0,0
6.395973600,1,0
6.395978600,0,0
6.395979800,0,1
6.395983800,1,1
6.395988800,0,1
6.395989800,0,0
6.395994000,1,0
6.395999000,0,0
6.396004200,1,0
6.396009200,0,0
6.396010400,0,1
6.396014400,1,1
6.396019400,0,1
6.396019800,0,0
6.396024500,1,0
6.396029600,0,0
6.396034700,1,0
6.396039800,0,0
6.396044900,1,0
6.396049900,0,0
6.396055100,1,0
6.396060100,0,0
6.396065300,1,0
6.396070300,0,0
6.396070900,0,1
6.396075500,1,1
6.396080500,0,1
6.396085600,1,1
6.396090700,0,1
6.396095800,1,1
6.396100900,0,1
6.396106000,1,1
6.396111100,0,1
6.396116200,1,1
6.396121200,0,1
6.396122200,0,0
6.396126400,1,0
6.396132600,1,1
6.396199400,1,0
6.396205400,0,0
6.396206600,0,1
6.396210500,1,1
6.396215600,0,1
6.396216600,0,0
6.396220800,1,0
6.396225800,0,0
6.396227000,0,1
6.396230900,1,1
6.396236000,0,1
6.396237000,0,0
6.396241100,1,0
6.396246200,0,0
6.396247300,0,1
6.396251300,1,1
6.396256400,0,1
6.396257400,0,0
6.396261500,1,0
6.396266500,0,0
6.396271700,1,0
6.396276700,0,0
6.396281900,1,0
6.396286900,0,0
6.396292100,1,0
6.396297100,0,0
6.396302200,1,0
6.396307300,0,0
6.396308500,0,1
6.396312400,1,1
6.396317500,0,1
6.396318500,0,0
6.396322600,1,0
6.396327600,0,0
6.396328800,0,1
6.396332800,1,1
6.396337800,0,1
6.396338800,0,0
6.396343000,1,0
6.396348000,0,0
6.396353200,1,0
6.396358200,0,0
6.396363400,1,0
6.396368400,0,0
6.396373500,1,0
6.396378600,0,0
6.396383700,1,0
6.396388800,0,0
6.396389400,0,1
6.396393900,1,1
6.396400900,1,0
6.396406900,0,0
6.396408100,0,1
6.396412100,1,1
6.396417100,0,1
6.396418100,0,0
6.396422300,1,0
6.396427300,0,0
6.396428500,0,1
6.396432500,1,1
6.396437500,0,1
6.396438500,0,0
6.396442600,1,0
6.396447700,0,0
6.396448900,0,1
6.396452800,1,1
6.396457900,0,1
6.396458900,0,0
6.396463000,1,0
6.396468100,0,0
6.396473200,1,0
6.396478200,0,0
6.396479400,0,1
6.396483400,1,1
6.396488400,0,1
6.396488900,0,0
6.396493600,1,0
6.396498600,0,0
6.396503800,1,0
6.396508800,0,0
6.396513900,1,0
6.396519000,0,0
6.396524100,1,0
6.396529200,0,0
6.396534300,1,0
6.396539400,0,0
6.396544500,1,0
6.396549500,0,0
6.396554700,1,0
6.396559700,0,0
6.396564900,1,0
6.396569900,0,0
6.396575100,1,0
6.396580100,0,0
6.396585200,1,0
6.396590300,0,0
6.396593500,0,1
6.396595400,1,1
6.396600500,0,1
6.396600900,0,0
6.396605600,1,0
6.396610600,0,0
6.396615800,1,0
6.396620800,0,0
6.396626000,1,0
6.396631000,0,0
6.396636200,1,0
6.396641200,0,0
6.396646400,1,0
6.396651400,0,0
6.396656500,1,0
6.396661600,0,0
6.396666700,1,0
6.396671800,0,0
6.396676900,1,0
6.396681900,0,0
6.396687100,1,0
6.396692100,0,0
6.396697300,1,0
6.396702300,0,0
6.396707500,1,0
6.396712500,0,0
6.396717600,1,0
6.396722700,0,0
6.396727800,1,0
6.396732900,0,0
6.396738000,1,0
6.396743100,0,0
6.396748200,1,0
6.396753200,0,0
6.396758400,1,0
6.396763400,0,0
6.396768600,1,0
6.396773600,0,0
6.396776800,0,1
6.396778800,1,1
6.396783800,0,1
6.396784200,0,0
6.396788900,1,0
6.396794000,0,0
6.396799100,1,0
6.396804200,0,0
6.396809300,1,0
6.396814300,0,0
6.396819500,1,0
6.396824500,0,0
6.396829700,1,0
6.396834700,0,0
6.396839900,1,0
6.396844900,0,0
6.396850100,1,0
6.396855100,0,0
6.396860200,1,0
6.396865300,0,0
6.396870400,1,0
6.396875500,0,0
6.396880600,1,0
6.396885600,0,0
6.396890800,1,0
6.396895800,0,0
6.396901000,1,0
6.396906000,0,0
6.396911200,1,0
6.396916200,0,0
6.396921400,1,0
6.396926400,0,0
6.396931500,1,0
6.396936600,0,0
6.396941700,1,0
6.396946800,0,0
6.396951900,1,0
6.396956900,0,0
6.396960200,0,1
6.396962100,1,1
6.396967100,0,1
6.396967600,0,0
6.396972300,1,0
6.396977300,0,0
6.396982500,1,0
6.396987500,0,0
6.396992600,1,0
6.396997700,0,0
6.397002800,1,0
6.397007900,0,0
6.397013000,1,0
6.397018100,0,0
6.397023200,1,0
6.397028200,0,0
6.397033400,1,0
6.397038400,0,0
6.397039100,0,1
6.397043600,1,1
6.397048600,0,1
6.397049600,0,0
6.397053800,1,0
6.397060000,1,1
6.493979300,1,0
6.493985300,0,0
6.493986400,0,1
6.493990400,1,1
6.493995400,0,1
6.493996400,0,0
6.494000600,1,0
6.494005600,0,0
6.494006800,0,1
6.494010800,1,1
6.494015800,0,1
6.494016800,0,0
6.494021000,1,0
6.494026000,0,0
6.494027200,0,1
6.494031100,1,1
6.494036200,0,1
6.494037200,0,0
6.494041300,1,0
6.494046400,0,0
6.494051500,1,0
6.494056500,0,0
6.494061700,1,0
6.494066700,0,0
6.494071900,1,0
6.494076900,0,0
6.494082100,1,0
6.494087100,0,0
6.494088300,0,1
6.494092300,1,1
6.494097300,0,1
6.494098300,0,0
6.494102400,1,0
6.494107500,0,0
6.494112600,1,0
6.494117700,0,0
6.494122800,1,0
6.494127800,0,0
6.494133000,1,0
6.494138000,0,0
6.494143200,1,0
6.494148200,0,0
6.494153400,1,0
6.494158400,0,0
6.494163600,1,0
6.494168600,0,0
6.494169200,0,1
6.494173700,1,1
6.494180800,1,0
6.494186800,0,0
6.494187900,0,1
6.494191900,1,1
6.494197000,0,1
6.494198000,0,0
6.494202100,1,0
6.494207100,0,0
6.494208300,0,1
6.494212300,1,1
6.494217300,0,1
6.494218300,0,0
6.494222500,1,0
6.494227500,0,0
6.494228700,0,1
6.494232700,1,1
6.494237700,0,1
6.494238700,0,0
6.494242800,1,0
6.494247900,0,0
6.494253000,1,0
6.494258100,0,0
6.494259300,0,1
6.494263200,1,1
6.494268300,0,1
6.494268700,0,0
6.494273400,1,0
6.494278400,0,0
6.494283600,1,0
6.494288600,0,0
6.494293800,1,0
6.494298800,0,0
6.494304000,1,0
6.494309000,0,0
6.494314100,1,0
6.494319200,0,0
6.494319800,0,1
6.494324300,1,1
6.494329400,0,1
6.494334500,1,1
6.494339500,0,1
6.494344700,1,1
6.494349700,0,1
6.494354900,1,1
6.494359900,0,1
6.494365100,1,1
6.494370100,0,1
6.494371100,0,0
6.494375300,1,0
6.494381500,1,1
6.494440300,1,0
6.494446300,0,0
6.494447400,0,1
6.494451400,1,1
6.494456500,0,1
6.494457500,0,0
6.494461600,1,0
6.494466700,0,0
6.494467800,0,1
6.494471800,1,1
6.494476800,0,1
6.494477800,0,0
6.494482000,1,0
6.494487000,0,0
6.494488200,0,1
6.494492200,1,1
6.494497200,0,1
6.494498200,0,0
6.494502400,1,0
6.494507400,0,0
6.494512600,1,0
6.494517600,0,0
6.494522700,1,0
6.494527800,0,0
6.494532900,1,0
6.494538000,0,0
6.494543100,1,0
6.494548100,0,0
6.494549400,0,1
6.494553300,1,1
6.494558300,0,1
6.494559300,0,0
6.494563500,1,0
6.494568500,0,0
6.494569700,0,1
6.494573700,1,1
6.494578700,0,1
6.494579700,0,0
6.494583800,1,0
6.494588900,0,0
6.494594000,1,0
6.494599100,0,0
6.494604200,1,0
6.494609300,0,0
6.494614400,1,0
6.494619400,0,0
6.494624600,1,0
6.494629600,0,0
6.494630300,0,1
6.494634800,1,1
6.494641800,1,0
6.494647800,0,0
6.494649000,0,1
6.494652900,1,1
6.494658000,0,1
6.494659000,0,0
6.494663100,1,0
6.494668200,0,0
6.494669400,0,1
6.494673300,1,1
6.494678400,0,1
6.494679400,0,0
6.494683500,1,0
6.494688500,0,0
6.494689700,0,1
6.494693700,1,1
6.494698700,0,1
6.494699700,0,0
6.494703900,1,0
6.494708900,0,0
6.494714100,1,0
6.494719100,0,0
6.494720300,0,1
6.494724300,1,1
6.494729300,0,1
6.494729700,0,0
6.494734400,1,0
6.494739500,0,0
6.494744600,1,0
6.494749700,0,0
6.494754800,1,0
6.494759800,0,0
6.494765000,1,0
6.494770000,0,0
6.494775200,1,0
6.494780200,0,0
6.494785400,1,0
6.494790400,0,0
6.494795500,1,0
6.494800600,0,0
6.494805700,1,0
6.494810800,0,0
6.494815900,1,0
6.494821000,0,0
6.494826100,1,0
6.494831100,0,0
6.494834300,0,1
6.494836300,1,1
6.494841300,0,1
6.494841700,0,0
6.494846500,1,0
6.494851500,0,0
6.494856700,1,0
6.494861700,0,0
6.494866800,1,0
6.494871900,0,0
6.494877000,1,0
6.494882100,0,0
6.494887200,1,0
6.494892200,0,0
6.494897400,1,0
6.494902400,0,0
6.494907600,1,0
6.494912600,0,0
6.494917800,1,0
6.494922800,0,0
6.494928000,1,0
6.494933000,0,0
6.494938100,1,0
6.494943200,0,0
6.494948300,1,0
6.494953400,0,0
6.494958500,1,0
6.494963500,0,0
6.494968700,1,0
6.494973700,0,0
6.494978900,1,0
6.494983900,0,0
6.494989100,1,0
6.494994100,0,0
6.494999200,1,0
6.495004300,0,0
6.495009400,1,0
6.495014500,0,0
6.495017700,0,1
6.495019600,1,1
6.495024700,0,1
6.495025100,0,0
6.495029800,1,0
6.495034800,0,0
6.495040000,1,0
6.495045000,0,0
6.495050200,1,0
6.495055200,0,0
6.495060400,1,0
6.495065400,0,0
6.495070500,1,0
6.495075600,0,0
6.495080700,1,0
6.495085800,0,0
6.495090900,1,0
6.495096000,0,0
6.495101100,1,0
6.495106100,0,0
6.495111300,1,0
6.495116300,0,0
6.495121500,1,0
6.495126500,0,0
6.495131700,1,0
6.495136700,0,0
6.495141800,1,0
6.495146900,0,0
6.495152000,1,0
6.495157100,0,0
6.495162200,1,0
6.495167200,0,0
6.495172400,1,0
6.495177400,0,0
6.495182600,1,0
6.495187600,0,0
6.495192800,1,0
6.495197800,0,0
6.495201000,0,1
6.495203000,1,1
6.495208000,0,1
6.495208400,0,0
6.495213100,1,0
6.495218200,0,0
6.495223300,1,0
6.495228400,0,0
6.495233500,1,0
6.495238500,0,0
6.495243700,1,0
6.495248700,0,0
6.495253900,1,0
6.495258900,0,0
6.495264100,1,0
6.495269100,0,0
6.495274300,1,0
6.495279300,0,0
6.495279900,0,1
6.495284400,1,1
6.495289500,0,1
6.495290500,0,0
6.495294600,1,0
6.495300800,1,1
6.593161100,1,0
6.593167100,0,0
6.593168300,0,1
6.593172200,1,1
6.593177300,0,1
6.593178300,0,0
6.593182400,1,0
6.593187500,0,0
6.593188700,0,1
6.593192600,1,1
6.593197700,0,1
6.593198700,0,0
6.593202800,1,0
6.593207900,0,0
6.593209000,0,1
6.593213000,1,1
6.593218000,0,1
6.593219000,0,0
6.593223200,1,0
6.593228200,0,0
6.593233400,1,0
6.593238400,0,0
6.593243600,1,0
6.593248600,0,0
6.593253700,1,0
6.593258800,0,0
6.593263900,1,0
6.593269000,0,0
6.593270200,0,1
6.593274100,1,1
6.593279100,0,1
6.593280100,0,0
6.593284300,1,0
6.593289300,0,0
6.593294500,1,0
6.593299500,0,0
6.593304700,1,0
6.593309700,0,0
6.593314900,1,0
6.593319900,0,0
6.593325000,1,0
6.593330100,0,0
6.593335200,1,0
6.593340300,0,0
6.593345400,1,0
6.593350400,0,0
6.593351100,0,1
6.593355600,1,1
6.593362600,1,0
6.593368600,0,0
6.593369800,0,1
6.593373800,1,1
6.593378800,0,1
6.593379800,0,0
6.593384000,1,0
6.593389000,0,0
6.593390200,0,1
6.593394100,1,1
6.593399200,0,1
6.593400200,0,0
6.593404300,1,0
6.593409400,0,0
6.593410600,0,1
6.593414500,1,1
6.593419600,0,1
6.593420600,0,0
6.593424700,1,0
6.593429700,0,0
6.593434900,1,0
6.593439900,0,0
6.593441100,0,1
6.593445100,1,1
6.593450100,0,1
6.593450500,0,0
6.593455300,1,0
6.593460300,0,0
6.593465400,1,0
6.593470500,0,0
6.593475600,1,0
6.593480700,0,0
6.593485800,1,0
6.593490800,0,0
6.593496000,1,0
6.593501000,0,0
6.593501700,0,1
6.593506200,1,1
6.593511200,0,1
6.593516400,1,1
6.593521400,0,1
6.593526600,1,1
6.593531600,0,1
6.593536700,1,1
6.593541800,0,1
6.593546900,1,1
6.593552000,0,1
6.593553000,0,0
6.593557100,1,0
6.593563300,1,1
6.593621100,1,0
6.593627100,0,0
6.593628300,0,1
6.593632300,1,1
6.593637300,0,1
6.593638300,0,0
6.593642500,1,0
6.593647500,0,0
6.593648700,0,1
6.593652700,1,1
6.593657700,0,1
6.593658700,0,0
6.593662900,1,0
6.593667900,0,0
6.593669100,0,1
6.593673000,1,1
6.593678100,0,1
6.593679100,0,0
6.593683200,1,0
6.593688300,0,0
6.593693400,1,0
6.593698400,0,0
6.593703600,1,0
6.593708600,0,0
6.593713800,1,0
6.593718800,0,0
6.593724000,1,0
6.593729000,0,0
6.593730200,0,1
6.593734100,1,1
6.593739200,0,1
6.593740200,0,0
6.593744300,1,0
6.593749400,0,0
6.593750600,0,1
6.593754500,1,1
6.593759600,0,1
6.593760600,0,0
6.593764700,1,0
6.593769700,0,0
6.593774900,1,0
6.593779900,0,0
6.593785100,1,0
6.593790100,0,0
6.593795300,1,0
6.593800300,0,0
6.593805400,1,0
6.593810500,0,0
6.593811100,0,1
6.593815600,1,1
6.593822700,1,0
6.593828700,0,0
6.593829800,0,1
6.593833800,1,1
6.593838800,0,1
6.593839800,0,0
6.593844000,1,0
6.593849000,0,0
6.593850200,0,1
6.593854200,1,1
6.593859200,0,1
6.593860200,0,0
6.593864400,1,0
6.593869400,0,0
6.593870600,0,1
6.593874600,1,1
6.593879600,0,1
6.593880600,0,0
6.593884700,1,0
6.593889800,0,0
6.593894900,1,0
6.593900000,0,0
6.593901200,0,1
6.593905100,1,1
6.593910100,0,1
6.593910600,0,0
6.593915300,1,0
6.593920300,0,0
6.593925500,1,0
6.593930500,0,0
6.593935700,1,0
6.593940700,0,0
6.593945900,1,0
6.593950900,0,0
6.593956000,1,0
6.593961100,0,0
6.593966200,1,0
6.593971300,0,0
6.593976400,1,0
6.593981400,0,0
6.593986600,1,0
6.593991600,0,0
6.593996800,1,0
6.594001800,0,0
6.594007000,1,0
6.594012000,0,0
6.594015200,0,1
6.594017100,1,1
6.594022200,0,1
6.594022600,0,0
6.594027300,1,0
6.594032400,0,0
6.594037500,1,0
6.594042600,0,0
6.594047700,1,0
6.594052700,0,0
6.594057900,1,0
6.594062900,0,0
6.594068100,1,0
6.594073100,0,0
6.594078300,1,0
6.594083300,0,0
6.594088400,1,0
6.594093500,0,0
6.594098600,1,0
6.594103700,0,0
6.594108800,1,0
6.594113800,0,0
6.594119000,1,0
6.594124000,0,0
6.594129200,1,0
6.594134200,0,0
6.594139400,1,0
6.594144400,0,0
6.594149600,1,0
6.594154600,0,0
6.594159700,1,0
6.594164800,0,0
6.594169900,1,0
6.594175000,0,0
6.594180100,1,0
6.594185100,0,0
6.594190300,1,0
6.594195300,0,0
6.594198500,0,1
6.594200500,1,1
6.594205500,0,1
6.594206000,0,0
6.594210700,1,0
6.594215700,0,0
6.594220800,1,0
6.594225900,0,0
6.594231000,1,0
6.594236100,0,0
6.594241200,1,0
6.594246300,0,0
6.594251400,1,0
6.594256400,0,0
6.594261600,1,0
6.594266600,0,0
6.594271800,1,0
6.594276800,0,0
6.594282000,1,0
6.594287000,0,0
6.594292100,1,0
6.594297200,0,0
6.594302300,1,0
6.594307400,0,0
6.594312500,1,0
6.594317500,0,0
6.594322700,1,0
6.594327700,0,0
6.594332900,1,0
6.594337900,0,0
6.594343100,1,0
6.594348100,0,0
6.594353300,1,0
6.594358300,0,0
6.594363400,1,0
6.594368500,0,0
6.594373600,1,0
6.594378700,0,0
6.594381900,0,1
6.594383800,1,1
6.594388800,0,1
6.594389300,0,0
6.594394000,1,0
6.594399000,0,0
6.594404200,1,0
6.594409200,0,0
6.594414400,1,0
6.594419400,0,0
6.594424600,1,0
6.594429600,0,0
6.594434700,1,0
6.594439800,0,0
6.594444900,1,0
6.594450000,0,0
6.594455100,1,0
6.594460100,0,0
6.594460700,0,1
6.594465300,1,1
6.594470300,0,1
6.594471300,0,0
6.594475500,1,0
6.594481700,1,1
6.691402000,1,0
6.691408000,0,0
6.691409100,0,1
6.691413100,1,1
6.691418200,0,1
6.691419200,0,0
6.691423300,1,0
6.691428300,0,0
6.691429500,0,1
6.691433500,1,1
6.691438500,0,1
6.691439500,0,0
6.691443700,1,0
6.691448700,0,0
6.691449900,0,1
6.691453900,1,1
6.691458900,0,1
6.691459900,0,0
6.691464000,1,0
6.691469100,0,0
6.691474200,1,0
6.691479300,0,0
6.691484400,1,0
6.691489500,0,0
6.691494600,1,0
6.691499600,0,0
6.691504800,1,0
6.691509800,0,0
6.691511000,0,1
6.691515000,1,1
6.691520000,0,1
6.691521000,0,0
6.691525200,1,0
6.691530200,0,0
6.691535300,1,0
6.691540400,0,0
6.691545500,1,0
6.691550600,0,0
6.691555700,1,0
6.691560700,0,0
6.691565900,1,0
6.691570900,0,0
6.691576100,1,0
6.691581100,0,0
6.691586300,1,0
6.691591300,0,0
6.691591900,0,1
6.691596500,1,1
6.691603500,1,0
6.691609500,0,0
6.691610700,0,1
6.691614600,1,1
6.691619700,0,1
6.691620700,0,0
6.691624800,1,0
6.691629900,0,0
6.691631000,0,1
6.691635000,1,1
6.691640000,0,1
6.691641000,0,0
6.691645200,1,0
6.691650200,0,0
6.691651400,0,1
6.691655400,1,1
6.691660400,0,1
6.691661400,0,0
6.691665600,1,0
6.691670600,0,0
6.691675700,1,0
6.691680800,0,0
6.691682000,0,1
6.691685900,1,1
6.691691000,0,1
6.691691400,0,0
6.691696100,1,0
6.691701200,0,0
6.691706300,1,0
6.691711300,0,0
6.691716500,1,0
6.691721500,0,0
6.691726700,1,0
6.691731700,0,0
6.691736900,1,0
6.691741900,0,0
6.691742500,0,1
6.691747000,1,1
6.691752100,0,1
6.691757200,1,1
6.691762300,0,1
6.691767400,1,1
6.691772500,0,1
6.691777600,1,1
6.691782600,0,1
6.691787800,1,1
6.691792800,0,1
6.691793800,0,0
6.691798000,1,0
6.691804200,1,1
6.691862000,1,0
6.691868000,0,0
6.691869200,0,1
6.691873100,1,1
6.691878200,0,1
6.691879200,0,0
6.691883300,1,0
6.691888400,0,0
6.691889600,0,1
6.691893500,1,1
6.691898600,0,1
6.691899600,0,0
6.691903700,1,0
6.691908700,0,0
6.691909900,0,1
6.691913900,1,1
6.691918900,0,1
6.691919900,0,0
6.691924100,1,0
6.691929100,0,0
6.691934300,1,0
6.691939300,0,0
6.691944500,1,0
6.691949500,0,0
6.691954600,1,0
6.691959700,0,0
6.691964800,1,0
6.691969900,0,0
6.691971100,0,1
6.691975000,1,1
6.691980000,0,1
6.691981000,0,0
6.691985200,1,0
6.691990200,0,0
6.691991400,0,1
6.691995400,1,1
6.692000400,0,1
6.692001400,0,0
6.692005600,1,0
6.692010600,0,0
6.692015800,1,0
6.692020800,0,0
6.692025900,1,0
6.692031000,0,0
6.692036100,1,0
6.692041200,0,0
6.692046300,1,0
6.692051300,0,0
6.692051900,0,1
6.692056500,1,1
6.692063500,1,0
6.692069500,0,0
6.692070700,0,1
6.692074700,1,1
6.692079700,0,1
6.692080700,0,0
6.692084900,1,0
6.692089900,0,0
6.692091100,0,1
6.692095000,1,1
6.692100100,0,1
6.692101100,0,0
6.692105200,1,0
6.692110300,0,0
6.692111400,0,1
6.692115400,1,1
6.692120400,0,1
6.692121400,0,0
6.692125600,1,0
6.692130600,0,0
6.692135800,1,0
6.692140800,0,0
6.692142000,0,1
6.692146000,1,1
6.692151000,0,1
6.692151500,0,0
6.692156200,1,0
6.692161200,0,0
6.692166300,1,0
6.692171400,0,0
6.692176500,1,0
6.692181600,0,0
6.692186700,1,0
6.692191700,0,0
6.692196900,1,0
6.692201900,0,0
6.692207100,1,0
6.692212100,0,0
6.692217300,1,0
6.692222300,0,0
6.692227500,1,0
6.692232500,0,0
6.692237600,1,0
6.692242700,0,0
6.692247800,1,0
6.692252900,0,0
6.692256100,0,1
6.692258000,1,1
6.692263000,0,1
6.692263500,0,0
6.692268200,1,0
6.692273200,0,0
6.692278400,1,0
6.692283400,0,0
6.692288600,1,0
6.692293600,0,0
6.692298700,1,0
6.692303800,0,0
6.692308900,1,0
6.692314000,0,0
6.692319100,1,0
6.692324200,0,0
6.692329300,1,0
6.692334300,0,0
6.692339500,1,0
6.692344500,0,0
6.692349700,1,0
6.692354700,0,0
6.692359900,1,0
6.692364900,0,0
6.692370000,1,0
6.692375100,0,0
6.692380200,1,0
6.692385300,0,0
6.692390400,1,0
6.692395400,0,0
6.692400600,1,0
6.692405600,0,0
6.692410800,1,0
6.692415800,0,0
6.692421000,1,0
6.692426000,0,0
6.692431200,1,0
6.692436200,0,0
6.692439400,0,1
6.692441300,1,1
6.692446400,0,1
6.692446800,0,0
6.692451500,1,0
6.692456600,0,0
6.692461700,1,0
6.692466700,0,0
6.692471900,1,0
6.692476900,0,0
6.692482100,1,0
6.692487100,0,0
6.692492300,1,0
6.692497300,0,0
6.692502500,1,0
6.692507500,0,0
6.692512600,1,0
6.692517700,0,0
6.692522800,1,0
6.692527900,0,0
6.692533000,1,0
6.692538000,0,0
6.692543200,1,0
6.692548200,0,0
6.692553400,1,0
6.692558400,0,0
6.692563600,1,0
6.692568600,0,0
6.692573700,1,0
6.692578800,0,0
6.692583900,1,0
6.692589000,0,0
6.692594100,1,0
6.692599200,0,0
6.692604300,1,0
6.692609300,0,0
6.692614500,1,0
6.692619500,0,0
6.692622700,0,1
6.692624700,1,1
6.692629700,0,1
6.692630100,0,0
6.692634900,1,0
6.692639900,0,0
6.692645000,1,0
6.692650100,0,0
6.692655200,1,0
6.692660300,0,0
6.692665400,1,0
6.692670400,0,0
6.692675600,1,0
6.692680600,0,0
6.692685800,1,0
6.692690800,0,0
6.692696000,1,0
6.692701000,0,0
6.692701600,0,1
6.692706200,1,1
6.692711200,0,1
6.692712200,0,0
6.692716300,1,0
6.692722600,1,1
6.789672800,1,0
6.789678800,0,0
6.789680000,0,1
6.789684000,1,1
6.789689000,0,1
6.789690000,0,0
6.789694200,1,0
6.789699200,0,0
6.789700400,0,1
6.789704300,1,1
6.789709400,0,1
6.789710400,0,0
6.789714500,1,0
6.789719600,0,0
6.789720800,0,1
6.789724700,1,1
6.789729800,0,1
6.789730800,0,0
6.789734900,1,0
6.789739900,0,0
6.789745100,1,0
6.789750100,0,0
6.789755300,1,0
6.789760300,0,0
6.789765500,1,0
6.789770500,0,0
6.789775700,1,0
6.789780700,0,0
6.789781900,0,1
6.789785800,1,1
6.789790900,0,1
6.789791900,0,0
6.789796000,1,0
6.789801100,0,0
6.789806200,1,0
6.789811200,0,0
6.789816400,1,0
6.789821400,0,0
6.789826600,1,0
6.789831600,0,0
6.789836800,1,0
6.789841800,0,0
6.789846900,1,0
6.789852000,0,0
6.789857100,1,0
6.789862200,0,0
6.789862800,0,1
6.789867300,1,1
6.789874400,1,0
6.789880400,0,0
6.789881500,0,1
6.789885500,1,1
6.789890500,0,1
6.789891500,0,0
6.789895700,1,0
6.789900700,0,0
6.789901900,0,1
6.789905900,1,1
6.789910900,0,1
6.789911900,0,0
6.789916100,1,0
6.789921100,0,0
6.789922300,0,1
6.789926200,1,1
6.789931300,0,1
6.789932300,0,0
6.789936400,1,0
6.789941500,0,0
6.789946600,1,0
6.789951600,0,0
6.789952800,0,1
6.789956800,1,1
6.789961800,0,1
6.789962200,0,0
6.789967000,1,0
6.789972000,0,0
6.789977200,1,0
6.789982200,0,0
6.789987400,1,0
6.789992400,0,0
6.789997500,1,0
6.790002600,0,0
6.790007700,1,0
6.790012800,0,0
6.790013300,0,1
6.790017900,1,1
6.790022900,0,1
6.790028100,1,1
6.790033100,0,1
6.790038300,1,1
6.790043300,0,1
6.790048500,1,1
6.790053500,0,1
6.790058600,1,1
6.790063700,0,1
6.790064700,0,0
6.790068800,1,0
6.790075000,1,1
6.790132900,1,0
6.790138900,0,0
6.790140000,0,1
6.790144000,1,1
6.790149100,0,1
6.790150100,0,0
6.790154200,1,0
6.790159200,0,0
6.790160400,0,1
6.790164400,1,1
6.790169400,0,1
6.790170400,0,0
6.790174600,1,0
6.790179600,0,0
6.790180800,0,1
6.790184800,1,1
6.790189800,0,1
6.790190800,0,0
6.790194900,1,0
6.790200000,0,0
6.790205100,1,0
6.790210200,0,0
6.790215300,1,0
6.790220300,0,0
6.790225500,1,0
6.790230500,0,0
6.790235700,1,0
6.790240700,0,0
6.790241900,0,1
6.790245900,1,1
6.790250900,0,1
6.790251900,0,0
6.790256100,1,0
6.790261100,0,0
6.790262300,0,1
6.790266200,1,1
6.790271300,0,1
6.790272300,0,0
6.790276400,1,0
6.790281500,0,0
6.790286600,1,0
6.790291600,0,0
6.790296800,1,0
6.790301800,0,0
6.790307000,1,0
6.790312000,0,0
6.790317200,1,0
6.790322200,0,0
6.790322800,0,1
6.790327300,1,1
6.790334400,1,0
6.790340400,0,0
6.790341600,0,1
6.790345500,1,1
6.790350600,0,1
6.790351600,0,0
6.790355700,1,0
6.790360800,0,0
6.790361900,0,1
6.790365900,1,1
6.790370900,0,1
6.790371900,0,0
6.790376100,1,0
6.790381100,0,0
6.790382300,0,1
6.790386300,1,1
6.790391300,0,1
6.790392300,0,0
6.790396500,1,0
6.790401500,0,0
6.790406600,1,0
6.790411700,0,0
6.790412900,0,1
6.790416800,1,1
6.790421900,0,1
6.790422300,0,0
6.790427000,1,0
6.790432100,0,0
6.790437200,1,0
6.790442200,0,0
6.790447400,1,0
6.790452400,0,0
6.790457600,1,0
6.790462600,0,0
6.790467800,1,0
6.790472800,0,0
6.790477900,1,0
6.790483000,0,0
6.790488100,1,0
6.790493200,0,0
6.790498300,1,0
6.790503300,0,0
6.790508500,1,0
6.790513500,0,0
6.790518700,1,0
6.790523700,0,0
6.790526900,0,1
6.790528900,1,1
6.790533900,0,1
6.790534300,0,0
6.790539100,1,0
6.790544100,0,0
6.790549200,1,0
6.790554300,0,0
6.790559400,1,0
6.790564500,0,0
6.790569600,1,0
6.790574600,0,0
6.790579800,1,0
6.790584800,0,0
6.790590000,1,0
6.790595000,0,0
6.790600200,1,0
6.790605200,0,0
6.790610300,1,0
6.790615400,0,0
6.790620500,1,0
6.790625600,0,0
6.790630700,1,0
6.790635800,0,0
6.790640900,1,0
6.790645900,0,0
6.790651100,1,0
6.790656100,0,0
6.790661300,1,0
6.790666300,0,0
6.790671500,1,0
6.790676500,0,0
6.790681600,1,0
6.790686700,0,0
6.790691800,1,0
6.790696900,0,0
6.790702000,1,0
6.790707000,0,0
6.790710300,0,1
6.790712200,1,1
6.790717200,0,1
6.790717600,0,0
6.790722400,1,0
6.790727400,0,0
6.790732600,1,0
6.790737600,0,0
6.790742800,1,0
6.790747800,0,0
6.790752900,1,0
6.790758000,0,0
6.790763100,1,0
6.790768200,0,0
6.790773300,1,0
6.790778300,0,0
6.790783500,1,0
6.790788500,0,0
6.790793700,1,0
6.790798700,0,0
6.790803900,1,0
6.790808900,0,0
6.790814100,1,0
6.790819100,0,0
6.790824200,1,0
6.790829300,0,0
6.790834400,1,0
6.790839500,0,0
6.790844600,1,0
6.790849600,0,0
6.790854800,1,0
6.790859800,0,0
6.790865000,1,0
6.790870000,0,0
6.790875200,1,0
6.790880200,0,0
6.790885300,1,0
6.790890400,0,0
6.790893600,0,1
6.790895500,1,1
6.790900600,0,1
6.790901000,0,0
6.790905700,1,0
6.790910800,0,0
6.790915900,1,0
6.790920900,0,0
6.790926100,1,0
6.790931100,0,0
6.790936300,1,0
6.790941300,0,0
6.790946500,1,0
6.790951500,0,0
6.790956600,1,0
6.790961700,0,0
6.790966800,1,0
6.790971900,0,0
6.790972500,0,1
6.790977000,1,1
6.790982000,0,1
6.790983000,0,0
6.790987200,1,0
6.790993400,1,1
6.887924700,1,0
6.887930700,0,0
6.887931800,0,1
6.887935800,1,1
6.887940900,0,1
6.887941900,0,0
6.887946000,1,0
6.887951100,0,0
6.887952200,0,1
6.887956200,1,1
6.887961200,0,1
6.887962200,0,0
6.887966400,1,0
6.887971400,0,0
6.887972600,0,1
6.887976600,1,1
6.887981600,0,1
6.887982600,0,0
6.887986800,1,0
6.887991800,0,0
6.887997000,1,0
6.888002000,0,0
6.888007100,1,0
6.888012200,0,0
6.888017300,1,0
6.888022400,0,0
6.888027500,1,0
6.888032500,0,0
6.888033800,0,1
6.888037700,1,1
6.888042700,0,1
6.888043700,0,0
6.888047900,1,0
6.888052900,0,0
6.888058100,1,0
6.888063100,0,0
6.888068200,1,0
6.888073300,0,0
6.888078400,1,0
6.888083500,0,0
6.888088600,1,0
6.888093700,0,0
6.888098800,1,0
6.888103800,0,0
6.888109000,1,0
6.888114000,0,0
6.888114700,0,1
6.888119200,1,1
6.888126200,1,0
6.888132200,0,0
6.888133400,0,1
6.888137300,1,1
6.888142400,0,1
6.888143400,0,0
6.888147500,1,0
6.888152600,0,0
6.888153800,0,1
6.888157700,1,1
6.888162800,0,1
6.888163800,0,0
6.888167900,1,0
6.888173000,0,0
6.888174100,0,1
6.888178100,1,1
6.888183100,0,1
6.888184100,0,0
6.888188300,1,0
6.888193300,0,0
6.888198500,1,0
6.888203500,0,0
6.888204700,0,1
6.888208700,1,1
6.888213700,0,1
6.888214100,0,0
6.888218800,1,0
6.888223900,0,0
6.888229000,1,0
6.888234100,0,0
6.888239200,1,0
6.888244200,0,0
6.888249400,1,0
6.888254400,0,0
6.888259600,1,0
6.888264600,0,0
6.888265200,0,1
6.888269800,1,1
6.888274800,0,1
6.888280000,1,1
6.888285000,0,1
6.888290100,1,1
6.888295200,0,1
6.888300300,1,1
6.888305400,0,1
6.888310500,1,1
6.888315500,0,1
6.888316500,0,0
6.888320700,1,0
6.888326900,1,1
6.888392700,1,0
6.888398700,0,0
6.888399900,0,1
6.888403800,1,1
6.888408900,0,1
6.888409900,0,0
6.888414100,1,0
6.888419100,0,0
6.888420300,0,1
6.888424200,1,1
6.888429300,0,1
6.888430300,0,0
6.888434400,1,0
6.888439500,0,0
6.888440700,0,1
6.888444600,1,1
6.888449700,0,1
6.888450700,0,0
6.888454800,1,0
6.888459800,0,0
6.888465000,1,0
6.888470000,0,0
6.888475200,1,0
6.888480200,0,0
6.888485400,1,0
6.888490400,0,0
6.888495500,1,0
6.888500600,0,0
6.888501800,0,1
6.888505700,1,1
6.888510800,0,1
6.888511800,0,0
6.888515900,1,0
6.888520900,0,0
6.888522100,0,1
6.888526100,1,1
6.888531100,0,1
6.888532100,0,0
6.888536300,1,0
6.888541300,0,0
6.888546500,1,0
6.888551500,0,0
6.888556700,1,0
6.888561700,0,0
6.888566800,1,0
6.888571900,0,0
6.888577000,1,0
6.888582100,0,0
6.888582700,0,1
6.888587200,1,1
6.888594200,1,0
6.888600200,0,0
6.888601400,0,1
6.888605400,1,1
6.888610400,0,1
6.888611400,0,0
6.888615600,1,0
6.888620600,0,0
6.888621800,0,1
6.888625800,1,1
6.888630800,0,1
6.888631800,0,0
6.888636000,1,0
6.888641000,0,0
6.888642200,0,1
6.888646100,1,1
6.888651200,0,1
6.888652200,0,0
6.888656300,1,0
6.888661400,0,0
6.888666500,1,0
6.888671500,0,0
6.888672700,0,1
6.888676700,1,1
6.888681700,0,1
6.888682100,0,0
6.888686900,1,0
6.888691900,0,0
6.888697100,1,0
6.888702100,0,0
6.888707200,1,0
6.888712300,0,0
6.888717400,1,0
6.888722500,0,0
6.888727600,1,0
6.888732700,0,0
6.888737800,1,0
6.888742800,0,0
6.888748000,1,0
6.888753000,0,0
6.888758200,1,0
6.888763200,0,0
6.888768400,1,0
6.888773400,0,0
6.888778500,1,0
6.888783600,0,0
6.888786800,0,1
6.888788700,1,1
6.888793800,0,1
6.888794200,0,0
6.888798900,1,0
6.888803900,0,0
6.888809100,1,0
6.888814100,0,0
6.888819300,1,0
6.888824300,0,0
6.888829500,1,0
6.888834500,0,0
6.888839700,1,0
6.888844700,0,0
6.888849800,1,0
6.888854900,0,0
6.888860000,1,0
6.888865100,0,0
6.888870200,1,0
6.888875200,0,0
6.888880400,1,0
6.888885400,0,0
6.888890600,1,0
6.888895600,0,0
6.888900800,1,0
6.888905800,0,0
6.888911000,1,0
6.888916000,0,0
6.888921100,1,0
6.888926200,0,0
6.888931300,1,0
6.888936400,0,0
6.888941500,1,0
6.888946500,0,0
6.888951700,1,0
6.888956700,0,0
6.888961900,1,0
6.888966900,0,0
6.888970100,0,1
6.888972100,1,1
6.888977100,0,1
6.888977500,0,0
6.888982200,1,0
6.888987300,0,0
6.888992400,1,0
6.888997500,0,0
6.889002600,1,0
6.889007600,0,0
6.889012800,1,0
6.889017800,0,0
6.889023000,1,0
6.889028000,0,0
6.889033200,1,0
6.889038200,0,0
6.889043400,1,0
6.889048400,0,0
6.889053500,1,0
6.889058600,0,0
6.889063700,1,0
6.889068800,0,0
6.889073900,1,0
6.889078900,0,0
6.889084100,1,0
6.889089100,0,0
6.889094300,1,0
6.889099300,0,0
6.889104500,1,0
6.889109500,0,0
6.889114700,1,0
6.889119700,0,0
6.889124800,1,0
6.889129900,0,0
6.889135000,1,0
6.889140100,0,0
6.889145200,1,0
6.889150200,0,0
6.889153500,0,1
6.889155400,1,1
6.889160400,0,1
6.889160800,0,0
6.889165600,1,0
6.889170600,0,0
6.889175800,1,0
6.889180800,0,0
6.889185900,1,0
6.889191000,0,0
6.889196100,1,0
6.889201200,0,0
6.889206300,1,0
6.889211400,0,0
6.889216500,1,0
6.889221500,0,0
6.889226700,1,0
6.889231700,0,0
6.889232400,0,1
6.889236900,1,1
6.889241900,0,1
6.889242900,0,0
6.889247100,1,0
6.889253300,1,1
6.987116500,1,0
6.987122500,0,0
6.987123700,0,1
6.987127700,1,1
6.987132700,0,1
6.987133700,0,0
6.987137900,1,0
6.987142900,0,0
6.987144100,0,1
6.987148100,1,1
6.987153100,0,1
6.987154100,0,0
6.987158300,1,0
6.987163300,0,0
6.987164500,0,1
6.987168400,1,1
6.987173500,0,1
6.987174500,0,0
6.987178600,1,0
6.987183700,0,0
6.987188800,1,0
6.987193800,0,0
6.987199000,1,0
6.987204000,0,0
6.987209200,1,0
6.987214200,0,0
6.987219400,1,0
6.987224400,0,0
6.987225600,0,1
6.987229500,1,1
6.987234600,0,1
6.987235600,0,0
6.987239700,1,0
6.987244800,0,0
6.987249900,1,0
6.987255000,0,0
6.987260100,1,0
6.987265100,0,0
6.987270300,1,0
6.987275300,0,0
6.987280500,1,0
6.987285500,0,0
6.987290700,1,0
6.987295700,0,0
6.987300800,1,0
6.987305900,0,0
6.987306500,0,1
6.987311000,1,1
6.987318100,1,0
6.987324100,0,0
6.987325200,0,1
6.987329200,1,1
6.987334300,0,1
6.987335300,0,0
6.987339400,1,0
6.987344400,0,0
6.987345600,0,1
6.987349600,1,1
6.987354600,0,1
6.987355600,0,0
6.987359800,1,0
6.987364800,0,0
6.987366000,0,1
6.987370000,1,1
6.987375000,0,1
6.987376000,0,0
6.987380100,1,0
6.987385200,0,0
6.987390300,1,0
6.987395400,0,0
6.987396600,0,1
6.987400500,1,1
6.987405500,0,1
6.987406000,0,0
6.987410700,1,0
6.987415700,0,0
6.987420900,1,0
6.987425900,0,0
6.987431100,1,0
6.987436100,0,0
6.987441300,1,0
6.987446300,0,0
6.987451400,1,0
6.987456500,0,0
6.987457100,0,1
6.987461600,1,1
6.987466700,0,1
6.987471800,1,1
6.987476800,0,1
6.987482000,1,1
6.987487000,0,1
6.987492200,1,1
6.987497200,0,1
6.987502400,1,1
6.987507400,0,1
6.987508400,0,0
6.987512500,1,0
6.987518800,1,1
6.987585600,1,0
6.987591600,0,0
6.987592700,0,1
6.987596700,1,1
6.987601800,0,1
6.987602800,0,0
6.987606900,1,0
6.987612000,0,0
6.987613100,0,1
6.987617100,1,1
6.987622100,0,1
6.987623100,0,0
6.987627300,1,0
6.987632300,0,0
6.987633500,0,1
6.987637500,1,1
6.987642500,0,1
6.987643500,0,0
6.987647700,1,0
6.987652700,0,0
6.987657800,1,0
6.987662900,0,0
6.987668000,1,0
6.987673100,0,0
6.987678200,1,0
6.987683200,0,0
6.987688400,1,0
6.987693400,0,0
6.987694600,0,1
6.987698600,1,1
6.987703600,0,1
6.987704600,0,0
6.987708800,1,0
6.987713800,0,0
6.987715000,0,1
6.987719000,1,1
6.987724000,0,1
6.987725000,0,0
6.987729100,1,0
6.987734200,0,0
6.987739300,1,0
6.987744400,0,0
6.987749500,1,0
6.987754500,0,0
6.987759700,1,0
6.987764700,0,0
6.987769900,1,0
6.987774900,0,0
6.987775600,0,1
6.987780100,1,1
6.987787100,1,0
6.987793100,0,0
6.987794300,0,1
6.987798200,1,1
6.987803300,0,1
6.987804300,0,0
6.987808400,1,0
6.987813500,0,0
6.987814700,0,1
6.987818600,1,1
6.987823700,0,1
6.987824700,0,0
6.987828800,1,0
6.987833800,0,0
6.987835000,0,1
6.987839000,1,1
6.987844000,0,1
6.987845000,0,0
6.987849200,1,0
6.987854200,0,0
6.987859400,1,0
6.987864400,0,0
6.987865600,0,1
6.987869500,1,1
6.987874600,0,1
6.987875000,0,0
6.987879700,1,0
6.987884800,0,0
6.987889900,1,0
6.987895000,0,0
6.987900100,1,0
6.987905100,0,0
6.987910300,1,0
6.987915300,0,0
6.987920500,1,0
6.987925500,0,0
6.987930700,1,0
6.987935700,0,0
6.987940800,1,0
6.987945900,0,0
6.987951000,1,0
6.987956100,0,0
6.987961200,1,0
6.987966200,0,0
6.987971400,1,0
6.987976400,0,0
6.987979600,0,1
6.987981600,1,1
6.987986600,0,1
6.987987100,0,0
6.987991800,1,0
6.987996800,0,0
6.988002000,1,0
6.988007000,0,0
6.988012100,1,0
6.988017200,0,0
6.988022300,1,0
6.988027400,0,0
6.988032500,1,0
6.988037500,0,0
6.988042700,1,0
6.988047700,0,0
6.988052900,1,0
6.988057900,0,0
6.988063100,1,0
6.988068100,0,0
6.988073300,1,0
6.988078300,0,0
6.988083400,1,0
6.988088500,0,0
6.988093600,1,0
6.988098700,0,0
6.988103800,1,0
6.988108800,0,0
6.988114000,1,0
6.988119000,0,0
6.988124200,1,0
6.988129200,0,0
6.988134400,1,0
6.988139400,0,0
6.988144500,1,0
6.988149600,0,0
6.988154700,1,0
6.988159800,0,0
6.988163000,0,1
6.988164900,1,1
6.988169900,0,1
6.988170400,0,0
6.988175100,1,0
6.988180100,0,0
6.988185300,1,0
6.988190300,0,0
6.988195500,1,0
6.988200500,0,0
6.988205700,1,0
6.988210700,0,0
6.988215800,1,0
6.988220900,0,0
6.988226000,1,0
6.988231100,0,0
6.988236200,1,0
6.988241200,0,0
6.988246400,1,0
6.988251400,0,0
6.988256600,1,0
6.988261600,0,0
6.988266800,1,0
6.988271800,0,0
6.988277000,1,0
6.988282000,0,0
6.988287100,1,0
6.988292200,0,0
6.988297300,1,0
6.988302400,0,0
6.988307500,1,0
6.988312500,0,0
6.988317700,1,0
6.988322700,0,0
6.988327900,1,0
6.988332900,0,0
6.988338100,1,0
6.988343100,0,0
6.988346300,0,1
6.988348200,1,1
6.988353300,0,1
6.988353700,0,0
6.988358400,1,0
6.988363500,0,0
6.988368600,1,0
6.988373700,0,0
6.988378800,1,0
6.988383800,0,0
6.988389000,1,0
6.988394000,0,0
6.988399200,1,0
6.988404200,0,0
6.988409400,1,0
6.988414400,0,0
6.988419500,1,0
6.988424600,0,0
6.988425200,0,1
6.988429700,1,1
6.988434800,0,1
6.988435800,0,0
6.988439900,1,0
6.988446100,1,1
7.085262400,1,0
7.085268400,0,0
7.085269600,0,1
7.085273500,1,1
7.085278600,0,1
7.085279600,0,0
7.085283700,1,0
7.085288800,0,0
7.085290000,0,1
7.085293900,1,1
7.085299000,0,1
7.085300000,0,0
7.085304100,1,0
7.085309100,0,0
7.085310300,0,1
7.085314300,1,1
7.085319300,0,1
7.085320300,0,0
7.085324500,1,0
7.085329500,0,0
7.085334700,1,0
7.085339700,0,0
7.085344900,1,0
7.085349900,0,0
7.085355000,1,0
7.085360100,0,0
7.085365200,1,0
7.085370300,0,0
7.085371500,0,1
7.085375400,1,1
7.085380400,0,1
7.085381400,0,0
7.085385600,1,0
7.085390600,0,0
7.085395800,1,0
7.085400800,0,0
7.085406000,1,0
7.085411000,0,0
7.085416200,1,0
7.085421200,0,0
7.085426300,1,0
7.085431400,0,0
7.085436500,1,0
7.085441600,0,0
7.085446700,1,0
7.085451700,0,0
7.085452400,0,1
7.085456900,1,1
7.085463900,1,0
7.085469900,0,0
7.085471100,0,1
7.085475100,1,1
7.085480100,0,1
7.085481100,0,0
7.085485300,1,0
7.085490300,0,0
7.085491500,0,1
7.085495400,1,1
7.085500500,0,1
7.085501500,0,0
7.085505600,1,0
7.085510700,0,0
7.085511900,0,1
7.085515800,1,1
7.085520900,0,1
7.085521900,0,0
7.085526000,1,0
7.085531000,0,0
7.085536200,1,0
7.085541200,0,0
7.085542400,0,1
7.085546400,1,1
7.085551400,0,1
7.085551800,0,0
7.085556600,1,0
7.085561600,0,0
7.085566700,1,0
7.085571800,0,0
7.085576900,1,0
7.085582000,0,0
7.085587100,1,0
7.085592100,0,0
7.085597300,1,0
7.085602300,0,0
7.085603000,0,1
7.085607500,1,1
7.085612500,0,1
7.085617700,1,1
7.085622700,0,1
7.085627900,1,1
7.085632900,0,1
7.085638000,1,1
7.085643100,0,1
7.085648200,1,1
7.085653300,0,1
7.085654300,0,0
7.085658400,1,0
7.085664600,1,1
7.085723400,1,0
7.085729400,0,0
7.085730600,0,1
7.085734600,1,1
7.085739600,0,1
7.085740600,0,0
7.085744800,1,0
7.085749800,0,0
7.085751000,0,1
7.085755000,1,1
7.085760000,0,1
7.085761000,0,0
7.085765100,1,0
7.085770200,0,0
7.085771400,0,1
7.085775300,1,1
7.085780400,0,1
7.085781400,0,0
7.085785500,1,0
7.085790600,0,0
7.085795700,1,0
7.085800700,0,0
7.085805900,1,0
7.085810900,0,0
7.085816100,1,0
7.085821100,0,0
7.085826300,1,0
7.085831300,0,0
7.085832500,0,1
7.085836400,1,1
7.085841500,0,1
7.085842500,0,0
7.085846600,1,0
7.085851700,0,0
7.085852900,0,1
7.085856800,1,1
7.085861800,0,1
7.085862800,0,0
7.085867000,1,0
7.085872000,0,0
7.085877200,1,0
7.085882200,0,0
7.085887400,1,0
7.085892400,0,0
7.085897600,1,0
7.085902600,0,0
7.085907700,1,0
7.085912800,0,0
7.085913400,0,1
7.085917900,1,1
7.085925000,1,0
7.085931000,0,0
7.085932100,0,1
7.085936100,1,1
7.085941100,0,1
7.085942100,0,0
7.085946300,1,0
7.085951300,0,0
7.085952500,0,1
7.085956500,1,1
7.085961500,0,1
7.085962500,0,0
7.085966700,1,0
7.085971700,0,0
7.085972900,0,1
7.085976800,1,1
7.085981900,0,1
7.085982900,0,0
7.085987000,1,0
7.085992100,0,0
7.085997200,1,0
7.086002300,0,0
7.086003500,0,1
7.086007400,1,1
7.086012400,0,1
7.086012900,0,0
7.086017600,1,0
7.086022600,0,0
7.086027800,1,0
7.086032800,0,0
7.086038000,1,0
7.086043000,0,0
7.086048100,1,0
7.086053200,0,0
7.086058300,1,0
7.086063400,0,0
7.086068500,1,0
7.086073600,0,0
7.086078700,1,0
7.086083700,0,0
7.086088900,1,0
7.086093900,0,0
7.086099100,1,0
7.086104100,0,0
7.086109300,1,0
7.086114300,0,0
7.086117500,0,1
7.086119400,1,1
7.086124500,0,1
7.086124900,0,0
7.086129600,1,0
7.086134700,0,0
7.086139800,1,0
7.086144800,0,0
7.086150000,1,0
7.086155000,0,0
7.086160200,1,0
7.086165200,0,0
7.086170400,1,0
7.086175400,0,0
7.086180600,1,0
7.086185600,0,0
7.086190700,1,0
7.086195800,0,0
7.086200900,1,0
7.086206000,0,0
7.086211100,1,0
7.086216100,0,0
7.086221300,1,0
7.086226300,0,0
7.086231500,1,0
7.086236500,0,0
7.086241700,1,0
7.086246700,0,0
7.086251900,1,0
7.086256900,0,0
7.086262000,1,0
7.086267100,0,0
7.086272200,1,0
7.086277300,0,0
7.086282400,1,0
7.086287400,0,0
7.086292600,1,0
7.086297600,0,0
7.086300800,0,1
7.086302800,1,1
7.086307800,0,1
7.086308200,0,0
7.086313000,1,0
7.086318000,0,0
7.086323100,1,0
7.086328200,0,0
7.086333300,1,0
7.086338400,0,0
7.086343500,1,0
7.086348600,0,0
7.086353700,1,0
7.086358700,0,0
7.086363900,1,0
7.086368900,0,0
7.086374100,1,0
7.086379100,0,0
7.086384300,1,0
7.086389300,0,0
7.086394400,1,0
7.086399500,0,0
7.086404600,1,0
7.086409700,0,0
7.086414800,1,0
7.086419800,0,0
7.086425000,1,0
7.086430000,0,0
7.086435200,1,0
7.086440200,0,0
7.086445400,1,0
7.086450400,0,0
7.086455600,1,0
7.086460600,0,0
7.086465700,1,0
7.086470800,0,0
7.086475900,1,0
7.086481000,0,0
7.086484200,0,1
7.086486100,1,1
7.086491100,0,1
7.086491600,0,0
7.086496300,1,0
7.086501300,0,0
7.086506500,1,0
7.086511500,0,0
7.086516700,1,0
7.086521700,0,0
7.086526800,1,0
7.086531900,0,0
7.086537000,1,0
7.086542100,0,0
7.086547200,1,0
7.086552300,0,0
7.086557400,1,0
7.086562400,0,0
7.086563100,0,1
7.086567600,1,1
7.086572600,0,1
7.086573600,0,0
7.086577800,1,0
7.086584000,1,1
7.183532300,1,0
7.183538300,0,0
7.183539400,0,1
7.183543400,1,1
7.183548500,0,1
7.183549500,0,0
7.183553600,1,0
7.183558600,0,0
7.183559800,0,1
7.183563800,1,1
7.183568800,0,1
7.183569800,0,0
7.183574000,1,0
7.183579000,0,0
7.183580200,0,1
7.183584200,1,1
7.183589200,0,1
7.183590200,0,0
7.183594300,1,0
7.183599400,0,0
7.183604500,1,0
7.183609600,0,0
7.183614700,1,0
7.183619700,0,0
7.183624900,1,0
7.183629900,0,0
7.183635100,1,0
7.183640100,0,0
7.183641300,0,1
7.183645300,1,1
7.183650300,0,1
7.183651300,0,0
7.183655500,1,0
7.183660500,0,0
7.183665600,1,0
7.183670700,0,0
7.183675800,1,0
7.183680900,0,0
7.183686000,1,0
7.183691000,0,0
7.183696200,1,0
7.183701200,0,0
7.183706400,1,0
7.183711400,0,0
7.183716600,1,0
7.183721600,0,0
7.183722200,0,1
7.183726700,1,1
7.183733800,1,0
7.183739800,0,0
7.183741000,0,1
7.183744900,1,1
7.183750000,0,1
7.183751000,0,0
7.183755100,1,0
7.183760200,0,0
7.183761300,0,1
7.183765300,1,1
7.183770300,0,1
7.183771300,0,0
7.183775500,1,0
7.183780500,0,0
7.183781700,0,1
7.183785700,1,1
7.183790700,0,1
7.183791700,0,0
7.183795900,1,0
7.183800900,0,0
7.183806000,1,0
7.183811100,0,0
7.183812300,0,1
7.183816200,1,1
7.183821300,0,1
7.183821700,0,0
7.183826400,1,0
7.183831500,0,0
7.183836600,1,0
7.183841600,0,0
7.183846800,1,0
7.183851800,0,0
7.183857000,1,0
7.183862000,0,0
7.183867200,1,0
7.183872200,0,0
7.183872800,0,1
7.183877300,1,1
7.183882400,0,1
7.183887500,1,1
7.183892600,0,1
7.183897700,1,1
7.183902700,0,1
7.183907900,1,1
7.183912900,0,1
7.183918100,1,1
7.183923100,0,1
7.183924100,0,0
7.183928300,1,0
7.183934500,1,1
7.184001300,1,0
7.184007300,0,0
7.184008500,0,1
7.184012400,1,1
7.184017500,0,1
7.184018500,0,0
7.184022600,1,0
7.184027700,0,0
7.184028900,0,1
7.184032800,1,1
7.184037900,0,1
7.184038900,0,0
7.184043000,1,0
7.184048000,0,0
7.184049200,0,1
7.184053200,1,1
7.184058200,0,1
7.184059200,0,0
7.184063400,1,0
7.184068400,0,0
7.184073600,1,0
7.184078600,0,0
7.184083700,1,0
7.184088800,0,0
7.184093900,1,0
7.184099000,0,0
7.184104100,1,0
7.184109200,0,0
7.184110400,0,1
7.184114300,1,1
7.184119300,0,1
7.184120300,0,0
7.184124500,1,0
7.184129500,0,0
7.184130700,0,1
7.184134700,1,1
7.184139700,0,1
7.184140700,0,0
7.184144900,1,0
7.184149900,0,0
7.184155000,1,0
7.184160100,0,0
7.184165200,1,0
7.184170300,0,0
7.184175400,1,0
7.184180400,0,0
7.184185600,1,0
7.184190600,0,0
7.184191200,0,1
7.184195800,1,1
7.184202800,1,0
7.184208800,0,0
7.184210000,0,1
7.184214000,1,1
7.184219000,0,1
7.184220000,0,0
7.184224100,1,0
7.184229200,0,0
7.184230400,0,1
7.184234300,1,1
7.184239400,0,1
7.184240400,0,0
7.184244500,1,0
7.184249600,0,0
7.184250700,0,1
7.184254700,1,1
7.184259700,0,1
7.184260700,0,0
7.184264900,1,0
7.184269900,0,0
7.184275100,1,0
7.184280100,0,0
7.184281300,0,1
7.184285300,1,1
7.184290300,0,1
7.184290800,0,0
7.184295400,1,0
7.184300500,0,0
7.184305600,1,0
7.184310700,0,0
7.184315800,1,0
7.184320900,0,0
7.184326000,1,0
7.184331000,0,0
7.184336200,1,0
7.184341200,0,0
7.184346400,1,0
7.184351400,0,0
7.184356600,1,0
7.184361600,0,0
7.184366700,1,0
7.184371800,0,0
7.184376900,1,0
7.184382000,0,0
7.184387100,1,0
7.184392200,0,0
7.184395400,0,1
7.184397300,1,1
7.184402300,0,1
7.184402800,0,0
7.184407500,1,0
7.184412500,0,0
7.184417700,1,0
7.184422700,0,0
7.184427900,1,0
7.184432900,0,0
7.184438000,1,0
7.184443100,0,0
7.184448200,1,0
7.184453300,0,0
7.184458400,1,0
7.184463400,0,0
7.184468600,1,0
7.184473600,0,0
7.184478800,1,0
7.184483800,0,0
7.184489000,1,0
7.184494000,0,0
7.184499200,1,0
7.184504200,0,0
7.184509300,1,0
7.184514400,0,0
7.184519500,1,0
7.184524600,0,0
7.184529700,1,0
7.184534700,0,0
7.184539900,1,0
7.184544900,0,0
7.184550100,1,0
7.184555100,0,0
7.184560300,1,0
7.184565300,0,0
7.184570500,1,0
7.184575500,0,0
7.184578700,0,1
7.184580600,1,1
7.184585700,0,1
7.184586100,0,0
7.184590800,1,0
7.184595900,0,0
7.184601000,1,0
7.184606000,0,0
7.184611200,1,0
7.184616200,0,0
7.184621400,1,0
7.184626400,0,0
7.184631600,1,0
7.184636600,0,0
7.184641700,1,0
7.184646800,0,0
7.184651900,1,0
7.184657000,0,0
7.184662100,1,0
7.184667100,0,0
7.184672300,1,0
7.184677300,0,0
7.184682500,1,0
7.184687500,0,0
7.184692700,1,0
7.184697700,0,0
7.184702900,1,0
7.184707900,0,0
7.184713000,1,0
7.184718100,0,0
7.184723200,1,0
7.184728300,0,0
7.184733400,1,0
7.184738400,0,0
7.184743600,1,0
7.184748600,0,0
7.184753800,1,0
7.184758800,0,0
7.184762000,0,1
7.184764000,1,1
7.184769000,0,1
7.184769400,0,0
7.184774200,1,0
7.184779200,0,0
7.184784300,1,0
7.184789400,0,0
7.184794500,1,0
7.184799600,0,0
7.184804700,1,0
7.184809700,0,0
7.184814900,1,0
7.184819900,0,0
7.184825100,1,0
7.184830100,0,0
7.184835300,1,0
7.184840300,0,0
7.184840900,0,1
7.184845400,1,1
7.184850500,0,1
7.184851500,0,0
7.184855600,1,0
7.184861900,1,1
7.282678100,1,0
7.282684100,0,0
7.282685300,0,1
7.282689200,1,1
7.282694300,0,1
7.282695300,0,0
7.282699400,1,0
7.282704500,0,0
7.282705700,0,1
7.282709600,1,1
7.282714700,0,1
7.282715700,0,0
7.282719800,1,0
7.282724900,0,0
7.282726000,0,1
7.282730000,1,1
7.282735000,0,1
7.282736000,0,0
7.282740200,1,0
7.282745200,0,0
7.282750400,1,0
7.282755400,0,0
7.282760600,1,0
7.282765600,0,0
7.282770800,1,0
7.282775800,0,0
7.282780900,1,0
7.282786000,0,0
7.282787200,0,1
7.282791100,1,1
7.282796200,0,1
7.282797200,0,0
7.282801300,1,0
7.282806300,0,0
7.282811500,1,0
7.282816500,0,0
7.282821700,1,0
7.282826700,0,0
7.282831900,1,0
7.282836900,0,0
7.282842100,1,0
7.282847100,0,0
7.282852200,1,0
7.282857300,0,0
7.282862400,1,0
7.282867500,0,0
7.282868000,0,1
7.282872600,1,1
7.282879600,1,0
7.282885600,0,0
7.282886800,0,1
7.282890800,1,1
7.282895800,0,1
7.282896800,0,0
7.282901000,1,0
7.282906000,0,0
7.282907200,0,1
7.282911200,1,1
7.282916200,0,1
7.282917200,0,0
7.282921300,1,0
7.282926400,0,0
7.282927600,0,1
7.282931500,1,1
7.282936600,0,1
7.282937600,0,0
7.282941700,1,0
7.282946700,0,0
7.282951900,1,0
7.282956900,0,0
7.282958100,0,1
7.282962100,1,1
7.282967100,0,1
7.282967600,0,0
7.282972300,1,0
7.282977300,0,0
7.282982500,1,0
7.282987500,0,0
7.282992600,1,0
7.282997700,0,0
7.283002800,1,0
7.283007900,0,0
7.283013000,1,0
7.283018000,0,0
7.283018700,0,1
7.283023200,1,1
7.283028200,0,1
7.283033400,1,1
7.283038400,0,1
7.283043600,1,1
7.283048600,0,1
7.283053700,1,1
7.283058800,0,1
7.283063900,1,1
7.283069000,0,1
7.283070000,0,0
7.283074100,1,0
7.283080300,1,1
7.283146200,1,0
7.283152200,0,0
7.283153300,0,1
7.283157300,1,1
7.283162300,0,1
7.283163300,0,0
7.283167500,1,0
7.283172500,0,0
7.283173700,0,1
7.283177700,1,1
7.283182700,0,1
7.283183700,0,0
7.283187900,1,0
7.283192900,0,0
7.283194100,0,1
7.283198000,1,1
7.283203100,0,1
7.283204100,0,0
7.283208200,1,0
7.283213300,0,0
7.283218400,1,0
7.283223500,0,0
7.283228600,1,0
7.283233600,0,0
7.283238800,1,0
7.283243800,0,0
7.283249000,1,0
7.283254000,0,0
7.283255200,0,1
7.283259200,1,1
7.283264200,0,1
7.283265200,0,0
7.283269300,1,0
7.283274400,0,0
7.283275600,0,1
7.283279500,1,1
7.283284600,0,1
7.283285600,0,0
7.283289700,1,0
7.283294700,0,0
7.283299900,1,0
7.283304900,0,0
7.283310100,1,0
7.283315100,0,0
7.283320300,1,0
7.283325300,0,0
7.283330500,1,0
7.283335500,0,0
7.283336100,0,1
7.283340600,1,1
7.283347700,1,0
7.283353700,0,0
7.283354800,0,1
7.283358800,1,1
7.283363900,0,1
7.283364900,0,0
7.283369000,1,0
7.283374000,0,0
7.283375200,0,1
7.283379200,1,1
7.283384200,0,1
7.283385200,0,0
7.283389400,1,0
7.283394400,0,0
7.283395600,0,1
7.283399600,1,1
7.283404600,0,1
7.283405600,0,0
7.283409700,1,0
7.283414800,0,0
7.283419900,1,0
7.283425000,0,0
7.283426200,0,1
7.283430100,1,1
7.283435200,0,1
7.283435600,0,0
7.283440300,1,0
7.283445300,0,0
7.283450500,1,0
7.283455500,0,0
7.283460700,1,0
7.283465700,0,0
7.283470900,1,0
7.283475900,0,0
7.283481000,1,0
7.283486100,0,0
7.283491200,1,0
7.283496300,0,0
7.283501400,1,0
7.283506400,0,0
7.283511600,1,0
7.283516600,0,0
7.283521800,1,0
7.283526800,0,0
7.283532000,1,0
7.283537000,0,0
7.283540200,0,1
7.283542200,1,1
7.283547200,0,1
7.283547600,0,0
7.283552300,1,0
7.283557400,0,0
7.283562500,1,0
7.283567600,0,0
7.283572700,1,0
7.283577700,0,0
7.283582900,1,0
7.283587900,0,0
7.283593100,1,0
7.283598100,0,0
7.283603300,1,0
7.283608300,0,0
7.283613500,1,0
7.283618500,0,0
7.283623600,1,0
7.283628700,0,0
7.283633800,1,0
7.283638900,0,0
7.283644000,1,0
7.283649000,0,0
7.283654200,1,0
7.283659200,0,0
7.283664400,1,0
7.283669400,0,0
7.283674600,1,0
7.283679600,0,0
7.283684700,1,0
7.283689800,0,0
7.283694900,1,0
7.283700000,0,0
7.283705100,1,0
7.283710200,0,0
7.283715300,1,0
7.283720300,0,0
7.283723600,0,1
7.283725500,1,1
7.283730500,0,1
7.283731000,0,0
7.283735700,1,0
7.283740700,0,0
7.283745900,1,0
7.283750900,0,0
7.283756000,1,0
7.283761100,0,0
7.283766200,1,0
7.283771300,0,0
7.283776400,1,0
7.283781400,0,0
7.283786600,1,0
7.283791600,0,0
7.283796800,1,0
7.283801800,0,0
7.283807000,1,0
7.283812000,0,0
7.283817200,1,0
7.283822200,0,0
7.283827300,1,0
7.283832400,0,0
7.283837500,1,0
7.283842600,0,0
7.283847700,1,0
7.283852700,0,0
7.283857900,1,0
7.283862900,0,0
7.283868100,1,0
7.283873100,0,0
7.283878300,1,0
7.283883300,0,0
7.283888500,1,0
7.283893500,0,0
7.283898600,1,0
7.283903700,0,0
7.283906900,0,1
7.283908800,1,1
7.283913900,0,1
7.283914300,0,0
7.283919000,1,0
7.283924000,0,0
7.283929200,1,0
7.283934200,0,0
7.283939400,1,0
7.283944400,0,0
7.283949600,1,0
7.283954600,0,0
7.283959700,1,0
7.283964800,0,0
7.283969900,1,0
7.283975000,0,0
7.283980100,1,0
7.283985200,0,0
7.283985800,0,1
7.283990300,1,1
7.283995300,0,1
7.283996300,0,0
7.284000500,1,0
7.284006700,1,1
7.380968000,1,0
7.380974000,0,0
7.380975100,0,1
7.380979100,1,1
7.380984200,0,1
7.380985200,0,0
7.380989300,1,0
7.380994300,0,0
7.380995500,0,1
7.380999500,1,1
7.381004500,0,1
7.381005500,0,0
7.381009700,1,0
7.381014700,0,0
7.381015900,0,1
7.381019900,1,1
7.381024900,0,1
7.381025900,0,0
7.381030100,1,0
7.381035100,0,0
7.381040200,1,0
7.381045300,0,0
7.381050400,1,0
7.381055500,0,0
7.381060600,1,0
7.381065600,0,0
7.381070800,1,0
7.381075800,0,0
7.381077000,0,1
7.381081000,1,1
7.381086000,0,1
7.381087000,0,0
7.381091200,1,0
7.381096200,0,0
7.381101400,1,0
7.381106400,0,0
7.381111500,1,0
7.381116600,0,0
7.381121700,1,0
7.381126800,0,0
7.381131900,1,0
7.381136900,0,0
7.381142100,1,0
7.381147100,0,0
7.381152300,1,0
7.381157300,0,0
7.381157900,0,1
7.381162500,1,1
7.381169500,1,0
7.381175500,0,0
7.381176700,0,1
7.381180600,1,1
7.381185700,0,1
7.381186700,0,0
7.381190800,1,0
7.381195900,0,0
7.381197100,0,1
7.381201000,1,1
7.381206100,0,1
7.381207100,0,0
7.381211200,1,0
7.381216200,0,0
7.381217400,0,1
7.381221400,1,1
7.381226400,0,1
7.381227400,0,0
7.381231600,1,0
7.381236600,0,0
7.381241800,1,0
7.381246800,0,0
7.381248000,0,1
7.381251900,1,1
7.381257000,0,1
7.381257400,0,0
7.381262100,1,0
7.381267200,0,0
7.381272300,1,0
7.381277300,0,0
7.381282500,1,0
7.381287500,0,0
7.381292700,1,0
7.381297700,0,0
7.381302900,1,0
7.381307900,0,0
7.381308500,0,1
7.381313100,1,1
7.381318100,0,1
7.381323200,1,1
7.381328300,0,1
7.381333400,1,1
7.381338500,0,1
7.381343600,1,1
7.381348600,0,1
7.381353800,1,1
7.381358800,0,1
7.381359800,0,0
7.381364000,1,0
7.381370200,1,1
7.381436000,1,0
7.381442000,0,0
7.381443200,0,1
7.381447100,1,1
7.381452200,0,1
7.381453200,0,0
7.381457300,1,0
7.381462400,0,0
7.381463600,0,1
7.381467500,1,1
7.381472600,0,1
7.381473600,0,0
7.381477700,1,0
7.381482800,0,0
7.381483900,0,1
7.381487900,1,1
7.381492900,0,1
7.381493900,0,0
7.381498100,1,0
7.381503100,0,0
7.381508300,1,0
7.381513300,0,0
7.381518500,1,0
7.381523500,0,0
7.381528600,1,0
7.381533700,0,0
7.381538800,1,0
7.381543900,0,0
7.381545100,0,1
7.381549000,1,1
7.381554000,0,1
7.381555000,0,0
7.381559200,1,0
7.381564200,0,0
7.381565400,0,1
7.381569400,1,1
7.381574400,0,1
7.381575400,0,0
7.381579600,1,0
7.381584600,0,0
7.381589800,1,0
7.381594800,0,0
7.381599900,1,0
7.381605000,0,0
7.381610100,1,0
7.381615200,0,0
7.381620300,1,0
7.381625300,0,0
7.381625900,0,1
7.381630500,1,1
7.381637500,1,0
7.381643500,0,0
7.381644700,0,1
7.381648700,1,1
7.381653700,0,1
7.381654700,0,0
7.381658900,1,0
7.381663900,0,0
7.381665100,0,1
7.381669000,1,1
7.381674100,0,1
7.381675100,0,0
7.381679200,1,0
7.381684300,0,0
7.381685500,0,1
7.381689400,1,1
7.381694500,0,1
7.381695500,0,0
7.381699600,1,0
7.381704600,0,0
7.381709800,1,0
7.381714800,0,0
7.381716000,0,1
7.381720000,1,1
7.381725000,0,1
7.381725400,0,0
7.381730200,1,0
7.381735200,0,0
7.381740300,1,0
7.381745400,0,0
7.381750500,1,0
7.381755600,0,0
7.381760700,1,0
7.381765800,0,0
7.381770900,1,0
7.381775900,0,0
7.381781100,1,0
7.381786100,0,0
7.381791300,1,0
7.381796300,0,0
7.381801500,1,0
7.381806500,0,0
7.381811600,1,0
7.381816700,0,0
7.381821800,1,0
7.381826900,0,0
7.381830100,0,1
7.381832000,1,1
7.381837000,0,1
7.381837400,0,0
7.381842200,1,0
7.381847200,0,0
7.381852400,1,0
7.381857400,0,0
7.381862600,1,0
7.381867600,0,0
7.381872800,1,0
7.381877800,0,0
7.381882900,1,0
7.381888000,0,0
7.381893100,1,0
7.381898200,0,0
7.381903300,1,0
7.381908300,0,0
7.381913500,1,0
7.381918500,0,0
7.381923700,1,0
7.381928700,0,0
7.381933900,1,0
7.381938900,0,0
7.381944000,1,0
7.381949100,0,0
7.381954200,1,0
7.381959300,0,0
7.381964400,1,0
7.381969500,0,0
7.381974600,1,0
7.381979600,0,0
7.381984800,1,0
7.381989800,0,0
7.381995000,1,0
7.382000000,0,0
7.382005200,1,0
7.382010200,0,0
7.382013400,0,1
7.382015300,1,1
7.382020400,0,1
7.382020800,0,0
7.382025500,1,0
7.382030600,0,0
7.382035700,1,0
7.382040700,0,0
7.382045900,1,0
7.382050900,0,0
7.382056100,1,0
7.382061100,0,0
7.382066300,1,0
7.382071300,0,0
7.382076500,1,0
7.382081500,0,0
7.382086600,1,0
7.382091700,0,0
7.382096800,1,0
7.382101900,0,0
7.382107000,1,0
7.382112000,0,0
7.382117200,1,0
7.382122200,0,0
7.382127400,1,0
7.382132400,0,0
7.382137600,1,0
7.382142600,0,0
7.382147800,1,0
7.382152800,0,0
7.382157900,1,0
7.382163000,0,0
7.382168100,1,0
7.382173200,0,0
7.382178300,1,0
7.382183300,0,0
7.382188500,1,0
7.382193500,0,0
7.382196700,0,1
7.382198700,1,1
7.382203700,0,1
7.382204100,0,0
7.382208900,1,0
7.382213900,0,0
7.382219000,1,0
7.382224100,0,0
7.382229200,1,0
7.382234300,0,0
7.382239400,1,0
7.382244500,0,0
7.382249600,1,0
7.382254600,0,0
7.382259800,1,0
7.382264800,0,0
7.382270000,1,0
7.382275000,0,0
7.382275600,0,1
7.382280200,1,1
7.382285200,0,1
7.382286200,0,0
7.382290300,1,0
7.382296600,1,1
7.479240800,1,0
7.479246800,0,0
7.479248000,0,1
7.479252000,1,1
7.479257000,0,1
7.479258000,0,0
7.479262200,1,0
7.479267200,0,0
7.479268400,0,1
7.479272400,1,1
7.479277400,0,1
7.479278400,0,0
7.479282500,1,0
7.479287600,0,0
7.479288800,0,1
7.479292700,1,1
7.479297800,0,1
7.479298800,0,0
7.479302900,1,0
7.479307900,0,0
7.479313100,1,0
7.479318100,0,0
7.479323300,1,0
7.479328300,0,0
7.479333500,1,0
7.479338500,0,0
7.479343700,1,0
7.479348700,0,0
7.479349900,0,1
7.479353800,1,1
7.479358900,0,1
7.479359900,0,0
7.479364000,1,0
7.479369100,0,0
7.479374200,1,0
7.479379200,0,0
7.479384400,1,0
7.479389400,0,0
7.479394600,1,0
7.479399600,0,0
7.479404800,1,0
7.479409800,0,0
7.479414900,1,0
7.479420000,0,0
7.479425100,1,0
7.479430200,0,0
7.479430800,0,1
7.479435300,1,1
7.479442400,1,0
7.479448400,0,0
7.479449500,0,1
7.479453500,1,1
7.479458500,0,1
7.479459500,0,0
7.479463700,1,0
7.479468700,0,0
7.479469900,0,1
7.479473900,1,1
7.479478900,0,1
7.479479900,0,0
7.479484100,1,0
7.479489100,0,0
7.479490300,0,1
7.479494200,1,1
7.479499300,0,1
7.479500300,0,0
7.479504400,1,0
7.479509500,0,0
7.479514600,1,0
7.479519600,0,0
7.479520900,0,1
7.479524800,1,1
7.479529800,0,1
7.479530200,0,0
7.479535000,1,0
7.479540000,0,0
7.479545200,1,0
7.479550200,0,0
7.479555400,1,0
7.479560400,0,0
7.479565500,1,0
7.479570600,0,0
7.479575700,1,0
7.479580800,0,0
7.479581400,0,1
7.479585900,1,1
7.479590900,0,1
7.479596100,1,1
7.479601100,0,1
7.479606300,1,1
7.479611300,0,1
7.479616500,1,1
7.479621500,0,1
7.479626600,1,1
7.479631700,0,1
7.479632700,0,0
7.479636800,1,0
7.479643000,1,1
7.479701900,1,0
7.479707900,0,0
7.479709000,0,1
7.479713000,1,1
7.479718100,0,1
7.479719100,0,0
7.479723200,1,0
7.479728200,0,0
7.479729400,0,1
7.479733400,1,1
7.479738400,0,1
7.479739400,0,0
7.479743600,1,0
7.479748600,0,0
7.479749800,0,1
7.479753800,1,1
7.479758800,0,1
7.479759800,0,0
7.479763900,1,0
7.479769000,0,0
7.479774100,1,0
7.479779200,0,0
7.479784300,1,0
7.479789400,0,0
7.479794500,1,0
7.479799500,0,0
7.479804700,1,0
7.479809700,0,0
7.479810900,0,1
7.479814900,1,1
7.479819900,0,1
7.479820900,0,0
7.479825100,1,0
7.479830100,0,0
7.479831300,0,1
7.479835200,1,1
7.479840300,0,1
7.479841300,0,0
7.479845400,1,0
7.479850500,0,0
7.479855600,1,0
7.479860600,0,0
7.479865800,1,0
7.479870800,0,0
7.479876000,1,0
7.479881000,0,0
7.479886200,1,0
7.479891200,0,0
7.479891800,0,1
7.479896400,1,1
7.479903400,1,0
7.479909400,0,0
7.479910600,0,1
7.479914500,1,1
7.479919600,0,1
7.479920600,0,0
7.479924700,1,0
7.479929800,0,0
7.479930900,0,1
7.479934900,1,1
7.479939900,0,1
7.479940900,0,0
7.479945100,1,0
7.479950100,0,0
7.479951300,0,1
7.479955300,1,1
7.479960300,0,1
7.479961300,0,0
7.479965500,1,0
7.479970500,0,0
7.479975700,1,0
7.479980700,0,0
7.479981900,0,1
7.479985800,1,1
7.479990900,0,1
7.479991300,0,0
7.479996000,1,0
7.480001100,0,0
7.480006200,1,0
7.480011200,0,0
7.480016400,1,0
7.480021400,0,0
7.480026600,1,0
7.480031600,0,0
7.480036800,1,0
7.480041800,0,0
7.480046900,1,0
7.480052000,0,0
7.480057100,1,0
7.480062200,0,0
7.480067300,1,0
7.480072300,0,0
7.480077500,1,0
7.480082500,0,0
7.480087700,1,0
7.480092700,0,0
7.480095900,0,1
7.480097900,1,1
7.480102900,0,1
7.480103300,0,0
7.480108100,1,0
7.480113100,0,0
7.480118200,1,0
7.480123300,0,0
7.480128400,1,0
7.480133500,0,0
7.480138600,1,0
7.480143600,0,0
7.480148800,1,0
7.480153800,0,0
7.480159000,1,0
7.480164000,0,0
7.480169200,1,0
7.480174200,0,0
7.480179400,1,0
7.480184400,0,0
7.480189500,1,0
7.480194600,0,0
7.480199700,1,0
7.480204800,0,0
7.480209900,1,0
7.480214900,0,0
7.480220100,1,0
7.480225100,0,0
7.480230300,1,0
7.480235300,0,0
7.480240500,1,0
7.480245500,0,0
7.480250600,1,0
7.480255700,0,0
7.480260800,1,0
7.480265900,0,0
7.480271000,1,0
7.480276100,0,0
7.480279300,0,1
7.480281200,1,1
7.480286200,0,1
7.480286600,0,0
7.480291400,1,0
7.480296400,0,0
7.480301600,1,0
7.480306600,0,0
7.480311800,1,0
7.480316800,0,0
7.480321900,1,0
7.480327000,0,0
7.480332100,1,0
7.480337200,0,0
7.480342300,1,0
7.480347300,0,0
7.480352500,1,0
7.480357500,0,0
7.480362700,1,0
7.480367700,0,0
7.480372900,1,0
7.480377900,0,0
7.480383100,1,0
7.480388100,0,0
7.480393200,1,0
7.480398300,0,0
7.480403400,1,0
7.480408500,0,0
7.480413600,1,0
7.480418600,0,0
7.480423800,1,0
7.480428800,0,0
7.480434000,1,0
7.480439000,0,0
7.480444200,1,0
7.480449200,0,0
7.480454400,1,0
7.480459400,0,0
7.480462600,0,1
7.480464500,1,1
7.480469600,0,1
7.480470000,0,0
7.480474700,1,0
7.480479800,0,0
7.480484900,1,0
7.480489900,0,0
7.480495100,1,0
7.480500100,0,0
7.480505300,1,0
7.480510300,0,0
7.480515500,1,0
7.480520500,0,0
7.480525600,1,0
7.480530700,0,0
7.480535800,1,0
7.480540900,0,0
7.480541500,0,1
7.480546000,1,1
7.480551100,0,1
7.480552100,0,0
7.480556200,1,0
7.480562400,1,1
7.578439700,1,0
7.578445700,0,0
7.578446800,0,1
7.578450800,1,1
7.578455900,0,1
7.578456900,0,0
7.578461000,1,0
7.578466100,0,0
7.578467200,0,1
7.578471200,1,1
7.578476200,0,1
7.578477200,0,0
7.578481400,1,0
7.578486400,0,0
7.578487600,0,1
7.578491600,1,1
7.578496600,0,1
7.578497600,0,0
7.578501800,1,0
7.578506800,0,0
7.578511900,1,0
7.578517000,0,0
7.578522100,1,0
7.578527200,0,0
7.578532300,1,0
7.578537400,0,0
7.578542500,1,0
7.578547500,0,0
7.578548800,0,1
7.578552700,1,1
7.578557700,0,1
7.578558700,0,0
7.578562900,1,0
7.578567900,0,0
7.578573100,1,0
7.578578100,0,0
7.578583200,1,0
7.578588300,0,0
7.578593400,1,0
7.578598500,0,0
7.578603600,1,0
7.578608600,0,0
7.578613800,1,0
7.578618800,0,0
7.578624000,1,0
7.578629000,0,0
7.578629700,0,1
7.578634200,1,1
7.578641200,1,0
7.578647200,0,0
7.578648400,0,1
7.578652300,1,1
7.578657400,0,1
7.578658400,0,0
7.578662500,1,0
7.578667600,0,0
7.578668800,0,1
7.578672700,1,1
7.578677800,0,1
7.578678800,0,0
7.578682900,1,0
7.578687900,0,0
7.578689100,0,1
7.578693100,1,1
7.578698100,0,1
7.578699100,0,0
7.578703300,1,0
7.578708300,0,0
7.578713500,1,0
7.578718500,0,0
7.578719700,0,1
7.578723700,1,1
7.578728700,0,1
7.578729100,0,0
7.578733800,1,0
7.578738900,0,0
7.578744000,1,0
7.578749100,0,0
7.578754200,1,0
7.578759200,0,0
7.578764400,1,0
7.578769400,0,0
7.578774600,1,0
7.578779600,0,0
7.578780300,0,1
7.578784800,1,1
7.578789800,0,1
7.578794900,1,1
7.578800000,0,1
7.578805100,1,1
7.578810200,0,1
7.578815300,1,1
7.578820400,0,1
7.578825500,1,1
7.578830500,0,1
7.578831500,0,0
7.578835700,1,0
7.578841900,1,1
7.578899700,1,0
7.578905700,0,0
7.578906900,0,1
7.578910800,1,1
7.578915900,0,1
7.578916900,0,0
7.578921000,1,0
7.578926100,0,0
7.578927300,0,1
7.578931200,1,1
7.578936300,0,1
7.578937300,0,0
7.578941400,1,0
7.578946500,0,0
7.578947600,0,1
7.578951600,1,1
7.578956600,0,1
7.578957600,0,0
7.578961800,1,0
7.578966800,0,0
7.578972000,1,0
7.578977000,0,0
7.578982200,1,0
7.578987200,0,0
7.578992400,1,0
7.578997400,0,0
7.579002500,1,0
7.579007600,0,0
7.579008800,0,1
7.579012700,1,1
7.579017800,0,1
7.579018800,0,0
7.579022900,1,0
7.579027900,0,0
7.579029100,0,1
7.579033100,1,1
7.579038100,0,1
7.579039100,0,0
7.579043300,1,0
7.579048300,0,0
7.579053500,1,0
7.579058500,0,0
7.579063600,1,0
7.579068700,0,0
7.579073800,1,0
7.579078900,0,0
7.579084000,1,0
7.579089100,0,0
7.579089700,0,1
7.579094200,1,1
7.579101200,1,0
7.579107200,0,0
7.579108400,0,1
7.579112400,1,1
7.579117400,0,1
7.579118400,0,0
7.579122600,1,0
7.579127600,0,0
7.579128800,0,1
7.579132800,1,1
7.579137800,0,1
7.579138800,0,0
7.579142900,1,0
7.579148000,0,0
7.579149200,0,1
7.579153100,1,1
7.579158200,0,1
7.579159200,0,0
7.579163300,1,0
7.579168400,0,0
7.579173500,1,0
7.579178500,0,0
7.579179700,0,1
7.579183700,1,1
7.579188700,0,1
7.579189100,0,0
7.579193900,1,0
7.579198900,0,0
7.579204100,1,0
7.579209100,0,0
7.579214200,1,0
7.579219300,0,0
7.579224400,1,0
7.579229500,0,0
7.579234600,1,0
7.579239600,0,0
7.579244800,1,0
7.579249800,0,0
7.579255000,1,0
7.579260000,0,0
7.579265200,1,0
7.579270200,0,0
7.579275400,1,0
7.579280400,0,0
7.579285500,1,0
7.579290600,0,0
7.579293800,0,1
7.579295700,1,1
7.579300800,0,1
7.579301100,0,0
7.579305900,1,0
7.579310900,0,0
7.579316100,1,0
7.579321100,0,0
7.579326300,1,0
7.579331300,0,0
7.579336500,1,0
7.579341500,0,0
7.579346600,1,0
7.579351700,0,0
7.579356800,1,0
7.579361900,0,0
7.579367000,1,0
7.579372100,0,0
7.579377200,1,0
7.579382200,0,0
7.579387400,1,0
7.579392400,0,0
7.579397600,1,0
7.579402600,0,0
7.579407800,1,0
7.579412800,0,0
7.579417900,1,0
7.579423000,0,0
7.579428100,1,0
7.579433200,0,0
7.579438300,1,0
7.579443300,0,0
7.579448500,1,0
7.579453500,0,0
7.579458700,1,0
7.579463700,0,0
7.579468900,1,0
7.579473900,0,0
7.579477100,0,1
7.579479100,1,1
7.579484100,0,1
7.579484500,0,0
7.579489200,1,0
7.579494300,0,0
7.579499400,1,0
7.579504500,0,0
7.579509600,1,0
7.579514600,0,0
7.579519800,1,0
7.579524800,0,0
7.579530000,1,0
7.579535000,0,0
7.579540200,1,0
7.579545200,0,0
7.579550300,1,0
7.579555400,0,0
7.579560500,1,0
7.579565600,0,0
7.579570700,1,0
7.579575800,0,0
7.579580900,1,0
7.579585900,0,0
7.579591100,1,0
7.579596100,0,0
7.579601300,1,0
7.579606300,0,0
7.579611500,1,0
7.579616500,0,0
7.579621600,1,0
7.579626700,0,0
7.579631800,1,0
7.579636900,0,0
7.579642000,1,0
7.579647100,0,0
7.579652200,1,0
7.579657200,0,0
7.579660400,0,1
7.579662400,1,1
7.579667400,0,1
7.579667800,0,0
7.579672600,1,0
7.579677600,0,0
7.579682800,1,0
7.579687800,0,0
7.579692900,1,0
7.579698000,0,0
7.579703100,1,0
7.579708200,0,0
7.579713300,1,0
7.579718300,0,0
7.579723500,1,0
7.579728500,0,0
7.579733700,1,0
7.579738700,0,0
7.579739300,0,1
7.579743900,1,1
7.579748900,0,1
7.579749900,0,0
7.579754100,1,0
7.579760300,1,1
7.676692500,1,0
7.676698500,0,0
7.676699700,0,1
7.676703700,1,1
7.676708700,0,1
7.676709700,0,0
7.676713900,1,0
7.676718900,0,0
7.676720100,0,1
7.676724100,1,1
7.676729100,0,1
7.676730100,0,0
7.676734200,1,0
7.676739300,0,0
7.676740500,0,1
7.676744400,1,1
7.676749500,0,1
7.676750500,0,0
7.676754600,1,0
7.676759700,0,0
7.676764800,1,0
7.676769800,0,0
7.676775000,1,0
7.676780000,0,0
7.676785200,1,0
7.676790200,0,0
7.676795400,1,0
7.676800400,0,0
7.676801600,0,1
7.676805500,1,1
7.676810600,0,1
7.676811600,0,0
7.676815700,1,0
7.676820800,0,0
7.676825900,1,0
7.676831000,0,0
7.676836100,1,0
7.676841100,0,0
7.676846300,1,0
7.676851300,0,0
7.676856500,1,0
7.676861500,0,0
7.676866700,1,0
7.676871700,0,0
7.676876800,1,0
7.676881900,0,0
7.676882500,0,1
7.676887000,1,1
7.676894100,1,0
7.676900100,0,0
7.676901200,0,1
7.676905200,1,1
7.676910200,0,1
7.676911200,0,0
7.676915400,1,0
7.676920400,0,0
7.676921600,0,1
7.676925600,1,1
7.676930600,0,1
7.676931600,0,0
7.676935800,1,0
7.676940800,0,0
7.676942000,0,1
7.676946000,1,1
7.676951000,0,1
7.676952000,0,0
7.676956100,1,0
7.676961200,0,0
7.676966300,1,0
7.676971400,0,0
7.676972600,0,1
7.676976500,1,1
7.676981500,0,1
7.676981900,0,0
7.676986700,1,0
7.676991700,0,0
7.676996900,1,0
7.677001900,0,0
7.677007100,1,0
7.677012100,0,0
7.677017200,1,0
7.677022300,0,0
7.677027400,1,0
7.677032500,0,0
7.677033100,0,1
7.677037600,1,1
7.677042700,0,1
7.677047800,1,1
7.677052800,0,1
7.677058000,1,1
7.677063000,0,1
7.677068200,1,1
7.677073200,0,1
7.677078400,1,1
7.677083400,0,1
7.677084400,0,0
7.677088500,1,0
7.677094700,1,1
7.677152600,1,0
7.677158600,0,0
7.677159700,0,1
7.677163700,1,1
7.677168800,0,1
7.677169800,0,0
7.677173900,1,0
7.677178900,0,0
7.677180100,0,1
7.677184100,1,1
7.677189100,0,1
7.677190100,0,0
7.677194300,1,0
7.677199300,0,0
7.677200500,0,1
7.677204500,1,1
7.677209500,0,1
7.677210500,0,0
7.677214700,1,0
7.677219700,0,0
7.677224800,1,0
7.677229900,0,0
7.677235000,1,0
7.677240100,0,0
7.677245200,1,0
7.677250200,0,0
7.677255400,1,0
7.677260400,0,0
7.677261600,0,1
7.677265600,1,1
7.677270600,0,1
7.677271600,0,0
7.677275800,1,0
7.677280800,0,0
7.677282000,0,1
7.677285900,1,1
7.677291000,0,1
7.677292000,0,0
7.677296100,1,0
7.677301200,0,0
7.677306300,1,0
7.677311400,0,0
7.677316500,1,0
7.677321500,0,0
7.677326700,1,0
7.677331700,0,0
7.677336900,1,0
7.677341900,0,0
7.677342500,0,1
7.677347100,1,1
7.677354100,1,0
7.677360100,0,0
7.677361300,0,1
7.677365200,1,1
7.677370300,0,1
7.677371300,0,0
7.677375400,1,0
7.677380500,0,0
7.677381700,0,1
7.677385600,1,1
7.677390700,0,1
7.677391700,0,0
7.677395800,1,0
7.677400800,0,0
7.677402000,0,1
7.677406000,1,1
7.677411000,0,1
7.677412000,0,0
7.677416200,1,0
7.677421200,0,0
7.677426400,1,0
7.677431400,0,0
7.677432600,0,1
7.677436500,1,1
7.677441600,0,1
7.677442000,0,0
7.677446700,1,0
7.677451800,0,0
7.677456900,1,0
7.677461900,0,0
7.677467100,1,0
7.677472100,0,0
7.677477300,1,0
7.677482300,0,0
7.677487500,1,0
7.677492500,0,0
7.677497700,1,0
7.677502700,0,0
7.677507800,1,0
7.677512900,0,0
7.677518000,1,0
7.677523100,0,0
7.677528200,1,0
7.677533200,0,0
7.677538400,1,0
7.677543400,0,0
7.677546600,0,1
7.677548600,1,1
7.677553600,0,1
7.677554000,0,0
7.677558800,1,0
7.677563800,0,0
7.677568900,1,0
7.677574000,0,0
7.677579100,1,0
7.677584200,0,0
7.677589300,1,0
7.677594400,0,0
7.677599500,1,0
7.677604500,0,0
7.677609700,1,0
7.677614700,0,0
7.677619900,1,0
7.677624900,0,0
7.677630100,1,0
7.677635100,0,0
7.677640200,1,0
7.677645300,0,0
7.677650400,1,0
7.677655500,0,0
7.677660600,1,0
7.677665600,0,0
7.677670800,1,0
7.677675800,0,0
7.677681000,1,0
7.677686000,0,0
7.677691200,1,0
7.677696200,0,0
7.677701400,1,0
7.677706400,0,0
7.677711500,1,0
7.677716600,0,0
7.677721700,1,0
7.677726800,0,0
7.677730000,0,1
7.677731900,1,1
7.677736900,0,1
7.677737400,0,0
7.677742100,1,0
7.677747100,0,0
7.677752300,1,0
7.677757300,0,0
7.677762500,1,0
7.677767500,0,0
7.677772700,1,0
7.677777700,0,0
7.677782800,1,0
7.677787900,0,0
7.677793000,1,0
7.677798100,0,0
7.677803200,1,0
7.677808200,0,0
7.677813400,1,0
7.677818400,0,0
7.677823600,1,0
7.677828600,0,0
7.677833800,1,0
7.677838800,0,0
7.677843900,1,0
7.677849000,0,0
7.677854100,1,0
7.677859200,0,0
7.677864300,1,0
7.677869400,0,0
7.677874500,1,0
7.677879500,0,0
7.677884700,1,0
7.677889700,0,0
7.677894900,1,0
7.677899900,0,0
7.677905100,1,0
7.677910100,0,0
7.677913300,0,1
7.677915200,1,1
7.677920300,0,1
7.677920700,0,0
7.677925400,1,0
7.677930500,0,0
7.677935600,1,0
7.677940600,0,0
7.677945800,1,0
7.677950800,0,0
7.677956000,1,0
7.677961000,0,0
7.677966200,1,0
7.677971200,0,0
7.677976400,1,0
7.677981400,0,0
7.677986500,1,0
7.677991600,0,0
7.677992200,0,1
7.677996700,1,1
7.678001800,0,1
7.678002800,0,0
7.678006900,1,0
7.678013100,1,1
7.774987400,1,0
7.774993400,0,0
7.774994600,0,1
7.774998500,1,1
7.775003600,0,1
7.775004600,0,0
7.775008700,1,0
7.775013800,0,0
7.775014900,0,1
7.775018900,1,1
7.775024000,0,1
7.775025000,0,0
7.775029100,1,0
7.775034100,0,0
7.775035300,0,1
7.775039300,1,1
7.775044300,0,1
7.775045300,0,0
7.775049500,1,0
7.775054500,0,0
7.775059700,1,0
7.775064700,0,0
7.775069800,1,0
7.775074900,0,0
7.775080000,1,0
7.775085100,0,0
7.775090200,1,0
7.775095300,0,0
7.775096500,0,1
7.775100400,1,1
7.775105400,0,1
7.775106400,0,0
7.775110600,1,0
7.775115600,0,0
7.775120800,1,0
7.775125800,0,0
7.775131000,1,0
7.775136000,0,0
7.775141100,1,0
7.775146200,0,0
7.775151300,1,0
7.775156400,0,0
7.775161500,1,0
7.775166500,0,0
7.775171700,1,0
7.775176700,0,0
7.775177400,0,1
7.775181900,1,1
7.775188900,1,0
7.775194900,0,0
7.775196100,0,1
7.775200100,1,1
7.775205100,0,1
7.775206100,0,0
7.775210200,1,0
7.775215300,0,0
7.775216500,0,1
7.775220400,1,1
7.775225500,0,1
7.775226500,0,0
7.775230600,1,0
7.775235700,0,0
7.775236800,0,1
7.775240800,1,1
7.775245800,0,1
7.775246800,0,0
7.775251000,1,0
7.775256000,0,0
7.775261200,1,0
7.775266200,0,0
7.775267400,0,1
7.775271400,1,1
7.775276400,0,1
7.775276900,0,0
7.775281500,1,0
7.775286600,0,0
7.775291700,1,0
7.775296800,0,0
7.775301900,1,0
7.775307000,0,0
7.775312100,1,0
7.775317100,0,0
7.775322300,1,0
7.775327300,0,0
7.775328000,0,1
7.775332500,1,1
7.775337500,0,1
7.775342700,1,1
7.775347700,0,1
7.775352800,1,1
7.775357900,0,1
7.775363000,1,1
7.775368100,0,1
7.775373200,1,1
7.775378200,0,1
7.775379300,0,0
7.775383400,1,0
7.775389600,1,1
7.775455400,1,0
7.775461400,0,0
7.775462600,0,1
7.775466600,1,1
7.775471600,0,1
7.775472600,0,0
7.775476800,1,0
7.775481800,0,0
7.775483000,0,1
7.775486900,1,1
7.775492000,0,1
7.775493000,0,0
7.775497100,1,0
7.775502200,0,0
7.775503400,0,1
7.775507300,1,1
7.775512400,0,1
7.775513400,0,0
7.775517500,1,0
7.775522500,0,0
7.775527700,1,0
7.775532700,0,0
7.775537900,1,0
7.775542900,0,0
7.775548100,1,0
7.775553100,0,0
7.775558300,1,0
7.775563300,0,0
7.775564500,0,1
7.775568400,1,1
7.775573500,0,1
7.775574500,0,0
7.775578600,1,0
7.775583700,0,0
7.775584800,0,1
7.775588800,1,1
7.775593800,0,1
7.775594800,0,0
7.775599000,1,0
7.775604000,0,0
7.775609200,1,0
7.775614200,0,0
7.775619400,1,0
7.775624400,0,0
7.775629500,1,0
7.775634600,0,0
7.775639700,1,0
7.775644800,0,0
7.775645400,0,1
7.775649900,1,1
7.775657000,1,0
7.775663000,0,0
7.775664100,0,1
7.775668100,1,1
7.775673100,0,1
7.775674100,0,0
7.775678300,1,0
7.775683300,0,0
7.775684500,0,1
7.775688500,1,1
7.775693500,0,1
7.775694500,0,0
7.775698700,1,0
7.775703700,0,0
7.775704900,0,1
7.775708800,1,1
7.775713900,0,1
7.775714900,0,0
7.775719000,1,0
7.775724100,0,0
7.775729200,1,0
7.775734200,0,0
7.775735400,0,1
7.775739400,1,1
7.775744400,0,1
7.775744900,0,0
7.775749600,1,0
7.775754600,0,0
7.775759800,1,0
7.775764800,0,0
7.775770000,1,0
7.775775000,0,0
7.775780100,1,0
7.775785200,0,0
7.775790300,1,0
7.775795400,0,0
7.775800500,1,0
7.775805500,0,0
7.775810700,1,0
7.775815700,0,0
7.775820900,1,0
7.775825900,0,0
7.775831100,1,0
7.775836100,0,0
7.775841300,1,0
7.775846300,0,0
7.775849500,0,1
7.775851400,1,1
7.775856500,0,1
7.775856900,0,0
7.775861600,1,0
7.775866700,0,0
7.775871800,1,0
7.775876800,0,0
7.775882000,1,0
7.775887000,0,0
7.775892200,1,0
7.775897200,0,0
7.775902400,1,0
7.775907400,0,0
7.775912500,1,0
7.775917600,0,0
7.775922700,1,0
7.775927800,0,0
7.775932900,1,0
7.775938000,0,0
7.775943100,1,0
7.775948100,0,0
7.775953300,1,0
7.775958300,0,0
7.775963500,1,0
7.775968500,0,0
7.775973700,1,0
7.775978700,0,0
7.775983800,1,0
7.775988900,0,0
7.775994000,1,0
7.775999100,0,0
7.776004200,1,0
7.776009200,0,0
7.776014400,1,0
7.776019400,0,0
7.776024600,1,0
7.776029600,0,0
7.776032800,0,1
7.776034800,1,1
7.776039800,0,1
7.776040200,0,0
7.776045000,1,0
7.776050000,0,0
7.776055100,1,0
7.776060200,0,0
7.776065300,1,0
7.776070400,0,0
7.776075500,1,0
7.776080500,0,0
7.776085700,1,0
7.776090700,0,0
7.776095900,1,0
7.776100900,0,0
7.776106100,1,0
7.776111100,0,0
7.776116200,1,0
7.776121300,0,0
7.776126400,1,0
7.776131500,0,0
7.776136600,1,0
7.776141700,0,0
7.776146800,1,0
7.776151800,0,0
7.776157000,1,0
7.776162000,0,0
7.776167200,1,0
7.776172200,0,0
7.776177400,1,0
7.776182400,0,0
7.776187500,1,0
7.776192600,0,0
7.776197700,1,0
7.776202800,0,0
7.776207900,1,0
7.776212900,0,0
7.776216200,0,1
7.776218100,1,1
7.776223100,0,1
7.776223600,0,0
7.776228300,1,0
7.776233300,0,0
7.776238500,1,0
7.776243500,0,0
7.776248700,1,0
7.776253700,0,0
7.776258800,1,0
7.776263900,0,0
7.776269000,1,0
7.776274100,0,0
7.776279200,1,0
7.776284200,0,0
7.776289400,1,0
7.776294400,0,0
7.776295100,0,1
7.776299600,1,1
7.776304600,0,1
7.776305600,0,0
7.776309800,1,0
7.776316000,1,1
7.874153300,1,0
7.874159300,0,0
7.874160400,0,1
7.874164400,1,1
7.874169400,0,1
7.874170400,0,0
7.874174600,1,0
7.874179600,0,0
7.874180800,0,1
7.874184800,1,1
7.874189800,0,1
7.874190800,0,0
7.874195000,1,0
7.874200000,0,0
7.874201200,0,1
7.874205100,1,1
7.874210200,0,1
7.874211200,0,0
7.874215300,1,0
7.874220400,0,0
7.874225500,1,0
7.874230500,0,0
7.874235700,1,0
7.874240700,0,0
7.874245900,1,0
7.874250900,0,0
7.874256100,1,0
7.874261100,0,0
7.874262300,0,1
7.874266300,1,1
7.874271300,0,1
7.874272300,0,0
7.874276400,1,0
7.874281500,0,0
7.874286600,1,0
7.874291700,0,0
7.874296800,1,0
7.874301800,0,0
7.874307000,1,0
7.874312000,0,0
7.874317200,1,0
7.874322200,0,0
7.874327400,1,0
7.874332400,0,0
7.874337500,1,0
7.874342600,0,0
7.874343200,0,1
7.874347700,1,1
7.874354800,1,0
7.874360800,0,0
7.874361900,0,1
7.874365900,1,1
7.874371000,0,1
7.874372000,0,0
7.874376100,1,0
7.874381100,0,0
7.874382300,0,1
7.874386300,1,1
7.874391300,0,1
7.874392300,0,0
7.874396500,1,0
7.874401500,0,0
7.874402700,0,1
7.874406700,1,1
7.874411700,0,1
7.874412700,0,0
7.874416800,1,0
7.874421900,0,0
7.874427000,1,0
7.874432100,0,0
7.874433300,0,1
7.874437200,1,1
7.874442200,0,1
7.874442600,0,0
7.874447400,1,0
7.874452400,0,0
7.874457600,1,0
7.874462600,0,0
7.874467800,1,0
7.874472800,0,0
7.874478000,1,0
7.874483000,0,0
7.874488100,1,0
7.874493200,0,0
7.874493800,0,1
7.874498300,1,1
7.874503400,0,1
7.874508500,1,1
7.874513500,0,1
7.874518700,1,1
7.874523700,0,1
7.874528900,1,1
7.874533900,0,1
7.874539100,1,1
7.874544100,0,1
7.874545100,0,0
7.874549300,1,0
7.874555500,1,1
7.874622300,1,0
7.874628300,0,0
7.874629400,0,1
7.874633400,1,1
7.874638500,0,1
7.874639500,0,0
7.874643600,1,0
7.874648700,0,0
7.874649800,0,1
7.874653800,1,1
7.874658800,0,1
7.874659800,0,0
7.874664000,1,0
7.874669000,0,0
7.874670200,0,1
7.874674200,1,1
7.874679200,0,1
7.874680200,0,0
7.874684400,1,0
7.874689400,0,0
7.874694500,1,0
7.874699600,0,0
7.874704700,1,0
7.874709800,0,0
7.874714900,1,0
7.874720000,0,0
7.874725100,1,0
7.874730100,0,0
7.874731300,0,1
7.874735300,1,1
7.874740300,0,1
7.874741300,0,0
7.874745500,1,0
7.874750500,0,0
7.874751700,0,1
7.874755700,1,1
7.874760700,0,1
7.874761700,0,0
7.874765800,1,0
7.874770900,0,0
7.874776000,1,0
7.874781100,0,0
7.874786200,1,0
7.874791200,0,0
7.874796400,1,0
7.874801400,0,0
7.874806600,1,0
7.874811600,0,0
7.874812200,0,1
7.874816800,1,1
7.874823800,1,0
7.874829800,0,0
7.874831000,0,1
7.874834900,1,1
7.874840000,0,1
7.874841000,0,0
7.874845100,1,0
7.874850200,0,0
7.874851400,0,1
7.874855300,1,1
7.874860400,0,1
7.874861400,0,0
7.874865500,1,0
7.874870500,0,0
7.874871700,0,1
7.874875700,1,1
7.874880700,0,1
7.874881700,0,0
7.874885900,1,0
7.874890900,0,0
7.874896100,1,0
7.874901100,0,0
7.874902300,0,1
7.874906200,1,1
7.874911300,0,1
7.874911700,0,0
7.874916400,1,0
7.874921500,0,0
7.874926600,1,0
7.874931700,0,0
7.874936800,1,0
7.874941800,0,0
7.874947000,1,0
7.874952000,0,0
7.874957200,1,0
7.874962200,0,0
7.874967400,1,0
7.874972400,0,0
7.874977500,1,0
7.874982600,0,0
7.874987700,1,0
7.874992800,0,0
7.874997900,1,0
7.875002900,0,0
7.875008100,1,0
7.875013100,0,0
7.875016300,0,1
7.875018300,1,1
7.875023300,0,1
7.875023700,0,0
7.875028500,1,0
7.875033500,0,0
7.875038700,1,0
7.875043700,0,0
7.875048800,1,0
7.875053900,0,0
7.875059000,1,0
7.875064100,0,0
7.875069200,1,0
7.875074200,0,0
7.875079400,1,0
7.875084400,0,0
7.875089600,1,0
7.875094600,0,0
7.875099800,1,0
7.875104800,0,0
7.875110000,1,0
7.875115000,0,0
7.875120100,1,0
7.875125200,0,0
7.875130300,1,0
7.875135400,0,0
7.875140500,1,0
7.875145500,0,0
7.875150700,1,0
7.875155700,0,0
7.875160900,1,0
7.875165900,0,0
7.875171100,1,0
7.875176100,0,0
7.875181200,1,0
7.875186300,0,0
7.875191400,1,0
7.875196500,0,0
7.875199700,0,1
7.875201600,1,1
7.875206700,0,1
7.875207100,0,0
7.875211800,1,0
7.875216800,0,0
7.875222000,1,0
7.875227000,0,0
7.875232200,1,0
7.875237200,0,0
7.875242400,1,0
7.875247400,0,0
7.875252500,1,0
7.875257600,0,0
7.875262700,1,0
7.875267800,0,0
7.875272900,1,0
7.875277900,0,0
7.875283100,1,0
7.875288100,0,0
7.875293300,1,0
7.875298300,0,0
7.875303500,1,0
7.875308500,0,0
7.875313700,1,0
7.875318700,0,0
7.875323800,1,0
7.875328900,0,0
7.875334000,1,0
7.875339100,0,0
7.875344200,1,0
7.875349200,0,0
7.875354400,1,0
7.875359400,0,0
7.875364600,1,0
7.875369600,0,0
7.875374800,1,0
7.875379800,0,0
7.875383000,0,1
7.875384900,1,1
7.875390000,0,1
7.875390400,0,0
7.875395100,1,0
7.875400200,0,0
7.875405300,1,0
7.875410400,0,0
7.875415500,1,0
7.875420500,0,0
7.875425700,1,0
7.875430700,0,0
7.875435900,1,0
7.875440900,0,0
7.875446100,1,0
7.875451100,0,0
7.875456200,1,0
7.875461300,0,0
7.875461900,0,1
7.875466400,1,1
7.875471500,0,1
7.875472500,0,0
7.875476600,1,0
7.875482800,1,1
7.972463100,1,0
7.972469100,0,0
7.972470300,0,1
7.972474200,1,1
7.972479300,0,1
7.972480300,0,0
7.972484400,1,0
7.972489500,0,0
7.972490700,0,1
7.972494600,1,1
7.972499700,0,1
7.972500700,0,0
7.972504800,1,0
7.972509800,0,0
7.972511000,0,1
7.972515000,1,1
7.972520000,0,1
7.972521000,0,0
7.972525200,1,0
7.972530200,0,0
7.972535400,1,0
7.972540400,0,0
7.972545600,1,0
7.972550600,0,0
7.972555700,1,0
7.972560800,0,0
7.972565900,1,0
7.972571000,0,0
7.972572200,0,1
7.972576100,1,1
7.972581100,0,1
7.972582100,0,0
7.972586300,1,0
7.972591300,0,0
7.972596500,1,0
7.972601500,0,0
7.972606700,1,0
7.972611700,0,0
7.972616800,1,0
7.972621900,0,0
7.972627000,1,0
7.972632100,0,0
7.972637200,1,0
7.972642300,0,0
7.972647400,1,0
7.972652400,0,0
7.972653000,0,1
7.972657600,1,1
7.972664600,1,0
7.972670600,0,0
7.972671800,0,1
7.972675800,1,1
7.972680800,0,1
7.972681800,0,0
7.972686000,1,0
7.972691000,0,0
7.972692200,0,1
7.972696100,1,1
7.972701200,0,1
7.972702200,0,0
7.972706300,1,0
7.972711400,0,0
7.972712500,0,1
7.972716500,1,1
7.972721500,0,1
7.972722500,0,0
7.972726700,1,0
7.972731700,0,0
7.972736900,1,0
7.972741900,0,0
7.972743100,0,1
7.972747100,1,1
7.972752100,0,1
7.972752500,0,0
7.972757300,1,0
7.972762300,0,0
7.972767400,1,0
7.972772500,0,0
7.972777600,1,0
7.972782700,0,0
7.972787800,1,0
7.972792800,0,0
7.972798000,1,0
7.972803000,0,0
7.972803600,0,1
7.972808200,1,1
7.972813200,0,1
7.972818400,1,1
7.972823400,0,1
7.972828500,1,1
7.972833600,0,1
7.972838700,1,1
7.972843800,0,1
7.972848900,1,1
7.972854000,0,1
7.972855000,0,0
7.972859100,1,0
7.972865300,1,1
7.972931100,1,0
7.972937100,0,0
7.972938300,0,1
7.972942300,1,1
7.972947300,0,1
7.972948300,0,0
7.972952500,1,0
7.972957500,0,0
7.972958700,0,1
7.972962700,1,1
7.972967700,0,1
7.972968700,0,0
7.972972800,1,0
7.972977900,0,0
7.972979100,0,1
7.972983000,1,1
7.972988100,0,1
7.972989100,0,0
7.972993200,1,0
7.972998300,0,0
7.973003400,1,0
7.973008400,0,0
7.973013600,1,0
7.973018600,0,0
7.973023800,1,0
7.973028800,0,0
7.973034000,1,0
7.973039000,0,0
7.973040200,0,1
7.973044100,1,1
7.973049200,0,1
7.973050200,0,0
7.973054300,1,0
7.973059400,0,0
7.973060500,0,1
7.973064500,1,1
7.973069500,0,1
7.973070500,0,0
7.973074700,1,0
7.973079700,0,0
7.973084900,1,0
7.973089900,0,0
7.973095100,1,0
7.973100100,0,0
7.973105300,1,0
7.973110300,0,0
7.973115400,1,0
7.973120500,0,0
7.973121100,0,1
7.973125600,1,1
7.973132700,1,0
7.973138700,0,0
7.973139800,0,1
7.973143800,1,1
7.973148800,0,1
7.973149800,0,0
7.973154000,1,0
7.973159000,0,0
7.973160200,0,1
7.973164200,1,1
7.973169200,0,1
7.973170200,0,0
7.973174400,1,0
7.973179400,0,0
7.973180600,0,1
7.973184500,1,1
7.973189600,0,1
7.973190600,0,0
7.973194700,1,0
7.973199800,0,0
7.973204900,1,0
7.973210000,0,0
7.973211200,0,1
7.973215100,1,1
7.973220100,0,1
7.973220600,0,0
7.973225300,1,0
7.973230300,0,0
7.973235500,1,0
7.973240500,0,0
7.973245700,1,0
7.973250700,0,0
7.973255800,1,0
7.973260900,0,0
7.973266000,1,0
7.973271100,0,0
7.973276200,1,0
7.973281200,0,0
7.973286400,1,0
7.973291400,0,0
7.973296600,1,0
7.973301600,0,0
7.973306800,1,0
7.973311800,0,0
7.973317000,1,0
7.973322000,0,0
7.973325200,0,1
7.973327100,1,1
7.973332200,0,1
7.973332600,0,0
7.973337300,1,0
7.973342400,0,0
7.973347500,1,0
7.973352500,0,0
7.973357700,1,0
7.973362700,0,0
7.973367900,1,0
7.973372900,0,0
7.973378100,1,0
7.973383100,0,0
7.973388300,1,0
7.973393300,0,0
7.973398400,1,0
7.973403500,0,0
7.973408600,1,0
7.973413700,0,0
7.973418800,1,0
7.973423800,0,0
7.973429000,1,0
7.973434000,0,0
7.973439200,1,0
7.973444200,0,0
7.973449400,1,0
7.973454400,0,0
7.973459500,1,0
7.973464600,0,0
7.973469700,1,0
7.973474800,0,0
7.973479900,1,0
7.973485000,0,0
7.973490100,1,0
7.973495100,0,0
7.973500300,1,0
7.973505300,0,0
7.973508500,0,1
7.973510500,1,1
7.973515500,0,1
7.973516000,0,0
7.973520700,1,0
7.973525700,0,0
7.973530800,1,0
7.973535900,0,0
7.973541000,1,0
7.973546100,0,0
7.973551200,1,0
7.973556200,0,0
7.973561400,1,0
7.973566400,0,0
7.973571600,1,0
7.973576600,0,0
7.973581800,1,0
7.973586800,0,0
7.973592000,1,0
7.973597000,0,0
7.973602100,1,0
7.973607200,0,0
7.973612300,1,0
7.973617400,0,0
7.973622500,1,0
7.973627500,0,0
7.973632700,1,0
7.973637700,0,0
7.973642900,1,0
7.973647900,0,0
7.973653100,1,0
7.973658100,0,0
7.973663200,1,0
7.973668300,0,0
7.973673400,1,0
7.973678500,0,0
7.973683600,1,0
7.973688700,0,0
7.973691900,0,1
7.973693800,1,1
7.973698800,0,1
7.973699300,0,0
7.973704000,1,0
7.973709000,0,0
7.973714200,1,0
7.973719200,0,0
7.973724400,1,0
7.973729400,0,0
7.973734500,1,0
7.973739600,0,0
7.973744700,1,0
7.973749800,0,0
7.973754900,1,0
7.973759900,0,0
7.973765100,1,0
7.973770100,0,0
7.973770700,0,1
7.973775300,1,1
7.973780300,0,1
7.973781300,0,0
7.973785500,1,0
7.973791700,1,1
8.070725000,1,0
8.070731000,0,0
8.070732100,0,1
8.070736100,1,1
8.070741100,0,1
8.070742100,0,0
8.070746300,1,0
8.070751300,0,0
8.070752500,0,1
8.070756500,1,1
8.070761500,0,1
8.070762500,0,0
8.070766700,1,0
8.070771700,0,0
8.070772900,0,1
8.070776900,1,1
8.070781900,0,1
8.070782900,0,0
8.070787000,1,0
8.070792100,0,0
8.070797200,1,0
8.070802300,0,0
8.070807400,1,0
8.070812400,0,0
8.070817600,1,0
8.070822600,0,0
8.070827800,1,0
8.070832800,0,0
8.070834000,0,1
8.070838000,1,1
8.070843000,0,1
8.070844000,0,0
8.070848100,1,0
8.070853200,0,0
8.070858300,1,0
8.070863400,0,0
8.070868500,1,0
8.070873600,0,0
8.070878700,1,0
8.070883700,0,0
8.070888900,1,0
8.070893900,0,0
8.070899100,1,0
8.070904100,0,0
8.070909300,1,0
8.070914300,0,0
8.070914900,0,1
8.070919400,1,1
8.070926500,1,0
8.070932500,0,0
8.070933700,0,1
8.070937600,1,1
8.070942700,0,1
8.070943700,0,0
8.070947800,1,0
8.070952800,0,0
8.070954000,0,1
8.070958000,1,1
8.070963000,0,1
8.070964000,0,0
8.070968200,1,0
8.070973200,0,0
8.070974400,0,1
8.070978400,1,1
8.070983400,0,1
8.070984400,0,0
8.070988600,1,0
8.070993600,0,0
8.070998700,1,0
8.071003800,0,0
8.071005000,0,1
8.071008900,1,1
8.071014000,0,1
8.071014400,0,0
8.071019100,1,0
8.071024100,0,0
8.071029300,1,0
8.071034300,0,0
8.071039500,1,0
8.071044500,0,0
8.071049700,1,0
8.071054700,0,0
8.071059800,1,0
8.071064900,0,0
8.071065500,0,1
8.071070000,1,1
8.071075100,0,1
8.071080200,1,1
8.071085300,0,1
8.071090400,1,1
8.071095400,0,1
8.071100600,1,1
8.071105600,0,1
8.071110800,1,1
8.071115800,0,1
8.071116800,0,0
8.071121000,1,0
8.071127200,1,1
8.071186000,1,0
8.071192000,0,0
8.071193200,0,1
8.071197100,1,1
8.071202200,0,1
8.071203200,0,0
8.071207300,1,0
8.071212400,0,0
8.071213500,0,1
8.071217500,1,1
8.071222500,0,1
8.071223500,0,0
8.071227700,1,0
8.071232700,0,0
8.071233900,0,1
8.071237900,1,1
8.071242900,0,1
8.071243900,0,0
8.071248100,1,0
8.071253100,0,0
8.071258300,1,0
8.071263300,0,0
8.071268400,1,0
8.071273500,0,0
8.071278600,1,0
8.071283700,0,0
8.071288800,1,0
8.071293800,0,0
8.071295100,0,1
8.071299000,1,1
8.071304000,0,1
8.071305000,0,0
8.071309200,1,0
8.071314200,0,0
8.071315400,0,1
8.071319400,1,1
8.071324400,0,1
8.071325400,0,0
8.071329600,1,0
8.071334600,0,0
8.071339700,1,0
8.071344800,0,0
8.071349900,1,0
8.071355000,0,0
8.071360100,1,0
8.071365100,0,0
8.071370300,1,0
8.071375300,0,0
8.071376000,0,1
8.071380500,1,1
8.071387500,1,0
8.071393500,0,0
8.071394700,0,1
8.071398600,1,1
8.071403700,0,1
8.071404700,0,0
8.071408800,1,0
8.071413900,0,0
8.071415100,0,1
8.071419000,1,1
8.071424100,0,1
8.071425100,0,0
8.071429200,1,0
8.071434300,0,0
8.071435400,0,1
8.071439400,1,1
8.071444400,0,1
8.071445400,0,0
8.071449600,1,0
8.071454600,0,0
8.071459800,1,0
8.071464800,0,0
8.071466000,0,1
8.071470000,1,1
8.071475000,0,1
8.071475400,0,0
8.071480100,1,0
8.071485200,0,0
8.071490300,1,0
8.071495400,0,0
8.071500500,1,0
8.071505500,0,0
8.071510700,1,0
8.071515700,0,0
8.071520900,1,0
8.071525900,0,0
8.071531100,1,0
8.071536100,0,0
8.071541300,1,0
8.071546300,0,0
8.071551400,1,0
8.071556500,0,0
8.071561600,1,0
8.071566700,0,0
8.071571800,1,0
8.071576800,0,0
8.071580100,0,1
8.071582000,1,1
8.071587000,0,1
8.071587400,0,0
8.071592200,1,0
8.071597200,0,0
8.071602400,1,0
8.071607400,0,0
8.071612600,1,0
8.071617600,0,0
8.071622700,1,0
8.071627800,0,0
8.071632900,1,0
8.071638000,0,0
8.071643100,1,0
8.071648100,0,0
8.071653300,1,0
8.071658300,0,0
8.071663500,1,0
8.071668500,0,0
8.071673700,1,0
8.071678700,0,0
8.071683800,1,0
8.071688900,0,0
8.071694000,1,0
8.071699100,0,0
8.071704200,1,0
8.071709300,0,0
8.071714400,1,0
8.071719400,0,0
8.071724600,1,0
8.071729600,0,0
8.071734800,1,0
8.071739800,0,0
8.071745000,1,0
8.071750000,0,0
8.071755100,1,0
8.071760200,0,0
8.071763400,0,1
8.071765300,1,1
8.071770400,0,1
8.071770800,0,0
8.071775500,1,0
8.071780500,0,0
8.071785700,1,0
8.071790700,0,0
8.071795900,1,0
8.071800900,0,0
8.071806100,1,0
8.071811100,0,0
8.071816300,1,0
8.071821300,0,0
8.071826400,1,0
8.071831500,0,0
8.071836600,1,0
8.071841700,0,0
8.071846800,1,0
8.071851800,0,0
8.071857000,1,0
8.071862000,0,0
8.071867200,1,0
8.071872200,0,0
8.071877400,1,0
8.071882400,0,0
8.071887500,1,0
8.071892600,0,0
8.071897700,1,0
8.071902800,0,0
8.071907900,1,0
8.071913000,0,0
8.071918100,1,0
8.071923100,0,0
8.071928300,1,0
8.071933300,0,0
8.071938500,1,0
8.071943500,0,0
8.071946700,0,1
8.071948700,1,1
8.071953700,0,1
8.071954100,0,0
8.071958800,1,0
8.071963900,0,0
8.071969000,1,0
8.071974100,0,0
8.071979200,1,0
8.071984200,0,0
8.071989400,1,0
8.071994400,0,0
8.071999600,1,0
8.072004600,0,0
8.072009800,1,0
8.072014800,0,0
8.072020000,1,0
8.072025000,0,0
8.072025600,0,1
8.072030100,1,1
8.072035200,0,1
8.072036200,0,0
8.072040300,1,0
8.072046500,1,1
8.169793800,1,0
8.169799800,0,0
8.169801000,0,1
8.169804900,1,1
8.169810000,0,1
8.169811000,0,0
8.169815100,1,0
8.169820200,0,0
8.169821400,0,1
8.169825300,1,1
8.169830400,0,1
8.169831400,0,0
8.169835500,1,0
8.169840500,0,0
8.169841700,0,1
8.169845700,1,1
8.169850700,0,1
8.169851700,0,0
8.169855900,1,0
8.169860900,0,0
8.169866100,1,0
8.169871100,0,0
8.169876300,1,0
8.169881300,0,0
8.169886400,1,0
8.169891500,0,0
8.169896600,1,0
8.169901700,0,0
8.169902900,0,1
8.169906800,1,1
8.169911800,0,1
8.169912800,0,0
8.169917000,1,0
8.169922000,0,0
8.169927200,1,0
8.169932200,0,0
8.169937400,1,0
8.169942400,0,0
8.169947600,1,0
8.169952600,0,0
8.169957700,1,0
8.169962800,0,0
8.169967900,1,0
8.169973000,0,0
8.169978100,1,0
8.169983100,0,0
8.169983800,0,1
8.169988300,1,1
8.169995300,1,0
8.170001300,0,0
8.170002500,0,1
8.170006500,1,1
8.170011500,0,1
8.170012500,0,0
8.170016700,1,0
8.170021700,0,0
8.170022900,0,1
8.170026800,1,1
8.170031900,0,1
8.170032900,0,0
8.170037000,1,0
8.170042100,0,0
8.170043300,0,1
8.170047200,1,1
8.170052300,0,1
8.170053300,0,0
8.170057400,1,0
8.170062400,0,0
8.170067600,1,0
8.170072600,0,0
8.170073800,0,1
8.170077800,1,1
8.170082800,0,1
8.170083200,0,0
8.170088000,1,0
8.170093000,0,0
8.170098100,1,0
8.170103200,0,0
8.170108300,1,0
8.170113400,0,0
8.170118500,1,0
8.170123500,0,0
8.170128700,1,0
8.170133700,0,0
8.170134300,0,1
8.170138900,1,1
8.170143900,0,1
8.170149100,1,1
8.170154100,0,1
8.170159300,1,1
8.170164300,0,1
8.170169400,1,1
8.170174500,0,1
8.170179600,1,1
8.170184700,0,1
8.170185700,0,0
8.170189800,1,0
8.170196000,1,1
8.170262800,1,0
8.170268800,0,0
8.170270000,0,1
8.170274000,1,1
8.170279000,0,1
8.170280000,0,0
8.170284200,1,0
8.170289200,0,0
8.170290400,0,1
8.170294400,1,1
8.170299400,0,1
8.170300400,0,0
8.170304500,1,0
8.170309600,0,0
8.170310800,0,1
8.170314700,1,1
8.170319800,0,1
8.170320800,0,0
8.170324900,1,0
8.170330000,0,0
8.170335100,1,0
8.170340100,0,0
8.170345300,1,0
8.170350300,0,0
8.170355500,1,0
8.170360500,0,0
8.170365700,1,0
8.170370700,0,0
8.170371900,0,1
8.170375800,1,1
8.170380900,0,1
8.170381900,0,0
8.170386000,1,0
8.170391100,0,0
8.170392300,0,1
8.170396200,1,1
8.170401300,0,1
8.170402300,0,0
8.170406400,1,0
8.170411400,0,0
8.170416600,1,0
8.170421600,0,0
8.170426800,1,0
8.170431800,0,0
8.170437000,1,0
8.170442000,0,0
8.170447100,1,0
8.170452200,0,0
8.170452800,0,1
8.170457300,1,1
8.170464400,1,0
8.170470400,0,0
8.170471500,0,1
8.170475500,1,1
8.170480500,0,1
8.170481500,0,0
8.170485700,1,0
8.170490700,0,0
8.170491900,0,1
8.170495900,1,1
8.170500900,0,1
8.170501900,0,0
8.170506100,1,0
8.170511100,0,0
8.170512300,0,1
8.170516300,1,1
8.170521300,0,1
8.170522300,0,0
8.170526400,1,0
8.170531500,0,0
8.170536600,1,0
8.170541700,0,0
8.170542900,0,1
8.170546800,1,1
8.170551800,0,1
8.170552300,0,0
8.170557000,1,0
8.170562000,0,0
8.170567200,1,0
8.170572200,0,0
8.170577400,1,0
8.170582400,0,0
8.170587500,1,0
8.170592600,0,0
8.170597700,1,0
8.170602800,0,0
8.170607900,1,0
8.170613000,0,0
8.170618100,1,0
8.170623100,0,0
8.170628300,1,0
8.170633300,0,0
8.170638500,1,0
8.170643500,0,0
8.170648700,1,0
8.170653700,0,0
8.170656900,0,1
8.170658800,1,1
8.170663900,0,1
8.170664300,0,0
8.170669000,1,0
8.170674100,0,0
8.170679200,1,0
8.170684200,0,0
8.170689400,1,0
8.170694400,0,0
8.170699600,1,0
8.170704600,0,0
8.170709800,1,0
8.170714800,0,0
8.170720000,1,0
8.170725000,0,0
8.170730100,1,0
8.170735200,0,0
8.170740300,1,0
8.170745400,0,0
8.170750500,1,0
8.170755500,0,0
8.170760700,1,0
8.170765700,0,0
8.170770900,1,0
8.170775900,0,0
8.170781100,1,0
8.170786100,0,0
8.170791300,1,0
8.170796300,0,0
8.170801400,1,0
8.170806500,0,0
8.170811600,1,0
8.170816700,0,0
8.170821800,1,0
8.170826800,0,0
8.170832000,1,0
8.170837000,0,0
8.170840200,0,1
8.170842200,1,1
8.170847200,0,1
8.170847700,0,0
8.170852400,1,0
8.170857400,0,0
8.170862500,1,0
8.170867600,0,0
8.170872700,1,0
8.170877800,0,0
8.170882900,1,0
8.170888000,0,0
8.170893100,1,0
8.170898100,0,0
8.170903300,1,0
8.170908300,0,0
8.170913500,1,0
8.170918500,0,0
8.170923700,1,0
8.170928700,0,0
8.170933800,1,0
8.170938900,0,0
8.170944000,1,0
8.170949100,0,0
8.170954200,1,0
8.170959200,0,0
8.170964400,1,0
8.170969400,0,0
8.170974600,1,0
8.170979600,0,0
8.170984800,1,0
8.170989800,0,0
8.170995000,1,0
8.171000000,0,0
8.171005100,1,0
8.171010200,0,0
8.171015300,1,0
8.171020400,0,0
8.171023600,0,1
8.171025500,1,1
8.171030500,0,1
8.171031000,0,0
8.171035700,1,0
8.171040700,0,0
8.171045900,1,0
8.171050900,0,0
8.171056100,1,0
8.171061100,0,0
8.171066200,1,0
8.171071300,0,0
8.171076400,1,0
8.171081500,0,0
8.171086600,1,0
8.171091700,0,0
8.171096800,1,0
8.171101800,0,0
8.171102400,0,1
8.171107000,1,1
8.171112000,0,1
8.171113000,0,0
8.171117200,1,0
8.171123400,1,1
8.268058700,1,0
8.268064700,0,0
8.268065800,0,1
8.268069800,1,1
8.268074800,0,1
8.268075800,0,0
8.268080000,1,0
8.268085000,0,0
8.268086200,0,1
8.268090200,1,1
8.268095200,0,1
8.268096200,0,0
8.268100400,1,0
8.268105400,0,0
8.268106600,0,1
8.268110600,1,1
8.268115600,0,1
8.268116600,0,0
8.268120700,1,0
8.268125800,0,0
8.268130900,1,0
8.268136000,0,0
8.268141100,1,0
8.268146100,0,0
8.268151300,1,0
8.268156300,0,0
8.268161500,1,0
8.268166500,0,0
8.268167700,0,1
8.268171700,1,1
8.268176700,0,1
8.268177700,0,0
8.268181800,1,0
8.268186900,0,0
8.268192000,1,0
8.268197100,0,0
8.268202200,1,0
8.268207300,0,0
8.268212400,1,0
8.268217400,0,0
8.268222600,1,0
8.268227600,0,0
8.268232800,1,0
8.268237800,0,0
8.268243000,1,0
8.268248000,0,0
8.268248600,0,1
8.268253100,1,1
8.268260200,1,0
8.268266200,0,0
8.268267400,0,1
8.268271300,1,1
8.268276400,0,1
8.268277400,0,0
8.268281500,1,0
8.268286600,0,0
8.268287700,0,1
8.268291700,1,1
8.268296700,0,1
8.268297700,0,0
8.268301900,1,0
8.268306900,0,0
8.268308100,0,1
8.268312100,1,1
8.268317100,0,1
8.268318100,0,0
8.268322300,1,0
8.268327300,0,0
8.268332400,1,0
8.268337500,0,0
8.268338700,0,1
8.268342600,1,1
8.268347700,0,1
8.268348100,0,0
8.268352800,1,0
8.268357800,0,0
8.268363000,1,0
8.268368000,0,0
8.268373200,1,0
8.268378200,0,0
8.268383400,1,0
8.268388400,0,0
8.268393600,1,0
8.268398600,0,0
8.268399200,0,1
8.268403700,1,1
8.268408800,0,1
8.268413900,1,1
8.268419000,0,1
8.268424100,1,1
8.268429100,0,1
8.268434300,1,1
8.268439300,0,1
8.268444500,1,1
8.268449500,0,1
8.268450500,0,0
8.268454700,1,0
8.268460900,1,1
8.268527700,1,0
8.268533700,0,0
8.268534900,0,1
8.268538800,1,1
8.268543900,0,1
8.268544900,0,0
8.268549000,1,0
8.268554100,0,0
8.268555200,0,1
8.268559200,1,1
8.268564300,0,1
8.268565300,0,0
8.268569400,1,0
8.268574400,0,0
8.268575600,0,1
8.268579600,1,1
8.268584600,0,1
8.268585600,0,0
8.268589800,1,0
8.268594800,0,0
8.268600000,1,0
8.268605000,0,0
8.268610100,1,0
8.268615200,0,0
8.268620300,1,0
8.268625400,0,0
8.268630500,1,0
8.268635500,0,0
8.268636800,0,1
8.268640700,1,1
8.268645700,0,1
8.268646700,0,0
8.268650900,1,0
8.268655900,0,0
8.268657100,0,1
8.268661100,1,1
8.268666100,0,1
8.268667100,0,0
8.268671300,1,0
8.268676300,0,0
8.268681400,1,0
8.268686500,0,0
8.268691600,1,0
8.268696700,0,0
8.268701800,1,0
8.268706800,0,0
8.268712000,1,0
8.268717000,0,0
8.268717600,0,1
8.268722200,1,1
8.268729200,1,0
8.268735200,0,0
8.268736400,0,1
8.268740300,1,1
8.268745400,0,1
8.268746400,0,0
8.268750500,1,0
8.268755600,0,0
8.268756800,0,1
8.268760700,1,1
8.268765800,0,1
8.268766800,0,0
8.268770900,1,0
8.268776000,0,0
8.268777100,0,1
8.268781100,1,1
8.268786100,0,1
8.268787100,0,0
8.268791300,1,0
8.268796300,0,0
8.268801500,1,0
8.268806500,0,0
8.268807700,0,1
8.268811700,1,1
8.268816700,0,1
8.268817100,0,0
8.268821800,1,0
8.268826900,0,0
8.268832000,1,0
8.268837100,0,0
8.268842200,1,0
8.268847300,0,0
8.268852400,1,0
8.268857400,0,0
8.268862600,1,0
8.268867600,0,0
8.268872800,1,0
8.268877800,0,0
8.268883000,1,0
8.268888000,0,0
8.268893100,1,0
8.268898200,0,0
8.268903300,1,0
8.268908400,0,0
8.268913500,1,0
8.268918500,0,0
8.268921800,0,1
8.268923700,1,1
8.268928700,0,1
8.268929100,0,0
8.268933900,1,0
8.268938900,0,0
8.268944100,1,0
8.268949100,0,0
8.268954300,1,0
8.268959300,0,0
8.268964400,1,0
8.268969500,0,0
8.268974600,1,0
8.268979700,0,0
8.268984800,1,0
8.268989800,0,0
8.268995000,1,0
8.269000000,0,0
8.269005200,1,0
8.269010200,0,0
8.269015400,1,0
8.269020400,0,0
8.269025500,1,0
8.269030600,0,0
8.269035700,1,0
8.269040800,0,0
8.269045900,1,0
8.269051000,0,0
8.269056100,1,0
8.269061100,0,0
8.269066300,1,0
8.269071300,0,0
8.269076500,1,0
8.269081500,0,0
8.269086700,1,0
8.269091700,0,0
8.269096800,1,0
8.269101900,0,0
8.269105100,0,1
8.269107000,1,1
8.269112100,0,1
8.269112500,0,0
8.269117200,1,0
8.269122200,0,0
8.269127400,1,0
8.269132400,0,0
8.269137600,1,0
8.269142600,0,0
8.269147800,1,0
8.269152800,0,0
8.269158000,1,0
8.269163000,0,0
8.269168100,1,0
8.269173200,0,0
8.269178300,1,0
8.269183400,0,0
8.269188500,1,0
8.269193500,0,0
8.269198700,1,0
8.269203700,0,0
8.269208900,1,0
8.269213900,0,0
8.269219100,1,0
8.269224100,0,0
8.269229300,1,0
8.269234300,0,0
8.269239400,1,0
8.269244500,0,0
8.269249600,1,0
8.269254700,0,0
8.269259800,1,0
8.269264800,0,0
8.269270000,1,0
8.269275000,0,0
8.269280200,1,0
8.269285200,0,0
8.269288400,0,1
8.269290400,1,1
8.269295400,0,1
8.269295800,0,0
8.269300500,1,0
8.269305600,0,0
8.269310700,1,0
8.269315800,0,0
8.269320900,1,0
8.269326000,0,0
8.269331100,1,0
8.269336100,0,0
8.269341300,1,0
8.269346300,0,0
8.269351500,1,0
8.269356500,0,0
8.269361700,1,0
8.269366700,0,0
8.269367300,0,1
8.269371800,1,1
8.269376900,0,1
8.269377900,0,0
8.269382000,1,0
8.269388200,1,1
8.366356500,1,0
8.366362500,0,0
8.366363700,0,1
8.366367600,1,1
8.366372700,0,1
8.366373700,0,0
8.366377800,1,0
8.366382900,0,0
8.366384100,0,1
8.366388000,1,1
8.366393100,0,1
8.366394100,0,0
8.366398200,1,0
8.366403300,0,0
8.366404400,0,1
8.366408400,1,1
8.366413400,0,1
8.366414400,0,0
8.366418600,1,0
8.366423600,0,0
8.366428800,1,0
8.366433800,0,0
8.366439000,1,0
8.366444000,0,0
8.366449100,1,0
8.366454200,0,0
8.366459300,1,0
8.366464400,0,0
8.366465600,0,1
8.366469500,1,1
8.366474600,0,1
8.366475600,0,0
8.366479700,1,0
8.366484700,0,0
8.366489900,1,0
8.366494900,0,0
8.366500100,1,0
8.366505100,0,0
8.366510300,1,0
8.366515300,0,0
8.366520400,1,0
8.366525500,0,0
8.366530600,1,0
8.366535700,0,0
8.366540800,1,0
8.366545800,0,0
8.366546500,0,1
8.366551000,1,1
8.366558000,1,0
8.366564000,0,0
8.366565200,0,1
8.366569200,1,1
8.366574200,0,1
8.366575200,0,0
8.366579400,1,0
8.366584400,0,0
8.366585600,0,1
8.366589500,1,1
8.366594600,0,1
8.366595600,0,0
8.366599700,1,0
8.366604800,0,0
8.366606000,0,1
8.366609900,1,1
8.366615000,0,1
8.366616000,0,0
8.366620100,1,0
8.366625100,0,0
8.366630300,1,0
8.366635300,0,0
8.366636500,0,1
8.366640500,1,1
8.366645500,0,1
8.366646000,0,0
8.366650700,1,0
8.366655700,0,0
8.366660900,1,0
8.366665900,0,0
8.366671000,1,0
8.366676100,0,0
8.366681200,1,0
8.366686300,0,0
8.366691400,1,0
8.366696400,0,0
8.366697100,0,1
8.366701600,1,1
8.366706600,0,1
8.366711800,1,1
8.366716800,0,1
8.366722000,1,1
8.366727000,0,1
8.366732100,1,1
8.366737200,0,1
8.366742300,1,1
8.366747400,0,1
8.366748400,0,0
8.366752500,1,0
8.366758700,1,1
8.366824600,1,0
8.366830600,0,0
8.366831700,0,1
8.366835700,1,1
8.366840700,0,1
8.366841700,0,0
8.366845900,1,0
8.366850900,0,0
8.366852100,0,1
8.366856100,1,1
8.366861100,0,1
8.366862100,0,0
8.366866300,1,0
8.366871300,0,0
8.366872500,0,1
8.366876400,1,1
8.366881500,0,1
8.366882500,0,0
8.366886600,1,0
8.366891700,0,0
8.366896800,1,0
8.366901800,0,0
8.366907000,1,0
8.366912000,0,0
8.366917200,1,0
8.366922200,0,0
8.366927400,1,0
8.366932400,0,0
8.366933600,0,1
8.366937600,1,1
8.366942600,0,1
8.366943600,0,0
8.366947700,1,0
8.366952800,0,0
8.366954000,0,1
8.366957900,1,1
8.366963000,0,1
8.366964000,0,0
8.366968100,1,0
8.366973100,0,0
8.366978300,1,0
8.366983300,0,0
8.366988500,1,0
8.366993500,0,0
8.366998700,1,0
8.367003700,0,0
8.367008800,1,0
8.367013900,0,0
8.367014500,0,1
8.367019000,1,1
8.367026100,1,0
8.367032100,0,0
8.367033200,0,1
8.367037200,1,1
8.367042300,0,1
8.367043300,0,0
8.367047400,1,0
8.367052400,0,0
8.367053600,0,1
8.367057600,1,1
8.367062600,0,1
8.367063600,0,0
8.367067800,1,0
8.367072800,0,0
8.367074000,0,1
8.367078000,1,1
8.367083000,0,1
8.367084000,0,0
8.367088100,1,0
8.367093200,0,0
8.367098300,1,0
8.367103400,0,0
8.367104600,0,1
8.367108500,1,1
8.367113500,0,1
8.367114000,0,0
8.367118700,1,0
8.367123700,0,0
8.367128900,1,0
8.367133900,0,0
8.367139100,1,0
8.367144100,0,0
8.367149300,1,0
8.367154300,0,0
8.367159400,1,0
8.367164500,0,0
8.367169600,1,0
8.367174700,0,0
8.367179800,1,0
8.367184800,0,0
8.367190000,1,0
8.367195000,0,0
8.367200200,1,0
8.367205200,0,0
8.367210400,1,0
8.367215400,0,0
8.367218600,0,1
8.367220500,1,1
8.367225600,0,1
8.367226000,0,0
8.367230700,1,0
8.367235800,0,0
8.367240900,1,0
8.367246000,0,0
8.367251100,1,0
8.367256100,0,0
8.367261300,1,0
8.367266300,0,0
8.367271500,1,0
8.367276500,0,0
8.367281700,1,0
8.367286700,0,0
8.367291800,1,0
8.367296900,0,0
8.367302000,1,0
8.367307100,0,0
8.367312200,1,0
8.367317300,0,0
8.367322400,1,0
8.367327400,0,0
8.367332600,1,0
8.367337600,0,0
8.367342800,1,0
8.367347800,0,0
8.367353000,1,0
8.367358000,0,0
8.367363100,1,0
8.367368200,0,0
8.367373300,1,0
8.367378400,0,0
8.367383500,1,0
8.367388500,0,0
8.367393700,1,0
8.367398700,0,0
8.367401900,0,1
8.367403900,1,1
8.367408900,0,1
8.367409300,0,0
8.367414100,1,0
8.367419100,0,0
8.367424300,1,0
8.367429300,0,0
8.367434400,1,0
8.367439500,0,0
8.367444600,1,0
8.367449700,0,0
8.367454800,1,0
8.367459800,0,0
8.367465000,1,0
8.367470000,0,0
8.367475200,1,0
8.367480200,0,0
8.367485400,1,0
8.367490400,0,0
8.367495500,1,0
8.367500600,0,0
8.367505700,1,0
8.367510800,0,0
8.367515900,1,0
8.367521000,0,0
8.367526100,1,0
8.367531100,0,0
8.367536300,1,0
8.367541300,0,0
8.367546500,1,0
8.367551500,0,0
8.367556700,1,0
8.367561700,0,0
8.367566800,1,0
8.367571900,0,0
8.367577000,1,0
8.367582100,0,0
8.367585300,0,1
8.367587200,1,1
8.367592200,0,1
8.367592700,0,0
8.367597400,1,0
8.367602400,0,0
8.367607600,1,0
8.367612600,0,0
8.367617800,1,0
8.367622800,0,0
8.367628000,1,0
8.367633000,0,0
8.367638100,1,0
8.367643200,0,0
8.367648300,1,0
8.367653400,0,0
8.367658500,1,0
8.367663500,0,0
8.367664200,0,1
8.367668700,1,1
8.367673700,0,1
8.367674700,0,0
8.367678900,1,0
8.367685100,1,1
8.464633400,1,0
8.464639400,0,0
8.464640500,0,1
8.464644500,1,1
8.464649600,0,1
8.464650600,0,0
8.464654700,1,0
8.464659700,0,0
8.464660900,0,1
8.464664900,1,1
8.464669900,0,1
8.464670900,0,0
8.464675100,1,0
8.464680100,0,0
8.464681300,0,1
8.464685300,1,1
8.464690300,0,1
8.464691300,0,0
8.464695400,1,0
8.464700500,0,0
8.464705600,1,0
8.464710700,0,0
8.464715800,1,0
8.464720800,0,0
8.464726000,1,0
8.464731000,0,0
8.464736200,1,0
8.464741200,0,0
8.464742400,0,1
8.464746400,1,1
8.464751400,0,1
8.464752400,0,0
8.464756600,1,0
8.464761600,0,0
8.464766700,1,0
8.464771800,0,0
8.464776900,1,0
8.464782000,0,0
8.464787100,1,0
8.464792100,0,0
8.464797300,1,0
8.464802300,0,0
8.464807500,1,0
8.464812500,0,0
8.464817700,1,0
8.464822700,0,0
8.464823300,0,1
8.464827800,1,1
8.464834900,1,0
8.464840900,0,0
8.464842100,0,1
8.464846000,1,1
8.464851100,0,1
8.464852100,0,0
8.464856200,1,0
8.464861300,0,0
8.464862400,0,1
8.464866400,1,1
8.464871400,0,1
8.464872400,0,0
8.464876600,1,0
8.464881600,0,0
8.464882800,0,1
8.464886800,1,1
8.464891800,0,1
8.464892800,0,0
8.464897000,1,0
8.464902000,0,0
8.464907100,1,0
8.464912200,0,0
8.464913400,0,1
8.464917300,1,1
8.464922400,0,1
8.464922800,0,0
8.464927500,1,0
8.464932600,0,0
8.464937700,1,0
8.464942700,0,0
8.464947900,1,0
8.464952900,0,0
8.464958100,1,0
8.464963100,0,0
8.464968300,1,0
8.464973300,0,0
8.464973900,0,1
8.464978400,1,1
8.464983500,0,1
8.464988600,1,1
8.464993700,0,1
8.464998800,1,1
8.465003800,0,1
8.465009000,1,1
8.465014000,0,1
8.465019200,1,1
8.465024200,0,1
8.465025200,0,0
8.465029400,1,0
8.465035600,1,1
8.465094400,1,0
8.465100400,0,0
8.465101600,0,1
8.465105500,1,1
8.465110600,0,1
8.465111600,0,0
8.465115700,1,0
8.465120800,0,0
8.465122000,0,1
8.465125900,1,1
8.465131000,0,1
8.465132000,0,0
8.465136100,1,0
8.465141100,0,0
8.465142300,0,1
8.465146300,1,1
8.465151300,0,1
8.465152300,0,0
8.465156500,1,0
8.465161500,0,0
8.465166700,1,0
8.465171700,0,0
8.465176800,1,0
8.465181900,0,0
8.465187000,1,0
8.465192100,0,0
8.465197200,1,0
8.465202300,0,0
8.465203500,0,1
8.465207400,1,1
8.465212400,0,1
8.465213400,0,0
8.465217600,1,0
8.465222600,0,0
8.465223800,0,1
8.465227800,1,1
8.465232800,0,1
8.465233800,0,0
8.465238000,1,0
8.465243000,0,0
8.465248100,1,0
8.465253200,0,0
8.465258300,1,0
8.465263400,0,0
8.465268500,1,0
8.465273500,0,0
8.465278700,1,0
8.465283700,0,0
8.465284300,0,1
8.465288900,1,1
8.465295900,1,0
8.465301900,0,0
8.465303100,0,1
8.465307100,1,1
8.465312100,0,1
8.465313100,0,0
8.465317300,1,0
8.465322300,0,0
8.465323500,0,1
8.465327400,1,1
8.465332500,0,1
8.465333500,0,0
8.465337600,1,0
8.465342700,0,0
8.465343800,0,1
8.465347800,1,1
8.465352800,0,1
8.465353800,0,0
8.465358000,1,0
8.465363000,0,0
8.465368200,1,0
8.465373200,0,0
8.465374400,0,1
8.465378400,1,1
8.465383400,0,1
8.465383800,0,0
8.465388600,1,0
8.465393600,0,0
8.465398700,1,0
8.465403800,0,0
8.465408900,1,0
8.465414000,0,0
8.465419100,1,0
8.465424100,0,0
8.465429300,1,0
8.465434300,0,0
8.465439500,1,0
8.465444500,0,0
8.465449700,1,0
8.465454700,0,0
8.465459800,1,0
8.465464900,0,0
8.465470000,1,0
8.465475100,0,0
8.465480200,1,0
8.465485300,0,0
8.465488500,0,1
8.465490400,1,1
8.465495400,0,1
8.465495800,0,0
8.465500600,1,0
8.465505600,0,0
8.465510800,1,0
8.465515800,0,0
8.465521000,1,0
8.465526000,0,0
8.465531100,1,0
8.465536200,0,0
8.465541300,1,0
8.465546400,0,0
8.465551500,1,0
8.465556500,0,0
8.465561700,1,0
8.465566700,0,0
8.465571900,1,0
8.465576900,0,0
8.465582100,1,0
8.465587100,0,0
8.465592300,1,0
8.465597300,0,0
8.465602400,1,0
8.465607500,0,0
8.465612600,1,0
8.465617700,0,0
8.465622800,1,0
8.465627800,0,0
8.465633000,1,0
8.465638000,0,0
8.465643200,1,0
8.465648200,0,0
8.465653400,1,0
8.465658400,0,0
8.465663600,1,0
8.465668600,0,0
8.465671800,0,1
8.465673700,1,1
8.465678800,0,1
8.465679200,0,0
8.465683900,1,0
8.465689000,0,0
8.465694100,1,0
8.465699100,0,0
8.465704300,1,0
8.465709300,0,0
8.465714500,1,0
8.465719500,0,0
8.465724700,1,0
8.465729700,0,0
8.465734800,1,0
8.465739900,0,0
8.465745000,1,0
8.465750100,0,0
8.465755200,1,0
8.465760300,0,0
8.465765400,1,0
8.465770400,0,0
8.465775600,1,0
8.465780600,0,0
8.465785800,1,0
8.465790800,0,0
8.465796000,1,0
8.465801000,0,0
8.465806100,1,0
8.465811200,0,0
8.465816300,1,0
8.465821400,0,0
8.465826500,1,0
8.465831500,0,0
8.465836700,1,0
8.465841700,0,0
8.465846900,1,0
8.465851900,0,0
8.465855100,0,1
8.465857100,1,1
8.465862100,0,1
8.465862500,0,0
8.465867300,1,0
8.465872300,0,0
8.465877400,1,0
8.465882500,0,0
8.465887600,1,0
8.465892700,0,0
8.465897800,1,0
8.465902800,0,0
8.465908000,1,0
8.465913000,0,0
8.465918200,1,0
8.465923200,0,0
8.465928400,1,0
8.465933400,0,0
8.465934000,0,1
8.465938500,1,1
8.465943600,0,1
8.465944600,0,0
8.465948700,1,0
8.465955000,1,1
8.563842200,1,0
8.563848200,0,0
8.563849400,0,1
8.563853300,1,1
8.563858400,0,1
8.563859400,0,0
8.563863500,1,0
8.563868600,0,0
8.563869800,0,1
8.563873700,1,1
8.563878800,0,1
8.563879800,0,0
8.563883900,1,0
8.563889000,0,0
8.563890100,0,1
8.563894100,1,1
8.563899100,0,1
8.563900100,0,0
8.563904300,1,0
8.563909300,0,0
8.563914500,1,0
8.563919500,0,0
8.563924700,1,0
8.563929700,0,0
8.563934800,1,0
8.563939900,0,0
8.563945000,1,0
8.563950100,0,0
8.563951300,0,1
8.563955200,1,1
8.563960200,0,1
8.563961200,0,0
8.563965400,1,0
8.563970400,0,0
8.563975600,1,0
8.563980600,0,0
8.563985800,1,0
8.563990800,0,0
8.563996000,1,0
8.564001000,0,0
8.564006100,1,0
8.564011200,0,0
8.564016300,1,0
8.564021400,0,0
8.564026500,1,0
8.564031500,0,0
8.564032200,0,1
8.564036700,1,1
8.564043700,1,0
8.564049700,0,0
8.564050900,0,1
8.564054900,1,1
8.564059900,0,1
8.564060900,0,0
8.564065100,1,0
8.564070100,0,0
8.564071300,0,1
8.564075200,1,1
8.564080300,0,1
8.564081300,0,0
8.564085400,1,0
8.564090500,0,0
8.564091700,0,1
8.564095600,1,1
8.564100700,0,1
8.564101700,0,0
8.564105800,1,0
8.564110800,0,0
8.564116000,1,0
8.564121000,0,0
8.564122200,0,1
8.564126200,1,1
8.564131200,0,1
8.564131700,0,0
8.564136400,1,0
8.564141400,0,0
8.564146500,1,0
8.564151600,0,0
8.564156700,1,0
8.564161800,0,0
8.564166900,1,0
8.564172000,0,0
8.564177100,1,0
8.564182100,0,0
8.564182800,0,1
8.564187300,1,1
8.564192300,0,1
8.564197500,1,1
8.564202500,0,1
8.564207700,1,1
8.564212700,0,1
8.564217800,1,1
8.564222900,0,1
8.564228000,1,1
8.564233100,0,1
8.564234100,0,0
8.564238200,1,0
8.564244400,1,1
8.564303200,1,0
8.564309200,0,0
8.564310400,0,1
8.564314400,1,1
8.564319400,0,1
8.564320400,0,0
8.564324600,1,0
8.564329600,0,0
8.564330800,0,1
8.564334800,1,1
8.564339800,0,1
8.564340800,0,0
8.564345000,1,0
8.564350000,0,0
8.564351200,0,1
8.564355100,1,1
8.564360200,0,1
8.564361200,0,0
8.564365300,1,0
8.564370400,0,0
8.564375500,1,0
8.564380500,0,0
8.564385700,1,0
8.564390700,0,0
8.564395900,1,0
8.564400900,0,0
8.564406100,1,0
8.564411100,0,0
8.564412300,0,1
8.564416200,1,1
8.564421300,0,1
8.564422300,0,0
8.564426400,1,0
8.564431500,0,0
8.564432700,0,1
8.564436600,1,1
8.564441700,0,1
8.564442700,0,0
8.564446800,1,0
8.564451800,0,0
8.564457000,1,0
8.564462000,0,0
8.564467200,1,0
8.564472200,0,0
8.564477400,1,0
8.564482400,0,0
8.564487500,1,0
8.564492600,0,0
8.564493200,0,1
8.564497700,1,1
8.564504800,1,0
8.564510800,0,0
8.564511900,0,1
8.564515900,1,1
8.564521000,0,1
8.564522000,0,0
8.564526100,1,0
8.564531100,0,0
8.564532300,0,1
8.564536300,1,1
8.564541300,0,1
8.564542300,0,0
8.564546500,1,0
8.564551500,0,0
8.564552700,0,1
8.564556700,1,1
8.564561700,0,1
8.564562700,0,0
8.564566800,1,0
8.564571900,0,0
8.564577000,1,0
8.564582100,0,0
8.564583300,0,1
8.564587200,1,1
8.564592200,0,1
8.564592700,0,0
8.564597400,1,0
8.564602400,0,0
8.564607600,1,0
8.564612600,0,0
8.564617800,1,0
8.564622800,0,0
8.564628000,1,0
8.564633000,0,0
8.564638100,1,0
8.564643200,0,0
8.564648300,1,0
8.564653400,0,0
8.564658500,1,0
8.564663500,0,0
8.564668700,1,0
8.564673700,0,0
8.564678900,1,0
8.564683900,0,0
8.564689100,1,0
8.564694100,0,0
8.564697300,0,1
8.564699200,1,1
8.564704300,0,1
8.564704700,0,0
8.564709400,1,0
8.564714500,0,0
8.564719600,1,0
8.564724700,0,0
8.564729800,1,0
8.564734800,0,0
8.564740000,1,0
8.564745000,0,0
8.564750200,1,0
8.564755200,0,0
8.564760400,1,0
8.564765400,0,0
8.564770500,1,0
8.564775600,0,0
8.564780700,1,0
8.564785800,0,0
8.564790900,1,0
8.564795900,0,0
8.564801100,1,0
8.564806100,0,0
8.564811300,1,0
8.564816300,0,0
8.564821500,1,0
8.564826500,0,0
8.564831700,1,0
8.564836700,0,0
8.564841800,1,0
8.564846900,0,0
8.564852000,1,0
8.564857100,0,0
8.564862200,1,0
8.564867200,0,0
8.564872400,1,0
8.564877400,0,0
8.564880600,0,1
8.564882600,1,1
8.564887600,0,1
8.564888000,0,0
8.564892800,1,0
8.564897800,0,0
8.564903000,1,0
8.564908000,0,0
8.564913100,1,0
8.564918200,0,0
8.564923300,1,0
8.564928400,0,0
8.564933500,1,0
8.564938500,0,0
8.564943700,1,0
8.564948700,0,0
8.564953900,1,0
8.564958900,0,0
8.564964100,1,0
8.564969100,0,0
8.564974200,1,0
8.564979300,0,0
8.564984400,1,0
8.564989500,0,0
8.564994600,1,0
8.564999700,0,0
8.565004800,1,0
8.565009800,0,0
8.565015000,1,0
8.565020000,0,0
8.565025200,1,0
8.565030200,0,0
8.565035400,1,0
8.565040400,0,0
8.565045500,1,0
8.565050600,0,0
8.565055700,1,0
8.565060800,0,0
8.565064000,0,1
8.565065900,1,1
8.565070900,0,1
8.565071400,0,0
8.565076100,1,0
8.565081100,0,0
8.565086300,1,0
8.565091300,0,0
8.565096500,1,0
8.565101500,0,0
8.565106700,1,0
8.565111700,0,0
8.565116800,1,0
8.565121900,0,0
8.565127000,1,0
8.565132100,0,0
8.565137200,1,0
8.565142200,0,0
8.565142800,0,1
8.565147400,1,1
8.565152400,0,1
8.565153400,0,0
8.565157600,1,0
8.565163800,1,1
8.662115100,1,0
8.662121100,0,0
8.662122200,0,1
8.662126200,1,1
8.662131200,0,1
8.662132200,0,0
8.662136400,1,0
8.662141400,0,0
8.662142600,0,1
8.662146600,1,1
8.662151600,0,1
8.662152600,0,0
8.662156800,1,0
8.662161800,0,0
8.662163000,0,1
8.662167000,1,1
8.662172000,0,1
8.662173000,0,0
8.662177100,1,0
8.662182200,0,0
8.662187300,1,0
8.662192400,0,0
8.662197500,1,0
8.662202500,0,0
8.662207700,1,0
8.662212700,0,0
8.662217900,1,0
8.662222900,0,0
8.662224100,0,1
8.662228100,1,1
8.662233100,0,1
8.662234100,0,0
8.662238300,1,0
8.662243300,0,0
8.662248400,1,0
8.662253500,0,0
8.662258600,1,0
8.662263700,0,0
8.662268800,1,0
8.662273800,0,0
8.662279000,1,0
8.662284000,0,0
8.662289200,1,0
8.662294200,0,0
8.662299400,1,0
8.662304400,0,0
8.662305000,0,1
8.662309500,1,1
8.662316600,1,0
8.662322600,0,0
8.662323800,0,1
8.662327700,1,1
8.662332800,0,1
8.662333800,0,0
8.662337900,1,0
8.662343000,0,0
8.662344100,0,1
8.662348100,1,1
8.662353100,0,1
8.662354100,0,0
8.662358300,1,0
8.662363300,0,0
8.662364500,0,1
8.662368500,1,1
8.662373500,0,1
8.662374500,0,0
8.662378700,1,0
8.662383700,0,0
8.662388800,1,0
8.662393900,0,0
8.662395100,0,1
8.662399000,1,1
8.662404100,0,1
8.662404500,0,0
8.662409200,1,0
8.662414200,0,0
8.662419400,1,0
8.662424400,0,0
8.662429600,1,0
8.662434600,0,0
8.662439800,1,0
8.662444800,0,0
8.662450000,1,0
8.662455000,0,0
8.662455600,0,1
8.662460100,1,1
8.662465200,0,1
8.662470300,1,1
8.662475400,0,1
8.662480500,1,1
8.662485500,0,1
8.662490700,1,1
8.662495700,0,1
8.662500900,1,1
8.662505900,0,1
8.662506900,0,0
8.662511100,1,0
8.662517300,1,1
8.662576100,1,0
8.662582100,0,0
8.662583300,0,1
8.662587200,1,1
8.662592300,0,1
8.662593300,0,0
8.662597400,1,0
8.662602500,0,0
8.662603600,0,1
8.662607600,1,1
8.662612700,0,1
8.662613700,0,0
8.662617800,1,0
8.662622800,0,0
8.662624000,0,1
8.662628000,1,1
8.662633000,0,1
8.662634000,0,0
8.662638200,1,0
8.662643200,0,0
8.662648400,1,0
8.662653400,0,0
8.662658500,1,0
8.662663600,0,0
8.662668700,1,0
8.662673800,0,0
8.662678900,1,0
8.662684000,0,0
8.662685200,0,1
8.662689100,1,1
8.662694100,0,1
8.662695100,0,0
8.662699300,1,0
8.662704300,0,0
8.662705500,0,1
8.662709500,1,1
8.662714500,0,1
8.662715500,0,0
8.662719700,1,0
8.662724700,0,0
8.662729800,1,0
8.662734900,0,0
8.662740000,1,0
8.662745100,0,0
8.662750200,1,0
8.662755200,0,0
8.662760400,1,0
8.662765400,0,0
8.662766100,0,1
8.662770600,1,1
8.662777600,1,0
8.662783600,0,0
8.662784800,0,1
8.662788800,1,1
8.662793800,0,1
8.662794800,0,0
8.662798900,1,0
8.662804000,0,0
8.662805200,0,1
8.662809100,1,1
8.662814200,0,1
8.662815200,0,0
8.662819300,1,0
8.662824400,0,0
8.662825500,0,1
8.662829500,1,1
8.662834500,0,1
8.662835500,0,0
8.662839700,1,0
8.662844700,0,0
8.662849900,1,0
8.662854900,0,0
8.662856100,0,1
8.662860100,1,1
8.662865100,0,1
8.662865500,0,0
8.662870200,1,0
8.662875300,0,0
8.662880400,1,0
8.662885500,0,0
8.662890600,1,0
8.662895700,0,0
8.662900800,1,0
8.662905800,0,0
8.662911000,1,0
8.662916000,0,0
8.662921200,1,0
8.662926200,0,0
8.662931400,1,0
8.662936400,0,0
8.662941500,1,0
8.662946600,0,0
8.662951700,1,0
8.662956800,0,0
8.662961900,1,0
8.662966900,0,0
8.662970200,0,1
8.662972100,1,1
8.662977100,0,1
8.662977600,0,0
8.662982300,1,0
8.662987300,0,0
8.662992500,1,0
8.662997500,0,0
8.663002700,1,0
8.663007700,0,0
8.663012800,1,0
8.663017900,0,0
8.663023000,1,0
8.663028100,0,0
8.663033200,1,0
8.663038200,0,0
8.663043400,1,0
8.663048400,0,0
8.663053600,1,0
8.663058600,0,0
8.663063800,1,0
8.663068800,0,0
8.663074000,1,0
8.663079000,0,0
8.663084100,1,0
8.663089200,0,0
8.663094300,1,0
8.663099400,0,0
8.663104500,1,0
8.663109500,0,0
8.663114700,1,0
8.663119700,0,0
8.663124900,1,0
8.663129900,0,0
8.663135100,1,0
8.663140100,0,0
8.663145200,1,0
8.663150300,0,0
8.663153500,0,1
8.663155400,1,1
8.663160500,0,1
8.663160900,0,0
8.663165600,1,0
8.663170700,0,0
8.663175800,1,0
8.663180800,0,0
8.663186000,1,0
8.663191000,0,0
8.663196200,1,0
8.663201200,0,0
8.663206400,1,0
8.663211400,0,0
8.663216500,1,0
8.663221600,0,0
8.663226700,1,0
8.663231800,0,0
8.663236900,1,0
8.663241900,0,0
8.663247100,1,0
8.663252100,0,0
8.663257300,1,0
8.663262300,0,0
8.663267500,1,0
8.663272500,0,0
8.663277700,1,0
8.663282700,0,0
8.663287800,1,0
8.663292900,0,0
8.663298000,1,0
8.663303100,0,0
8.663308200,1,0
8.663313200,0,0
8.663318400,1,0
8.663323400,0,0
8.663328600,1,0
8.663333600,0,0
8.663336800,0,1
8.663338800,1,1
8.663343800,0,1
8.663344200,0,0
8.663348900,1,0
8.663354000,0,0
8.663359100,1,0
8.663364200,0,0
8.663369300,1,0
8.663374400,0,0
8.663379500,1,0
8.663384500,0,0
8.663389700,1,0
8.663394700,0,0
8.663399900,1,0
8.663404900,0,0
8.663410100,1,0
8.663415100,0,0
8.663415700,0,1
8.663420200,1,1
8.663425300,0,1
8.663426300,0,0
8.663430400,1,0
8.663436600,1,1
8.760438900,1,0
8.760444900,0,0
8.760446100,0,1
8.760450000,1,1
8.760455100,0,1
8.760456100,0,0
8.760460200,1,0
8.760465300,0,0
8.760466500,0,1
8.760470400,1,1
8.760475500,0,1
8.760476500,0,0
8.760480600,1,0
8.760485700,0,0
8.760486800,0,1
8.760490800,1,1
8.760495800,0,1
8.760496800,0,0
8.760501000,1,0
8.760506000,0,0
8.760511200,1,0
8.760516200,0,0
8.760521400,1,0
8.760526400,0,0
8.760531500,1,0
8.760536600,0,0
8.760541700,1,0
8.760546800,0,0
8.760548000,0,1
8.760551900,1,1
8.760557000,0,1
8.760558000,0,0
8.760562100,1,0
8.760567100,0,0
8.760572300,1,0
8.760577300,0,0
8.760582500,1,0
8.760587500,0,0
8.760592700,1,0
8.760597700,0,0
8.760602800,1,0
8.760607900,0,0
8.760613000,1,0
8.760618100,0,0
8.760623200,1,0
8.760628200,0,0
8.760628900,0,1
8.760633400,1,1
8.760640400,1,0
8.760646400,0,0
8.760647600,0,1
8.760651600,1,1
8.760656600,0,1
8.760657600,0,0
8.760661800,1,0
8.760666800,0,0
8.760668000,0,1
8.760671900,1,1
8.760677000,0,1
8.760678000,0,0
8.760682100,1,0
8.760687200,0,0
8.760688400,0,1
8.760692300,1,1
8.760697400,0,1
8.760698400,0,0
8.760702500,1,0
8.760707500,0,0
8.760712700,1,0
8.760717700,0,0
8.760718900,0,1
8.760722900,1,1
8.760727900,0,1
8.760728300,0,0
8.760733100,1,0
8.760738100,0,0
8.760743300,1,0
8.760748300,0,0
8.760753400,1,0
8.760758500,0,0
8.760763600,1,0
8.760768700,0,0
8.760773800,1,0
8.760778800,0,0
8.760779400,0,1
8.760784000,1,1
8.760789000,0,1
8.760794200,1,1
8.760799200,0,1
8.760804400,1,1
8.760809400,0,1
8.760814500,1,1
8.760819600,0,1
8.760824700,1,1
8.760829800,0,1
8.760830800,0,0
8.760834900,1,0
8.760841100,1,1
8.760907900,1,0
8.760913900,0,0
8.760915100,0,1
8.760919100,1,1
8.760924100,0,1
8.760925100,0,0
8.760929300,1,0
8.760934300,0,0
8.760935500,0,1
8.760939500,1,1
8.760944500,0,1
8.760945500,0,0
8.760949700,1,0
8.760954700,0,0
8.760955900,0,1
8.760959800,1,1
8.760964900,0,1
8.760965900,0,0
8.760970000,1,0
8.760975100,0,0
8.760980200,1,0
8.760985200,0,0
8.760990400,1,0
8.760995400,0,0
8.761000600,1,0
8.761005600,0,0
8.761010800,1,0
8.761015800,0,0
8.761017000,0,1
8.761021000,1,1
8.761026000,0,1
8.761027000,0,0
8.761031100,1,0
8.761036200,0,0
8.761037400,0,1
8.761041300,1,1
8.761046400,0,1
8.761047400,0,0
8.761051500,1,0
8.761056500,0,0
8.761061700,1,0
8.761066700,0,0
8.761071900,1,0
8.761076900,0,0
8.761082100,1,0
8.761087100,0,0
8.761092200,1,0
8.761097300,0,0
8.761097900,0,1
8.761102400,1,1
8.761109500,1,0
8.761115500,0,0
8.761116600,0,1
8.761120600,1,1
8.761125700,0,1
8.761126700,0,0
8.761130800,1,0
8.761135800,0,0
8.761137000,0,1
8.761141000,1,1
8.761146000,0,1
8.761147000,0,0
8.761151200,1,0
8.761156200,0,0
8.761157400,0,1
8.761161400,1,1
8.761166400,0,1
8.761167400,0,0
8.761171500,1,0
8.761176600,0,0
8.761181700,1,0
8.761186800,0,0
8.761188000,0,1
8.761191900,1,1
8.761196900,0,1
8.761197400,0,0
8.761202100,1,0
8.761207100,0,0
8.761212300,1,0
8.761217300,0,0
8.761222500,1,0
8.761227500,0,0
8.761232700,1,0
8.761237700,0,0
8.761242800,1,0
8.761247900,0,0
8.761253000,1,0
8.761258100,0,0
8.761263200,1,0
8.761268200,0,0
8.761273400,1,0
8.761278400,0,0
8.761283600,1,0
8.761288600,0,0
8.761293800,1,0
8.761298800,0,0
8.761302000,0,1
8.761303900,1,1
8.761309000,0,1
8.761309400,0,0
8.761314100,1,0
8.761319200,0,0
8.761324300,1,0
8.761329400,0,0
8.761334500,1,0
8.761339500,0,0
8.761344700,1,0
8.761349700,0,0
8.761354900,1,0
8.761359900,0,0
8.761365100,1,0
8.761370100,0,0
8.761375200,1,0
8.761380300,0,0
8.761385400,1,0
8.761390500,0,0
8.761395600,1,0
8.761400700,0,0
8.761405800,1,0
8.761410800,0,0
8.761416000,1,0
8.761421000,0,0
8.761426200,1,0
8.761431200,0,0
8.761436400,1,0
8.761441400,0,0
8.761446500,1,0
8.761451600,0,0
8.761456700,1,0
8.761461800,0,0
8.761466900,1,0
8.761471900,0,0
8.761477100,1,0
8.761482100,0,0
8.761485300,0,1
8.761487300,1,1
8.761492300,0,1
8.761492800,0,0
8.761497500,1,0
8.761502500,0,0
8.761507700,1,0
8.761512700,0,0
8.761517800,1,0
8.761522900,0,0
8.761528000,1,0
8.761533100,0,0
8.761538200,1,0
8.761543200,0,0
8.761548400,1,0
8.761553400,0,0
8.761558600,1,0
8.761563600,0,0
8.761568800,1,0
8.761573800,0,0
8.761578900,1,0
8.761584000,0,0
8.761589100,1,0
8.761594200,0,0
8.761599300,1,0
8.761604400,0,0
8.761609500,1,0
8.761614500,0,0
8.761619700,1,0
8.761624700,0,0
8.761629900,1,0
8.761634900,0,0
8.761640100,1,0
8.761645100,0,0
8.761650200,1,0
8.761655300,0,0
8.761660400,1,0
8.761665500,0,0
8.761668700,0,1
8.761670600,1,1
8.761675600,0,1
8.761676100,0,0
8.761680800,1,0
8.761685800,0,0
8.761691000,1,0
8.761696000,0,0
8.761701200,1,0
8.761706200,0,0
8.761711400,1,0
8.761716400,0,0
8.761721500,1,0
8.761726600,0,0
8.761731700,1,0
8.761736800,0,0
8.761741900,1,0
8.761746900,0,0
8.761747500,0,1
8.761752100,1,1
8.761757100,0,1
8.761758100,0,0
8.761762300,1,0
8.761768500,1,1
8.859631800,1,0
8.859637800,0,0
8.859638900,0,1
8.859642900,1,1
8.859647900,0,1
8.859648900,0,0
8.859653100,1,0
8.859658100,0,0
8.859659300,0,1
8.859663300,1,1
8.859668300,0,1
8.859669300,0,0
8.859673500,1,0
8.859678500,0,0
8.859679700,0,1
8.859683700,1,1
8.859688700,0,1
8.859689700,0,0
8.859693800,1,0
8.859698900,0,0
8.859704000,1,0
8.859709100,0,0
8.859714200,1,0
8.859719200,0,0
8.859724400,1,0
8.859729400,0,0
8.859734600,1,0
8.859739600,0,0
8.859740800,0,1
8.859744800,1,1
8.859749800,0,1
8.859750800,0,0
8.859754900,1,0
8.859760000,0,0
8.859765100,1,0
8.859770200,0,0
8.859775300,1,0
8.859780400,0,0
8.859785500,1,0
8.859790500,0,0
8.859795700,1,0
8.859800700,0,0
8.859805900,1,0
8.859810900,0,0
8.859816100,1,0
8.859821100,0,0
8.859821700,0,1
8.859826200,1,1
8.859833300,1,0
8.859839300,0,0
8.859840500,0,1
8.859844400,1,1
8.859849500,0,1
8.859850500,0,0
8.859854600,1,0
8.859859600,0,0
8.859860800,0,1
8.859864800,1,1
8.859869800,0,1
8.859870800,0,0
8.859875000,1,0
8.859880000,0,0
8.859881200,0,1
8.859885200,1,1
8.859890200,0,1
8.859891200,0,0
8.859895400,1,0
8.859900400,0,0
8.859905500,1,0
8.859910600,0,0
8.859911800,0,1
8.859915700,1,1
8.859920800,0,1
8.859921200,0,0
8.859925900,1,0
8.859930900,0,0
8.859936100,1,0
8.859941100,0,0
8.859946300,1,0
8.859951300,0,0
8.859956500,1,0
8.859961500,0,0
8.859966700,1,0
8.859971700,0,0
8.859972300,0,1
8.859976800,1,1
8.859981900,0,1
8.859987000,1,1
8.859992100,0,1
8.859997200,1,1
8.860002200,0,1
8.860007400,1,1
8.860012400,0,1
8.860017600,1,1
8.860022600,0,1
8.860023600,0,0
8.860027800,1,0
8.860034000,1,1
8.860099800,1,0
8.860105800,0,0
8.860107000,0,1
8.860110900,1,1
8.860116000,0,1
8.860117000,0,0
8.860121100,1,0
8.860126200,0,0
8.860127300,0,1
8.860131300,1,1
8.860136300,0,1
8.860137300,0,0
8.860141500,1,0
8.860146500,0,0
8.860147700,0,1
8.860151700,1,1
8.860156700,0,1
8.860157700,0,0
8.860161900,1,0
8.860166900,0,0
8.860172100,1,0
8.860177100,0,0
8.860182200,1,0
8.860187300,0,0
8.860192400,1,0
8.860197500,0,0
8.860202600,1,0
8.860207600,0,0
8.860208900,0,1
8.860212800,1,1
8.860217800,0,1
8.860218800,0,0
8.860223000,1,0
8.860228000,0,0
8.860229200,0,1
8.860233200,1,1
8.860238200,0,1
8.860239200,0,0
8.860243400,1,0
8.860248400,0,0
8.860253500,1,0
8.860258600,0,0
8.860263700,1,0
8.860268800,0,0
8.860273900,1,0
8.860278900,0,0
8.860284100,1,0
8.860289100,0,0
8.860289800,0,1
8.860294300,1,1
8.860301300,1,0
8.860307300,0,0
8.860308500,0,1
8.860312400,1,1
8.860317500,0,1
8.860318500,0,0
8.860322600,1,0
8.860327700,0,0
8.860328900,0,1
8.860332800,1,1
8.860337900,0,1
8.860338900,0,0
8.860343000,1,0
8.860348100,0,0
8.860349200,0,1
8.860353200,1,1
8.860358200,0,1
8.860359200,0,0
8.860363400,1,0
8.860368400,0,0
8.860373600,1,0
8.860378600,0,0
8.860379800,0,1
8.860383800,1,1
8.860388800,0,1
8.860389200,0,0
8.860393900,1,0
8.860399000,0,0
8.860404100,1,0
8.860409200,0,0
8.860414300,1,0
8.860419300,0,0
8.860424500,1,0
8.860429500,0,0
8.860434700,1,0
8.860439700,0,0
8.860444900,1,0
8.860449900,0,0
8.860455100,1,0
8.860460100,0,0
8.860465200,1,0
8.860470300,0,0
8.860475400,1,0
8.860480500,0,0
8.860485600,1,0
8.860490600,0,0
8.860493900,0,1
8.860495800,1,1
8.860500800,0,1
8.860501200,0,0
8.860506000,1,0
8.860511000,0,0
8.860516200,1,0
8.860521200,0,0
8.860526400,1,0
8.860531400,0,0
8.860536500,1,0
8.860541600,0,0
8.860546700,1,0
8.860551800,0,0
8.860556900,1,0
8.860561900,0,0
8.860567100,1,0
8.860572100,0,0
8.860577300,1,0
8.860582300,0,0
8.860587500,1,0
8.860592500,0,0
8.860597600,1,0
8.860602700,0,0
8.860607800,1,0
8.860612900,0,0
8.860618000,1,0
8.860623100,0,0
8.860628200,1,0
8.860633200,0,0
8.860638400,1,0
8.860643400,0,0
8.860648600,1,0
8.860653600,0,0
8.860658800,1,0
8.860663800,0,0
8.860668900,1,0
8.860674000,0,0
8.860677200,0,1
8.860679100,1,1
8.860684200,0,1
8.860684600,0,0
8.860689300,1,0
8.860694300,0,0
8.860699500,1,0
8.860704500,0,0
8.860709700,1,0
8.860714700,0,0
8.860719900,1,0
8.860724900,0,0
8.860730100,1,0
8.860735100,0,0
8.860740200,1,0
8.860745300,0,0
8.860750400,1,0
8.860755500,0,0
8.860760600,1,0
8.860765600,0,0
8.860770800,1,0
8.860775800,0,0
8.860781000,1,0
8.860786000,0,0
8.860791200,1,0
8.860796200,0,0
8.860801300,1,0
8.860806400,0,0
8.860811500,1,0
8.860816600,0,0
8.860821700,1,0
8.860826800,0,0
8.860831900,1,0
8.860836900,0,0
8.860842100,1,0
8.860847100,0,0
8.860852300,1,0
8.860857300,0,0
8.860860500,0,1
8.860862500,1,1
8.860867500,0,1
8.860867900,0,0
8.860872600,1,0
8.860877700,0,0
8.860882800,1,0
8.860887900,0,0
8.860893000,1,0
8.860898000,0,0
8.860903200,1,0
8.860908200,0,0
8.860913400,1,0
8.860918400,0,0
8.860923600,1,0
8.860928600,0,0
8.860933800,1,0
8.860938800,0,0
8.860939400,0,1
8.860943900,1,1
8.860949000,0,1
8.860950000,0,0
8.860954100,1,0
8.860960300,1,1
8.957939600,1,0
8.957945600,0,0
8.957946800,0,1
8.957950700,1,1
8.957955800,0,1
8.957956800,0,0
8.957960900,1,0
8.957966000,0,0
8.957967200,0,1
8.957971100,1,1
8.957976200,0,1
8.957977200,0,0
8.957981300,1,0
8.957986400,0,0
8.957987500,0,1
8.957991500,1,1
8.957996500,0,1
8.957997500,0,0
8.958001700,1,0
8.958006700,0,0
8.958011900,1,0
8.958016900,0,0
8.958022100,1,0
8.958027100,0,0
8.958032200,1,0
8.958037300,0,0
8.958042400,1,0
8.958047500,0,0
8.958048700,0,1
8.958052600,1,1
8.958057600,0,1
8.958058600,0,0
8.958062800,1,0
8.958067800,0,0
8.958073000,1,0
8.958078000,0,0
8.958083200,1,0
8.958088200,0,0
8.958093400,1,0
8.958098400,0,0
8.958103500,1,0
8.958108600,0,0
8.958113700,1,0
8.958118800,0,0
8.958123900,1,0
8.958128900,0,0
8.958129600,0,1
8.958134100,1,1
8.958141100,1,0
8.958147100,0,0
8.958148300,0,1
8.958152300,1,1
8.958157300,0,1
8.958158300,0,0
8.958162500,1,0
8.958167500,0,0
8.958168700,0,1
8.958172600,1,1
8.958177700,0,1
8.958178700,0,0
8.958182800,1,0
8.958187900,0,0
8.958189100,0,1
8.958193000,1,1
8.958198100,0,1
8.958199100,0,0
8.958203200,1,0
8.958208200,0,0
8.958213400,1,0
8.958218400,0,0
8.958219600,0,1
8.958223600,1,1
8.958228600,0,1
8.958229000,0,0
8.958233800,1,0
8.958238800,0,0
8.958243900,1,0
8.958249000,0,0
8.958254100,1,0
8.958259200,0,0
8.958264300,1,0
8.958269300,0,0
8.958274500,1,0
8.958279500,0,0
8.958280200,0,1
8.958284700,1,1
8.958289700,0,1
8.958294900,1,1
8.958299900,0,1
8.958305100,1,1
8.958310100,0,1
8.958315200,1,1
8.958320300,0,1
8.958325400,1,1
8.958330500,0,1
8.958331500,0,0
8.958335600,1,0
8.958341800,1,1
8.958407600,1,0
8.958413600,0,0
8.958414800,0,1
8.958418800,1,1
8.958423800,0,1
8.958424800,0,0
8.958429000,1,0
8.958434000,0,0
8.958435200,0,1
8.958439200,1,1
8.958444200,0,1
8.958445200,0,0
8.958449300,1,0
8.958454400,0,0
8.958455600,0,1
8.958459500,1,1
8.958464600,0,1
8.958465600,0,0
8.958469700,1,0
8.958474800,0,0
8.958479900,1,0
8.958484900,0,0
8.958490100,1,0
8.958495100,0,0
8.958500300,1,0
8.958505300,0,0
8.958510500,1,0
8.958515500,0,0
8.958516700,0,1
8.958520600,1,1
8.958525700,0,1
8.958526700,0,0
8.958530800,1,0
8.958535900,0,0
8.958537100,0,1
8.958541000,1,1
8.958546100,0,1
8.958547100,0,0
8.958551200,1,0
8.958556200,0,0
8.958561400,1,0
8.958566400,0,0
8.958571600,1,0
8.958576600,0,0
8.958581800,1,0
8.958586800,0,0
8.958591900,1,0
8.958597000,0,0
8.958597600,0,1
8.958602100,1,1
8.958609200,1,0
8.958615200,0,0
8.958616300,0,1
8.958620300,1,1
8.958625300,0,1
8.958626300,0,0
8.958630500,1,0
8.958635500,0,0
8.958636700,0,1
8.958640700,1,1
8.958645700,0,1
8.958646700,0,0
8.958650900,1,0
8.958655900,0,0
8.958657100,0,1
8.958661100,1,1
8.958666100,0,1
8.958667100,0,0
8.958671200,1,0
8.958676300,0,0
8.958681400,1,0
8.958686500,0,0
8.958687700,0,1
8.958691600,1,1
8.958696600,0,1
8.958697100,0,0
8.958701800,1,0
8.958706800,0,0
8.958712000,1,0
8.958717000,0,0
8.958722200,1,0
8.958727200,0,0
8.958732300,1,0
8.958737400,0,0
8.958742500,1,0
8.958747600,0,0
8.958752700,1,0
8.958757800,0,0
8.958762900,1,0
8.958767900,0,0
8.958773100,1,0
8.958778100,0,0
8.958783300,1,0
8.958788300,0,0
8.958793500,1,0
8.958798500,0,0
8.958801700,0,1
8.958803600,1,1
8.958808700,0,1
8.958809100,0,0
8.958813800,1,0
8.958818900,0,0
8.958824000,1,0
8.958829000,0,0
8.958834200,1,0
8.958839200,0,0
8.958844400,1,0
8.958849400,0,0
8.958854600,1,0
8.958859600,0,0
8.958864800,1,0
8.958869800,0,0
8.958874900,1,0
8.958880000,0,0
8.958885100,1,0
8.958890200,0,0
8.958895300,1,0
8.958900300,0,0
8.958905500,1,0
8.958910500,0,0
8.958915700,1,0
8.958920700,0,0
8.958925900,1,0
8.958930900,0,0
8.958936100,1,0
8.958941100,0,0
8.958946200,1,0
8.958951300,0,0
8.958956400,1,0
8.958961500,0,0
8.958966600,1,0
8.958971600,0,0
8.958976800,1,0
8.958981800,0,0
8.958985000,0,1
8.958987000,1,1
8.958992000,0,1
8.958992400,0,0
8.958997200,1,0
8.959002200,0,0
8.959007300,1,0
8.959012400,0,0
8.959017500,1,0
8.959022600,0,0
8.959027700,1,0
8.959032800,0,0
8.959037900,1,0
8.959042900,0,0
8.959048100,1,0
8.959053100,0,0
8.959058300,1,0
8.959063300,0,0
8.959068500,1,0
8.959073500,0,0
8.959078600,1,0
8.959083700,0,0
8.959088800,1,0
8.959093900,0,0
8.959099000,1,0
8.959104000,0,0
8.959109200,1,0
8.959114200,0,0
8.959119400,1,0
8.959124400,0,0
8.959129600,1,0
8.959134600,0,0
8.959139800,1,0
8.959144800,0,0
8.959149900,1,0
8.959155000,0,0
8.959160100,1,0
8.959165200,0,0
8.959168400,0,1
8.959170300,1,1
8.959175300,0,1
8.959175800,0,0
8.959180500,1,0
8.959185500,0,0
8.959190700,1,0
8.959195700,0,0
8.959200900,1,0
8.959205900,0,0
8.959211100,1,0
8.959216100,0,0
8.959221200,1,0
8.959226300,0,0
8.959231400,1,0
8.959236500,0,0
8.959241600,1,0
8.959246600,0,0
8.959247300,0,1
8.959251800,1,1
8.959256800,0,1
8.959257800,0,0
8.959262000,1,0
8.959268200,1,1
9.056212500,1,0
9.056218500,0,0
9.056219600,0,1
9.056223600,1,1
9.056228600,0,1
9.056229600,0,0
9.056233800,1,0
9.056238800,0,0
9.056240000,0,1
9.056244000,1,1
9.056249000,0,1
9.056250000,0,0
9.056254200,1,0
9.056259200,0,0
9.056260400,0,1
9.056264300,1,1
9.056269400,0,1
9.056270400,0,0
9.056274500,1,0
9.056279600,0,0
9.056284700,1,0
9.056289800,0,0
9.056294900,1,0
9.056299900,0,0
9.056305100,1,0
9.056310100,0,0
9.056315300,1,0
9.056320300,0,0
9.056321500,0,1
9.056325500,1,1
9.056330500,0,1
9.056331500,0,0
9.056335600,1,0
9.056340700,0,0
9.056345800,1,0
9.056350900,0,0
9.056356000,1,0
9.056361100,0,0
9.056366200,1,0
9.056371200,0,0
9.056376400,1,0
9.056381400,0,0
9.056386600,1,0
9.056391600,0,0
9.056396800,1,0
9.056401800,0,0
9.056402400,0,1
9.056406900,1,1
9.056414000,1,0
9.056420000,0,0
9.056421200,0,1
9.056425100,1,1
9.056430200,0,1
9.056431200,0,0
9.056435300,1,0
9.056440300,0,0
9.056441500,0,1
9.056445500,1,1
9.056450500,0,1
9.056451500,0,0
9.056455700,1,0
9.056460700,0,0
9.056461900,0,1
9.056465900,1,1
9.056470900,0,1
9.056471900,0,0
9.056476100,1,0
9.056481100,0,0
9.056486200,1,0
9.056491300,0,0
9.056492500,0,1
9.056496400,1,1
9.056501500,0,1
9.056501900,0,0
9.056506600,1,0
9.056511600,0,0
9.056516800,1,0
9.056521800,0,0
9.056527000,1,0
9.056532000,0,0
9.056537200,1,0
9.056542200,0,0
9.056547300,1,0
9.056552400,0,0
9.056553000,0,1
9.056557500,1,1
9.056562600,0,1
9.056567700,1,1
9.056572800,0,1
9.056577900,1,1
9.056582900,0,1
9.056588100,1,1
9.056593100,0,1
9.056598300,1,1
9.056603300,0,1
9.056604300,0,0
9.056608500,1,0
9.056614700,1,1
9.056672500,1,0
9.056678500,0,0
9.056679700,0,1
9.056683600,1,1
9.056688700,0,1
9.056689700,0,0
9.056693800,1,0
9.056698900,0,0
9.056700000,0,1
9.056704000,1,1
9.056709000,0,1
9.056710000,0,0
9.056714200,1,0
9.056719200,0,0
9.056720400,0,1
9.056724400,1,1
9.056729400,0,1
9.056730400,0,0
9.056734600,1,0
9.056739600,0,0
9.056744800,1,0
9.056749800,0,0
9.056754900,1,0
9.056760000,0,0
9.056765100,1,0
9.056770200,0,0
9.056775300,1,0
9.056780300,0,0
9.056781600,0,1
9.056785500,1,1
9.056790500,0,1
9.056791500,0,0
9.056795700,1,0
9.056800700,0,0
9.056801900,0,1
9.056805900,1,1
9.056810900,0,1
9.056811900,0,0
9.056816100,1,0
9.056821100,0,0
9.056826200,1,0
9.056831300,0,0
9.056836400,1,0
9.056841500,0,0
9.056846600,1,0
9.056851600,0,0
9.056856800,1,0
9.056861800,0,0
9.056862500,0,1
9.056867000,1,1
9.056874000,1,0
9.056880000,0,0
9.056881200,0,1
9.056885100,1,1
9.056890200,0,1
9.056891200,0,0
9.056895300,1,0
9.056900400,0,0
9.056901600,0,1
9.056905500,1,1
9.056910600,0,1
9.056911600,0,0
9.056915700,1,0
9.056920800,0,0
9.056921900,0,1
9.056925900,1,1
9.056930900,0,1
9.056931900,0,0
9.056936100,1,0
9.056941100,0,0
9.056946300,1,0
9.056951300,0,0
9.056952500,0,1
9.056956500,1,1
9.056961500,0,1
9.056961900,0,0
9.056966600,1,0
9.056971700,0,0
9.056976800,1,0
9.056981900,0,0
9.056987000,1,0
9.056992000,0,0
9.056997200,1,0
9.057002200,0,0
9.057007400,1,0
9.057012400,0,0
9.057017600,1,0
9.057022600,0,0
9.057027800,1,0
9.057032800,0,0
9.057037900,1,0
9.057043000,0,0
9.057048100,1,0
9.057053200,0,0
9.057058300,1,0
9.057063300,0,0
9.057066600,0,1
9.057068500,1,1
9.057073500,0,1
9.057074000,0,0
9.057078700,1,0
9.057083700,0,0
9.057088900,1,0
9.057093900,0,0
9.057099000,1,0
9.057104100,0,0
9.057109200,1,0
9.057114300,0,0
9.057119400,1,0
9.057124500,0,0
9.057129600,1,0
9.057134600,0,0
9.057139800,1,0
9.057144800,0,0
9.057150000,1,0
9.057155000,0,0
9.057160200,1,0
9.057165200,0,0
9.057170300,1,0
9.057175400,0,0
9.057180500,1,0
9.057185600,0,0
9.057190700,1,0
9.057195700,0,0
9.057200900,1,0
9.057205900,0,0
9.057211100,1,0
9.057216100,0,0
9.057221300,1,0
9.057226300,0,0
9.057231500,1,0
9.057236500,0,0
9.057241600,1,0
9.057246700,0,0
9.057249900,0,1
9.057251800,1,1
9.057256900,0,1
9.057257300,0,0
9.057262000,1,0
9.057267000,0,0
9.057272200,1,0
9.057277200,0,0
9.057282400,1,0
9.057287400,0,0
9.057292600,1,0
9.057297600,0,0
9.057302800,1,0
9.057307800,0,0
9.057312900,1,0
9.057318000,0,0
9.057323100,1,0
9.057328200,0,0
9.057333300,1,0
9.057338300,0,0
9.057343500,1,0
9.057348500,0,0
9.057353700,1,0
9.057358700,0,0
9.057363900,1,0
9.057368900,0,0
9.057374000,1,0
9.057379100,0,0
9.057384200,1,0
9.057389300,0,0
9.057394400,1,0
9.057399500,0,0
9.057404600,1,0
9.057409600,0,0
9.057414800,1,0
9.057419800,0,0
9.057425000,1,0
9.057430000,0,0
9.057433200,0,1
9.057435200,1,1
9.057440200,0,1
9.057440600,0,0
9.057445300,1,0
9.057450400,0,0
9.057455500,1,0
9.057460600,0,0
9.057465700,1,0
9.057470700,0,0
9.057475900,1,0
9.057480900,0,0
9.057486100,1,0
9.057491100,0,0
9.057496300,1,0
9.057501300,0,0
9.057506500,1,0
9.057511500,0,0
9.057512100,0,1
9.057516600,1,1
9.057521700,0,1
9.057522700,0,0
9.057526800,1,0
9.057533000,1,1
9.155399300,1,0
9.155405300,0,0
9.155406500,0,1
9.155410400,1,1
9.155415500,0,1
9.155416500,0,0
9.155420600,1,0
9.155425700,0,0
9.155426900,0,1
9.155430800,1,1
9.155435900,0,1
9.155436900,0,0
9.155441000,1,0
9.155446000,0,0
9.155447200,0,1
9.155451200,1,1
9.155456200,0,1
9.155457200,0,0
9.155461400,1,0
9.155466400,0,0
9.155471600,1,0
9.155476600,0,0
9.155481800,1,0
9.155486800,0,0
9.155491900,1,0
9.155497000,0,0
9.155502100,1,0
9.155507200,0,0
9.155508400,0,1
9.155512300,1,1
9.155517300,0,1
9.155518300,0,0
9.155522500,1,0
9.155527500,0,0
9.155532700,1,0
9.155537700,0,0
9.155542900,1,0
9.155547900,0,0
9.155553000,1,0
9.155558100,0,0
9.155563200,1,0
9.155568300,0,0
9.155573400,1,0
9.155578500,0,0
9.155583600,1,0
9.155588600,0,0
9.155589300,0,1
9.155593800,1,1
9.155600800,1,0
9.155606800,0,0
9.155608000,0,1
9.155612000,1,1
9.155617000,0,1
9.155618000,0,0
9.155622200,1,0
9.155627200,0,0
9.155628400,0,1
9.155632300,1,1
9.155637400,0,1
9.155638400,0,0
9.155642500,1,0
9.155647600,0,0
9.155648700,0,1
9.155652700,1,1
9.155657700,0,1
9.155658700,0,0
9.155662900,1,0
9.155667900,0,0
9.155673100,1,0
9.155678100,0,0
9.155679300,0,1
9.155683300,1,1
9.155688300,0,1
9.155688700,0,0
9.155693500,1,0
9.155698500,0,0
9.155703600,1,0
9.155708700,0,0
9.155713800,1,0
9.155718900,0,0
9.155724000,1,0
9.155729000,0,0
9.155734200,1,0
9.155739200,0,0
9.155739900,0,1
9.155744400,1,1
9.155749400,0,1
9.155754600,1,1
9.155759600,0,1
9.155764700,1,1
9.155769800,0,1
9.155774900,1,1
9.155780000,0,1
9.155785100,1,1
9.155790200,0,1
9.155791200,0,0
9.155795300,1,0
9.155801500,1,1
9.155860300,1,0
9.155866300,0,0
9.155867500,0,1
9.155871500,1,1
9.155876500,0,1
9.155877500,0,0
9.155881700,1,0
9.155886700,0,0
9.155887900,0,1
9.155891900,1,1
9.155896900,0,1
9.155897900,0,0
9.155902000,1,0
9.155907100,0,0
9.155908300,0,1
9.155912200,1,1
9.155917300,0,1
9.155918300,0,0
9.155922400,1,0
9.155927400,0,0
9.155932600,1,0
9.155937600,0,0
9.155942800,1,0
9.155947800,0,0
9.155953000,1,0
9.155958000,0,0
9.155963200,1,0
9.155968200,0,0
9.155969400,0,1
9.155973300,1,1
9.155978400,0,1
9.155979400,0,0
9.155983500,1,0
9.155988600,0,0
9.155989700,0,1
9.155993700,1,1
9.155998700,0,1
9.155999700,0,0
9.156003900,1,0
9.156008900,0,0
9.156014100,1,0
9.156019100,0,0
9.156024300,1,0
9.156029300,0,0
9.156034500,1,0
9.156039500,0,0
9.156044600,1,0
9.156049700,0,0
9.156050300,0,1
9.156054800,1,1
9.156061900,1,0
9.156067900,0,0
9.156069000,0,1
9.156073000,1,1
9.156078000,0,1
9.156079000,0,0
9.156083200,1,0
9.156088200,0,0
9.156089400,0,1
9.156093400,1,1
9.156098400,0,1
9.156099400,0,0
9.156103600,1,0
9.156108600,0,0
9.156109800,0,1
9.156113700,1,1
9.156118800,0,1
9.156119800,0,0
9.156123900,1,0
9.156129000,0,0
9.156134100,1,0
9.156139200,0,0
9.156140400,0,1
9.156144300,1,1
9.156149300,0,1
9.156149800,0,0
9.156154500,1,0
9.156159500,0,0
9.156164700,1,0
9.156169700,0,0
9.156174900,1,0
9.156179900,0,0
9.156185000,1,0
9.156190100,0,0
9.156195200,1,0
9.156200300,0,0
9.156205400,1,0
9.156210400,0,0
9.156215600,1,0
9.156220600,0,0
9.156225800,1,0
9.156230800,0,0
9.156236000,1,0
9.156241000,0,0
9.156246200,1,0
9.156251200,0,0
9.156254400,0,1
9.156256300,1,1
9.156261400,0,1
9.156261800,0,0
9.156266500,1,0
9.156271600,0,0
9.156276700,1,0
9.156281700,0,0
9.156286900,1,0
9.156291900,0,0
9.156297100,1,0
9.156302100,0,0
9.156307300,1,0
9.156312300,0,0
9.156317400,1,0
9.156322500,0,0
9.156327600,1,0
9.156332700,0,0
9.156337800,1,0
9.156342900,0,0
9.156348000,1,0
9.156353000,0,0
9.156358200,1,0
9.156363200,0,0
9.156368400,1,0
9.156373400,0,0
9.156378600,1,0
9.156383600,0,0
9.156388700,1,0
9.156393800,0,0
9.156398900,1,0
9.156404000,0,0
9.156409100,1,0
9.156414100,0,0
9.156419300,1,0
9.156424300,0,0
9.156429500,1,0
9.156434500,0,0
9.156437700,0,1
9.156439700,1,1
9.156444700,0,1
9.156445100,0,0
9.156449900,1,0
9.156454900,0,0
9.156460000,1,0
9.156465100,0,0
9.156470200,1,0
9.156475300,0,0
9.156480400,1,0
9.156485400,0,0
9.156490600,1,0
9.156495600,0,0
9.156500800,1,0
9.156505800,0,0
9.156511000,1,0
9.156516000,0,0
9.156521200,1,0
9.156526200,0,0
9.156531300,1,0
9.156536400,0,0
9.156541500,1,0
9.156546600,0,0
9.156551700,1,0
9.156556700,0,0
9.156561900,1,0
9.156566900,0,0
9.156572100,1,0
9.156577100,0,0
9.156582300,1,0
9.156587300,0,0
9.156592400,1,0
9.156597500,0,0
9.156602600,1,0
9.156607700,0,0
9.156612800,1,0
9.156617900,0,0
9.156621100,0,1
9.156623000,1,1
9.156628000,0,1
9.156628500,0,0
9.156633200,1,0
9.156638200,0,0
9.156643400,1,0
9.156648400,0,0
9.156653600,1,0
9.156658600,0,0
9.156663700,1,0
9.156668800,0,0
9.156673900,1,0
9.156679000,0,0
9.156684100,1,0
9.156689100,0,0
9.156694300,1,0
9.156699300,0,0
9.156699900,0,1
9.156704500,1,1
9.156709500,0,1
9.156710500,0,0
9.156714700,1,0
9.156720900,1,1
9.253674200,1,0
9.253680200,0,0
9.253681300,0,1
9.253685300,1,1
9.253690300,0,1
9.253691300,0,0
9.253695500,1,0
9.253700500,0,0
9.253701700,0,1
9.253705700,1,1
9.253710700,0,1
9.253711700,0,0
9.253715900,1,0
9.253720900,0,0
9.253722100,0,1
9.253726000,1,1
9.253731100,0,1
9.253732100,0,0
9.253736200,1,0
9.253741300,0,0
9.253746400,1,0
9.253751400,0,0
9.253756600,1,0
9.253761600,0,0
9.253766800,1,0
9.253771800,0,0
9.253777000,1,0
9.253782000,0,0
9.253783200,0,1
9.253787200,1,1
9.253792200,0,1
9.253793200,0,0
9.253797300,1,0
9.253802400,0,0
9.253807500,1,0
9.253812600,0,0
9.253817700,1,0
9.253822700,0,0
9.253827900,1,0
9.253832900,0,0
9.253838100,1,0
9.253843100,0,0
9.253848300,1,0
9.253853300,0,0
9.253858500,1,0
9.253863500,0,0
9.253864100,0,1
9.253868600,1,1
9.253875700,1,0
9.253881700,0,0
9.253882800,0,1
9.253886800,1,1
9.253891900,0,1
9.253892900,0,0
9.253897000,1,0
9.253902000,0,0
9.253903200,0,1
9.253907200,1,1
9.253912200,0,1
9.253913200,0,0
9.253917400,1,0
9.253922400,0,0
9.253923600,0,1
9.253927600,1,1
9.253932600,0,1
9.253933600,0,0
9.253937700,1,0
9.253942800,0,0
9.253947900,1,0
9.253953000,0,0
9.253954200,0,1
9.253958100,1,1
9.253963200,0,1
9.253963500,0,0
9.253968300,1,0
9.253973300,0,0
9.253978500,1,0
9.253983500,0,0
9.253988700,1,0
9.253993700,0,0
9.253998900,1,0
9.254003900,0,0
9.254009000,1,0
9.254014100,0,0
9.254014700,0,1
9.254019200,1,1
9.254024300,0,1
9.254029400,1,1
9.254034400,0,1
9.254039600,1,1
9.254044600,0,1
9.254049800,1,1
9.254054800,0,1
9.254060000,1,1
9.254065000,0,1
9.254066000,0,0
9.254070200,1,0
9.254076400,1,1
9.254135200,1,0
9.254141200,0,0
9.254142300,0,1
9.254146300,1,1
9.254151400,0,1
9.254152400,0,0
9.254156500,1,0
9.254161600,0,0
9.254162700,0,1
9.254166700,1,1
9.254171700,0,1
9.254172700,0,0
9.254176900,1,0
9.254181900,0,0
9.254183100,0,1
9.254187100,1,1
9.254192100,0,1
9.254193100,0,0
9.254197300,1,0
9.254202300,0,0
9.254207400,1,0
9.254212500,0,0
9.254217600,1,0
9.254222700,0,0
9.254227800,1,0
9.254232900,0,0
9.254238000,1,0
9.254243000,0,0
9.254244200,0,1
9.254248200,1,1
9.254253200,0,1
9.254254200,0,0
9.254258400,1,0
9.254263400,0,0
9.254264600,0,1
9.254268600,1,1
9.254273600,0,1
9.254274600,0,0
9.254278700,1,0
9.254283800,0,0
9.254288900,1,0
9.254294000,0,0
9.254299100,1,0
9.254304100,0,0
9.254309300,1,0
9.254314300,0,0
9.254319500,1,0
9.254324500,0,0
9.254325100,0,1
9.254329700,1,1
9.254336700,1,0
9.254342700,0,0
9.254343900,0,1
9.254347800,1,1
9.254352900,0,1
9.254353900,0,0
9.254358000,1,0
9.254363100,0,0
9.254364300,0,1
9.254368200,1,1
9.254373300,0,1
9.254374300,0,0
9.254378400,1,0
9.254383400,0,0
9.254384600,0,1
9.254388600,1,1
9.254393600,0,1
9.254394600,0,0
9.254398800,1,0
9.254403800,0,0
9.254409000,1,0
9.254414000,0,0
9.254415200,0,1
9.254419100,1,1
9.254424200,0,1
9.254424600,0,0
9.254429300,1,0
9.254434400,0,0
9.254439500,1,0
9.254444600,0,0
9.254449700,1,0
9.254454700,0,0
9.254459900,1,0
9.254464900,0,0
9.254470100,1,0
9.254475100,0,0
9.254480300,1,0
9.254485300,0,0
9.254490400,1,0
9.254495500,0,0
9.254500600,1,0
9.254505700,0,0
9.254510800,1,0
9.254515900,0,0
9.254521000,1,0
9.254526000,0,0
9.254529200,0,1
9.254531200,1,1
9.254536200,0,1
9.254536700,0,0
9.254541400,1,0
9.254546400,0,0
9.254551600,1,0
9.254556600,0,0
9.254561700,1,0
9.254566800,0,0
9.254571900,1,0
9.254577000,0,0
9.254582100,1,0
9.254587100,0,0
9.254592300,1,0
9.254597300,0,0
9.254602500,1,0
9.254607500,0,0
9.254612700,1,0
9.254617700,0,0
9.254622900,1,0
9.254627900,0,0
9.254633000,1,0
9.254638100,0,0
9.254643200,1,0
9.254648300,0,0
9.254653400,1,0
9.254658400,0,0
9.254663600,1,0
9.254668600,0,0
9.254673800,1,0
9.254678800,0,0
9.254684000,1,0
9.254689000,0,0
9.254694100,1,0
9.254699200,0,0
9.254704300,1,0
9.254709400,0,0
9.254712600,0,1
9.254714500,1,1
9.254719600,0,1
9.254719900,0,0
9.254724700,1,0
9.254729700,0,0
9.254734900,1,0
9.254739900,0,0
9.254745100,1,0
9.254750100,0,0
9.254755300,1,0
9.254760300,0,0
9.254765400,1,0
9.254770500,0,0
9.254775600,1,0
9.254780700,0,0
9.254785800,1,0
9.254790800,0,0
9.254796000,1,0
9.254801000,0,0
9.254806200,1,0
9.254811200,0,0
9.254816400,1,0
9.254821400,0,0
9.254826600,1,0
9.254831600,0,0
9.254836700,1,0
9.254841800,0,0
9.254846900,1,0
9.254852000,0,0
9.254857100,1,0
9.254862100,0,0
9.254867300,1,0
9.254872300,0,0
9.254877500,1,0
9.254882500,0,0
9.254887700,1,0
9.254892700,0,0
9.254895900,0,1
9.254897800,1,1
9.254902900,0,1
9.254903300,0,0
9.254908000,1,0
9.254913100,0,0
9.254918200,1,0
9.254923300,0,0
9.254928400,1,0
9.254933400,0,0
9.254938600,1,0
9.254943600,0,0
9.254948800,1,0
9.254953800,0,0
9.254959000,1,0
9.254964000,0,0
9.254969100,1,0
9.254974200,0,0
9.254974800,0,1
9.254979300,1,1
9.254984400,0,1
9.254985400,0,0
9.254989500,1,0
9.254995700,1,1
9.351991000,1,0
9.351997000,0,0
9.351998200,0,1
9.352002100,1,1
9.352007200,0,1
9.352008200,0,0
9.352012300,1,0
9.352017400,0,0
9.352018500,0,1
9.352022500,1,1
9.352027600,0,1
9.352028600,0,0
9.352032700,1,0
9.352037700,0,0
9.352038900,0,1
9.352042900,1,1
9.352047900,0,1
9.352048900,0,0
9.352053100,1,0
9.352058100,0,0
9.352063300,1,0
9.352068300,0,0
9.352073400,1,0
9.352078500,0,0
9.352083600,1,0
9.352088700,0,0
9.352093800,1,0
9.352098900,0,0
9.352100100,0,1
9.352104000,1,1
9.352109000,0,1
9.352110000,0,0
9.352114200,1,0
9.352119200,0,0
9.352124400,1,0
9.352129400,0,0
9.352134600,1,0
9.352139600,0,0
9.352144700,1,0
9.352149800,0,0
9.352154900,1,0
9.352160000,0,0
9.352165100,1,0
9.352170100,0,0
9.352175300,1,0
9.352180300,0,0
9.352180900,0,1
9.352185500,1,1
9.352192500,1,0
9.352198500,0,0
9.352199700,0,1
9.352203700,1,1
9.352208700,0,1
9.352209700,0,0
9.352213800,1,0
9.352218900,0,0
9.352220100,0,1
9.352224000,1,1
9.352229100,0,1
9.352230100,0,0
9.352234200,1,0
9.352239300,0,0
9.352240400,0,1
9.352244400,1,1
9.352249400,0,1
9.352250400,0,0
9.352254600,1,0
9.352259600,0,0
9.352264800,1,0
9.352269800,0,0
9.352271000,0,1
9.352275000,1,1
9.352280000,0,1
9.352280400,0,0
9.352285100,1,0
9.352290200,0,0
9.352295300,1,0
9.352300400,0,0
9.352305500,1,0
9.352310600,0,0
9.352315700,1,0
9.352320700,0,0
9.352325900,1,0
9.352330900,0,0
9.352331600,0,1
9.352336100,1,1
9.352341100,0,1
9.352346300,1,1
9.352351300,0,1
9.352356400,1,1
9.352361500,0,1
9.352366600,1,1
9.352371700,0,1
9.352376800,1,1
9.352381800,0,1
9.352382800,0,0
9.352387000,1,0
9.352393200,1,1
9.352452000,1,0
9.352458000,0,0
9.352459200,0,1
9.352463200,1,1
9.352468200,0,1
9.352469200,0,0
9.352473400,1,0
9.352478400,0,0
9.352479600,0,1
9.352483500,1,1
9.352488600,0,1
9.352489600,0,0
9.352493700,1,0
9.352498800,0,0
9.352500000,0,1
9.352503900,1,1
9.352509000,0,1
9.352510000,0,0
9.352514100,1,0
9.352519100,0,0
9.352524300,1,0
9.352529300,0,0
9.352534500,1,0
9.352539500,0,0
9.352544700,1,0
9.352549700,0,0
9.352554900,1,0
9.352559900,0,0
9.352561100,0,1
9.352565000,1,1
9.352570100,0,1
9.352571100,0,0
9.352575200,1,0
9.352580300,0,0
9.352581400,0,1
9.352585400,1,1
9.352590400,0,1
9.352591400,0,0
9.352595600,1,0
9.352600600,0,0
9.352605800,1,0
9.352610800,0,0
9.352616000,1,0
9.352621000,0,0
9.352626100,1,0
9.352631200,0,0
9.352636300,1,0
9.352641400,0,0
9.352642000,0,1
9.352646500,1,1
9.352653600,1,0
9.352659600,0,0
9.352660700,0,1
9.352664700,1,1
9.352669700,0,1
9.352670700,0,0
9.352674900,1,0
9.352679900,0,0
9.352681100,0,1
9.352685100,1,1
9.352690100,0,1
9.352691100,0,0
9.352695300,1,0
9.352700300,0,0
9.352701500,0,1
9.352705400,1,1
9.352710500,0,1
9.352711500,0,0
9.352715600,1,0
9.352720700,0,0
9.352725800,1,0
9.352730800,0,0
9.352732000,0,1
9.352736000,1,1
9.352741000,0,1
9.352741400,0,0
9.352746200,1,0
9.352751200,0,0
9.352756400,1,0
9.352761400,0,0
9.352766600,1,0
9.352771600,0,0
9.352776700,1,0
9.352781800,0,0
9.352786900,1,0
9.352792000,0,0
9.352797100,1,0
9.352802100,0,0
9.352807300,1,0
9.352812300,0,0
9.352817500,1,0
9.352822500,0,0
9.352827700,1,0
9.352832700,0,0
9.352837800,1,0
9.352842900,0,0
9.352846100,0,1
9.352848000,1,1
9.352853100,0,1
9.352853500,0,0
9.352858200,1,0
9.352863300,0,0
9.352868400,1,0
9.352873400,0,0
9.352878600,1,0
9.352883600,0,0
9.352888800,1,0
9.352893800,0,0
9.352899000,1,0
9.352904000,0,0
9.352909100,1,0
9.352914200,0,0
9.352919300,1,0
9.352924400,0,0
9.352929500,1,0
9.352934500,0,0
9.352939700,1,0
9.352944700,0,0
9.352949900,1,0
9.352954900,0,0
9.352960100,1,0
9.352965100,0,0
9.352970300,1,0
9.352975300,0,0
9.352980400,1,0
9.352985500,0,0
9.352990600,1,0
9.352995700,0,0
9.353000800,1,0
9.353005800,0,0
9.353011000,1,0
9.353016000,0,0
9.353021200,1,0
9.353026200,0,0
9.353029400,0,1
9.353031400,1,1
9.353036400,0,1
9.353036900,0,0
9.353041600,1,0
9.353046600,0,0
9.353051700,1,0
9.353056800,0,0
9.353061900,1,0
9.353067000,0,0
9.353072100,1,0
9.353077100,0,0
9.353082300,1,0
9.353087300,0,0
9.353092500,1,0
9.353097500,0,0
9.353102700,1,0
9.353107700,0,0
9.353112800,1,0
9.353117900,0,0
9.353123000,1,0
9.353128100,0,0
9.353133200,1,0
9.353138300,0,0
9.353143400,1,0
9.353148400,0,0
9.353153600,1,0
9.353158600,0,0
9.353163800,1,0
9.353168800,0,0
9.353174000,1,0
9.353179000,0,0
9.353184100,1,0
9.353189200,0,0
9.353194300,1,0
9.353199400,0,0
9.353204500,1,0
9.353209500,0,0
9.353212800,0,1
9.353214700,1,1
9.353219700,0,1
9.353220100,0,0
9.353224900,1,0
9.353229900,0,0
9.353235100,1,0
9.353240100,0,0
9.353245300,1,0
9.353250300,0,0
9.353255400,1,0
9.353260500,0,0
9.353265600,1,0
9.353270700,0,0
9.353275800,1,0
9.353280800,0,0
9.353286000,1,0
9.353291000,0,0
9.353291600,0,1
9.353296200,1,1
9.353301200,0,1
9.353302200,0,0
9.353306400,1,0
9.353312600,1,1
9.450282800,1,0
9.450288800,0,0
9.450290000,0,1
9.450294000,1,1
9.450299000,0,1
9.450300000,0,0
9.450304200,1,0
9.450309200,0,0
9.450310400,0,1
9.450314400,1,1
9.450319400,0,1
9.450320400,0,0
9.450324600,1,0
9.450329600,0,0
9.450330800,0,1
9.450334700,1,1
9.450339800,0,1
9.450340800,0,0
9.450344900,1,0
9.450350000,0,0
9.450355100,1,0
9.450360100,0,0
9.450365300,1,0
9.450370300,0,0
9.450375500,1,0
9.450380500,0,0
9.450385700,1,0
9.450390700,0,0
9.450391900,0,1
9.450395800,1,1
9.450400900,0,1
9.450401900,0,0
9.450406000,1,0
9.450411100,0,0
9.450416200,1,0
9.450421300,0,0
9.450426400,1,0
9.450431400,0,0
9.450436600,1,0
9.450441600,0,0
9.450446800,1,0
9.450451800,0,0
9.450457000,1,0
9.450462000,0,0
9.450467100,1,0
9.450472200,0,0
9.450472800,0,1
9.450477300,1,1
9.450484400,1,0
9.450490400,0,0
9.450491500,0,1
9.450495500,1,1
9.450500500,0,1
9.450501500,0,0
9.450505700,1,0
9.450510700,0,0
9.450511900,0,1
9.450515900,1,1
9.450520900,0,1
9.450521900,0,0
9.450526100,1,0
9.450531100,0,0
9.450532300,0,1
9.450536300,1,1
9.450541300,0,1
9.450542300,0,0
9.450546400,1,0
9.450551500,0,0
9.450556600,1,0
9.450561700,0,0
9.450562900,0,1
9.450566800,1,1
9.450571800,0,1
9.450572300,0,0
9.450577000,1,0
9.450582000,0,0
9.450587200,1,0
9.450592200,0,0
9.450597400,1,0
9.450602400,0,0
9.450607600,1,0
9.450612600,0,0
9.450617700,1,0
9.450622800,0,0
9.450623400,0,1
9.450627900,1,1
9.450633000,0,1
9.450638100,1,1
9.450643100,0,1
9.450648300,1,1
9.450653300,0,1
9.450658500,1,1
9.450663500,0,1
9.450668700,1,1
9.450673700,0,1
9.450674700,0,0
9.450678800,1,0
9.450685100,1,1
9.450751900,1,0
9.450757900,0,0
9.450759000,0,1
9.450763000,1,1
9.450768100,0,1
9.450769100,0,0
9.450773200,1,0
9.450778300,0,0
9.450779400,0,1
9.450783400,1,1
9.450788400,0,1
9.450789400,0,0
9.450793600,1,0
9.450798600,0,0
9.450799800,0,1
9.450803800,1,1
9.450808800,0,1
9.450809800,0,0
9.450814000,1,0
9.450819000,0,0
9.450824100,1,0
9.450829200,0,0
9.450834300,1,0
9.450839400,0,0
9.450844500,1,0
9.450849500,0,0
9.450854700,1,0
9.450859700,0,0
9.450860900,0,1
9.450864900,1,1
9.450869900,0,1
9.450870900,0,0
9.450875100,1,0
9.450880100,0,0
9.450881300,0,1
9.450885300,1,1
9.450890300,0,1
9.450891300,0,0
9.450895400,1,0
9.450900500,0,0
9.450905600,1,0
9.450910700,0,0
9.450915800,1,0
9.450920800,0,0
9.450926000,1,0
9.450931000,0,0
9.450936200,1,0
9.450941200,0,0
9.450941800,0,1
9.450946400,1,1
9.450953400,1,0
9.450959400,0,0
9.450960600,0,1
9.450964500,1,1
9.450969600,0,1
9.450970600,0,0
9.450974700,1,0
9.450979800,0,0
9.450981000,0,1
9.450984900,1,1
9.450990000,0,1
9.450991000,0,0
9.450995100,1,0
9.451000100,0,0
9.451001300,0,1
9.451005300,1,1
9.451010300,0,1
9.451011300,0,0
9.451015500,1,0
9.451020500,0,0
9.451025700,1,0
9.451030700,0,0
9.451031900,0,1
9.451035800,1,1
9.451040900,0,1
9.451041300,0,0
9.451046000,1,0
9.451051100,0,0
9.451056200,1,0
9.451061200,0,0
9.451066400,1,0
9.451071400,0,0
9.451076600,1,0
9.451081600,0,0
9.451086800,1,0
9.451091800,0,0
9.451097000,1,0
9.451102000,0,0
9.451107100,1,0
9.451112200,0,0
9.451117300,1,0
9.451122400,0,0
9.451127500,1,0
9.451132500,0,0
9.451137700,1,0
9.451142700,0,0
9.451145900,0,1
9.451147900,1,1
9.451152900,0,1
9.451153300,0,0
9.451158100,1,0
9.451163100,0,0
9.451168300,1,0
9.451173300,0,0
9.451178400,1,0
9.451183500,0,0
9.451188600,1,0
9.451193700,0,0
9.451198800,1,0
9.451203800,0,0
9.451209000,1,0
9.451214000,0,0
9.451219200,1,0
9.451224200,0,0
9.451229400,1,0
9.451234400,0,0
9.451239500,1,0
9.451244600,0,0
9.451249700,1,0
9.451254800,0,0
9.451259900,1,0
9.451265000,0,0
9.451270100,1,0
9.451275100,0,0
9.451280300,1,0
9.451285300,0,0
9.451290500,1,0
9.451295500,0,0
9.451300700,1,0
9.451305700,0,0
9.451310800,1,0
9.451315900,0,0
9.451321000,1,0
9.451326100,0,0
9.451329300,0,1
9.451331200,1,1
9.451336200,0,1
9.451336600,0,0
9.451341400,1,0
9.451346400,0,0
9.451351600,1,0
9.451356600,0,0
9.451361800,1,0
9.451366800,0,0
9.451372000,1,0
9.451377000,0,0
9.451382100,1,0
9.451387200,0,0
9.451392300,1,0
9.451397400,0,0
9.451402500,1,0
9.451407500,0,0
9.451412700,1,0
9.451417700,0,0
9.451422900,1,0
9.451427900,0,0
9.451433100,1,0
9.451438100,0,0
9.451443300,1,0
9.451448300,0,0
9.451453400,1,0
9.451458500,0,0
9.451463600,1,0
9.451468700,0,0
9.451473800,1,0
9.451478800,0,0
9.451484000,1,0
9.451489000,0,0
9.451494200,1,0
9.451499200,0,0
9.451504400,1,0
9.451509400,0,0
9.451512600,0,1
9.451514500,1,1
9.451519600,0,1
9.451520000,0,0
9.451524700,1,0
9.451529800,0,0
9.451534900,1,0
9.451540000,0,0
9.451545100,1,0
9.451550100,0,0
9.451555300,1,0
9.451560300,0,0
9.451565500,1,0
9.451570500,0,0
9.451575700,1,0
9.451580700,0,0
9.451585800,1,0
9.451590900,0,0
9.451591500,0,1
9.451596000,1,1
9.451601100,0,1
9.451602100,0,0
9.451606200,1,0
9.451612400,1,1
9.563879600,1,0
9.563885600,0,0
9.563886800,0,1
9.563890700,1,1
9.563895800,0,1
9.563896800,0,0
9.563900900,1,0
9.563906000,0,0
9.563907200,0,1
9.563911100,1,1
9.563916200,0,1
9.563917200,0,0
9.563921300,1,0
9.563926300,0,0
9.563927500,0,1
9.563931500,1,1
9.563936500,0,1
9.563937500,0,0
9.563941700,1,0
9.563946700,0,0
9.563951900,1,0
9.563956900,0,0
9.563962100,1,0
9.563967100,0,0
9.563972200,1,0
9.563977300,0,0
9.563982400,1,0
9.563987500,0,0
9.563988700,0,1
9.563992600,1,1
9.563997600,0,1
9.563998600,0,0
9.564002800,1,0
9.564007800,0,0
9.564013000,1,0
9.564018000,0,0
9.564023200,1,0
9.564028200,0,0
9.564033300,1,0
9.564038400,0,0
9.564043500,1,0
9.564048600,0,0
9.564053700,1,0
9.564058800,0,0
9.564063900,1,0
9.564068900,0,0
9.564069500,0,1
9.564074100,1,1
9.564081100,1,0
9.564087100,0,0
9.564088300,0,1
9.564092300,1,1
9.564097300,0,1
9.564098300,0,0
9.564102500,1,0
9.564107500,0,0
9.564108700,0,1
9.564112600,1,1
9.564117700,0,1
9.564118700,0,0
9.564122800,1,0
9.564127900,0,0
9.564129000,0,1
9.564133000,1,1
9.564138000,0,1
9.564139000,0,0
9.564143200,1,0
9.564148200,0,0
9.564153400,1,0
9.564158400,0,0
9.564159600,0,1
9.564163600,1,1
9.564168600,0,1
9.564169000,0,0
9.564173800,1,0
9.564178800,0,0
9.564183900,1,0
9.564189000,0,0
9.564194100,1,0
9.564199200,0,0
9.564204300,1,0
9.564209300,0,0
9.564214500,1,0
9.564219500,0,0
9.564220200,0,1
9.564224700,1,1
9.564229700,0,1
9.564234900,1,1
9.564239900,0,1
9.564245100,1,1
9.564250100,0,1
9.564255200,1,1
9.564260300,0,1
9.564265400,1,1
9.564270500,0,1
9.564271500,0,0
9.564275600,1,0
9.564281800,1,1
9.564340600,1,0
9.564346600,0,0
9.564347800,0,1
9.564351800,1,1
9.564356800,0,1
9.564357800,0,0
9.564362000,1,0
9.564367000,0,0
9.564368200,0,1
9.564372200,1,1
9.564377200,0,1
9.564378200,0,0
9.564382300,1,0
9.564387400,0,0
9.564388600,0,1
9.564392500,1,1
9.564397600,0,1
9.564398600,0,0
9.564402700,1,0
9.564407800,0,0
9.564412900,1,0
9.564417900,0,0
9.564423100,1,0
9.564428100,0,0
9.564433300,1,0
9.564438300,0,0
9.564443500,1,0
9.564448500,0,0
9.564449700,0,1
9.564453600,1,1
9.564458700,0,1
9.564459700,0,0
9.564463800,1,0
9.564468900,0,0
9.564470100,0,1
9.564474000,1,1
9.564479000,0,1
9.564480000,0,0
9.564484200,1,0
9.564489200,0,0
9.564494400,1,0
9.564499400,0,0
9.564504600,1,0
9.564509600,0,0
9.564514800,1,0
9.564519800,0,0
9.564524900,1,0
9.564530000,0,0
9.564530600,0,1
9.564535100,1,1
9.564542200,1,0
9.564548200,0,0
9.564549300,0,1
9.564553300,1,1
9.564558300,0,1
9.564559300,0,0
9.564563500,1,0
9.564568500,0,0
9.564569700,0,1
9.564573700,1,1
9.564578700,0,1
9.564579700,0,0
9.564583900,1,0
9.564588900,0,0
9.564590100,0,1
9.564594000,1,1
9.564599100,0,1
9.564600100,0,0
9.564604200,1,0
9.564609300,0,0
9.564614400,1,0
9.564619500,0,0
9.564620700,0,1
9.564624600,1,1
9.564629600,0,1
9.564630000,0,0
9.564634800,1,0
9.564639800,0,0
9.564645000,1,0
9.564650000,0,0
9.564655200,1,0
9.564660200,0,0
9.564665300,1,0
9.564670400,0,0
9.564675500,1,0
9.564680600,0,0
9.564685700,1,0
9.564690800,0,0
9.564695900,1,0
9.564700900,0,0
9.564706100,1,0
9.564711100,0,0
9.564716300,1,0
9.564721300,0,0
9.564726500,1,0
9.564731500,0,0
9.564734700,0,1
9.564736600,1,1
9.564741700,0,1
9.564742100,0,0
9.564746800,1,0
9.564751900,0,0
9.564757000,1,0
9.564762000,0,0
9.564767200,1,0
9.564772200,0,0
9.564777400,1,0
9.564782400,0,0
9.564787600,1,0
9.564792600,0,0
9.564797800,1,0
9.564802800,0,0
9.564807900,1,0
9.564813000,0,0
9.564818100,1,0
9.564823200,0,0
9.564828300,1,0
9.564833300,0,0
9.564838500,1,0
9.564843500,0,0
9.564848700,1,0
9.564853700,0,0
9.564858900,1,0
9.564863900,0,0
9.564869000,1,0
9.564874100,0,0
9.564879200,1,0
9.564884300,0,0
9.564889400,1,0
9.564894500,0,0
9.564899600,1,0
9.564904600,0,0
9.564909800,1,0
9.564914800,0,0
9.564918000,0,1
9.564920000,1,1
9.564925000,0,1
9.564925500,0,0
9.564930200,1,0
9.564935200,0,0
9.564940300,1,0
9.564945400,0,0
9.564950500,1,0
9.564955600,0,0
9.564960700,1,0
9.564965700,0,0
9.564970900,1,0
9.564975900,0,0
9.564981100,1,0
9.564986100,0,0
9.564991300,1,0
9.564996300,0,0
9.565001500,1,0
9.565006500,0,0
9.565011600,1,0
9.565016700,0,0
9.565021800,1,0
9.565026900,0,0
9.565032000,1,0
9.565037000,0,0
9.565042200,1,0
9.565047200,0,0
9.565052400,1,0
9.565057400,0,0
9.565062600,1,0
9.565067600,0,0
9.565072800,1,0
9.565077800,0,0
9.565082900,1,0
9.565088000,0,0
9.565093100,1,0
9.565098200,0,0
9.565101400,0,1
9.565103300,1,1
9.565108300,0,1
9.565108700,0,0
9.565113500,1,0
9.565118500,0,0
9.565123700,1,0
9.565128700,0,0
9.565133900,1,0
9.565138900,0,0
9.565144000,1,0
9.565149100,0,0
9.565154200,1,0
9.565159300,0,0
9.565164400,1,0
9.565169500,0,0
9.565174600,1,0
9.565179600,0,0
9.565180200,0,1
9.565184800,1,1
9.565189800,0,1
9.565190800,0,0
9.565195000,1,0
9.565201200,1,1
9.662165500,1,0
9.662171500,0,0
9.662172600,0,1
9.662176600,1,1
9.662181600,0,1
9.662182600,0,0
9.662186800,1,0
9.662191800,0,0
9.662193000,0,1
9.662197000,1,1
9.662202000,0,1
9.662203000,0,0
9.662207200,1,0
9.662212200,0,0
9.662213400,0,1
9.662217300,1,1
9.662222400,0,1
9.662223400,0,0
9.662227500,1,0
9.662232600,0,0
9.662237700,1,0
9.662242700,0,0
9.662247900,1,0
9.662252900,0,0
9.662258100,1,0
9.662263100,0,0
9.662268300,1,0
9.662273300,0,0
9.662274500,0,1
9.662278500,1,1
9.662283500,0,1
9.662284500,0,0
9.662288600,1,0
9.662293700,0,0
9.662298800,1,0
9.662303900,0,0
9.662309000,1,0
9.662314000,0,0
9.662319200,1,0
9.662324200,0,0
9.662329400,1,0
9.662334400,0,0
9.662339600,1,0
9.662344600,0,0
9.662349800,1,0
9.662354800,0,0
9.662355400,0,1
9.662359900,1,1
9.662367000,1,0
9.662373000,0,0
9.662374100,0,1
9.662378100,1,1
9.662383200,0,1
9.662384200,0,0
9.662388300,1,0
9.662393300,0,0
9.662394500,0,1
9.662398500,1,1
9.662403500,0,1
9.662404500,0,0
9.662408700,1,0
9.662413700,0,0
9.662414900,0,1
9.662418900,1,1
9.662423900,0,1
9.662424900,0,0
9.662429000,1,0
9.662434100,0,0
9.662439200,1,0
9.662444300,0,0
9.662445500,0,1
9.662449400,1,1
9.662454500,0,1
9.662454900,0,0
9.662459600,1,0
9.662464600,0,0
9.662469800,1,0
9.662474800,0,0
9.662480000,1,0
9.662485000,0,0
9.662490200,1,0
9.662495200,0,0
9.662500300,1,0
9.662505400,0,0
9.662506000,0,1
9.662510500,1,1
9.662515600,0,1
9.662520700,1,1
9.662525700,0,1
9.662530900,1,1
9.662535900,0,1
9.662541100,1,1
9.662546100,0,1
9.662551300,1,1
9.662556300,0,1
9.662557300,0,0
9.662561500,1,0
9.662567700,1,1
9.662626500,1,0
9.662632500,0,0
9.662633600,0,1
9.662637600,1,1
9.662642700,0,1
9.662643700,0,0
9.662647800,1,0
9.662652900,0,0
9.662654000,0,1
9.662658000,1,1
9.662663000,0,1
9.662664000,0,0
9.662668200,1,0
9.662673200,0,0
9.662674400,0,1
9.662678400,1,1
9.662683400,0,1
9.662684400,0,0
9.662688600,1,0
9.662693600,0,0
9.662698800,1,0
9.662703800,0,0
9.662708900,1,0
9.662714000,0,0
9.662719100,1,0
9.662724200,0,0
9.662729300,1,0
9.662734300,0,0
9.662735600,0,1
9.662739500,1,1
9.662744500,0,1
9.662745500,0,0
9.662749700,1,0
9.662754700,0,0
9.662755900,0,1
9.662759900,1,1
9.662764900,0,1
9.662765900,0,0
9.662770000,1,0
9.662775100,0,0
9.662780200,1,0
9.662785300,0,0
9.662790400,1,0
9.662795500,0,0
9.662800600,1,0
9.662805600,0,0
9.662810800,1,0
9.662815800,0,0
9.662816500,0,1
9.662821000,1,1
9.662828000,1,0
9.662834000,0,0
9.662835200,0,1
9.662839100,1,1
9.662844200,0,1
9.662845200,0,0
9.662849300,1,0
9.662854400,0,0
9.662855600,0,1
9.662859500,1,1
9.662864600,0,1
9.662865600,0,0
9.662869700,1,0
9.662874700,0,0
9.662875900,0,1
9.662879900,1,1
9.662884900,0,1
9.662885900,0,0
9.662890100,1,0
9.662895100,0,0
9.662900300,1,0
9.662905300,0,0
9.662906500,0,1
9.662910400,1,1
9.662915500,0,1
9.662915900,0,0
9.662920600,1,0
9.662925700,0,0
9.662930800,1,0
9.662935900,0,0
9.662941000,1,0
9.662946000,0,0
9.662951200,1,0
9.662956200,0,0
9.662961400,1,0
9.662966400,0,0
9.662971600,1,0
9.662976600,0,0
9.662981700,1,0
9.662986800,0,0
9.662991900,1,0
9.662997000,0,0
9.663002100,1,0
9.663007200,0,0
9.663012300,1,0
9.663017300,0,0
9.663020600,0,1
9.663022500,1,1
9.663027500,0,1
9.663028000,0,0
9.663032700,1,0
9.663037700,0,0
9.663042900,1,0
9.663047900,0,0
9.663053000,1,0
9.663058100,0,0
9.663063200,1,0
9.663068300,0,0
9.663073400,1,0
9.663078400,0,0
9.663083600,1,0
9.663088600,0,0
9.663093800,1,0
9.663098800,0,0
9.663104000,1,0
9.663109000,0,0
9.663114200,1,0
9.663119200,0,0
9.663124300,1,0
9.663129400,0,0
9.663134500,1,0
9.663139600,0,0
9.663144700,1,0
9.663149700,0,0
9.663154900,1,0
9.663159900,0,0
9.663165100,1,0
9.663170100,0,0
9.663175300,1,0
9.663180300,0,0
9.663185500,1,0
9.663190500,0,0
9.663195600,1,0
9.663200700,0,0
9.663203900,0,1
9.663205800,1,1
9.663210900,0,1
9.663211300,0,0
9.663216000,1,0
9.663221000,0,0
9.663226200,1,0
9.663231200,0,0
9.663236400,1,0
9.663241400,0,0
9.663246600,1,0
9.663251600,0,0
9.663256700,1,0
9.663261800,0,0
9.663266900,1,0
9.663272000,0,0
9.663277100,1,0
9.663282200,0,0
9.663287300,1,0
9.663292300,0,0
9.663297500,1,0
9.663302500,0,0
9.663307700,1,0
9.663312700,0,0
9.663317900,1,0
9.663322900,0,0
9.663328000,1,0
9.663333100,0,0
9.663338200,1,0
9.663343300,0,0
9.663348400,1,0
9.663353400,0,0
9.663358600,1,0
9.663363600,0,0
9.663368800,1,0
9.663373800,0,0
9.663379000,1,0
9.663384000,0,0
9.663387200,0,1
9.663389200,1,1
9.663394200,0,1
9.663394600,0,0
9.663399300,1,0
9.663404400,0,0
9.663409500,1,0
9.663414600,0,0
9.663419700,1,0
9.663424700,0,0
9.663429900,1,0
9.663434900,0,0
9.663440100,1,0
9.663445100,0,0
9.663450300,1,0
9.663455300,0,0
9.663460400,1,0
9.663465500,0,0
9.663466100,0,1
9.663470600,1,1
9.663475700,0,1
9.663476700,0,0
9.663480800,1,0
9.663487000,1,1
9.760526300,1,0
9.760532300,0,0
9.760533500,0,1
9.760537400,1,1
9.760542500,0,1
9.760543500,0,0
9.760547600,1,0
9.760552700,0,0
9.760553800,0,1
9.760557800,1,1
9.760562900,0,1
9.760563900,0,0
9.760568000,1,0
9.760573000,0,0
9.760574200,0,1
9.760578200,1,1
9.760583200,0,1
9.760584200,0,0
9.760588400,1,0
9.760593400,0,0
9.760598600,1,0
9.760603600,0,0
9.760608700,1,0
9.760613800,0,0
9.760618900,1,0
9.760624000,0,0
9.760629100,1,0
9.760634200,0,0
9.760635400,0,1
9.760639300,1,1
9.760644300,0,1
9.760645300,0,0
9.760649500,1,0
9.760654500,0,0
9.760659700,1,0
9.760664700,0,0
9.760669900,1,0
9.760674900,0,0
9.760680000,1,0
9.760685100,0,0
9.760690200,1,0
9.760695300,0,0
9.760700400,1,0
9.760705400,0,0
9.760710600,1,0
9.760715600,0,0
9.760716300,0,1
9.760720800,1,1
9.760727800,1,0
9.760733800,0,0
9.760735000,0,1
9.760739000,1,1
9.760744000,0,1
9.760745000,0,0
9.760749100,1,0
9.760754200,0,0
9.760755400,0,1
9.760759300,1,1
9.760764400,0,1
9.760765400,0,0
9.760769500,1,0
9.760774600,0,0
9.760775700,0,1
9.760779700,1,1
9.760784700,0,1
9.760785700,0,0
9.760789900,1,0
9.760794900,0,0
9.760800100,1,0
9.760805100,0,0
9.760806300,0,1
9.760810300,1,1
9.760815300,0,1
9.760815700,0,0
9.760820400,1,0
9.760825500,0,0
9.760830600,1,0
9.760835700,0,0
9.760840800,1,0
9.760845900,0,0
9.760851000,1,0
9.760856000,0,0
9.760861200,1,0
9.760866200,0,0
9.760866900,0,1
9.760871400,1,1
9.760876400,0,1
9.760881600,1,1
9.760886600,0,1
9.760891700,1,1
9.760896800,0,1
9.760901900,1,1
9.760907000,0,1
9.760912100,1,1
9.760917100,0,1
9.760918200,0,0
9.760922300,1,0
9.760928500,1,1
9.760995300,1,0
9.761001300,0,0
9.761002500,0,1
9.761006500,1,1
9.761011500,0,1
9.761012500,0,0
9.761016700,1,0
9.761021700,0,0
9.761022900,0,1
9.761026800,1,1
9.761031900,0,1
9.761032900,0,0
9.761037000,1,0
9.761042100,0,0
9.761043300,0,1
9.761047200,1,1
9.761052300,0,1
9.761053300,0,0
9.761057400,1,0
9.761062400,0,0
9.761067600,1,0
9.761072600,0,0
9.761077800,1,0
9.761082800,0,0
9.761088000,1,0
9.761093000,0,0
9.761098200,1,0
9.761103200,0,0
9.761104400,0,1
9.761108300,1,1
9.761113400,0,1
9.761114400,0,0
9.761118500,1,0
9.761123600,0,0
9.761124700,0,1
9.761128700,1,1
9.761133700,0,1
9.761134700,0,0
9.761138900,1,0
9.761143900,0,0
9.761149100,1,0
9.761154100,0,0
9.761159300,1,0
9.761164300,0,0
9.761169400,1,0
9.761174500,0,0
9.761179600,1,0
9.761184700,0,0
9.761185300,0,1
9.761189800,1,1
9.761196900,1,0
9.761202900,0,0
9.761204000,0,1
9.761208000,1,1
9.761213000,0,1
9.761214000,0,0
9.761218200,1,0
9.761223200,0,0
9.761224400,0,1
9.761228400,1,1
9.761233400,0,1
9.761234400,0,0
9.761238600,1,0
9.761243600,0,0
9.761244800,0,1
9.761248700,1,1
9.761253800,0,1
9.761254800,0,0
9.761258900,1,0
9.761264000,0,0
9.761269100,1,0
9.761274100,0,0
9.761275400,0,1
9.761279300,1,1
9.761284300,0,1
9.761284700,0,0
9.761289500,1,0
9.761294500,0,0
9.761299700,1,0
9.761304700,0,0
9.761309900,1,0
9.761314900,0,0
9.761320000,1,0
9.761325100,0,0
9.761330200,1,0
9.761335300,0,0
9.761340400,1,0
9.761345400,0,0
9.761350600,1,0
9.761355600,0,0
9.761360800,1,0
9.761365800,0,0
9.761371000,1,0
9.761376000,0,0
9.761381200,1,0
9.761386200,0,0
9.761389400,0,1
9.761391300,1,1
9.761396400,0,1
9.761396800,0,0
9.761401500,1,0
9.761406600,0,0
9.761411700,1,0
9.761416700,0,0
9.761421900,1,0
9.761426900,0,0
9.761432100,1,0
9.761437100,0,0
9.761442300,1,0
9.761447300,0,0
9.761452400,1,0
9.761457500,0,0
9.761462600,1,0
9.761467700,0,0
9.761472800,1,0
9.761477900,0,0
9.761483000,1,0
9.761488000,0,0
9.761493200,1,0
9.761498200,0,0
9.761503400,1,0
9.761508400,0,0
9.761513600,1,0
9.761518600,0,0
9.761523700,1,0
9.761528800,0,0
9.761533900,1,0
9.761539000,0,0
9.761544100,1,0
9.761549100,0,0
9.761554300,1,0
9.761559300,0,0
9.761564500,1,0
9.761569500,0,0
9.761572700,0,1
9.761574700,1,1
9.761579700,0,1
9.761580100,0,0
9.761584900,1,0
9.761589900,0,0
9.761595000,1,0
9.761600100,0,0
9.761605200,1,0
9.761610300,0,0
9.761615400,1,0
9.761620400,0,0
9.761625600,1,0
9.761630600,0,0
9.761635800,1,0
9.761640800,0,0
9.761646000,1,0
9.761651000,0,0
9.761656100,1,0
9.761661200,0,0
9.761666300,1,0
9.761671400,0,0
9.761676500,1,0
9.761681600,0,0
9.761686700,1,0
9.761691700,0,0
9.761696900,1,0
9.761701900,0,0
9.761707100,1,0
9.761712100,0,0
9.761717300,1,0
9.761722300,0,0
9.761727400,1,0
9.761732500,0,0
9.761737600,1,0
9.761742700,0,0
9.761747800,1,0
9.761752800,0,0
9.761756100,0,1
9.761758000,1,1
9.761763000,0,1
9.761763400,0,0
9.761768200,1,0
9.761773200,0,0
9.761778400,1,0
9.761783400,0,0
9.761788600,1,0
9.761793600,0,0
9.761798700,1,0
9.761803800,0,0
9.761808900,1,0
9.761814000,0,0
9.761819100,1,0
9.761824100,0,0
9.761829300,1,0
9.761834300,0,0
9.761834900,0,1
9.761839500,1,1
9.761844500,0,1
9.761845500,0,0
9.761849700,1,0
9.761855900,1,1
9.859726100,1,0
9.859732100,0,0
9.859733300,0,1
9.859737300,1,1
9.859742300,0,1
9.859743300,0,0
9.859747500,1,0
9.859752500,0,0
9.859753700,0,1
9.859757700,1,1
9.859762700,0,1
9.859763700,0,0
9.859767800,1,0
9.859772900,0,0
9.859774100,0,1
9.859778000,1,1
9.859783100,0,1
9.859784100,0,0
9.859788200,1,0
9.859793300,0,0
9.859798400,1,0
9.859803400,0,0
9.859808600,1,0
9.859813600,0,0
9.859818800,1,0
9.859823800,0,0
9.859829000,1,0
9.859834000,0,0
9.859835200,0,1
9.859839100,1,1
9.859844200,0,1
9.859845200,0,0
9.859849300,1,0
9.859854400,0,0
9.859859500,1,0
9.859864500,0,0
9.859869700,1,0
9.859874700,0,0
9.859879900,1,0
9.859884900,0,0
9.859890100,1,0
9.859895100,0,0
9.859900300,1,0
9.859905300,0,0
9.859910400,1,0
9.859915500,0,0
9.859916100,0,1
9.859920600,1,1
9.859927700,1,0
9.859933700,0,0
9.859934800,0,1
9.859938800,1,1
9.859943800,0,1
9.859944800,0,0
9.859949000,1,0
9.859954000,0,0
9.859955200,0,1
9.859959200,1,1
9.859964200,0,1
9.859965200,0,0
9.859969400,1,0
9.859974400,0,0
9.859975600,0,1
9.859979500,1,1
9.859984600,0,1
9.859985600,0,0
9.859989700,1,0
9.859994800,0,0
9.859999900,1,0
9.860005000,0,0
9.860006200,0,1
9.860010100,1,1
9.860015100,0,1
9.860015500,0,0
9.860020300,1,0
9.860025300,0,0
9.860030500,1,0
9.860035500,0,0
9.860040700,1,0
9.860045700,0,0
9.860050800,1,0
9.860055900,0,0
9.860061000,1,0
9.860066100,0,0
9.860066700,0,1
9.860071200,1,1
9.860076200,0,1
9.860081400,1,1
9.860086400,0,1
9.860091600,1,1
9.860096600,0,1
9.860101800,1,1
9.860106800,0,1
9.860112000,1,1
9.860117000,0,1
9.860118000,0,0
9.860122100,1,0
9.860128300,1,1
9.860195200,1,0
9.860201200,0,0
9.860202300,0,1
9.860206300,1,1
9.860211400,0,1
9.860212400,0,0
9.860216500,1,0
9.860221500,0,0
9.860222700,0,1
9.860226700,1,1
9.860231700,0,1
9.860232700,0,0
9.860236900,1,0
9.860241900,0,0
9.860243100,0,1
9.860247100,1,1
9.860252100,0,1
9.860253100,0,0
9.860257300,1,0
9.860262300,0,0
9.860267400,1,0
9.860272500,0,0
9.860277600,1,0
9.860282700,0,0
9.860287800,1,0
9.860292800,0,0
9.860298000,1,0
9.860303000,0,0
9.860304200,0,1
9.860308200,1,1
9.860313200,0,1
9.860314200,0,0
9.860318400,1,0
9.860323400,0,0
9.860324600,0,1
9.860328500,1,1
9.860333600,0,1
9.860334600,0,0
9.860338700,1,0
9.860343800,0,0
9.860348900,1,0
9.860354000,0,0
9.860359100,1,0
9.860364100,0,0
9.860369300,1,0
9.860374300,0,0
9.860379500,1,0
9.860384500,0,0
9.860385100,0,1
9.860389700,1,1
9.860396700,1,0
9.860402700,0,0
9.860403900,0,1
9.860407800,1,1
9.860412900,0,1
9.860413900,0,0
9.860418000,1,0
9.860423100,0,0
9.860424200,0,1
9.860428200,1,1
9.860433200,0,1
9.860434200,0,0
9.860438400,1,0
9.860443400,0,0
9.860444600,0,1
9.860448600,1,1
9.860453600,0,1
9.860454600,0,0
9.860458800,1,0
9.860463800,0,0
9.860469000,1,0
9.860474000,0,0
9.860475200,0,1
9.860479100,1,1
9.860484200,0,1
9.860484600,0,0
9.860489300,1,0
9.860494400,0,0
9.860499500,1,0
9.860504500,0,0
9.860509700,1,0
9.860514700,0,0
9.860519900,1,0
9.860524900,0,0
9.860530100,1,0
9.860535100,0,0
9.860540300,1,0
9.860545300,0,0
9.860550400,1,0
9.860555500,0,0
9.860560600,1,0
9.860565700,0,0
9.860570800,1,0
9.860575800,0,0
9.860581000,1,0
9.860586000,0,0
9.860589200,0,1
9.860591200,1,1
9.860596200,0,1
9.860596600,0,0
9.860601400,1,0
9.860606400,0,0
9.860611500,1,0
9.860616600,0,0
9.860621700,1,0
9.860626800,0,0
9.860631900,1,0
9.860637000,0,0
9.860642100,1,0
9.860647100,0,0
9.860652300,1,0
9.860657300,0,0
9.860662500,1,0
9.860667500,0,0
9.860672700,1,0
9.860677700,0,0
9.860682800,1,0
9.860687900,0,0
9.860693000,1,0
9.860698100,0,0
9.860703200,1,0
9.860708200,0,0
9.860713400,1,0
9.860718400,0,0
9.860723600,1,0
9.860728600,0,0
9.860733800,1,0
9.860738800,0,0
9.860744000,1,0
9.860749000,0,0
9.860754100,1,0
9.860759200,0,0
9.860764300,1,0
9.860769400,0,0
9.860772600,0,1
9.860774500,1,1
9.860779500,0,1
9.860780000,0,0
9.860784700,1,0
9.860789700,0,0
9.860794900,1,0
9.860799900,0,0
9.860805100,1,0
9.860810100,0,0
9.860815200,1,0
9.860820300,0,0
9.860825400,1,0
9.860830500,0,0
9.860835600,1,0
9.860840700,0,0
9.860845800,1,0
9.860850800,0,0
9.860856000,1,0
9.860861000,0,0
9.860866200,1,0
9.860871200,0,0
9.860876400,1,0
9.860881400,0,0
9.860886500,1,0
9.860891600,0,0
9.860896700,1,0
9.860901800,0,0
9.860906900,1,0
9.860911900,0,0
9.860917100,1,0
9.860922100,0,0
9.860927300,1,0
9.860932300,0,0
9.860937500,1,0
9.860942500,0,0
9.860947700,1,0
9.860952700,0,0
9.860955900,0,1
9.860957800,1,1
9.860962900,0,1
9.860963300,0,0
9.860968000,1,0
9.860973100,0,0
9.860978200,1,0
9.860983200,0,0
9.860988400,1,0
9.860993400,0,0
9.860998600,1,0
9.861003600,0,0
9.861008800,1,0
9.861013800,0,0
9.861019000,1,0
9.861024000,0,0
9.861029100,1,0
9.861034200,0,0
9.861034800,0,1
9.861039300,1,1
9.861044400,0,1
9.861045400,0,0
9.861049500,1,0
9.861055700,1,1
9.958038000,1,0
9.958044000,0,0
9.958045100,0,1
9.958049100,1,1
9.958054200,0,1
9.958055200,0,0
9.958059300,1,0
9.958064400,0,0
9.958065500,0,1
9.958069500,1,1
9.958074500,0,1
9.958075500,0,0
9.958079700,1,0
9.958084700,0,0
9.958085900,0,1
9.958089900,1,1
9.958094900,0,1
9.958095900,0,0
9.958100100,1,0
9.958105100,0,0
9.958110200,1,0
9.958115300,0,0
9.958120400,1,0
9.958125500,0,0
9.958130600,1,0
9.958135700,0,0
9.958140800,1,0
9.958145800,0,0
9.958147000,0,1
9.958151000,1,1
9.958156000,0,1
9.958157000,0,0
9.958161200,1,0
9.958166200,0,0
9.958171400,1,0
9.958176400,0,0
9.958181500,1,0
9.958186600,0,0
9.958191700,1,0
9.958196800,0,0
9.958201900,1,0
9.958206900,0,0
9.958212100,1,0
9.958217100,0,0
9.958222300,1,0
9.958227300,0,0
9.958227900,0,1
9.958232500,1,1
9.958239500,1,0
9.958245500,0,0
9.958246700,0,1
9.958250600,1,1
9.958255700,0,1
9.958256700,0,0
9.958260800,1,0
9.958265900,0,0
9.958267100,0,1
9.958271000,1,1
9.958276100,0,1
9.958277100,0,0
9.958281200,1,0
9.958286200,0,0
9.958287400,0,1
9.958291400,1,1
9.958296400,0,1
9.958297400,0,0
9.958301600,1,0
9.958306600,0,0
9.958311800,1,0
9.958316800,0,0
9.958318000,0,1
9.958321900,1,1
9.958327000,0,1
9.958327400,0,0
9.958332100,1,0
9.958337200,0,0
9.958342300,1,0
9.958347400,0,0
9.958352500,1,0
9.958357500,0,0
9.958362700,1,0
9.958367700,0,0
9.958372900,1,0
9.958377900,0,0
9.958378500,0,1
9.958383100,1,1
9.958388100,0,1
9.958393200,1,1
9.958398300,0,1
9.958403400,1,1
9.958408500,0,1
9.958413600,1,1
9.958418700,0,1
9.958423800,1,1
9.958428800,0,1
9.958429800,0,0
9.958434000,1,0
9.958440200,1,1
9.958506000,1,0
9.958512000,0,0
9.958513200,0,1
9.958517100,1,1
9.958522200,0,1
9.958523200,0,0
9.958527300,1,0
9.958532400,0,0
9.958533600,0,1
9.958537500,1,1
9.958542600,0,1
9.958543600,0,0
9.958547700,1,0
9.958552800,0,0
9.958553900,0,1
9.958557900,1,1
9.958562900,0,1
9.958563900,0,0
9.958568100,1,0
9.958573100,0,0
9.958578300,1,0
9.958583300,0,0
9.958588500,1,0
9.958593500,0,0
9.958598700,1,0
9.958603700,0,0
9.958608800,1,0
9.958613900,0,0
9.958615100,0,1
9.958619000,1,1
9.958624100,0,1
9.958625100,0,0
9.958629200,1,0
9.958634200,0,0
9.958635400,0,1
9.958639400,1,1
9.958644400,0,1
9.958645400,0,0
9.958649600,1,0
9.958654600,0,0
9.958659800,1,0
9.958664800,0,0
9.958669900,1,0
9.958675000,0,0
9.958680100,1,0
9.958685200,0,0
9.958690300,1,0
9.958695400,0,0
9.958696000,0,1
9.958700500,1,1
9.958707500,1,0
9.958713500,0,0
9.958714700,0,1
9.958718700,1,1
9.958723700,0,1
9.958724700,0,0
9.958728900,1,0
9.958733900,0,0
9.958735100,0,1
9.958739100,1,1
9.958744100,0,1
9.958745100,0,0
9.958749200,1,0
9.958754300,0,0
9.958755500,0,1
9.958759400,1,1
9.958764500,0,1
9.958765500,0,0
9.958769600,1,0
9.958774600,0,0
9.958779800,1,0
9.958784800,0,0
9.958786000,0,1
9.958790000,1,1
9.958795000,0,1
9.958795400,0,0
9.958800200,1,0
9.958805200,0,0
9.958810400,1,0
9.958815400,0,0
9.958820500,1,0
9.958825600,0,0
9.958830700,1,0
9.958835800,0,0
9.958840900,1,0
9.958845900,0,0
9.958851100,1,0
9.958856100,0,0
9.958861300,1,0
9.958866300,0,0
9.958871500,1,0
9.958876500,0,0
9.958881700,1,0
9.958886700,0,0
9.958891800,1,0
9.958896900,0,0
9.958900100,0,1
9.958902000,1,1
9.958907100,0,1
9.958907400,0,0
9.958912200,1,0
9.958917200,0,0
9.958922400,1,0
9.958927400,0,0
9.958932600,1,0
9.958937600,0,0
9.958942800,1,0
9.958947800,0,0
9.958952900,1,0
9.958958000,0,0
9.958963100,1,0
9.958968200,0,0
9.958973300,1,0
9.958978400,0,0
9.958983500,1,0
9.958988500,0,0
9.958993700,1,0
9.958998700,0,0
9.959003900,1,0
9.959008900,0,0
9.959014100,1,0
9.959019100,0,0
9.959024200,1,0
9.959029300,0,0
9.959034400,1,0
9.959039500,0,0
9.959044600,1,0
9.959049600,0,0
9.959054800,1,0
9.959059800,0,0
9.959065000,1,0
9.959070000,0,0
9.959075200,1,0
9.959080200,0,0
9.959083400,0,1
9.959085400,1,1
9.959090400,0,1
9.959090800,0,0
9.959095500,1,0
9.959100600,0,0
9.959105700,1,0
9.959110800,0,0
9.959115900,1,0
9.959120900,0,0
9.959126100,1,0
9.959131100,0,0
9.959136300,1,0
9.959141300,0,0
9.959146500,1,0
9.959151500,0,0
9.959156600,1,0
9.959161700,0,0
9.959166800,1,0
9.959171900,0,0
9.959177000,1,0
9.959182100,0,0
9.959187200,1,0
9.959192200,0,0
9.959197400,1,0
9.959202400,0,0
9.959207600,1,0
9.959212600,0,0
9.959217800,1,0
9.959222800,0,0
9.959227900,1,0
9.959233000,0,0
9.959238100,1,0
9.959243200,0,0
9.959248300,1,0
9.959253300,0,0
9.959258500,1,0
9.959263500,0,0
9.959266700,0,1
9.959268700,1,1
9.959273700,0,1
9.959274100,0,0
9.959278900,1,0
9.959283900,0,0
9.959289100,1,0
9.959294100,0,0
9.959299200,1,0
9.959304300,0,0
9.959309400,1,0
9.959314500,0,0
9.959319600,1,0
9.959324600,0,0
9.959329800,1,0
9.959334800,0,0
9.959340000,1,0
9.959345000,0,0
9.959345600,0,1
9.959350200,1,1
9.959355200,0,1
9.959356200,0,0
9.959360400,1,0
9.959366600,1,1
