Time [s],Channel 0,Channel 1
0.000000000,0,0
4.935405700,1,0
4.935949200,1,1
5.212857900,1,0
5.212863900,0,0
5.212865100,0,1
5.212869000,1,1
5.212874100,0,1
5.212875100,0,0
5.212879200,1,0
5.212884300,0,0
5.212885500,0,1
5.212889400,1,1
5.212894500,0,1
5.212895500,0,0
5.212899600,1,0
5.212904600,0,0
5.212909800,1,0
5.212914800,0,0
5.212920000,1,0
5.212925000,0,0
5.212930200,1,0
5.212935200,0,0
5.212940400,1,0
5.212945400,0,0
5.212950500,1,0
5.212955600,0,0
5.212960700,1,0
5.212965800,0,0
5.212970900,1,0
5.212975900,0,0
5.212981100,1,0
5.212986100,0,0
5.212991300,1,0
5.212996300,0,0
5.213001500,1,0
5.213006500,0,0
5.213011700,1,0
5.213016700,0,0
5.213021800,1,0
5.213026900,0,0
5.213032000,1,0
5.213037100,0,0
5.213042200,1,0
5.213047200,0,0
5.213047700,0,1
5.213052400,1,1
5.213059400,1,0
5.213065400,0,0
5.213066600,0,1
5.213070600,1,1
5.213075600,0,1
5.213076600,0,0
5.213080800,1,0
5.213085800,0,0
5.213087000,0,1
5.213090900,1,1
5.213096000,0,1
5.213097000,0,0
5.213101100,1,0
5.213106200,0,0
5.213111300,1,0
5.213116300,0,0
5.213121500,1,0
5.213126500,0,0
5.213131700,1,0
5.213136700,0,0
5.213137900,0,1
5.213141900,1,1
5.213146900,0,1
5.213147100,0,0
5.213152100,1,0
5.213157100,0,0
5.213162200,1,0
5.213167300,0,0
5.213172400,1,0
5.213177500,0,0
5.213182600,1,0
5.213187600,0,0
5.213192800,1,0
5.213197800,0,0
5.213203000,1,0
5.213208000,0,0
5.213213200,1,0
5.213218200,0,0
5.213223400,1,0
5.213228400,0,0
5.213233500,1,0
5.213238600,0,0
5.213239000,0,1
5.213243700,1,1
5.213248800,0,1
5.213249800,0,0
5.213253900,1,0
5.213260100,1,1
5.213631900,1,0
5.213637900,0,0
5.213639100,0,1
5.213643100,1,1
5.213648100,0,1
5.213649100,0,0
5.213653300,1,0
5.213658300,0,0
5.213659500,0,1
5.213663500,1,1
5.213668500,0,1
5.213669500,0,0
5.213673600,1,0
5.213678700,0,0
5.213683800,1,0
5.213688900,0,0
5.213694000,1,0
5.213699000,0,0
5.213704200,1,0
5.213709200,0,0
5.213714400,1,0
5.213719400,0,0
5.213724600,1,0
5.213729600,0,0
5.213734800,1,0
5.213739800,0,0
5.213744900,1,0
5.213750000,0,0
5.213755100,1,0
5.213760200,0,0
5.213765300,1,0
5.213770300,0,0
5.213775500,1,0
5.213780500,0,0
5.213785700,1,0
5.213790700,0,0
5.213795900,1,0
5.213800900,0,0
5.213802100,0,1
5.213806000,1,1
5.213811100,0,1
5.213811300,0,0
5.213816200,1,0
5.213821300,0,0
5.213821700,0,1
5.213826400,1,1
5.213833500,1,0
5.213839500,0,0
5.213840600,0,1
5.213844600,1,1
5.213849600,0,1
5.213850600,0,0
5.213854800,1,0
5.213859800,0,0
5.213861000,0,1
5.213865000,1,1
5.213870000,0,1
5.213871000,0,0
5.213875200,1,0
5.213880200,0,0
5.213885300,1,0
5.213890400,0,0
5.213895500,1,0
5.213900600,0,0
5.213905700,1,0
5.213910700,0,0
5.213912000,0,1
5.213915900,1,1
5.213920900,0,1
5.213921200,0,0
5.213926100,1,0
5.213931100,0,0
5.213931500,0,1
5.213936300,1,1
5.213941300,0,1
5.213946500,1,1
5.213951500,0,1
5.213956600,1,1
5.213961700,0,1
5.213966800,1,1
5.213971900,0,1
5.213977000,1,1
5.213982000,0,1
5.213987200,1,1
5.213992200,0,1
5.213997400,1,1
5.214002400,0,1
5.214007600,1,1
5.214012600,0,1
5.214017800,1,1
5.214022800,0,1
5.214023800,0,0
5.214027900,1,0
5.214034100,1,1
5.214431000,1,0
5.214437000,0,0
5.214438100,0,1
5.214442100,1,1
5.214447200,0,1
5.214448200,0,0
5.214452300,1,0
5.214457300,0,0
5.214458500,0,1
5.214462500,1,1
5.214467500,0,1
5.214468500,0,0
5.214472700,1,0
5.214477700,0,0
5.214482900,1,0
5.214487900,0,0
5.214493000,1,0
5.214498100,0,0
5.214503200,1,0
5.214508300,0,0
5.214513400,1,0
5.214518400,0,0
5.214523600,1,0
5.214528600,0,0
5.214533800,1,0
5.214538800,0,0
5.214544000,1,0
5.214549000,0,0
5.214554200,1,0
5.214559200,0,0
5.214564300,1,0
5.214569400,0,0
5.214570600,0,1
5.214574500,1,1
5.214579600,0,1
5.214580600,0,0
5.214584700,1,0
5.214589700,0,0
5.214594900,1,0
5.214599900,0,0
5.214605100,1,0
5.214610100,0,0
5.214615300,1,0
5.214620300,0,0
5.214620700,0,1
5.214625400,1,1
5.214632500,1,0
5.214638500,0,0
5.214639700,0,1
5.214643600,1,1
5.214648700,0,1
5.214649700,0,0
5.214653800,1,0
5.214658900,0,0
5.214660000,0,1
5.214664000,1,1
5.214669000,0,1
5.214670000,0,0
5.214674200,1,0
5.214679200,0,0
5.214684400,1,0
5.214689400,0,0
5.214694600,1,0
5.214699600,0,0
5.214704700,1,0
5.214709800,0,0
5.214711000,0,1
5.214714900,1,1
5.214720000,0,1
5.214720200,0,0
5.214725100,1,0
5.214730100,0,0
5.214735300,1,0
5.214740300,0,0
5.214745500,1,0
5.214750500,0,0
5.214755700,1,0
5.214760700,0,0
5.214765900,1,0
5.214770900,0,0
5.214776000,1,0
5.214781100,0,0
5.214781500,0,1
5.214786200,1,1
5.214791300,0,1
5.214796400,1,1
5.214801400,0,1
5.214801700,0,0
5.214806600,1,0
5.214811600,0,0
5.214816800,1,0
5.214821800,0,0
5.214825000,0,1
5.214827000,1,1
5.214832000,0,1
5.214832200,0,0
5.214837200,1,0
5.214842200,0,0
5.214842600,0,1
5.214847300,1,1
5.214852400,0,1
5.214857500,1,1
5.214862600,0,1
5.214862800,0,0
5.214867700,1,0
5.214872700,0,0
5.214877900,1,0
5.214882900,0,0
5.214883300,0,1
5.214888100,1,1
5.214893100,0,1
5.214898300,1,1
5.214903300,0,1
5.214908400,1,1
5.214913500,0,1
5.214914500,0,0
5.214918600,1,0
5.214924800,1,1
5.215379700,1,0
5.215385700,0,0
5.215386800,0,1
5.215390800,1,1
5.215395800,0,1
5.215396800,0,0
5.215401000,1,0
5.215406000,0,0
5.215407200,0,1
5.215411200,1,1
5.215416200,0,1
5.215417200,0,0
5.215421400,1,0
5.215426400,0,0
5.215431600,1,0
5.215436600,0,0
5.215441700,1,0
5.215446800,0,0
5.215451900,1,0
5.215457000,0,0
5.215462100,1,0
5.215467100,0,0
5.215472300,1,0
5.215477300,0,0
5.215482500,1,0
5.215487500,0,0
5.215492700,1,0
5.215497700,0,0
5.215502800,1,0
5.215507900,0,0
5.215513000,1,0
5.215518100,0,0
5.215523200,1,0
5.215528300,0,0
5.215533400,1,0
5.215538400,0,0
5.215543600,1,0
5.215548600,0,0
5.215553800,1,0
5.215558800,0,0
5.215564000,1,0
5.215569000,0,0
5.215569400,0,1
5.215574100,1,1
5.215581200,1,0
5.215587200,0,0
5.215588400,0,1
5.215592300,1,1
5.215597400,0,1
5.215598400,0,0
5.215602500,1,0
5.215607500,0,0
5.215608700,0,1
5.215612700,1,1
5.215617700,0,1
5.215618700,0,0
5.215622900,1,0
5.215627900,0,0
5.215633100,1,0
5.215638100,0,0
5.215643300,1,0
5.215648300,0,0
5.215653400,1,0
5.215658500,0,0
5.215659700,0,1
5.215663600,1,1
5.215668700,0,1
5.215668900,0,0
5.215673800,1,0
5.215678800,0,0
5.215684000,1,0
5.215689000,0,0
5.215694200,1,0
5.215699200,0,0
5.215704400,1,0
5.215709400,0,0
5.215714600,1,0
5.215719600,0,0
5.215724700,1,0
5.215729800,0,0
5.215734900,1,0
5.215740000,0,0
5.215745100,1,0
5.215750100,0,0
5.215755300,1,0
5.215760300,0,0
5.215760700,0,1
5.215765500,1,1
5.215770500,0,1
5.215771500,0,0
5.215775700,1,0
5.215781900,1,1
5.216176700,1,0
5.216182700,0,0
5.216183800,0,1
5.216187800,1,1
5.216192900,0,1
5.216193900,0,0
5.216198000,1,0
5.216203100,0,0
5.216204200,0,1
5.216208200,1,1
5.216213200,0,1
5.216214200,0,0
5.216218400,1,0
5.216223400,0,0
5.216228600,1,0
5.216233600,0,0
5.216238800,1,0
5.216243800,0,0
5.216249000,1,0
5.216254000,0,0
5.216259100,1,0
5.216264200,0,0
5.216269300,1,0
5.216274400,0,0
5.216279500,1,0
5.216284500,0,0
5.216289700,1,0
5.216294700,0,0
5.216299900,1,0
5.216304900,0,0
5.216310100,1,0
5.216315100,0,0
5.216320200,1,0
5.216325300,0,0
5.216330400,1,0
5.216335500,0,0
5.216340600,1,0
5.216345600,0,0
5.216346900,0,1
5.216350800,1,1
5.216355800,0,1
5.216356100,0,0
5.216361000,1,0
5.216366000,0,0
5.216366400,0,1
5.216371200,1,1
5.216378200,1,0
5.216384200,0,0
5.216385400,0,1
5.216389300,1,1
5.216394400,0,1
5.216395400,0,0
5.216399500,1,0
5.216404600,0,0
5.216405800,0,1
5.216409700,1,1
5.216414800,0,1
5.216415800,0,0
5.216419900,1,0
5.216424900,0,0
5.216430100,1,0
5.216435100,0,0
5.216440300,1,0
5.216445300,0,0
5.216450500,1,0
5.216455500,0,0
5.216456700,0,1
5.216460700,1,1
5.216465700,0,1
5.216465900,0,0
5.216470800,1,0
5.216475900,0,0
5.216476300,0,1
5.216481000,1,1
5.216486100,0,1
5.216491200,1,1
5.216496200,0,1
5.216501400,1,1
5.216506400,0,1
5.216511600,1,1
5.216516600,0,1
5.216521800,1,1
5.216526800,0,1
5.216531900,1,1
5.216537000,0,1
5.216542100,1,1
5.216547200,0,1
5.216552300,1,1
5.216557400,0,1
5.216562500,1,1
5.216567500,0,1
5.216568500,0,0
5.216572700,1,0
5.216578900,1,1
5.216966700,1,0
5.216972700,0,0
5.216973900,0,1
5.216977800,1,1
5.216982900,0,1
5.216983900,0,0
5.216988000,1,0
5.216993100,0,0
5.216994300,0,1
5.216998200,1,1
5.217003300,0,1
5.217004300,0,0
5.217008400,1,0
5.217013500,0,0
5.217018600,1,0
5.217023600,0,0
5.217028800,1,0
5.217033800,0,0
5.217039000,1,0
5.217044000,0,0
5.217049200,1,0
5.217054200,0,0
5.217059400,1,0
5.217064400,0,0
5.217069500,1,0
5.217074600,0,0
5.217075800,0,1
5.217079700,1,1
5.217084800,0,1
5.217089900,1,1
5.217094900,0,1
5.217100100,1,1
5.217105100,0,1
5.217110300,1,1
5.217115300,0,1
5.217120500,1,1
5.217125500,0,1
5.217130600,1,1
5.217135700,0,1
5.217136700,0,0
5.217140800,1,0
5.217145900,0,0
5.217151000,1,0
5.217156000,0,0
5.217156400,0,1
5.217161200,1,1
5.217168200,1,0
5.217174200,0,0
5.217175400,0,1
5.217179400,1,1
5.217184400,0,1
5.217185400,0,0
5.217189600,1,0
5.217194600,0,0
5.217195800,0,1
5.217199800,1,1
5.217204800,0,1
5.217205800,0,0
5.217209900,1,0
5.217215000,0,0
5.217220100,1,0
5.217225200,0,0
5.217230300,1,0
5.217235300,0,0
5.217240500,1,0
5.217245500,0,0
5.217246700,0,1
5.217250700,1,1
5.217255700,0,1
5.217255900,0,0
5.217260900,1,0
5.217265900,0,0
5.217271100,1,0
5.217276100,0,0
5.217281200,1,0
5.217286300,0,0
5.217291400,1,0
5.217296500,0,0
5.217301600,1,0
5.217306600,0,0
5.217311800,1,0
5.217316800,0,0
5.217322000,1,0
5.217327000,0,0
5.217332200,1,0
5.217337200,0,0
5.217337600,0,1
5.217342300,1,1
5.217347400,0,1
5.217352500,1,1
5.217357600,0,1
5.217358600,0,0
5.217362700,1,0
5.217368900,1,1
5.217764700,1,0
5.217770700,0,0
5.217771900,0,1
5.217775900,1,1
5.217780900,0,1
5.217781900,0,0
5.217786100,1,0
5.217791100,0,0
5.217792300,0,1
5.217796300,1,1
5.217801300,0,1
5.217802300,0,0
5.217806500,1,0
5.217811500,0,0
5.217816600,1,0
5.217821700,0,0
5.217826800,1,0
5.217831900,0,0
5.217837000,1,0
5.217842000,0,0
5.217847200,1,0
5.217852200,0,0
5.217857400,1,0
5.217862400,0,0
5.217862800,0,1
5.217867600,1,1
5.217872600,0,1
5.217873600,0,0
5.217877700,1,0
5.217882800,0,0
5.217887900,1,0
5.217893000,0,0
5.217898100,1,0
5.217903200,0,0
5.217908300,1,0
5.217913300,0,0
5.217918500,1,0
5.217923500,0,0
5.217928700,1,0
5.217933700,0,0
5.217938900,1,0
5.217943900,0,0
5.217949000,1,0
5.217954100,0,0
5.217954500,0,1
5.217959200,1,1
5.217966300,1,0
5.217972300,0,0
5.217973400,0,1
5.217977400,1,1
5.217982400,0,1
5.217983400,0,0
5.217987600,1,0
5.217992600,0,0
5.217993800,0,1
5.217997800,1,1
5.218002800,0,1
5.218003800,0,0
5.218008000,1,0
5.218013000,0,0
5.218018200,1,0
5.218023200,0,0
5.218028300,1,0
5.218033400,0,0
5.218038500,1,0
5.218043600,0,0
5.218044800,0,1
5.218048700,1,1
5.218053700,0,1
5.218054000,0,0
5.218058900,1,0
5.218063900,0,0
5.218069100,1,0
5.218074100,0,0
5.218079300,1,0
5.218084300,0,0
5.218089500,1,0
5.218094500,0,0
5.218099600,1,0
5.218104700,0,0
5.218109800,1,0
5.218114900,0,0
5.218120000,1,0
5.218125000,0,0
5.218125500,0,1
5.218130200,1,1
5.218135200,0,1
5.218135500,0,0
5.218140400,1,0
5.218145400,0,0
5.218145800,0,1
5.218150600,1,1
5.218155600,0,1
5.218156600,0,0
5.218160700,1,0
5.218167000,1,1
5.218562800,1,0
5.218568800,0,0
5.218569900,0,1
5.218573900,1,1
5.218579000,0,1
5.218580000,0,0
5.218584100,1,0
5.218589100,0,0
5.218590300,0,1
5.218594300,1,1
5.218599300,0,1
5.218600300,0,0
5.218604500,1,0
5.218609500,0,0
5.218614700,1,0
5.218619700,0,0
5.218624900,1,0
5.218629900,0,0
5.218635000,1,0
5.218640100,0,0
5.218645200,1,0
5.218650300,0,0
5.218655400,1,0
5.218660400,0,0
5.218660900,0,1
5.218665600,1,1
5.218670600,0,1
5.218671600,0,0
5.218675800,1,0
5.218680800,0,0
5.218686000,1,0
5.218691000,0,0
5.218696100,1,0
5.218701200,0,0
5.218706300,1,0
5.218711400,0,0
5.218716500,1,0
5.218721600,0,0
5.218722800,0,1
5.218726700,1,1
5.218731700,0,1
5.218732700,0,0
5.218736900,1,0
5.218741900,0,0
5.218747100,1,0
5.218752100,0,0
5.218752500,0,1
5.218757300,1,1
5.218764300,1,0
5.218770300,0,0
5.218771500,0,1
5.218775400,1,1
5.218780500,0,1
5.218781500,0,0
5.218785600,1,0
5.218790700,0,0
5.218791800,0,1
5.218795800,1,1
5.218800800,0,1
5.218801800,0,0
5.218806000,1,0
5.218811000,0,0
5.218816200,1,0
5.218821200,0,0
5.218826400,1,0
5.218831400,0,0
5.218836600,1,0
5.218841600,0,0
5.218842800,0,1
5.218846700,1,1
5.218851800,0,1
5.218852000,0,0
5.218856900,1,0
5.218862000,0,0
5.218867100,1,0
5.218872100,0,0
5.218877300,1,0
5.218882300,0,0
5.218882700,0,1
5.218887500,1,1
5.218892500,0,1
5.218892700,0,0
5.218897700,1,0
5.218902700,0,0
5.218903100,0,1
5.218907800,1,1
5.218912900,0,1
5.218918000,1,1
5.218923100,0,1
5.218923300,0,0
5.218928200,1,0
5.218933300,0,0
5.218938400,1,0
5.218943400,0,0
5.218943800,0,1
5.218948600,1,1
5.218953600,0,1
5.218954600,0,0
5.218958800,1,0
5.218965000,1,1
5.219363800,1,0
5.219369800,0,0
5.219371000,0,1
5.219374900,1,1
5.219380000,0,1
5.219381000,0,0
5.219385100,1,0
5.219390200,0,0
5.219391400,0,1
5.219395300,1,1
5.219400400,0,1
5.219401400,0,0
5.219405500,1,0
5.219410500,0,0
5.219415700,1,0
5.219420700,0,0
5.219425900,1,0
5.219430900,0,0
5.219436100,1,0
5.219441100,0,0
5.219446300,1,0
5.219451300,0,0
5.219456400,1,0
5.219461500,0,0
5.219461900,0,1
5.219466600,1,1
5.219471700,0,1
5.219472700,0,0
5.219476800,1,0
5.219481800,0,0
5.219487000,1,0
5.219492000,0,0
5.219497200,1,0
5.219502200,0,0
5.219507400,1,0
5.219512400,0,0
5.219513600,0,1
5.219517500,1,1
5.219522600,0,1
5.219523600,0,0
5.219527700,1,0
5.219532800,0,0
5.219537900,1,0
5.219543000,0,0
5.219548100,1,0
5.219553100,0,0
5.219553500,0,1
5.219558300,1,1
5.219565300,1,0
5.219571300,0,0
5.219572500,0,1
5.219576500,1,1
5.219581500,0,1
5.219582500,0,0
5.219586700,1,0
5.219591700,0,0
5.219592900,0,1
5.219596800,1,1
5.219601900,0,1
5.219602900,0,0
5.219607000,1,0
5.219612100,0,0
5.219617200,1,0
5.219622200,0,0
5.219627400,1,0
5.219632400,0,0
5.219637600,1,0
5.219642600,0,0
5.219643800,0,1
5.219647800,1,1
5.219652800,0,1
5.219653000,0,0
5.219658000,1,0
5.219663000,0,0
5.219668100,1,0
5.219673200,0,0
5.219673600,0,1
5.219678300,1,1
5.219683400,0,1
5.219683600,0,0
5.219688500,1,0
5.219693500,0,0
5.219698700,1,0
5.219703700,0,0
5.219708900,1,0
5.219713900,0,0
5.219714300,0,1
5.219719100,1,1
5.219724100,0,1
5.219729200,1,1
5.219734300,0,1
5.219734500,0,0
5.219739400,1,0
5.219744500,0,0
5.219744800,0,1
5.219749600,1,1
5.219754700,0,1
5.219755700,0,0
5.219759800,1,0
5.219766000,1,1
5.220162800,1,0
5.220168800,0,0
5.220170000,0,1
5.220174000,1,1
5.220179000,0,1
5.220180000,0,0
5.220184200,1,0
5.220189200,0,0
5.220190400,0,1
5.220194400,1,1
5.220199400,0,1
5.220200400,0,0
5.220204500,1,0
5.220209600,0,0
5.220214700,1,0
5.220219800,0,0
5.220224900,1,0
5.220229900,0,0
5.220235100,1,0
5.220240100,0,0
5.220245300,1,0
5.220250300,0,0
5.220255500,1,0
5.220260500,0,0
5.220260900,0,1
5.220265600,1,1
5.220270700,0,1
5.220271700,0,0
5.220275800,1,0
5.220280900,0,0
5.220286000,1,0
5.220291100,0,0
5.220296200,1,0
5.220301200,0,0
5.220306400,1,0
5.220311400,0,0
5.220312600,0,1
5.220316600,1,1
5.220321600,0,1
5.220322600,0,0
5.220326800,1,0
5.220331800,0,0
5.220336900,1,0
5.220342000,0,0
5.220347100,1,0
5.220352200,0,0
5.220352600,0,1
5.220357300,1,1
5.220364300,1,0
5.220370300,0,0
5.220371500,0,1
5.220375500,1,1
5.220380500,0,1
5.220381500,0,0
5.220385700,1,0
5.220390700,0,0
5.220391900,0,1
5.220395900,1,1
5.220400900,0,1
5.220401900,0,0
5.220406100,1,0
5.220411100,0,0
5.220416200,1,0
5.220421300,0,0
5.220426400,1,0
5.220431500,0,0
5.220436600,1,0
5.220441600,0,0
5.220442900,0,1
5.220446800,1,1
5.220451800,0,1
5.220452100,0,0
5.220457000,1,0
5.220462000,0,0
5.220467200,1,0
5.220472200,0,0
5.220472600,0,1
5.220477400,1,1
5.220482400,0,1
5.220482600,0,0
5.220487500,1,0
5.220492600,0,0
5.220497700,1,0
5.220502800,0,0
5.220507900,1,0
5.220512900,0,0
5.220513400,0,1
5.220518100,1,1
5.220523100,0,1
5.220528300,1,1
5.220533300,0,1
5.220533500,0,0
5.220538500,1,0
5.220543500,0,0
5.220543900,0,1
5.220548600,1,1
5.220553700,0,1
5.220554700,0,0
5.220558800,1,0
5.220565000,1,1
5.220960900,1,0
5.220966900,0,0
5.220968000,0,1
5.220972000,1,1
5.220977000,0,1
5.220978000,0,0
5.220982200,1,0
5.220987200,0,0
5.220988400,0,1
5.220992400,1,1
5.220997400,0,1
5.220998400,0,0
5.221002600,1,0
5.221007600,0,0
5.221012800,1,0
5.221017800,0,0
5.221022900,1,0
5.221028000,0,0
5.221033100,1,0
5.221038200,0,0
5.221043300,1,0
5.221048300,0,0
5.221053500,1,0
5.221058500,0,0
5.221058900,0,1
5.221063700,1,1
5.221068700,0,1
5.221069700,0,0
5.221073900,1,0
5.221078900,0,0
5.221084000,1,0
5.221089100,0,0
5.221094200,1,0
5.221099300,0,0
5.221104400,1,0
5.221109500,0,0
5.221110700,0,1
5.221114600,1,1
5.221119600,0,1
5.221120600,0,0
5.221124800,1,0
5.221129800,0,0
5.221135000,1,0
5.221140000,0,0
5.221145200,1,0
5.221150200,0,0
5.221150600,0,1
5.221155300,1,1
5.221162400,1,0
5.221168400,0,0
5.221169600,0,1
5.221173500,1,1
5.221178600,0,1
5.221179600,0,0
5.221183700,1,0
5.221188700,0,0
5.221189900,0,1
5.221193900,1,1
5.221198900,0,1
5.221199900,0,0
5.221204100,1,0
5.221209100,0,0
5.221214300,1,0
5.221219300,0,0
5.221224500,1,0
5.221229500,0,0
5.221234600,1,0
5.221239700,0,0
5.221240900,0,1
5.221244800,1,1
5.221249900,0,1
5.221250100,0,0
5.221255000,1,0
5.221260000,0,0
5.221265200,1,0
5.221270200,0,0
5.221270600,0,1
5.221275400,1,1
5.221280400,0,1
5.221280600,0,0
5.221285600,1,0
5.221290600,0,0
5.221295800,1,0
5.221300800,0,0
5.221305900,1,0
5.221311000,0,0
5.221311400,0,1
5.221316100,1,1
5.221321200,0,1
5.221326300,1,1
5.221331300,0,1
5.221331600,0,0
5.221336500,1,0
5.221341500,0,0
5.221341900,0,1
5.221346700,1,1
5.221351700,0,1
5.221352700,0,0
5.221356900,1,0
5.221363100,1,1
5.221759900,1,0
5.221765900,0,0
5.221767000,0,1
5.221771000,1,1
5.221776100,0,1
5.221777100,0,0
5.221781200,1,0
5.221786300,0,0
5.221787400,0,1
5.221791400,1,1
5.221796400,0,1
5.221797400,0,0
5.221801600,1,0
5.221806600,0,0
5.221811800,1,0
5.221816800,0,0
5.221822000,1,0
5.221827000,0,0
5.221832200,1,0
5.221837200,0,0
5.221842300,1,0
5.221847400,0,0
5.221852500,1,0
5.221857600,0,0
5.221858000,0,1
5.221862700,1,1
5.221867700,0,1
5.221868700,0,0
5.221872900,1,0
5.221877900,0,0
5.221883100,1,0
5.221888100,0,0
5.221893300,1,0
5.221898300,0,0
5.221903400,1,0
5.221908500,0,0
5.221909700,0,1
5.221913600,1,1
5.221918700,0,1
5.221919700,0,0
5.221923800,1,0
5.221928900,0,0
5.221934000,1,0
5.221939000,0,0
5.221944200,1,0
5.221949200,0,0
5.221949600,0,1
5.221954400,1,1
5.221961400,1,0
5.221967400,0,0
5.221968600,0,1
5.221972500,1,1
5.221977600,0,1
5.221978600,0,0
5.221982700,1,0
5.221987800,0,0
5.221989000,0,1
5.221992900,1,1
5.221998000,0,1
5.221999000,0,0
5.222003100,1,0
5.222008100,0,0
5.222013300,1,0
5.222018300,0,0
5.222023500,1,0
5.222028500,0,0
5.222033700,1,0
5.222038700,0,0
5.222039900,0,1
5.222043900,1,1
5.222048900,0,1
5.222049100,0,0
5.222054000,1,0
5.222059100,0,0
5.222064200,1,0
5.222069300,0,0
5.222069700,0,1
5.222074400,1,1
5.222079400,0,1
5.222079700,0,0
5.222084600,1,0
5.222089600,0,0
5.222094800,1,0
5.222099800,0,0
5.222105000,1,0
5.222110000,0,0
5.222110400,0,1
5.222115100,1,1
5.222120200,0,1
5.222125300,1,1
5.222130400,0,1
5.222130600,0,0
5.222135500,1,0
5.222140600,0,0
5.222140900,0,1
5.222145700,1,1
5.222150700,0,1
5.222151700,0,0
5.222155900,1,0
5.222162100,1,1
5.222557900,1,0
5.222563900,0,0
5.222565100,0,1
5.222569000,1,1
5.222574100,0,1
5.222575100,0,0
5.222579200,1,0
5.222584300,0,0
5.222585500,0,1
5.222589400,1,1
5.222594500,0,1
5.222595500,0,0
5.222599600,1,0
5.222604700,0,0
5.222609800,1,0
5.222614800,0,0
5.222620000,1,0
5.222625000,0,0
5.222630200,1,0
5.222635200,0,0
5.222640400,1,0
5.222645400,0,0
5.222650600,1,0
5.222655600,0,0
5.222656000,0,1
5.222660700,1,1
5.222665800,0,1
5.222666800,0,0
5.222670900,1,0
5.222676000,0,0
5.222681100,1,0
5.222686100,0,0
5.222691300,1,0
5.222696300,0,0
5.222701500,1,0
5.222706500,0,0
5.222707700,0,1
5.222711700,1,1
5.222716700,0,1
5.222717700,0,0
5.222721800,1,0
5.222726900,0,0
5.222732000,1,0
5.222737100,0,0
5.222742200,1,0
5.222747300,0,0
5.222747700,0,1
5.222752400,1,1
5.222759400,1,0
5.222765400,0,0
5.222766600,0,1
5.222770600,1,1
5.222775600,0,1
5.222776600,0,0
5.222780800,1,0
5.222785800,0,0
5.222787000,0,1
5.222791000,1,1
5.222796000,0,1
5.222797000,0,0
5.222801100,1,0
5.222806200,0,0
5.222811300,1,0
5.222816400,0,0
5.222821500,1,0
5.222826500,0,0
5.222831700,1,0
5.222836700,0,0
5.222837900,0,1
5.222841900,1,1
5.222846900,0,1
5.222847100,0,0
5.222852100,1,0
5.222857100,0,0
5.222862300,1,0
5.222867300,0,0
5.222867700,0,1
5.222872400,1,1
5.222877500,0,1
5.222877700,0,0
5.222882600,1,0
5.222887700,0,0
5.222892800,1,0
5.222897800,0,0
5.222903000,1,0
5.222908000,0,0
5.222908400,0,1
5.222913200,1,1
5.222918200,0,1
5.222923400,1,1
5.222928400,0,1
5.222928600,0,0
5.222933500,1,0
5.222938600,0,0
5.222939000,0,1
5.222943700,1,1
5.222948800,0,1
5.222949800,0,0
5.222953900,1,0
5.222960100,1,1
5.223348900,1,0
5.223354900,0,0
5.223356100,0,1
5.223360100,1,1
5.223365100,0,1
5.223366100,0,0
5.223370300,1,0
5.223375300,0,0
5.223376500,0,1
5.223380500,1,1
5.223385500,0,1
5.223386500,0,0
5.223390700,1,0
5.223395700,0,0
5.223400800,1,0
5.223405900,0,0
5.223411000,1,0
5.223416100,0,0
5.223421200,1,0
5.223426200,0,0
5.223431400,1,0
5.223436400,0,0
5.223441600,1,0
5.223446600,0,0
5.223447000,0,1
5.223451800,1,1
5.223456800,0,1
5.223457800,0,0
5.223462000,1,0
5.223467000,0,0
5.223472100,1,0
5.223477200,0,0
5.223482300,1,0
5.223487400,0,0
5.223492500,1,0
5.223497500,0,0
5.223498800,0,1
5.223502700,1,1
5.223507700,0,1
5.223508700,0,0
5.223512900,1,0
5.223517900,0,0
5.223523100,1,0
5.223528100,0,0
5.223533200,1,0
5.223538300,0,0
5.223538700,0,1
5.223543400,1,1
5.223550500,1,0
5.223556500,0,0
5.223557600,0,1
5.223561600,1,1
5.223566600,0,1
5.223567600,0,0
5.223571800,1,0
5.223576800,0,0
5.223578000,0,1
5.223582000,1,1
5.223587000,0,1
5.223588000,0,0
5.223592200,1,0
5.223597200,0,0
5.223602400,1,0
5.223607400,0,0
5.223612500,1,0
5.223617600,0,0
5.223622700,1,0
5.223627800,0,0
5.223629000,0,1
5.223632900,1,1
5.223637900,0,1
5.223638200,0,0
5.223643100,1,0
5.223648100,0,0
5.223653300,1,0
5.223658300,0,0
5.223658700,0,1
5.223663500,1,1
5.223668500,0,1
5.223668700,0,0
5.223673700,1,0
5.223678700,0,0
5.223683800,1,0
5.223688900,0,0
5.223694000,1,0
5.223699100,0,0
5.223699500,0,1
5.223704200,1,1
5.223709200,0,1
5.223714400,1,1
5.223719400,0,1
5.223719700,0,0
5.223724600,1,0
5.223729600,0,0
5.223730000,0,1
5.223734800,1,1
5.223739800,0,1
5.223740800,0,0
5.223744900,1,0
5.223751200,1,1
5.224148000,1,0
5.224154000,0,0
5.224155100,0,1
5.224159100,1,1
5.224164200,0,1
5.224165200,0,0
5.224169300,1,0
5.224174300,0,0
5.224175500,0,1
5.224179500,1,1
5.224184500,0,1
5.224185500,0,0
5.224189700,1,0
5.224194700,0,0
5.224199900,1,0
5.224204900,0,0
5.224210100,1,0
5.224215100,0,0
5.224220200,1,0
5.224225300,0,0
5.224230400,1,0
5.224235500,0,0
5.224240600,1,0
5.224245600,0,0
5.224246100,0,1
5.224250800,1,1
5.224255800,0,1
5.224256800,0,0
5.224261000,1,0
5.224266000,0,0
5.224271200,1,0
5.224276200,0,0
5.224281400,1,0
5.224286400,0,0
5.224291500,1,0
5.224296600,0,0
5.224297800,0,1
5.224301700,1,1
5.224306800,0,1
5.224307800,0,0
5.224311900,1,0
5.224316900,0,0
5.224322100,1,0
5.224327100,0,0
5.224332300,1,0
5.224337300,0,0
5.224337700,0,1
5.224342500,1,1
5.224349500,1,0
5.224355500,0,0
5.224356700,0,1
5.224360600,1,1
5.224365700,0,1
5.224366700,0,0
5.224370800,1,0
5.224375900,0,0
5.224377100,0,1
5.224381000,1,1
5.224386000,0,1
5.224387000,0,0
5.224391200,1,0
5.224396200,0,0
5.224401400,1,0
5.224406400,0,0
5.224411600,1,0
5.224416600,0,0
5.224421800,1,0
5.224426800,0,0
5.224428000,0,1
5.224431900,1,1
5.224437000,0,1
5.224437200,0,0
5.224442100,1,0
5.224447200,0,0
5.224452300,1,0
5.224457300,0,0
5.224457800,0,1
5.224462500,1,1
5.224467500,0,1
5.224467800,0,0
5.224472700,1,0
5.224477700,0,0
5.224482900,1,0
5.224487900,0,0
5.224493100,1,0
5.224498100,0,0
5.224498500,0,1
5.224503200,1,1
5.224508300,0,1
5.224513400,1,1
5.224518500,0,1
5.224518700,0,0
5.224523600,1,0
5.224528600,0,0
5.224529000,0,1
5.224533800,1,1
5.224538800,0,1
5.224539800,0,0
5.224544000,1,0
5.224550200,1,1
5.224948000,1,0
5.224954000,0,0
5.224955200,0,1
5.224959100,1,1
5.224964200,0,1
5.224965200,0,0
5.224969300,1,0
5.224974400,0,0
5.224975600,0,1
5.224979500,1,1
5.224984600,0,1
5.224985600,0,0
5.224989700,1,0
5.224994700,0,0
5.224999900,1,0
5.225004900,0,0
5.225010100,1,0
5.225015100,0,0
5.225020300,1,0
5.225025300,0,0
5.225030500,1,0
5.225035500,0,0
5.225040600,1,0
5.225045700,0,0
5.225046100,0,1
5.225050800,1,1
5.225055900,0,1
5.225056900,0,0
5.225061000,1,0
5.225066000,0,0
5.225071200,1,0
5.225076200,0,0
5.225081400,1,0
5.225086400,0,0
5.225087600,0,1
5.225091600,1,1
5.225096600,0,1
5.225097600,0,0
5.225101800,1,0
5.225106800,0,0
5.225108000,0,1
5.225111900,1,1
5.225117000,0,1
5.225122100,1,1
5.225127200,0,1
5.225127400,0,0
5.225132300,1,0
5.225137300,0,0
5.225137700,0,1
5.225142500,1,1
5.225149500,1,0
5.225155500,0,0
5.225156700,0,1
5.225160700,1,1
5.225165700,0,1
5.225166700,0,0
5.225170900,1,0
5.225175900,0,0
5.225177100,0,1
5.225181000,1,1
5.225186100,0,1
5.225187100,0,0
5.225191200,1,0
5.225196300,0,0
5.225201400,1,0
5.225206400,0,0
5.225211600,1,0
5.225216600,0,0
5.225221800,1,0
5.225226800,0,0
5.225228000,0,1
5.225232000,1,1
5.225237000,0,1
5.225237200,0,0
5.225242200,1,0
5.225247200,0,0
5.225252300,1,0
5.225257400,0,0
5.225262500,1,0
5.225267600,0,0
5.225268000,0,1
5.225272700,1,1
5.225277700,0,1
5.225278000,0,0
5.225282900,1,0
5.225287900,0,0
5.225293100,1,0
5.225298100,0,0
5.225303300,1,0
5.225308300,0,0
5.225308700,0,1
5.225313400,1,1
5.225318500,0,1
5.225323600,1,1
5.225328700,0,1
5.225333800,1,1
5.225338900,0,1
5.225339900,0,0
5.225344000,1,0
5.225350200,1,1
5.225747000,1,0
5.225753000,0,0
5.225754200,0,1
5.225758200,1,1
5.225763200,0,1
5.225764200,0,0
5.225768400,1,0
5.225773400,0,0
5.225774600,0,1
5.225778600,1,1
5.225783600,0,1
5.225784600,0,0
5.225788700,1,0
5.225793800,0,0
5.225798900,1,0
5.225804000,0,0
5.225809100,1,0
5.225814100,0,0
5.225819300,1,0
5.225824300,0,0
5.225829500,1,0
5.225834500,0,0
5.225839700,1,0
5.225844700,0,0
5.225845100,0,1
5.225849900,1,1
5.225854900,0,1
5.225855900,0,0
5.225860000,1,0
5.225865100,0,0
5.225870200,1,0
5.225875300,0,0
5.225880400,1,0
5.225885400,0,0
5.225886700,0,1
5.225890600,1,1
5.225895600,0,1
5.225896600,0,0
5.225900800,1,0
5.225905800,0,0
5.225907000,0,1
5.225911000,1,1
5.225916000,0,1
5.225921100,1,1
5.225926200,0,1
5.225926400,0,0
5.225931300,1,0
5.225936400,0,0
5.225936700,0,1
5.225941500,1,1
5.225948600,1,0
5.225954600,0,0
5.225955700,0,1
5.225959700,1,1
5.225964700,0,1
5.225965700,0,0
5.225969900,1,0
5.225974900,0,0
5.225976100,0,1
5.225980100,1,1
5.225985100,0,1
5.225986100,0,0
5.225990300,1,0
5.225995300,0,0
5.226000400,1,0
5.226005500,0,0
5.226010600,1,0
5.226015700,0,0
5.226020800,1,0
5.226025800,0,0
5.226027100,0,1
5.226031000,1,1
5.226036000,0,1
5.226036300,0,0
5.226041200,1,0
5.226046200,0,0
5.226051400,1,0
5.226056400,0,0
5.226061600,1,0
5.226066600,0,0
5.226067000,0,1
5.226071700,1,1
5.226076800,0,1
5.226077000,0,0
5.226081900,1,0
5.226087000,0,0
5.226092100,1,0
5.226097100,0,0
5.226102300,1,0
5.226107300,0,0
5.226107700,0,1
5.226112500,1,1
5.226117500,0,1
5.226122700,1,1
5.226127700,0,1
5.226132800,1,1
5.226137900,0,1
5.226138900,0,0
5.226143000,1,0
5.226149200,1,1
5.226538100,1,0
5.226544100,0,0
5.226545200,0,1
5.226549200,1,1
5.226554200,0,1
5.226555200,0,0
5.226559400,1,0
5.226564400,0,0
5.226565600,0,1
5.226569600,1,1
5.226574600,0,1
5.226575600,0,0
5.226579800,1,0
5.226584800,0,0
5.226590000,1,0
5.226595000,0,0
5.226600100,1,0
5.226605200,0,0
5.226610300,1,0
5.226615400,0,0
5.226620500,1,0
5.226625500,0,0
5.226630700,1,0
5.226635700,0,0
5.226636100,0,1
5.226640900,1,1
5.226645900,0,1
5.226646900,0,0
5.226651100,1,0
5.226656100,0,0
5.226661300,1,0
5.226666300,0,0
5.226671400,1,0
5.226676500,0,0
5.226677700,0,1
5.226681600,1,1
5.226686700,0,1
5.226687700,0,0
5.226691800,1,0
5.226696800,0,0
5.226698000,0,1
5.226702000,1,1
5.226707000,0,1
5.226712200,1,1
5.226717200,0,1
5.226717400,0,0
5.226722400,1,0
5.226727400,0,0
5.226727800,0,1
5.226732500,1,1
5.226739600,1,0
5.226745600,0,0
5.226746800,0,1
5.226750700,1,1
5.226755800,0,1
5.226756800,0,0
5.226760900,1,0
5.226766000,0,0
5.226767100,0,1
5.226771100,1,1
5.226776100,0,1
5.226777100,0,0
5.226781300,1,0
5.226786300,0,0
5.226791500,1,0
5.226796500,0,0
5.226801700,1,0
5.226806700,0,0
5.226811800,1,0
5.226816900,0,0
5.226818100,0,1
5.226822000,1,1
5.226827100,0,1
5.226827300,0,0
5.226832200,1,0
5.226837200,0,0
5.226842400,1,0
5.226847400,0,0
5.226852600,1,0
5.226857600,0,0
5.226858000,0,1
5.226862800,1,1
5.226867800,0,1
5.226868000,0,0
5.226873000,1,0
5.226878000,0,0
5.226883100,1,0
5.226888200,0,0
5.226893300,1,0
5.226898400,0,0
5.226898800,0,1
5.226903500,1,1
5.226908500,0,1
5.226913700,1,1
5.226918700,0,1
5.226923900,1,1
5.226928900,0,1
5.226929900,0,0
5.226934100,1,0
5.226940300,1,1
5.227336100,1,0
5.227342100,0,0
5.227343200,0,1
5.227347200,1,1
5.227352300,0,1
5.227353300,0,0
5.227357400,1,0
5.227362500,0,0
5.227363600,0,1
5.227367600,1,1
5.227372600,0,1
5.227373600,0,0
5.227377800,1,0
5.227382800,0,0
5.227388000,1,0
5.227393000,0,0
5.227398200,1,0
5.227403200,0,0
5.227408400,1,0
5.227413400,0,0
5.227418500,1,0
5.227423600,0,0
5.227428700,1,0
5.227433800,0,0
5.227434200,0,1
5.227438900,1,1
5.227443900,0,1
5.227444900,0,0
5.227449100,1,0
5.227454100,0,0
5.227459300,1,0
5.227464300,0,0
5.227469500,1,0
5.227474500,0,0
5.227475700,0,1
5.227479700,1,1
5.227484700,0,1
5.227485700,0,0
5.227489800,1,0
5.227494900,0,0
5.227496100,0,1
5.227500000,1,1
5.227505100,0,1
5.227510200,1,1
5.227515200,0,1
5.227515500,0,0
5.227520400,1,0
5.227525400,0,0
5.227525800,0,1
5.227530600,1,1
5.227537600,1,0
5.227543600,0,0
5.227544800,0,1
5.227548700,1,1
5.227553800,0,1
5.227554800,0,0
5.227558900,1,0
5.227564000,0,0
5.227565200,0,1
5.227569100,1,1
5.227574200,0,1
5.227575200,0,0
5.227579300,1,0
5.227584300,0,0
5.227589500,1,0
5.227594500,0,0
5.227599700,1,0
5.227604700,0,0
5.227609900,1,0
5.227614900,0,0
5.227616100,0,1
5.227620100,1,1
5.227625100,0,1
5.227625300,0,0
5.227630200,1,0
5.227635300,0,0
5.227640400,1,0
5.227645500,0,0
5.227650600,1,0
5.227655600,0,0
5.227656100,0,1
5.227660800,1,1
5.227665800,0,1
5.227666100,0,0
5.227671000,1,0
5.227676000,0,0
5.227681200,1,0
5.227686200,0,0
5.227691400,1,0
5.227696400,0,0
5.227696800,0,1
5.227701500,1,1
5.227706600,0,1
5.227711700,1,1
5.227716800,0,1
5.227721900,1,1
5.227726900,0,1
5.227727900,0,0
5.227732100,1,0
5.227738300,1,1
5.228135100,1,0
5.228141100,0,0
5.228142300,0,1
5.228146200,1,1
5.228151300,0,1
5.228152300,0,0
5.228156400,1,0
5.228161500,0,0
5.228162700,0,1
5.228166600,1,1
5.228171700,0,1
5.228172700,0,0
5.228176800,1,0
5.228181900,0,0
5.228187000,1,0
5.228192000,0,0
5.228197200,1,0
5.228202200,0,0
5.228207400,1,0
5.228212400,0,0
5.228217600,1,0
5.228222600,0,0
5.228227800,1,0
5.228232800,0,0
5.228233200,0,1
5.228237900,1,1
5.228243000,0,1
5.228244000,0,0
5.228248100,1,0
5.228253200,0,0
5.228258300,1,0
5.228263300,0,0
5.228268500,1,0
5.228273500,0,0
5.228274700,0,1
5.228278700,1,1
5.228283700,0,1
5.228284700,0,0
5.228288900,1,0
5.228293900,0,0
5.228295100,0,1
5.228299000,1,1
5.228304100,0,1
5.228309200,1,1
5.228314300,0,1
5.228314500,0,0
5.228319400,1,0
5.228324500,0,0
5.228324800,0,1
5.228329600,1,1
5.228336600,1,0
5.228342600,0,0
5.228343800,0,1
5.228347800,1,1
5.228352800,0,1
5.228353800,0,0
5.228358000,1,0
5.228363000,0,0
5.228364200,0,1
5.228368200,1,1
5.228373200,0,1
5.228374200,0,0
5.228378300,1,0
5.228383400,0,0
5.228388500,1,0
5.228393600,0,0
5.228398700,1,0
5.228403700,0,0
5.228408900,1,0
5.228413900,0,0
5.228415100,0,1
5.228419100,1,1
5.228424100,0,1
5.228424300,0,0
5.228429300,1,0
5.228434300,0,0
5.228439500,1,0
5.228444500,0,0
5.228449600,1,0
5.228454700,0,0
5.228455100,0,1
5.228459800,1,1
5.228464900,0,1
5.228465100,0,0
5.228470000,1,0
5.228475000,0,0
5.228480200,1,0
5.228485200,0,0
5.228490400,1,0
5.228495400,0,0
5.228495800,0,1
5.228500600,1,1
5.228505600,0,1
5.228510700,1,1
5.228515800,0,1
5.228520900,1,1
5.228526000,0,1
5.228527000,0,0
5.228531100,1,0
5.228537300,1,1
5.228933200,1,0
5.228939200,0,0
5.228940300,0,1
5.228944300,1,1
5.228949300,0,1
5.228950300,0,0
5.228954500,1,0
5.228959500,0,0
5.228960700,0,1
5.228964700,1,1
5.228969700,0,1
5.228970700,0,0
5.228974900,1,0
5.228979900,0,0
5.228985000,1,0
5.228990100,0,0
5.228995200,1,0
5.229000300,0,0
5.229005400,1,0
5.229010400,0,0
5.229015600,1,0
5.229020600,0,0
5.229025800,1,0
5.229030800,0,0
5.229031200,0,1
5.229036000,1,1
5.229041000,0,1
5.229042000,0,0
5.229046200,1,0
5.229051200,0,0
5.229056300,1,0
5.229061400,0,0
5.229066500,1,0
5.229071600,0,0
5.229072800,0,1
5.229076700,1,1
5.229081700,0,1
5.229082700,0,0
5.229086900,1,0
5.229091900,0,0
5.229093100,0,1
5.229097100,1,1
5.229102100,0,1
5.229107300,1,1
5.229112300,0,1
5.229112500,0,0
5.229117400,1,0
5.229122500,0,0
5.229122900,0,1
5.229127600,1,1
5.229134700,1,0
5.229140700,0,0
5.229141800,0,1
5.229145800,1,1
5.229150900,0,1
5.229151900,0,0
5.229156000,1,0
5.229161000,0,0
5.229162200,0,1
5.229166200,1,1
5.229171200,0,1
5.229172200,0,0
5.229176400,1,0
5.229181400,0,0
5.229186600,1,0
5.229191600,0,0
5.229196700,1,0
5.229201800,0,0
5.229206900,1,0
5.229212000,0,0
5.229213200,0,1
5.229217100,1,1
5.229222100,0,1
5.229222400,0,0
5.229227300,1,0
5.229232300,0,0
5.229237500,1,0
5.229242500,0,0
5.229247700,1,0
5.229252700,0,0
5.229253100,0,1
5.229257900,1,1
5.229262900,0,1
5.229263100,0,0
5.229268000,1,0
5.229273100,0,0
5.229278200,1,0
5.229283300,0,0
5.229288400,1,0
5.229293400,0,0
5.229293900,0,1
5.229298600,1,1
5.229303600,0,1
5.229308800,1,1
5.229313800,0,1
5.229319000,1,1
5.229324000,0,1
5.229325000,0,0
5.229329200,1,0
5.229335400,1,1
5.229724200,1,0
5.229730200,0,0
5.229731300,0,1
5.229735300,1,1
5.229740400,0,1
5.229741400,0,0
5.229745500,1,0
5.229750500,0,0
5.229751700,0,1
5.229755700,1,1
5.229760700,0,1
5.229761700,0,0
5.229765900,1,0
5.229770900,0,0
5.229776100,1,0
5.229781100,0,0
5.229786300,1,0
5.229791300,0,0
5.229796400,1,0
5.229801500,0,0
5.229806600,1,0
5.229811700,0,0
5.229816800,1,0
5.229821800,0,0
5.229822300,0,1
5.229827000,1,1
5.229832000,0,1
5.229833000,0,0
5.229837200,1,0
5.229842200,0,0
5.229847400,1,0
5.229852400,0,0
5.229857600,1,0
5.229862600,0,0
5.229863800,0,1
5.229867700,1,1
5.229872800,0,1
5.229873800,0,0
5.229877900,1,0
5.229883000,0,0
5.229884100,0,1
5.229888100,1,1
5.229893100,0,1
5.229898300,1,1
5.229903300,0,1
5.229903600,0,0
5.229908500,1,0
5.229913500,0,0
5.229913900,0,1
5.229918700,1,1
5.229925700,1,0
5.229931700,0,0
5.229932900,0,1
5.229936800,1,1
5.229941900,0,1
5.229942900,0,0
5.229947000,1,0
5.229952100,0,0
5.229953200,0,1
5.229957200,1,1
5.229962300,0,1
5.229963300,0,0
5.229967400,1,0
5.229972400,0,0
5.229977600,1,0
5.229982600,0,0
5.229987800,1,0
5.229992800,0,0
5.229998000,1,0
5.230003000,0,0
5.230004200,0,1
5.230008100,1,1
5.230013200,0,1
5.230013400,0,0
5.230018300,1,0
5.230023400,0,0
5.230028500,1,0
5.230033500,0,0
5.230038700,1,0
5.230043700,0,0
5.230044100,0,1
5.230048900,1,1
5.230053900,0,1
5.230054200,0,0
5.230059100,1,0
5.230064100,0,0
5.230069300,1,0
5.230074300,0,0
5.230079400,1,0
5.230084500,0,0
5.230084900,0,1
5.230089600,1,1
5.230094700,0,1
5.230099800,1,1
5.230104800,0,1
5.230110000,1,1
5.230115000,0,1
5.230116000,0,0
5.230120200,1,0
5.230126400,1,1
5.230532200,1,0
5.230538200,0,0
5.230539400,0,1
5.230543300,1,1
5.230548400,0,1
5.230549400,0,0
5.230553500,1,0
5.230558600,0,0
5.230559800,0,1
5.230563700,1,1
5.230568800,0,1
5.230569800,0,0
5.230573900,1,0
5.230578900,0,0
5.230584100,1,0
5.230589100,0,0
5.230594300,1,0
5.230599300,0,0
5.230604500,1,0
5.230609500,0,0
5.230614700,1,0
5.230619700,0,0
5.230624800,1,0
5.230629900,0,0
5.230630300,0,1
5.230635000,1,1
5.230640100,0,1
5.230641100,0,0
5.230645200,1,0
5.230650200,0,0
5.230655400,1,0
5.230660400,0,0
5.230665600,1,0
5.230670600,0,0
5.230671800,0,1
5.230675800,1,1
5.230680800,0,1
5.230685900,1,1
5.230691000,0,1
5.230696100,1,1
5.230701200,0,1
5.230706300,1,1
5.230711400,0,1
5.230711600,0,0
5.230716500,1,0
5.230721500,0,0
5.230721900,0,1
5.230726700,1,1
5.230733700,1,0
5.230739700,0,0
5.230740900,0,1
5.230744900,1,1
5.230749900,0,1
5.230750900,0,0
5.230755100,1,0
5.230760100,0,0
5.230761300,0,1
5.230765200,1,1
5.230770300,0,1
5.230771300,0,0
5.230775400,1,0
5.230780500,0,0
5.230785600,1,0
5.230790600,0,0
5.230795800,1,0
5.230800800,0,0
5.230806000,1,0
5.230811000,0,0
5.230812200,0,1
5.230816200,1,1
5.230821200,0,1
5.230821400,0,0
5.230826400,1,0
5.230831400,0,0
5.230831800,0,1
5.230836500,1,1
5.230841600,0,1
5.230841800,0,0
5.230846700,1,0
5.230851800,0,0
5.230856900,1,0
5.230861900,0,0
5.230867100,1,0
5.230872100,0,0
5.230877300,1,0
5.230882300,0,0
5.230887500,1,0
5.230892500,0,0
5.230892900,0,1
5.230897700,1,1
5.230902700,0,1
5.230907800,1,1
5.230912900,0,1
5.230918000,1,1
5.230923100,0,1
5.230924100,0,0
5.230928200,1,0
5.230934400,1,1
5.231331200,1,0
5.231337200,0,0
5.231338400,0,1
5.231342400,1,1
5.231347400,0,1
5.231348400,0,0
5.231352600,1,0
5.231357600,0,0
5.231358800,0,1
5.231362800,1,1
5.231367800,0,1
5.231368800,0,0
5.231372900,1,0
5.231378000,0,0
5.231383100,1,0
5.231388200,0,0
5.231393300,1,0
5.231398300,0,0
5.231403500,1,0
5.231408500,0,0
5.231413700,1,0
5.231418700,0,0
5.231423900,1,0
5.231428900,0,0
5.231429300,0,1
5.231434100,1,1
5.231439100,0,1
5.231440100,0,0
5.231444200,1,0
5.231449300,0,0
5.231454400,1,0
5.231459500,0,0
5.231464600,1,0
5.231469600,0,0
5.231470900,0,1
5.231474800,1,1
5.231479800,0,1
5.231485000,1,1
5.231490000,0,1
5.231495200,1,1
5.231500200,0,1
5.231505300,1,1
5.231510400,0,1
5.231510600,0,0
5.231515500,1,0
5.231520600,0,0
5.231520900,0,1
5.231525700,1,1
5.231532800,1,0
5.231538800,0,0
5.231539900,0,1
5.231543900,1,1
5.231548900,0,1
5.231549900,0,0
5.231554100,1,0
5.231559100,0,0
5.231560300,0,1
5.231564300,1,1
5.231569300,0,1
5.231570300,0,0
5.231574500,1,0
5.231579500,0,0
5.231584600,1,0
5.231589700,0,0
5.231594800,1,0
5.231599900,0,0
5.231605000,1,0
5.231610000,0,0
5.231611300,0,1
5.231615200,1,1
5.231620200,0,1
5.231620500,0,0
5.231625400,1,0
5.231630400,0,0
5.231630800,0,1
5.231635600,1,1
5.231640600,0,1
5.231640800,0,0
5.231645800,1,0
5.231650800,0,0
5.231655900,1,0
5.231661000,0,0
5.231666100,1,0
5.231671200,0,0
5.231676300,1,0
5.231681300,0,0
5.231686500,1,0
5.231691500,0,0
5.231691900,0,1
5.231696700,1,1
5.231701700,0,1
5.231706900,1,1
5.231711900,0,1
5.231717100,1,1
5.231722100,0,1
5.231723100,0,0
5.231727200,1,0
5.231733400,1,1
5.232129300,1,0
5.232135300,0,0
5.232136400,0,1
5.232140400,1,1
5.232145500,0,1
5.232146500,0,0
5.232150600,1,0
5.232155600,0,0
5.232156800,0,1
5.232160800,1,1
5.232165800,0,1
5.232166800,0,0
5.232171000,1,0
5.232176000,0,0
5.232181200,1,0
5.232186200,0,0
5.232191300,1,0
5.232196400,0,0
5.232201500,1,0
5.232206600,0,0
5.232211700,1,0
5.232216700,0,0
5.232221900,1,0
5.232226900,0,0
5.232227300,0,1
5.232232100,1,1
5.232237100,0,1
5.232238100,0,0
5.232242300,1,0
5.232247300,0,0
5.232252500,1,0
5.232257500,0,0
5.232262600,1,0
5.232267700,0,0
5.232268900,0,1
5.232272800,1,1
5.232277900,0,1
5.232283000,1,1
5.232288000,0,1
5.232293200,1,1
5.232298200,0,1
5.232303400,1,1
5.232308400,0,1
5.232308600,0,0
5.232313600,1,0
5.232318600,0,0
5.232319000,0,1
5.232323700,1,1
5.232330800,1,0
5.232336800,0,0
5.232338000,0,1
5.232341900,1,1
5.232347000,0,1
5.232348000,0,0
5.232352100,1,0
5.232357200,0,0
5.232358300,0,1
5.232362300,1,1
5.232367300,0,1
5.232368300,0,0
5.232372500,1,0
5.232377500,0,0
5.232382700,1,0
5.232387700,0,0
5.232392900,1,0
5.232397900,0,0
5.232403000,1,0
5.232408100,0,0
5.232409300,0,1
5.232413200,1,1
5.232418300,0,1
5.232418500,0,0
5.232423400,1,0
5.232428400,0,0
5.232428800,0,1
5.232433600,1,1
5.232438600,0,1
5.232438900,0,0
5.232443800,1,0
5.232448800,0,0
5.232454000,1,0
5.232459000,0,0
5.232464200,1,0
5.232469200,0,0
5.232474300,1,0
5.232479400,0,0
5.232484500,1,0
5.232489600,0,0
5.232490000,0,1
5.232494700,1,1
5.232499700,0,1
5.232504900,1,1
5.232509900,0,1
5.232515100,1,1
5.232520100,0,1
5.232521100,0,0
5.232525300,1,0
5.232531500,1,1
5.232920300,1,0
5.232926300,0,0
5.232927500,0,1
5.232931400,1,1
5.232936500,0,1
5.232937500,0,0
5.232941600,1,0
5.232946700,0,0
5.232947800,0,1
5.232951800,1,1
5.232956800,0,1
5.232957800,0,0
5.232962000,1,0
5.232967000,0,0
5.232972200,1,0
5.232977200,0,0
5.232982400,1,0
5.232987400,0,0
5.232992600,1,0
5.232997600,0,0
5.233002700,1,0
5.233007800,0,0
5.233012900,1,0
5.233018000,0,0
5.233018400,0,1
5.233023100,1,1
5.233028100,0,1
5.233029100,0,0
5.233033300,1,0
5.233038300,0,0
5.233043500,1,0
5.233048500,0,0
5.233053700,1,0
5.233058700,0,0
5.233059900,0,1
5.233063900,1,1
5.233068900,0,1
5.233074000,1,1
5.233079100,0,1
5.233084200,1,1
5.233089300,0,1
5.233094400,1,1
5.233099400,0,1
5.233099700,0,0
5.233104600,1,0
5.233109600,0,0
5.233110000,0,1
5.233114800,1,1
5.233121800,1,0
5.233127800,0,0
5.233129000,0,1
5.233132900,1,1
5.233138000,0,1
5.233139000,0,0
5.233143100,1,0
5.233148200,0,0
5.233149400,0,1
5.233153300,1,1
5.233158400,0,1
5.233159400,0,0
5.233163500,1,0
5.233168600,0,0
5.233173700,1,0
5.233178700,0,0
5.233183900,1,0
5.233188900,0,0
5.233194100,1,0
5.233199100,0,0
5.233200300,0,1
5.233204300,1,1
5.233209300,0,1
5.233209500,0,0
5.233214400,1,0
5.233219500,0,0
5.233219900,0,1
5.233224600,1,1
5.233229700,0,1
5.233229900,0,0
5.233234800,1,0
5.233239800,0,0
5.233245000,1,0
5.233250000,0,0
5.233255200,1,0
5.233260200,0,0
5.233265400,1,0
5.233270400,0,0
5.233275600,1,0
5.233280600,0,0
5.233281000,0,1
5.233285700,1,1
5.233290800,0,1
5.233295900,1,1
5.233301000,0,1
5.233306100,1,1
5.233311100,0,1
5.233312100,0,0
5.233316300,1,0
5.233322500,1,1
5.233718300,1,0
5.233724300,0,0
5.233725500,0,1
5.233729400,1,1
5.233734500,0,1
5.233735500,0,0
5.233739600,1,0
5.233744700,0,0
5.233745900,0,1
5.233749800,1,1
5.233754900,0,1
5.233755900,0,0
5.233760000,1,0
5.233765100,0,0
5.233770200,1,0
5.233775200,0,0
5.233780400,1,0
5.233785400,0,0
5.233790600,1,0
5.233795600,0,0
5.233800800,1,0
5.233805800,0,0
5.233811000,1,0
5.233816000,0,0
5.233816400,0,1
5.233821100,1,1
5.233826200,0,1
5.233827200,0,0
5.233831300,1,0
5.233836400,0,0
5.233841500,1,0
5.233846500,0,0
5.233851700,1,0
5.233856700,0,0
5.233857900,0,1
5.233861900,1,1
5.233866900,0,1
5.233872100,1,1
5.233877100,0,1
5.233882200,1,1
5.233887300,0,1
5.233892400,1,1
5.233897500,0,1
5.233897700,0,0
5.233902600,1,0
5.233907700,0,0
5.233908000,0,1
5.233912800,1,1
5.233919800,1,0
5.233925800,0,0
5.233927000,0,1
5.233931000,1,1
5.233936000,0,1
5.233937000,0,0
5.233941200,1,0
5.233946200,0,0
5.233947400,0,1
5.233951400,1,1
5.233956400,0,1
5.233957400,0,0
5.233961500,1,0
5.233966600,0,0
5.233971700,1,0
5.233976800,0,0
5.233981900,1,0
5.233987000,0,0
5.233992100,1,0
5.233997100,0,0
5.233998300,0,1
5.234002300,1,1
5.234007300,0,1
5.234007500,0,0
5.234012500,1,0
5.234017500,0,0
5.234017900,0,1
5.234022700,1,1
5.234027700,0,1
5.234027900,0,0
5.234032800,1,0
5.234037900,0,0
5.234043000,1,0
5.234048100,0,0
5.234053200,1,0
5.234058200,0,0
5.234063400,1,0
5.234068400,0,0
5.234073600,1,0
5.234078600,0,0
5.234079000,0,1
5.234083800,1,1
5.234088800,0,1
5.234094000,1,1
5.234099000,0,1
5.234104100,1,1
5.234109200,0,1
5.234110200,0,0
5.234114300,1,0
5.234120500,1,1
5.234516400,1,0
5.234522400,0,0
5.234523500,0,1
5.234527500,1,1
5.234532500,0,1
5.234533500,0,0
5.234537700,1,0
5.234542700,0,0
5.234543900,0,1
5.234547900,1,1
5.234552900,0,1
5.234553900,0,0
5.234558100,1,0
5.234563100,0,0
5.234568200,1,0
5.234573300,0,0
5.234578400,1,0
5.234583500,0,0
5.234588600,1,0
5.234593600,0,0
5.234598800,1,0
5.234603800,0,0
5.234609000,1,0
5.234614000,0,0
5.234614400,0,1
5.234619200,1,1
5.234624200,0,1
5.234625200,0,0
5.234629400,1,0
5.234634400,0,0
5.234639500,1,0
5.234644600,0,0
5.234649700,1,0
5.234654800,0,0
5.234656000,0,1
5.234659900,1,1
5.234664900,0,1
5.234670100,1,1
5.234675100,0,1
5.234680300,1,1
5.234685300,0,1
5.234690500,1,1
5.234695500,0,1
5.234695700,0,0
5.234700700,1,0
5.234705700,0,0
5.234706100,0,1
5.234710800,1,1
5.234717900,1,0
5.234723900,0,0
5.234725000,0,1
5.234729000,1,1
5.234734100,0,1
5.234735100,0,0
5.234739200,1,0
5.234744200,0,0
5.234745400,0,1
5.234749400,1,1
5.234754400,0,1
5.234755400,0,0
5.234759600,1,0
5.234764600,0,0
5.234769800,1,0
5.234774800,0,0
5.234779900,1,0
5.234785000,0,0
5.234790100,1,0
5.234795200,0,0
5.234796400,0,1
5.234800300,1,1
5.234805300,0,1
5.234805600,0,0
5.234810500,1,0
5.234815500,0,0
5.234815900,0,1
5.234820700,1,1
5.234825700,0,1
5.234826000,0,0
5.234830900,1,0
5.234835900,0,0
5.234841100,1,0
5.234846100,0,0
5.234851200,1,0
5.234856300,0,0
5.234861400,1,0
5.234866500,0,0
5.234871600,1,0
5.234876600,0,0
5.234877100,0,1
5.234881800,1,1
5.234886800,0,1
5.234892000,1,1
5.234897000,0,1
5.234902200,1,1
5.234907200,0,1
5.234908200,0,0
5.234912400,1,0
5.234918600,1,1
5.235314400,1,0
5.235320400,0,0
5.235321500,0,1
5.235325500,1,1
5.235330600,0,1
5.235331600,0,0
5.235335700,1,0
5.235340800,0,0
5.235341900,0,1
5.235345900,1,1
5.235350900,0,1
5.235351900,0,0
5.235356100,1,0
5.235361100,0,0
5.235366300,1,0
5.235371300,0,0
5.235376500,1,0
5.235381500,0,0
5.235386600,1,0
5.235391700,0,0
5.235396800,1,0
5.235401900,0,0
5.235407000,1,0
5.235412000,0,0
5.235412500,0,1
5.235417200,1,1
5.235422200,0,1
5.235423200,0,0
5.235427400,1,0
5.235432400,0,0
5.235437600,1,0
5.235442600,0,0
5.235447800,1,0
5.235452800,0,0
5.235454000,0,1
5.235457900,1,1
5.235463000,0,1
5.235468100,1,1
5.235473200,0,1
5.235478300,1,1
5.235483300,0,1
5.235488500,1,1
5.235493500,0,1
5.235493800,0,0
5.235498700,1,0
5.235503700,0,0
5.235504100,0,1
5.235508900,1,1
5.235515900,1,0
5.235521900,0,0
5.235523100,0,1
5.235527000,1,1
5.235532100,0,1
5.235533100,0,0
5.235537200,1,0
5.235542300,0,0
5.235543500,0,1
5.235547400,1,1
5.235552500,0,1
5.235553500,0,0
5.235557600,1,0
5.235562600,0,0
5.235567800,1,0
5.235572800,0,0
5.235578000,1,0
5.235583000,0,0
5.235588200,1,0
5.235593200,0,0
5.235594400,0,1
5.235598300,1,1
5.235603400,0,1
5.235603600,0,0
5.235608500,1,0
5.235613600,0,0
5.235614000,0,1
5.235618700,1,1
5.235623700,0,1
5.235624000,0,0
5.235628900,1,0
5.235633900,0,0
5.235639100,1,0
5.235644100,0,0
5.235649300,1,0
5.235654300,0,0
5.235659500,1,0
5.235664500,0,0
5.235669600,1,0
5.235674700,0,0
5.235675100,0,1
5.235679800,1,1
5.235684900,0,1
5.235690000,1,1
5.235695000,0,1
5.235700200,1,1
5.235705200,0,1
5.235706200,0,0
5.235710400,1,0
5.235716600,1,1
5.236107400,1,0
5.236113400,0,0
5.236114600,0,1
5.236118500,1,1
5.236123600,0,1
5.236124600,0,0
5.236128700,1,0
5.236133800,0,0
5.236135000,0,1
5.236138900,1,1
5.236144000,0,1
5.236145000,0,0
5.236149100,1,0
5.236154100,0,0
5.236159300,1,0
5.236164300,0,0
5.236169500,1,0
5.236174500,0,0
5.236179700,1,0
5.236184700,0,0
5.236189900,1,0
5.236194900,0,0
5.236200000,1,0
5.236205100,0,0
5.236205500,0,1
5.236210200,1,1
5.236215300,0,1
5.236216300,0,0
5.236220400,1,0
5.236225400,0,0
5.236230600,1,0
5.236235600,0,0
5.236236800,0,1
5.236240800,1,1
5.236245800,0,1
5.236246800,0,0
5.236251000,1,0
5.236256000,0,0
5.236261200,1,0
5.236266200,0,0
5.236267400,0,1
5.236271300,1,1
5.236276400,0,1
5.236281500,1,1
5.236286600,0,1
5.236286800,0,0
5.236291700,1,0
5.236296700,0,0
5.236297100,0,1
5.236301900,1,1
5.236308900,1,0
5.236314900,0,0
5.236316100,0,1
5.236320100,1,1
5.236325100,0,1
5.236326100,0,0
5.236330300,1,0
5.236335300,0,0
5.236336500,0,1
5.236340400,1,1
5.236345500,0,1
5.236346500,0,0
5.236350600,1,0
5.236355700,0,0
5.236360800,1,0
5.236365900,0,0
5.236371000,1,0
5.236376000,0,0
5.236381200,1,0
5.236386200,0,0
5.236387400,0,1
5.236391400,1,1
5.236396400,0,1
5.236396600,0,0
5.236401600,1,0
5.236406600,0,0
5.236411700,1,0
5.236416800,0,0
5.236417200,0,1
5.236421900,1,1
5.236427000,0,1
5.236432100,1,1
5.236437100,0,1
5.236437400,0,0
5.236442300,1,0
5.236447300,0,0
5.236452500,1,0
5.236457500,0,0
5.236457900,0,1
5.236462700,1,1
5.236467700,0,1
5.236472900,1,1
5.236477900,0,1
5.236483000,1,1
5.236488100,0,1
5.236493200,1,1
5.236498300,0,1
5.236499300,0,0
5.236503400,1,0
5.236509600,1,1
5.236906400,1,0
5.236912400,0,0
5.236913600,0,1
5.236917600,1,1
5.236922600,0,1
5.236923600,0,0
5.236927800,1,0
5.236932800,0,0
5.236934000,0,1
5.236938000,1,1
5.236943000,0,1
5.236944000,0,0
5.236948100,1,0
5.236953200,0,0
5.236958300,1,0
5.236963400,0,0
5.236968500,1,0
5.236973500,0,0
5.236978700,1,0
5.236983700,0,0
5.236988900,1,0
5.236993900,0,0
5.236999100,1,0
5.237004100,0,0
5.237004500,0,1
5.237009300,1,1
5.237014300,0,1
5.237015300,0,0
5.237019400,1,0
5.237024500,0,0
5.237029600,1,0
5.237034700,0,0
5.237035900,0,1
5.237039800,1,1
5.237044800,0,1
5.237045800,0,0
5.237050000,1,0
5.237055000,0,0
5.237060200,1,0
5.237065200,0,0
5.237066400,0,1
5.237070400,1,1
5.237075400,0,1
5.237080600,1,1
5.237085600,0,1
5.237085800,0,0
5.237090700,1,0
5.237095800,0,0
5.237096200,0,1
5.237100900,1,1
5.237108000,1,0
5.237114000,0,0
5.237115100,0,1
5.237119100,1,1
5.237124100,0,1
5.237125100,0,0
5.237129300,1,0
5.237134300,0,0
5.237135500,0,1
5.237139500,1,1
5.237144500,0,1
5.237145500,0,0
5.237149700,1,0
5.237154700,0,0
5.237159800,1,0
5.237164900,0,0
5.237170000,1,0
5.237175100,0,0
5.237180200,1,0
5.237185300,0,0
5.237186500,0,1
5.237190400,1,1
5.237195400,0,1
5.237195700,0,0
5.237200600,1,0
5.237205600,0,0
5.237210800,1,0
5.237215800,0,0
5.237216200,0,1
5.237221000,1,1
5.237226000,0,1
5.237231100,1,1
5.237236200,0,1
5.237236400,0,0
5.237241300,1,0
5.237246400,0,0
5.237251500,1,0
5.237256500,0,0
5.237257000,0,1
5.237261700,1,1
5.237266700,0,1
5.237271900,1,1
5.237276900,0,1
5.237282100,1,1
5.237287100,0,1
5.237292300,1,1
5.237297300,0,1
5.237298300,0,0
5.237302400,1,0
5.237308600,1,1
5.237704500,1,0
5.237710500,0,0
5.237711600,0,1
5.237715600,1,1
5.237720700,0,1
5.237721700,0,0
5.237725800,1,0
5.237730800,0,0
5.237732000,0,1
5.237736000,1,1
5.237741000,0,1
5.237742000,0,0
5.237746200,1,0
5.237751200,0,0
5.237756400,1,0
5.237761400,0,0
5.237766500,1,0
5.237771600,0,0
5.237776700,1,0
5.237781800,0,0
5.237786900,1,0
5.237791900,0,0
5.237797100,1,0
5.237802100,0,0
5.237802500,0,1
5.237807300,1,1
5.237812300,0,1
5.237813300,0,0
5.237817500,1,0
5.237822500,0,0
5.237827700,1,0
5.237832700,0,0
5.237833900,0,1
5.237837800,1,1
5.237842900,0,1
5.237843900,0,0
5.237848000,1,0
5.237853100,0,0
5.237858200,1,0
5.237863200,0,0
5.237864400,0,1
5.237868400,1,1
5.237873400,0,1
5.237878600,1,1
5.237883600,0,1
5.237883800,0,0
5.237888800,1,0
5.237893800,0,0
5.237894200,0,1
5.237898900,1,1
5.237906000,1,0
5.237912000,0,0
5.237913200,0,1
5.237917100,1,1
5.237922200,0,1
5.237923200,0,0
5.237927300,1,0
5.237932400,0,0
5.237933500,0,1
5.237937500,1,1
5.237942500,0,1
5.237943500,0,0
5.237947700,1,0
5.237952700,0,0
5.237957900,1,0
5.237962900,0,0
5.237968100,1,0
5.237973100,0,0
5.237978200,1,0
5.237983300,0,0
5.237984500,0,1
5.237988400,1,1
5.237993500,0,1
5.237993700,0,0
5.237998600,1,0
5.238003600,0,0
5.238008800,1,0
5.238013800,0,0
5.238014200,0,1
5.238019000,1,1
5.238024000,0,1
5.238029200,1,1
5.238034200,0,1
5.238034400,0,0
5.238039400,1,0
5.238044400,0,0
5.238049500,1,0
5.238054600,0,0
5.238055000,0,1
5.238059700,1,1
5.238064800,0,1
5.238069900,1,1
5.238074900,0,1
5.238080100,1,1
5.238085100,0,1
5.238090300,1,1
5.238095300,0,1
5.238096300,0,0
5.238100500,1,0
5.238106700,1,1
5.238501500,1,0
5.238507500,0,0
5.238508700,0,1
5.238512600,1,1
5.238517700,0,1
5.238518700,0,0
5.238522800,1,0
5.238527900,0,0
5.238529000,0,1
5.238533000,1,1
5.238538100,0,1
5.238539100,0,0
5.238543200,1,0
5.238548200,0,0
5.238553400,1,0
5.238558400,0,0
5.238563600,1,0
5.238568600,0,0
5.238573800,1,0
5.238578800,0,0
5.238583900,1,0
5.238589000,0,0
5.238594100,1,0
5.238599200,0,0
5.238599600,0,1
5.238604300,1,1
5.238609300,0,1
5.238610300,0,0
5.238614500,1,0
5.238619500,0,0
5.238624700,1,0
5.238629700,0,0
5.238630900,0,1
5.238634900,1,1
5.238639900,0,1
5.238640900,0,0
5.238645100,1,0
5.238650100,0,0
5.238651300,0,1
5.238655200,1,1
5.238660300,0,1
5.238661300,0,0
5.238665400,1,0
5.238670500,0,0
5.238675600,1,0
5.238680600,0,0
5.238685800,1,0
5.238690800,0,0
5.238691200,0,1
5.238696000,1,1
5.238703000,1,0
5.238709000,0,0
5.238710200,0,1
5.238714100,1,1
5.238719200,0,1
5.238720200,0,0
5.238724300,1,0
5.238729400,0,0
5.238730600,0,1
5.238734500,1,1
5.238739600,0,1
5.238740600,0,0
5.238744700,1,0
5.238749800,0,0
5.238754900,1,0
5.238759900,0,0
5.238765100,1,0
5.238770100,0,0
5.238775300,1,0
5.238780300,0,0
5.238781500,0,1
5.238785500,1,1
5.238790500,0,1
5.238790700,0,0
5.238795600,1,0
5.238800700,0,0
5.238805800,1,0
5.238810900,0,0
5.238816000,1,0
5.238821000,0,0
5.238826200,1,0
5.238831200,0,0
5.238836400,1,0
5.238841400,0,0
5.238846600,1,0
5.238851600,0,0
5.238856800,1,0
5.238861800,0,0
5.238862200,0,1
5.238866900,1,1
5.238872000,0,1
5.238877100,1,1
5.238882200,0,1
5.238887300,1,1
5.238892300,0,1
5.238893300,0,0
5.238897500,1,0
5.238903700,1,1
5.239290500,1,0
5.239296500,0,0
5.239297700,0,1
5.239301600,1,1
5.239306700,0,1
5.239307700,0,0
5.239311900,1,0
5.239316900,0,0
5.239318100,0,1
5.239322000,1,1
5.239327100,0,1
5.239328100,0,0
5.239332200,1,0
5.239337300,0,0
5.239342400,1,0
5.239347500,0,0
5.239352600,1,0
5.239357600,0,0
5.239362800,1,0
5.239367800,0,0
5.239373000,1,0
5.239378000,0,0
5.239383200,1,0
5.239388200,0,0
5.239388600,0,1
5.239393300,1,1
5.239398400,0,1
5.239399400,0,0
5.239403500,1,0
5.239408600,0,0
5.239413700,1,0
5.239418700,0,0
5.239419900,0,1
5.239423900,1,1
5.239428900,0,1
5.239429900,0,0
5.239434100,1,0
5.239439100,0,0
5.239440300,0,1
5.239444300,1,1
5.239449300,0,1
5.239450300,0,0
5.239454500,1,0
5.239459500,0,0
5.239460700,0,1
5.239464600,1,1
5.239469700,0,1
5.239469900,0,0
5.239474800,1,0
5.239479900,0,0
5.239480200,0,1
5.239485000,1,1
5.239492000,1,0
5.239498000,0,0
5.239499200,0,1
5.239503200,1,1
5.239508200,0,1
5.239509200,0,0
5.239513400,1,0
5.239518400,0,0
5.239519600,0,1
5.239523600,1,1
5.239528600,0,1
5.239529600,0,0
5.239533700,1,0
5.239538800,0,0
5.239543900,1,0
5.239549000,0,0
5.239554100,1,0
5.239559200,0,0
5.239564300,1,0
5.239569300,0,0
5.239570600,0,1
5.239574500,1,1
5.239579500,0,1
5.239579800,0,0
5.239584700,1,0
5.239589700,0,0
5.239594900,1,0
5.239599900,0,0
5.239605000,1,0
5.239610100,0,0
5.239615200,1,0
5.239620300,0,0
5.239625400,1,0
5.239630400,0,0
5.239630900,0,1
5.239635600,1,1
5.239640600,0,1
5.239645800,1,1
5.239650800,0,1
5.239651100,0,0
5.239656000,1,0
5.239661000,0,0
5.239666200,1,0
5.239671200,0,0
5.239671600,0,1
5.239676300,1,1
5.239681400,0,1
5.239682400,0,0
5.239686500,1,0
5.239692700,1,1
5.240094600,1,0
5.240100600,0,0
5.240101700,0,1
5.240105700,1,1
5.240110700,0,1
5.240111700,0,0
5.240115900,1,0
5.240120900,0,0
5.240122100,0,1
5.240126100,1,1
5.240131100,0,1
5.240132100,0,0
5.240136300,1,0
5.240141300,0,0
5.240146400,1,0
5.240151500,0,0
5.240156600,1,0
5.240161700,0,0
5.240166800,1,0
5.240171800,0,0
5.240177000,1,0
5.240182000,0,0
5.240187200,1,0
5.240192200,0,0
5.240192600,0,1
5.240197400,1,1
5.240202400,0,1
5.240203400,0,0
5.240207600,1,0
5.240212600,0,0
5.240217700,1,0
5.240222800,0,0
5.240224000,0,1
5.240227900,1,1
5.240233000,0,1
5.240234000,0,0
5.240238100,1,0
5.240243100,0,0
5.240244300,0,1
5.240248300,1,1
5.240253300,0,1
5.240258500,1,1
5.240263500,0,1
5.240264500,0,0
5.240268700,1,0
5.240273700,0,0
5.240278900,1,0
5.240283900,0,0
5.240284300,0,1
5.240289000,1,1
5.240296100,1,0
5.240302100,0,0
5.240303200,0,1
5.240307200,1,1
5.240312300,0,1
5.240313300,0,0
5.240317400,1,0
5.240322400,0,0
5.240323600,0,1
5.240327600,1,1
5.240332600,0,1
5.240333600,0,0
5.240337800,1,0
5.240342800,0,0
5.240348000,1,0
5.240353000,0,0
5.240358100,1,0
5.240363200,0,0
5.240368300,1,0
5.240373400,0,0
5.240374600,0,1
5.240378500,1,1
5.240383600,0,1
5.240383800,0,0
5.240388700,1,0
5.240393700,0,0
5.240398900,1,0
5.240403900,0,0
5.240409100,1,0
5.240414100,0,0
5.240419300,1,0
5.240424300,0,0
5.240429400,1,0
5.240434500,0,0
5.240439600,1,0
5.240444700,0,0
5.240449800,1,0
5.240454800,0,0
5.240460000,1,0
5.240465000,0,0
5.240470200,1,0
5.240475200,0,0
5.240475600,0,1
5.240480400,1,1
5.240485400,0,1
5.240486400,0,0
5.240490600,1,0
5.240496800,1,1
5.240892600,1,0
5.240898600,0,0
5.240899700,0,1
5.240903700,1,1
5.240908800,0,1
5.240909800,0,0
5.240913900,1,0
5.240919000,0,0
5.240920100,0,1
5.240924100,1,1
5.240929100,0,1
5.240930100,0,0
5.240934300,1,0
5.240939300,0,0
5.240944500,1,0
5.240949500,0,0
5.240954700,1,0
5.240959700,0,0
5.240964800,1,0
5.240969900,0,0
5.240975000,1,0
5.240980100,0,0
5.240985200,1,0
5.240990200,0,0
5.240990700,0,1
5.240995400,1,1
5.241000400,0,1
5.241001400,0,0
5.241005600,1,0
5.241010600,0,0
5.241015800,1,0
5.241020800,0,0
5.241022000,0,1
5.241026000,1,1
5.241031000,0,1
5.241032000,0,0
5.241036100,1,0
5.241041200,0,0
5.241046300,1,0
5.241051400,0,0
5.241052600,0,1
5.241056500,1,1
5.241061500,0,1
5.241066700,1,1
5.241071700,0,1
5.241072000,0,0
5.241076900,1,0
5.241081900,0,0
5.241082300,0,1
5.241087100,1,1
5.241094100,1,0
5.241100100,0,0
5.241101300,0,1
5.241105200,1,1
5.241110300,0,1
5.241111300,0,0
5.241115400,1,0
5.241120500,0,0
5.241121700,0,1
5.241125600,1,1
5.241130700,0,1
5.241131700,0,0
5.241135800,1,0
5.241140800,0,0
5.241146000,1,0
5.241151000,0,0
5.241156200,1,0
5.241161200,0,0
5.241166400,1,0
5.241171400,0,0
5.241172600,0,1
5.241176500,1,1
5.241181600,0,1
5.241181800,0,0
5.241186700,1,0
5.241191800,0,0
5.241196900,1,0
5.241201900,0,0
5.241202400,0,1
5.241207100,1,1
5.241212100,0,1
5.241217300,1,1
5.241222300,0,1
5.241222600,0,0
5.241227500,1,0
5.241232500,0,0
5.241237700,1,0
5.241242700,0,0
5.241243100,0,1
5.241247800,1,1
5.241252900,0,1
5.241258000,1,1
5.241263100,0,1
5.241268200,1,1
5.241273200,0,1
5.241278400,1,1
5.241283400,0,1
5.241284400,0,0
5.241288600,1,0
5.241294800,1,1
5.241692600,1,0
5.241698600,0,0
5.241699800,0,1
5.241703700,1,1
5.241708800,0,1
5.241709800,0,0
5.241713900,1,0
5.241719000,0,0
5.241720200,0,1
5.241724100,1,1
5.241729200,0,1
5.241730200,0,0
5.241734300,1,0
5.241739400,0,0
5.241744500,1,0
5.241749500,0,0
5.241754700,1,0
5.241759700,0,0
5.241764900,1,0
5.241769900,0,0
5.241775100,1,0
5.241780100,0,0
5.241785200,1,0
5.241790300,0,0
5.241790700,0,1
5.241795400,1,1
5.241800500,0,1
5.241801500,0,0
5.241805600,1,0
5.241810600,0,0
5.241815800,1,0
5.241820800,0,0
5.241822000,0,1
5.241826000,1,1
5.241831000,0,1
5.241836200,1,1
5.241841200,0,1
5.241842200,0,0
5.241846400,1,0
5.241851400,0,0
5.241852600,0,1
5.241856500,1,1
5.241861600,0,1
5.241862600,0,0
5.241866700,1,0
5.241871800,0,0
5.241876900,1,0
5.241881900,0,0
5.241882300,0,1
5.241887100,1,1
5.241894100,1,0
5.241900100,0,0
5.241901300,0,1
5.241905300,1,1
5.241910300,0,1
5.241911300,0,0
5.241915500,1,0
5.241920500,0,0
5.241921700,0,1
5.241925600,1,1
5.241930700,0,1
5.241931700,0,0
5.241935800,1,0
5.241940900,0,0
5.241946000,1,0
5.241951100,0,0
5.241956200,1,0
5.241961200,0,0
5.241966400,1,0
5.241971400,0,0
5.241972600,0,1
5.241976600,1,1
5.241981600,0,1
5.241981800,0,0
5.241986800,1,0
5.241991800,0,0
5.241996900,1,0
5.242002000,0,0
5.242007100,1,0
5.242012200,0,0
5.242012600,0,1
5.242017300,1,1
5.242022300,0,1
5.242027500,1,1
5.242032500,0,1
5.242037700,1,1
5.242042700,0,1
5.242047900,1,1
5.242052900,0,1
5.242053100,0,0
5.242058100,1,0
5.242063100,0,0
5.242068200,1,0
5.242073300,0,0
5.242073700,0,1
5.242078400,1,1
5.242083500,0,1
5.242084500,0,0
5.242088600,1,0
5.242094800,1,1
5.242487600,1,0
5.242493600,0,0
5.242494800,0,1
5.242498800,1,1
5.242503800,0,1
5.242504800,0,0
5.242509000,1,0
5.242514000,0,0
5.242515200,0,1
5.242519200,1,1
5.242524200,0,1
5.242525200,0,0
5.242529300,1,0
5.242534400,0,0
5.242539500,1,0
5.242544600,0,0
5.242549700,1,0
5.242554800,0,0
5.242559900,1,0
5.242564900,0,0
5.242570100,1,0
5.242575100,0,0
5.242580300,1,0
5.242585300,0,0
5.242585700,0,1
5.242590500,1,1
5.242595500,0,1
5.242596500,0,0
5.242600600,1,0
5.242605700,0,0
5.242610800,1,0
5.242615900,0,0
5.242617100,0,1
5.242621000,1,1
5.242626000,0,1
5.242631200,1,1
5.242636200,0,1
5.242637200,0,0
5.242641400,1,0
5.242646400,0,0
5.242651600,1,0
5.242656600,0,0
5.242657800,0,1
5.242661800,1,1
5.242666800,0,1
5.242667000,0,0
5.242671900,1,0
5.242677000,0,0
5.242677400,0,1
5.242682100,1,1
5.242689200,1,0
5.242695200,0,0
5.242696300,0,1
5.242700300,1,1
5.242705300,0,1
5.242706300,0,0
5.242710500,1,0
5.242715500,0,0
5.242716700,0,1
5.242720700,1,1
5.242725700,0,1
5.242726700,0,0
5.242730900,1,0
5.242735900,0,0
5.242741000,1,0
5.242746100,0,0
5.242751200,1,0
5.242756300,0,0
5.242761400,1,0
5.242766500,0,0
5.242767700,0,1
5.242771600,1,1
5.242776600,0,1
5.242776900,0,0
5.242781800,1,0
5.242786800,0,0
5.242792000,1,0
5.242797000,0,0
5.242802200,1,0
5.242807200,0,0
5.242812300,1,0
5.242817400,0,0
5.242822500,1,0
5.242827600,0,0
5.242832700,1,0
5.242837700,0,0
5.242842900,1,0
5.242847900,0,0
5.242853100,1,0
5.242858100,0,0
5.242863300,1,0
5.242868300,0,0
5.242868700,0,1
5.242873500,1,1
5.242878500,0,1
5.242879500,0,0
5.242883600,1,0
5.242889900,1,1
5.243288700,1,0
5.243294700,0,0
5.243295800,0,1
5.243299800,1,1
5.243304900,0,1
5.243305900,0,0
5.243310000,1,0
5.243315000,0,0
5.243316200,0,1
5.243320200,1,1
5.243325200,0,1
5.243326200,0,0
5.243330400,1,0
5.243335400,0,0
5.243340600,1,0
5.243345600,0,0
5.243350700,1,0
5.243355800,0,0
5.243360900,1,0
5.243366000,0,0
5.243371100,1,0
5.243376100,0,0
5.243381300,1,0
5.243386300,0,0
5.243386800,0,1
5.243391500,1,1
5.243396500,0,1
5.243397500,0,0
5.243401700,1,0
5.243406700,0,0
5.243411900,1,0
5.243416900,0,0
5.243418100,0,1
5.243422000,1,1
5.243427100,0,1
5.243432200,1,1
5.243437300,0,1
5.243438300,0,0
5.243442400,1,0
5.243447400,0,0
5.243448600,0,1
5.243452600,1,1
5.243457600,0,1
5.243462800,1,1
5.243467800,0,1
5.243468000,0,0
5.243473000,1,0
5.243478000,0,0
5.243478400,0,1
5.243483200,1,1
5.243490200,1,0
5.243496200,0,0
5.243497400,0,1
5.243501300,1,1
5.243506400,0,1
5.243507400,0,0
5.243511500,1,0
5.243516600,0,0
5.243517700,0,1
5.243521700,1,1
5.243526700,0,1
5.243527700,0,0
5.243531900,1,0
5.243536900,0,0
5.243542100,1,0
5.243547100,0,0
5.243552300,1,0
5.243557300,0,0
5.243562400,1,0
5.243567500,0,0
5.243568700,0,1
5.243572600,1,1
5.243577700,0,1
5.243577900,0,0
5.243582800,1,0
5.243587900,0,0
5.243593000,1,0
5.243598000,0,0
5.243598400,0,1
5.243603200,1,1
5.243608200,0,1
5.243613400,1,1
5.243618400,0,1
5.243618600,0,0
5.243623600,1,0
5.243628600,0,0
5.243633700,1,0
5.243638800,0,0
5.243639200,0,1
5.243643900,1,1
5.243649000,0,1
5.243654100,1,1
5.243659100,0,1
5.243664300,1,1
5.243669300,0,1
5.243674500,1,1
5.243679500,0,1
5.243680500,0,0
5.243684700,1,0
5.243690900,1,1
5.244087700,1,0
5.244093700,0,0
5.244094900,0,1
5.244098800,1,1
5.244103900,0,1
5.244104900,0,0
5.244109000,1,0
5.244114100,0,0
5.244115300,0,1
5.244119200,1,1
5.244124300,0,1
5.244125300,0,0
5.244129400,1,0
5.244134400,0,0
5.244139600,1,0
5.244144600,0,0
5.244149800,1,0
5.244154800,0,0
5.244160000,1,0
5.244165000,0,0
5.244170100,1,0
5.244175200,0,0
5.244180300,1,0
5.244185400,0,0
5.244185800,0,1
5.244190500,1,1
5.244195500,0,1
5.244196500,0,0
5.244200700,1,0
5.244205700,0,0
5.244210900,1,0
5.244215900,0,0
5.244217100,0,1
5.244221100,1,1
5.244226100,0,1
5.244231300,1,1
5.244236300,0,1
5.244237300,0,0
5.244241400,1,0
5.244246500,0,0
5.244247700,0,1
5.244251600,1,1
5.244256700,0,1
5.244261800,1,1
5.244266800,0,1
5.244267100,0,0
5.244272000,1,0
5.244277000,0,0
5.244277400,0,1
5.244282200,1,1
5.244289200,1,0
5.244295200,0,0
5.244296400,0,1
5.244300400,1,1
5.244305400,0,1
5.244306400,0,0
5.244310500,1,0
5.244315600,0,0
5.244316800,0,1
5.244320700,1,1
5.244325800,0,1
5.244326800,0,0
5.244330900,1,0
5.244336000,0,0
5.244341100,1,0
5.244346100,0,0
5.244351300,1,0
5.244356300,0,0
5.244361500,1,0
5.244366500,0,0
5.244367700,0,1
5.244371700,1,1
5.244376700,0,1
5.244376900,0,0
5.244381800,1,0
5.244386900,0,0
5.244392000,1,0
5.244397100,0,0
5.244397500,0,1
5.244402200,1,1
5.244407200,0,1
5.244412400,1,1
5.244417400,0,1
5.244417700,0,0
5.244422600,1,0
5.244427600,0,0
5.244432800,1,0
5.244437800,0,0
5.244438200,0,1
5.244443000,1,1
5.244448000,0,1
5.244453100,1,1
5.244458200,0,1
5.244463300,1,1
5.244468400,0,1
5.244473500,1,1
5.244478500,0,1
5.244479500,0,0
5.244483700,1,0
5.244489900,1,1
5.244885700,1,0
5.244891700,0,0
5.244892900,0,1
5.244896800,1,1
5.244901900,0,1
5.244902900,0,0
5.244907100,1,0
5.244912100,0,0
5.244913300,0,1
5.244917200,1,1
5.244922300,0,1
5.244923300,0,0
5.244927400,1,0
5.244932500,0,0
5.244937600,1,0
5.244942700,0,0
5.244947800,1,0
5.244952800,0,0
5.244958000,1,0
5.244963000,0,0
5.244968200,1,0
5.244973200,0,0
5.244978400,1,0
5.244983400,0,0
5.244983800,0,1
5.244988500,1,1
5.244993600,0,1
5.244994600,0,0
5.244998700,1,0
5.245003800,0,0
5.245008900,1,0
5.245013900,0,0
5.245015200,0,1
5.245019100,1,1
5.245024100,0,1
5.245029300,1,1
5.245034300,0,1
5.245035300,0,0
5.245039500,1,0
5.245044500,0,0
5.245045700,0,1
5.245049700,1,1
5.245054700,0,1
5.245059800,1,1
5.245064900,0,1
5.245065100,0,0
5.245070000,1,0
5.245075100,0,0
5.245075400,0,1
5.245080200,1,1
5.245087200,1,0
5.245093200,0,0
5.245094400,0,1
5.245098400,1,1
5.245103400,0,1
5.245104400,0,0
5.245108600,1,0
5.245113600,0,0
5.245114800,0,1
5.245118800,1,1
5.245123800,0,1
5.245124800,0,0
5.245128900,1,0
5.245134000,0,0
5.245139100,1,0
5.245144200,0,0
5.245149300,1,0
5.245154400,0,0
5.245159500,1,0
5.245164500,0,0
5.245165800,0,1
5.245169700,1,1
5.245174700,0,1
5.245175000,0,0
5.245179900,1,0
5.245184900,0,0
5.245190100,1,0
5.245195100,0,0
5.245195500,0,1
5.245200200,1,1
5.245205300,0,1
5.245210400,1,1
5.245215500,0,1
5.245215700,0,0
5.245220600,1,0
5.245225600,0,0
5.245230800,1,0
5.245235800,0,0
5.245236200,0,1
5.245241000,1,1
5.245246000,0,1
5.245251200,1,1
5.245256200,0,1
5.245261400,1,1
5.245266400,0,1
5.245271500,1,1
5.245276600,0,1
5.245277600,0,0
5.245281700,1,0
5.245287900,1,1
5.245674800,1,0
5.245680800,0,0
5.245681900,0,1
5.245685900,1,1
5.245690900,0,1
5.245691900,0,0
5.245696100,1,0
5.245701100,0,0
5.245702300,0,1
5.245706300,1,1
5.245711300,0,1
5.245712300,0,0
5.245716500,1,0
5.245721500,0,0
5.245726600,1,0
5.245731700,0,0
5.245736800,1,0
5.245741900,0,0
5.245747000,1,0
5.245752100,0,0
5.245757200,1,0
5.245762200,0,0
5.245767400,1,0
5.245772400,0,0
5.245772800,0,1
5.245777600,1,1
5.245782600,0,1
5.245783600,0,0
5.245787800,1,0
5.245792800,0,0
5.245797900,1,0
5.245803000,0,0
5.245804200,0,1
5.245808100,1,1
5.245813200,0,1
5.245818300,1,1
5.245823300,0,1
5.245828500,1,1
5.245833500,0,1
5.245834500,0,0
5.245838700,1,0
5.245843700,0,0
5.245848900,1,0
5.245853900,0,0
5.245859100,1,0
5.245864100,0,0
5.245864500,0,1
5.245869200,1,1
5.245876300,1,0
5.245882300,0,0
5.245883400,0,1
5.245887400,1,1
5.245892500,0,1
5.245893500,0,0
5.245897600,1,0
5.245902600,0,0
5.245903800,0,1
5.245907800,1,1
5.245912800,0,1
5.245913800,0,0
5.245918000,1,0
5.245923000,0,0
5.245928200,1,0
5.245933200,0,0
5.245938400,1,0
5.245943400,0,0
5.245948500,1,0
5.245953600,0,0
5.245954800,0,1
5.245958700,1,1
5.245963800,0,1
5.245964000,0,0
5.245968900,1,0
5.245973900,0,0
5.245974300,0,1
5.245979100,1,1
5.245984100,0,1
5.245989300,1,1
5.245994300,0,1
5.245994500,0,0
5.245999500,1,0
5.246004500,0,0
5.246004900,0,1
5.246009600,1,1
5.246014700,0,1
5.246019800,1,1
5.246024900,0,1
5.246025100,0,0
5.246030000,1,0
5.246035000,0,0
5.246040200,1,0
5.246045200,0,0
5.246050400,1,0
5.246055400,0,0
5.246055800,0,1
5.246060600,1,1
5.246065600,0,1
5.246066600,0,0
5.246070800,1,0
5.246077000,1,1
5.246473800,1,0
5.246479800,0,0
5.246480900,0,1
5.246484900,1,1
5.246490000,0,1
5.246491000,0,0
5.246495100,1,0
5.246500200,0,0
5.246501300,0,1
5.246505300,1,1
5.246510300,0,1
5.246511300,0,0
5.246515500,1,0
5.246520500,0,0
5.246525700,1,0
5.246530700,0,0
5.246535900,1,0
5.246540900,0,0
5.246546000,1,0
5.246551100,0,0
5.246556200,1,0
5.246561300,0,0
5.246566400,1,0
5.246571400,0,0
5.246571900,0,1
5.246576600,1,1
5.246581600,0,1
5.246582600,0,0
5.246586800,1,0
5.246591800,0,0
5.246597000,1,0
5.246602000,0,0
5.246603200,0,1
5.246607200,1,1
5.246612200,0,1
5.246617300,1,1
5.246622400,0,1
5.246623400,0,0
5.246627500,1,0
5.246632600,0,0
5.246633700,0,1
5.246637700,1,1
5.246642700,0,1
5.246647900,1,1
5.246652900,0,1
5.246653200,0,0
5.246658100,1,0
5.246663100,0,0
5.246663500,0,1
5.246668300,1,1
5.246675300,1,0
5.246681300,0,0
5.246682500,0,1
5.246686400,1,1
5.246691500,0,1
5.246692500,0,0
5.246696600,1,0
5.246701700,0,0
5.246702900,0,1
5.246706800,1,1
5.246711900,0,1
5.246712900,0,0
5.246717000,1,0
5.246722000,0,0
5.246727200,1,0
5.246732200,0,0
5.246737400,1,0
5.246742400,0,0
5.246747600,1,0
5.246752600,0,0
5.246753800,0,1
5.246757700,1,1
5.246762800,0,1
5.246763000,0,0
5.246767900,1,0
5.246773000,0,0
5.246778100,1,0
5.246783200,0,0
5.246783600,0,1
5.246788300,1,1
5.246793300,0,1
5.246798500,1,1
5.246803500,0,1
5.246803800,0,0
5.246808700,1,0
5.246813700,0,0
5.246818900,1,0
5.246823900,0,0
5.246824300,0,1
5.246829000,1,1
5.246834100,0,1
5.246839200,1,1
5.246844300,0,1
5.246849400,1,1
5.246854400,0,1
5.246859600,1,1
5.246864600,0,1
5.246865600,0,0
5.246869800,1,0
5.246876000,1,1
5.247271800,1,0
5.247277800,0,0
5.247279000,0,1
5.247282900,1,1
5.247288000,0,1
5.247289000,0,0
5.247293100,1,0
5.247298200,0,0
5.247299400,0,1
5.247303300,1,1
5.247308400,0,1
5.247309400,0,0
5.247313500,1,0
5.247318600,0,0
5.247323700,1,0
5.247328700,0,0
5.247333900,1,0
5.247338900,0,0
5.247344100,1,0
5.247349100,0,0
5.247354300,1,0
5.247359300,0,0
5.247364400,1,0
5.247369500,0,0
5.247369900,0,1
5.247374600,1,1
5.247379700,0,1
5.247380700,0,0
5.247384800,1,0
5.247389800,0,0
5.247395000,1,0
5.247400000,0,0
5.247401200,0,1
5.247405200,1,1
5.247410200,0,1
5.247415400,1,1
5.247420400,0,1
5.247425600,1,1
5.247430600,0,1
5.247431600,0,0
5.247435700,1,0
5.247440800,0,0
5.247445900,1,0
5.247451000,0,0
5.247456100,1,0
5.247461100,0,0
5.247461600,0,1
5.247466300,1,1
5.247473300,1,0
5.247479300,0,0
5.247480500,0,1
5.247484500,1,1
5.247489500,0,1
5.247490500,0,0
5.247494700,1,0
5.247499700,0,0
5.247500900,0,1
5.247504800,1,1
5.247509900,0,1
5.247510900,0,0
5.247515000,1,0
5.247520100,0,0
5.247525200,1,0
5.247530300,0,0
5.247535400,1,0
5.247540400,0,0
5.247545600,1,0
5.247550600,0,0
5.247551800,0,1
5.247555800,1,1
5.247560800,0,1
5.247561000,0,0
5.247566000,1,0
5.247571000,0,0
5.247571400,0,1
5.247576100,1,1
5.247581200,0,1
5.247586300,1,1
5.247591400,0,1
5.247591600,0,0
5.247596500,1,0
5.247601600,0,0
5.247601900,0,1
5.247606700,1,1
5.247611700,0,1
5.247616900,1,1
5.247621900,0,1
5.247622200,0,0
5.247627100,1,0
5.247632100,0,0
5.247637300,1,0
5.247642300,0,0
5.247647400,1,0
5.247652500,0,0
5.247652900,0,1
5.247657600,1,1
5.247662700,0,1
5.247663700,0,0
5.247667800,1,0
5.247674000,1,1
5.248068800,1,0
5.248074800,0,0
5.248076000,0,1
5.248080000,1,1
5.248085000,0,1
5.248086000,0,0
5.248090200,1,0
5.248095200,0,0
5.248096400,0,1
5.248100400,1,1
5.248105400,0,1
5.248106400,0,0
5.248110500,1,0
5.248115600,0,0
5.248120700,1,0
5.248125800,0,0
5.248130900,1,0
5.248136000,0,0
5.248141100,1,0
5.248146100,0,0
5.248151300,1,0
5.248156300,0,0
5.248161500,1,0
5.248166500,0,0
5.248166900,0,1
5.248171700,1,1
5.248176700,0,1
5.248177700,0,0
5.248181800,1,0
5.248186900,0,0
5.248192000,1,0
5.248197100,0,0
5.248198300,0,1
5.248202200,1,1
5.248207200,0,1
5.248212400,1,1
5.248217400,0,1
5.248222600,1,1
5.248227600,0,1
5.248228600,0,0
5.248232800,1,0
5.248237800,0,0
5.248239000,0,1
5.248243000,1,1
5.248248000,0,1
5.248248200,0,0
5.248253100,1,0
5.248258200,0,0
5.248258600,0,1
5.248263300,1,1
5.248270400,1,0
5.248276400,0,0
5.248277500,0,1
5.248281500,1,1
5.248286500,0,1
5.248287500,0,0
5.248291700,1,0
5.248296700,0,0
5.248297900,0,1
5.248301900,1,1
5.248306900,0,1
5.248307900,0,0
5.248312100,1,0
5.248317100,0,0
5.248322300,1,0
5.248327300,0,0
5.248332400,1,0
5.248337500,0,0
5.248342600,1,0
5.248347700,0,0
5.248348900,0,1
5.248352800,1,1
5.248357800,0,1
5.248358100,0,0
5.248363000,1,0
5.248368000,0,0
5.248373200,1,0
5.248378200,0,0
5.248378600,0,1
5.248383400,1,1
5.248388400,0,1
5.248388600,0,0
5.248393500,1,0
5.248398600,0,0
5.248399000,0,1
5.248403700,1,1
5.248408800,0,1
5.248413900,1,1
5.248418900,0,1
5.248424100,1,1
5.248429100,0,1
5.248429400,0,0
5.248434300,1,0
5.248439300,0,0
5.248439700,0,1
5.248444500,1,1
5.248449500,0,1
5.248454700,1,1
5.248459700,0,1
5.248460700,0,0
5.248464800,1,0
5.248471000,1,1
5.248857900,1,0
5.248863900,0,0
5.248865000,0,1
5.248869000,1,1
5.248874100,0,1
5.248875100,0,0
5.248879200,1,0
5.248884200,0,0
5.248885400,0,1
5.248889400,1,1
5.248894400,0,1
5.248895400,0,0
5.248899600,1,0
5.248904600,0,0
5.248909800,1,0
5.248914800,0,0
5.248919900,1,0
5.248925000,0,0
5.248930100,1,0
5.248935200,0,0
5.248940300,1,0
5.248945400,0,0
5.248950500,1,0
5.248955500,0,0
5.248956000,0,1
5.248960700,1,1
5.248965700,0,1
5.248966700,0,0
5.248970900,1,0
5.248975900,0,0
5.248981100,1,0
5.248986100,0,0
5.248987300,0,1
5.248991200,1,1
5.248996300,0,1
5.249001400,1,1
5.249006500,0,1
5.249011600,1,1
5.249016600,0,1
5.249021800,1,1
5.249026800,0,1
5.249027800,0,0
5.249032000,1,0
5.249037000,0,0
5.249042200,1,0
5.249047200,0,0
5.249047600,0,1
5.249052400,1,1
5.249059400,1,0
5.249065400,0,0
5.249066600,0,1
5.249070500,1,1
5.249075600,0,1
5.249076600,0,0
5.249080700,1,0
5.249085800,0,0
5.249086900,0,1
5.249090900,1,1
5.249095900,0,1
5.249096900,0,0
5.249101100,1,0
5.249106100,0,0
5.249111300,1,0
5.249116300,0,0
5.249121500,1,0
5.249126500,0,0
5.249131700,1,0
5.249136700,0,0
5.249137900,0,1
5.249141800,1,1
5.249146900,0,1
5.249147100,0,0
5.249152000,1,0
5.249157100,0,0
5.249157400,0,1
5.249162200,1,1
5.249167200,0,1
5.249172400,1,1
5.249177400,0,1
5.249177700,0,0
5.249182600,1,0
5.249187600,0,0
5.249192800,1,0
5.249197800,0,0
5.249202900,1,0
5.249208000,0,0
5.249208400,0,1
5.249213100,1,1
5.249218200,0,1
5.249218400,0,0
5.249223300,1,0
5.249228300,0,0
5.249233500,1,0
5.249238500,0,0
5.249238900,0,1
5.249243700,1,1
5.249248700,0,1
5.249249700,0,0
5.249253900,1,0
5.249260100,1,1
5.249654900,1,0
5.249660900,0,0
5.249662100,0,1
5.249666000,1,1
5.249671100,0,1
5.249672100,0,0
5.249676200,1,0
5.249681300,0,0
5.249682500,0,1
5.249686400,1,1
5.249691500,0,1
5.249692500,0,0
5.249696600,1,0
5.249701600,0,0
5.249706800,1,0
5.249711800,0,0
5.249717000,1,0
5.249722000,0,0
5.249727200,1,0
5.249732200,0,0
5.249737300,1,0
5.249742400,0,0
5.249747500,1,0
5.249752600,0,0
5.249753000,0,1
5.249757700,1,1
5.249762800,0,1
5.249763700,0,0
5.249767900,1,0
5.249772900,0,0
5.249778100,1,0
5.249783100,0,0
5.249784300,0,1
5.249788300,1,1
5.249793300,0,1
5.249798500,1,1
5.249803500,0,1
5.249808600,1,1
5.249813700,0,1
5.249818800,1,1
5.249823900,0,1
5.249829000,1,1
5.249834000,0,1
5.249834300,0,0
5.249839200,1,0
5.249844200,0,0
5.249844600,0,1
5.249849400,1,1
5.249856400,1,0
5.249862400,0,0
5.249863600,0,1
5.249867600,1,1
5.249872600,0,1
5.249873600,0,0
5.249877700,1,0
5.249882800,0,0
5.249884000,0,1
5.249887900,1,1
5.249893000,0,1
5.249894000,0,0
5.249898100,1,0
5.249903200,0,0
5.249908300,1,0
5.249913300,0,0
5.249918500,1,0
5.249923500,0,0
5.249928700,1,0
5.249933700,0,0
5.249934900,0,1
5.249938900,1,1
5.249943900,0,1
5.249944100,0,0
5.249949000,1,0
5.249954100,0,0
5.249959200,1,0
5.249964300,0,0
5.249969400,1,0
5.249974500,0,0
5.249979600,1,0
5.249984600,0,0
5.249989800,1,0
5.249994800,0,0
5.250000000,1,0
5.250005000,0,0
5.250010200,1,0
5.250015200,0,0
5.250020300,1,0
5.250025400,0,0
5.250025800,0,1
5.250030500,1,1
5.250035600,0,1
5.250040700,1,1
5.250045700,0,1
5.250046700,0,0
5.250050900,1,0
5.250057100,1,1
5.250460900,1,0
5.250466900,0,0
5.250468100,0,1
5.250472000,1,1
5.250477100,0,1
5.250478100,0,0
5.250482300,1,0
5.250487300,0,0
5.250488500,0,1
5.250492400,1,1
5.250497500,0,1
5.250498500,0,0
5.250502600,1,0
5.250507700,0,0
5.250512800,1,0
5.250517900,0,0
5.250523000,1,0
5.250528000,0,0
5.250533200,1,0
5.250538200,0,0
5.250543400,1,0
5.250548400,0,0
5.250553600,1,0
5.250558600,0,0
5.250559000,0,1
5.250563700,1,1
5.250568800,0,1
5.250569800,0,0
5.250573900,1,0
5.250579000,0,0
5.250580200,0,1
5.250584100,1,1
5.250589100,0,1
5.250590100,0,0
5.250594300,1,0
5.250599300,0,0
5.250604500,1,0
5.250609500,0,0
5.250614700,1,0
5.250619700,0,0
5.250624900,1,0
5.250629900,0,0
5.250635000,1,0
5.250640100,0,0
5.250645200,1,0
5.250650300,0,0
5.250650700,0,1
5.250655400,1,1
5.250662400,1,0
5.250668400,0,0
5.250669600,0,1
5.250673600,1,1
5.250678600,0,1
5.250679600,0,0
5.250683800,1,0
5.250688800,0,0
5.250690000,0,1
5.250694000,1,1
5.250699000,0,1
5.250700000,0,0
5.250704200,1,0
5.250709200,0,0
5.250714300,1,0
5.250719400,0,0
5.250724500,1,0
5.250729600,0,0
5.250734700,1,0
5.250739700,0,0
5.250741000,0,1
5.250744900,1,1
5.250749900,0,1
5.250750200,0,0
5.250755100,1,0
5.250760100,0,0
5.250765300,1,0
5.250770300,0,0
5.250770700,0,1
5.250775400,1,1
5.250780500,0,1
5.250785600,1,1
5.250790700,0,1
5.250795800,1,1
5.250800900,0,1
5.250806000,1,1
5.250811000,0,1
5.250811300,0,0
5.250816200,1,0
5.250821200,0,0
5.250826400,1,0
5.250831400,0,0
5.250836600,1,0
5.250841600,0,0
5.250842000,0,1
5.250846700,1,1
5.250851800,0,1
5.250852800,0,0
5.250856900,1,0
5.250863100,1,1
5.251262000,1,0
5.251268000,0,0
5.251269100,0,1
5.251273100,1,1
5.251278100,0,1
5.251279100,0,0
5.251283300,1,0
5.251288300,0,0
5.251289500,0,1
5.251293500,1,1
5.251298500,0,1
5.251299500,0,0
5.251303700,1,0
5.251308700,0,0
5.251313900,1,0
5.251318900,0,0
5.251324000,1,0
5.251329100,0,0
5.251334200,1,0
5.251339300,0,0
5.251344400,1,0
5.251349400,0,0
5.251354600,1,0
5.251359600,0,0
5.251360000,0,1
5.251364800,1,1
5.251369800,0,1
5.251370800,0,0
5.251375000,1,0
5.251380000,0,0
5.251381200,0,1
5.251385100,1,1
5.251390200,0,1
5.251391200,0,0
5.251395300,1,0
5.251400400,0,0
5.251405500,1,0
5.251410500,0,0
5.251415700,1,0
5.251420700,0,0
5.251425900,1,0
5.251430900,0,0
5.251432100,0,1
5.251436100,1,1
5.251441100,0,1
5.251441300,0,0
5.251446300,1,0
5.251451300,0,0
5.251451700,0,1
5.251456400,1,1
5.251463500,1,0
5.251469500,0,0
5.251470600,0,1
5.251474600,1,1
5.251479700,0,1
5.251480700,0,0
5.251484800,1,0
5.251489800,0,0
5.251491000,0,1
5.251495000,1,1
5.251500000,0,1
5.251501000,0,0
5.251505200,1,0
5.251510200,0,0
5.251515400,1,0
5.251520400,0,0
5.251525600,1,0
5.251530600,0,0
5.251535700,1,0
5.251540800,0,0
5.251542000,0,1
5.251545900,1,1
5.251551000,0,1
5.251551200,0,0
5.251556100,1,0
5.251561100,0,0
5.251561500,0,1
5.251566300,1,1
5.251571300,0,1
5.251571600,0,0
5.251576500,1,0
5.251581500,0,0
5.251586700,1,0
5.251591700,0,0
5.251596800,1,0
5.251601900,0,0
5.251607000,1,0
5.251612100,0,0
5.251617200,1,0
5.251622200,0,0
5.251627400,1,0
5.251632400,0,0
5.251637600,1,0
5.251642600,0,0
5.251643000,0,1
5.251647800,1,1
5.251652800,0,1
5.251653800,0,0
5.251658000,1,0
5.251664200,1,1
5.252053000,1,0
5.252059000,0,0
5.252060100,0,1
5.252064100,1,1
5.252069200,0,1
5.252070200,0,0
5.252074300,1,0
5.252079400,0,0
5.252080500,0,1
5.252084500,1,1
5.252089500,0,1
5.252090500,0,0
5.252094700,1,0
5.252099700,0,0
5.252104900,1,0
5.252109900,0,0
5.252115100,1,0
5.252120100,0,0
5.252125200,1,0
5.252130300,0,0
5.252135400,1,0
5.252140500,0,0
5.252145600,1,0
5.252150700,0,0
5.252151100,0,1
5.252155800,1,1
5.252160800,0,1
5.252161800,0,0
5.252166000,1,0
5.252171000,0,0
5.252172200,0,1
5.252176200,1,1
5.252181200,0,1
5.252182200,0,0
5.252186400,1,0
5.252191400,0,0
5.252196500,1,0
5.252201600,0,0
5.252206700,1,0
5.252211800,0,0
5.252213000,0,1
5.252216900,1,1
5.252221900,0,1
5.252222900,0,0
5.252227100,1,0
5.252232100,0,0
5.252237300,1,0
5.252242300,0,0
5.252242700,0,1
5.252247500,1,1
5.252254500,1,0
5.252260500,0,0
5.252261700,0,1
5.252265600,1,1
5.252270700,0,1
5.252271700,0,0
5.252275800,1,0
5.252280900,0,0
5.252282100,0,1
5.252286000,1,1
5.252291100,0,1
5.252292100,0,0
5.252296200,1,0
5.252301200,0,0
5.252306400,1,0
5.252311400,0,0
5.252316600,1,0
5.252321600,0,0
5.252326800,1,0
5.252331800,0,0
5.252333000,0,1
5.252336900,1,1
5.252342000,0,1
5.252342200,0,0
5.252347100,1,0
5.252352200,0,0
5.252357300,1,0
5.252362400,0,0
5.252367500,1,0
5.252372500,0,0
5.252377700,1,0
5.252382700,0,0
5.252387900,1,0
5.252392900,0,0
5.252398100,1,0
5.252403100,0,0
5.252408200,1,0
5.252413300,0,0
5.252418400,1,0
5.252423500,0,0
5.252428600,1,0
5.252433600,0,0
5.252434100,0,1
5.252438800,1,1
5.252443800,0,1
5.252444800,0,0
5.252449000,1,0
5.252455200,1,1
5.252855000,1,0
5.252861000,0,0
5.252862200,0,1
5.252866100,1,1
5.252871200,0,1
5.252872200,0,0
5.252876300,1,0
5.252881400,0,0
5.252882600,0,1
5.252886500,1,1
5.252891600,0,1
5.252892600,0,0
5.252896700,1,0
5.252901800,0,0
5.252906900,1,0
5.252911900,0,0
5.252917100,1,0
5.252922100,0,0
5.252927300,1,0
5.252932300,0,0
5.252937500,1,0
5.252942500,0,0
5.252947600,1,0
5.252952700,0,0
5.252953100,0,1
5.252957800,1,1
5.252962900,0,1
5.252963900,0,0
5.252968000,1,0
5.252973100,0,0
5.252974200,0,1
5.252978200,1,1
5.252983200,0,1
5.252984200,0,0
5.252988400,1,0
5.252993400,0,0
5.252998600,1,0
5.253003600,0,0
5.253008800,1,0
5.253013800,0,0
5.253015000,0,1
5.253018900,1,1
5.253024000,0,1
5.253029100,1,1
5.253034200,0,1
5.253034400,0,0
5.253039300,1,0
5.253044300,0,0
5.253044700,0,1
5.253049500,1,1
5.253056500,1,0
5.253062500,0,0
5.253063700,0,1
5.253067700,1,1
5.253072700,0,1
5.253073700,0,0
5.253077900,1,0
5.253082900,0,0
5.253084100,0,1
5.253088100,1,1
5.253093100,0,1
5.253094100,0,0
5.253098200,1,0
5.253103300,0,0
5.253108400,1,0
5.253113500,0,0
5.253118600,1,0
5.253123600,0,0
5.253128800,1,0
5.253133800,0,0
5.253135000,0,1
5.253139000,1,1
5.253144000,0,1
5.253144200,0,0
5.253149200,1,0
5.253154200,0,0
5.253159300,1,0
5.253164400,0,0
5.253164800,0,1
5.253169500,1,1
5.253174600,0,1
5.253179700,1,1
5.253184800,0,1
5.253185000,0,0
5.253189900,1,0
5.253194900,0,0
5.253195300,0,1
5.253200100,1,1
5.253205100,0,1
5.253205400,0,0
5.253210300,1,0
5.253215300,0,0
5.253220500,1,0
5.253225500,0,0
5.253230600,1,0
5.253235700,0,0
5.253236100,0,1
5.253240800,1,1
5.253245900,0,1
5.253246900,0,0
5.253251000,1,0
5.253257200,1,1
5.253654000,1,0
5.253660000,0,0
5.253661200,0,1
5.253665200,1,1
5.253670200,0,1
5.253671200,0,0
5.253675400,1,0
5.253680400,0,0
5.253681600,0,1
5.253685600,1,1
5.253690600,0,1
5.253691600,0,0
5.253695700,1,0
5.253700800,0,0
5.253705900,1,0
5.253711000,0,0
5.253716100,1,0
5.253721200,0,0
5.253726300,1,0
5.253731300,0,0
5.253736500,1,0
5.253741500,0,0
5.253746700,1,0
5.253751700,0,0
5.253752100,0,1
5.253756900,1,1
5.253761900,0,1
5.253762900,0,0
5.253767000,1,0
5.253772100,0,0
5.253773300,0,1
5.253777200,1,1
5.253782300,0,1
5.253783300,0,0
5.253787400,1,0
5.253792400,0,0
5.253797600,1,0
5.253802600,0,0
5.253807800,1,0
5.253812800,0,0
5.253814000,0,1
5.253818000,1,1
5.253823000,0,1
5.253828200,1,1
5.253833200,0,1
5.253833400,0,0
5.253838300,1,0
5.253843400,0,0
5.253843800,0,1
5.253848500,1,1
5.253855600,1,0
5.253861600,0,0
5.253862700,0,1
5.253866700,1,1
5.253871700,0,1
5.253872700,0,0
5.253876900,1,0
5.253881900,0,0
5.253883100,0,1
5.253887100,1,1
5.253892100,0,1
5.253893100,0,0
5.253897300,1,0
5.253902300,0,0
5.253907500,1,0
5.253912500,0,0
5.253917600,1,0
5.253922700,0,0
5.253927800,1,0
5.253932900,0,0
5.253934100,0,1
5.253938000,1,1
5.253943000,0,1
5.253943300,0,0
5.253948200,1,0
5.253953200,0,0
5.253958400,1,0
5.253963400,0,0
5.253963800,0,1
5.253968600,1,1
5.253973600,0,1
5.253978700,1,1
5.253983800,0,1
5.253984000,0,0
5.253988900,1,0
5.253994000,0,0
5.253994400,0,1
5.253999100,1,1
5.254004200,0,1
5.254004400,0,0
5.254009300,1,0
5.254014300,0,0
5.254019500,1,0
5.254024500,0,0
5.254029700,1,0
5.254034700,0,0
5.254035100,0,1
5.254039900,1,1
5.254044900,0,1
5.254045900,0,0
5.254050000,1,0
5.254056300,1,1
5.254452100,1,0
5.254458100,0,0
5.254459200,0,1
5.254463200,1,1
5.254468300,0,1
5.254469300,0,0
5.254473400,1,0
5.254478400,0,0
5.254479600,0,1
5.254483600,1,1
5.254488600,0,1
5.254489600,0,0
5.254493800,1,0
5.254498800,0,0
5.254504000,1,0
5.254509000,0,0
5.254514100,1,0
5.254519200,0,0
5.254524300,1,0
5.254529400,0,0
5.254534500,1,0
5.254539600,0,0
5.254544700,1,0
5.254549700,0,0
5.254550200,0,1
5.254554900,1,1
5.254559900,0,1
5.254560900,0,0
5.254565100,1,0
5.254570100,0,0
5.254571300,0,1
5.254575300,1,1
5.254580300,0,1
5.254581300,0,0
5.254585400,1,0
5.254590500,0,0
5.254595600,1,0
5.254600700,0,0
5.254605800,1,0
5.254610800,0,0
5.254612100,0,1
5.254616000,1,1
5.254621000,0,1
5.254626200,1,1
5.254631200,0,1
5.254631500,0,0
5.254636400,1,0
5.254641400,0,0
5.254641800,0,1
5.254646600,1,1
5.254653600,1,0
5.254659600,0,0
5.254660800,0,1
5.254664700,1,1
5.254669800,0,1
5.254670800,0,0
5.254674900,1,0
5.254680000,0,0
5.254681100,0,1
5.254685100,1,1
5.254690100,0,1
5.254691100,0,0
5.254695300,1,0
5.254700300,0,0
5.254705500,1,0
5.254710500,0,0
5.254715700,1,0
5.254720700,0,0
5.254725900,1,0
5.254730900,0,0
5.254732100,0,1
5.254736000,1,1
5.254741100,0,1
5.254741300,0,0
5.254746200,1,0
5.254751300,0,0
5.254756400,1,0
5.254761400,0,0
5.254761900,0,1
5.254766600,1,1
5.254771600,0,1
5.254776800,1,1
5.254781800,0,1
5.254782000,0,0
5.254787000,1,0
5.254792000,0,0
5.254792400,0,1
5.254797100,1,1
5.254802200,0,1
5.254802400,0,0
5.254807300,1,0
5.254812400,0,0
5.254817500,1,0
5.254822500,0,0
5.254827700,1,0
5.254832700,0,0
5.254833100,0,1
5.254837900,1,1
5.254842900,0,1
5.254843900,0,0
5.254848100,1,0
5.254854300,1,1
5.255242100,1,0
5.255248100,0,0
5.255249300,0,1
5.255253200,1,1
5.255258300,0,1
5.255259300,0,0
5.255263400,1,0
5.255268500,0,0
5.255269700,0,1
5.255273600,1,1
5.255278700,0,1
5.255279700,0,0
5.255283800,1,0
5.255288800,0,0
5.255294000,1,0
5.255299000,0,0
5.255304200,1,0
5.255309200,0,0
5.255314400,1,0
5.255319400,0,0
5.255324600,1,0
5.255329600,0,0
5.255334700,1,0
5.255339800,0,0
5.255340200,0,1
5.255344900,1,1
5.255350000,0,1
5.255351000,0,0
5.255355100,1,0
5.255360100,0,0
5.255361300,0,1
5.255365300,1,1
5.255370300,0,1
5.255371300,0,0
5.255375500,1,0
5.255380500,0,0
5.255385700,1,0
5.255390700,0,0
5.255391900,0,1
5.255395800,1,1
5.255400900,0,1
5.255401900,0,0
5.255406000,1,0
5.255411100,0,0
5.255416200,1,0
5.255421200,0,0
5.255426400,1,0
5.255431400,0,0
5.255431800,0,1
5.255436600,1,1
5.255443600,1,0
5.255449600,0,0
5.255450800,0,1
5.255454800,1,1
5.255459800,0,1
5.255460800,0,0
5.255464900,1,0
5.255470000,0,0
5.255471200,0,1
5.255475100,1,1
5.255480200,0,1
5.255481200,0,0
5.255485300,1,0
5.255490400,0,0
5.255495500,1,0
5.255500500,0,0
5.255505700,1,0
5.255510700,0,0
5.255515900,1,0
5.255520900,0,0
5.255522100,0,1
5.255526100,1,1
5.255531100,0,1
5.255531300,0,0
5.255536300,1,0
5.255541300,0,0
5.255546400,1,0
5.255551500,0,0
5.255556600,1,0
5.255561700,0,0
5.255566800,1,0
5.255571800,0,0
5.255572300,0,1
5.255577000,1,1
5.255582000,0,1
5.255587200,1,1
5.255592200,0,1
5.255592400,0,0
5.255597400,1,0
5.255602400,0,0
5.255602800,0,1
5.255607500,1,1
5.255612600,0,1
5.255612800,0,0
5.255617700,1,0
5.255622800,0,0
5.255623200,0,1
5.255627900,1,1
5.255632900,0,1
5.255633900,0,0
5.255638100,1,0
5.255644300,1,1
5.256040100,1,0
5.256046100,0,0
5.256047300,0,1
5.256051300,1,1
5.256056300,0,1
5.256057300,0,0
5.256061500,1,0
5.256066500,0,0
5.256067700,0,1
5.256071600,1,1
5.256076700,0,1
5.256077700,0,0
5.256081800,1,0
5.256086900,0,0
5.256092000,1,0
5.256097100,0,0
5.256102200,1,0
5.256107200,0,0
5.256112400,1,0
5.256117400,0,0
5.256122600,1,0
5.256127600,0,0
5.256132800,1,0
5.256137800,0,0
5.256138200,0,1
5.256142900,1,1
5.256148000,0,1
5.256149000,0,0
5.256153100,1,0
5.256158200,0,0
5.256159400,0,1
5.256163300,1,1
5.256168400,0,1
5.256169400,0,0
5.256173500,1,0
5.256178500,0,0
5.256183700,1,0
5.256188700,0,0
5.256193900,1,0
5.256198900,0,0
5.256200100,0,1
5.256204100,1,1
5.256209100,0,1
5.256214200,1,1
5.256219300,0,1
5.256219500,0,0
5.256224400,1,0
5.256229500,0,0
5.256229800,0,1
5.256234600,1,1
5.256241600,1,0
5.256247600,0,0
5.256248800,0,1
5.256252800,1,1
5.256257800,0,1
5.256258800,0,0
5.256263000,1,0
5.256268000,0,0
5.256269200,0,1
5.256273200,1,1
5.256278200,0,1
5.256279200,0,0
5.256283400,1,0
5.256288400,0,0
5.256293500,1,0
5.256298600,0,0
5.256303700,1,0
5.256308800,0,0
5.256313900,1,0
5.256318900,0,0
5.256320200,0,1
5.256324100,1,1
5.256329100,0,1
5.256329400,0,0
5.256334300,1,0
5.256339300,0,0
5.256344500,1,0
5.256349500,0,0
5.256349900,0,1
5.256354600,1,1
5.256359700,0,1
5.256364800,1,1
5.256369900,0,1
5.256370100,0,0
5.256375000,1,0
5.256380100,0,0
5.256380400,0,1
5.256385200,1,1
5.256390200,0,1
5.256390500,0,0
5.256395400,1,0
5.256400400,0,0
5.256405600,1,0
5.256410600,0,0
5.256415800,1,0
5.256420800,0,0
5.256421200,0,1
5.256425900,1,1
5.256431000,0,1
5.256432000,0,0
5.256436100,1,0
5.256442300,1,1
5.256838200,1,0
5.256844200,0,0
5.256845300,0,1
5.256849300,1,1
5.256854300,0,1
5.256855300,0,0
5.256859500,1,0
5.256864500,0,0
5.256865700,0,1
5.256869700,1,1
5.256874700,0,1
5.256875700,0,0
5.256879900,1,0
5.256884900,0,0
5.256890100,1,0
5.256895100,0,0
5.256900200,1,0
5.256905300,0,0
5.256910400,1,0
5.256915500,0,0
5.256920600,1,0
5.256925600,0,0
5.256930800,1,0
5.256935800,0,0
5.256936200,0,1
5.256941000,1,1
5.256946000,0,1
5.256947000,0,0
5.256951200,1,0
5.256956200,0,0
5.256957400,0,1
5.256961300,1,1
5.256966400,0,1
5.256967400,0,0
5.256971500,1,0
5.256976600,0,0
5.256981700,1,0
5.256986800,0,0
5.256988000,0,1
5.256991900,1,1
5.256996900,0,1
5.256997900,0,0
5.257002100,1,0
5.257007100,0,0
5.257012300,1,0
5.257017300,0,0
5.257022500,1,0
5.257027500,0,0
5.257027900,0,1
5.257032600,1,1
5.257039700,1,0
5.257045700,0,0
5.257046900,0,1
5.257050800,1,1
5.257055900,0,1
5.257056900,0,0
5.257061000,1,0
5.257066000,0,0
5.257067200,0,1
5.257071200,1,1
5.257076200,0,1
5.257077200,0,0
5.257081400,1,0
5.257086400,0,0
5.257091600,1,0
5.257096600,0,0
5.257101800,1,0
5.257106800,0,0
5.257111900,1,0
5.257117000,0,0
5.257118200,0,1
5.257122100,1,1
5.257127200,0,1
5.257127400,0,0
5.257132300,1,0
5.257137300,0,0
5.257142500,1,0
5.257147500,0,0
5.257152700,1,0
5.257157700,0,0
5.257162900,1,0
5.257167900,0,0
5.257168300,0,1
5.257173000,1,1
5.257178100,0,1
5.257183200,1,1
5.257188300,0,1
5.257188500,0,0
5.257193400,1,0
5.257198500,0,0
5.257198800,0,1
5.257203600,1,1
5.257208600,0,1
5.257208900,0,0
5.257213800,1,0
5.257218800,0,0
5.257219200,0,1
5.257224000,1,1
5.257229000,0,1
5.257230000,0,0
5.257234200,1,0
5.257240400,1,1
5.257551200,1,0
5.257557200,0,0
5.257558300,0,1
5.257562300,1,1
5.257567400,0,1
5.257568400,0,0
5.257572500,1,0
5.257577600,0,0
5.257578700,0,1
5.257582700,1,1
5.257587700,0,1
5.257588700,0,0
5.257592900,1,0
5.257597900,0,0
5.257603100,1,0
5.257608100,0,0
5.257613300,1,0
5.257618300,0,0
5.257623500,1,0
5.257628500,0,0
5.257633600,1,0
5.257638700,0,0
5.257643800,1,0
5.257648900,0,0
5.257649300,0,1
5.257654000,1,1
5.257659000,0,1
5.257660000,0,0
5.257664200,1,0
5.257669200,0,0
5.257670400,0,1
5.257674400,1,1
5.257679400,0,1
5.257680400,0,0
5.257684600,1,0
5.257689600,0,0
5.257694700,1,0
5.257699800,0,0
5.257704900,1,0
5.257710000,0,0
5.257711200,0,1
5.257715100,1,1
5.257720100,0,1
5.257725300,1,1
5.257730300,0,1
5.257730600,0,0
5.257735500,1,0
5.257740500,0,0
5.257740900,0,1
5.257745700,1,1
5.257752700,1,0
5.257758700,0,0
5.257759900,0,1
5.257763800,1,1
5.257768900,0,1
5.257769900,0,0
5.257774000,1,0
5.257779100,0,0
5.257780300,0,1
5.257784200,1,1
5.257789300,0,1
5.257790300,0,0
5.257794400,1,0
5.257799400,0,0
5.257804600,1,0
5.257809600,0,0
5.257814800,1,0
5.257819800,0,0
5.257825000,1,0
5.257830000,0,0
5.257831200,0,1
5.257835200,1,1
5.257840200,0,1
5.257840400,0,0
5.257845300,1,0
5.257850400,0,0
5.257855500,1,0
5.257860600,0,0
5.257861000,0,1
5.257865700,1,1
5.257870700,0,1
5.257875900,1,1
5.257880900,0,1
5.257881200,0,0
5.257886100,1,0
5.257891100,0,0
5.257891500,0,1
5.257896300,1,1
5.257901300,0,1
5.257901500,0,0
5.257906400,1,0
5.257911500,0,0
5.257916600,1,0
5.257921700,0,0
5.257926800,1,0
5.257931900,0,0
5.257932300,0,1
5.257937000,1,1
5.257942000,0,1
5.257943000,0,0
5.257947200,1,0
5.257953400,1,1
5.258017200,1,0
5.258023200,0,0
5.258024400,0,1
5.258028300,1,1
5.258033400,0,1
5.258034400,0,0
5.258038500,1,0
5.258043600,0,0
5.258044800,0,1
5.258048700,1,1
5.258053800,0,1
5.258054800,0,0
5.258058900,1,0
5.258064000,0,0
5.258069100,1,0
5.258074100,0,0
5.258079300,1,0
5.258084300,0,0
5.258089500,1,0
5.258094500,0,0
5.258099700,1,0
5.258104700,0,0
5.258109900,1,0
5.258114900,0,0
5.258115300,0,1
5.258120000,1,1
5.258125100,0,1
5.258126100,0,0
5.258130200,1,0
5.258135300,0,0
5.258136400,0,1
5.258140400,1,1
5.258145400,0,1
5.258146400,0,0
5.258150600,1,0
5.258155600,0,0
5.258160800,1,0
5.258165800,0,0
5.258171000,1,0
5.258176000,0,0
5.258177200,0,1
5.258181100,1,1
5.258186200,0,1
5.258191300,1,1
5.258196400,0,1
5.258196600,0,0
5.258201500,1,0
5.258206600,0,0
5.258206900,0,1
5.258211700,1,1
5.258218700,1,0
5.258224700,0,0
5.258225900,0,1
5.258229900,1,1
5.258234900,0,1
5.258235900,0,0
5.258240100,1,0
5.258245100,0,0
5.258246300,0,1
5.258250300,1,1
5.258255300,0,1
5.258256300,0,0
5.258260400,1,0
5.258265500,0,0
5.258270600,1,0
5.258275700,0,0
5.258280800,1,0
5.258285800,0,0
5.258291000,1,0
5.258296000,0,0
5.258297200,0,1
5.258301200,1,1
5.258306200,0,1
5.258306400,0,0
5.258311400,1,0
5.258316400,0,0
5.258321600,1,0
5.258326600,0,0
5.258327000,0,1
5.258331700,1,1
5.258336800,0,1
5.258341900,1,1
5.258347000,0,1
5.258347200,0,0
5.258352100,1,0
5.258357100,0,0
5.258357500,0,1
5.258362300,1,1
5.258367300,0,1
5.258367600,0,0
5.258372500,1,0
5.258377500,0,0
5.258382700,1,0
5.258387700,0,0
5.258392900,1,0
5.258397900,0,0
5.258398300,0,1
5.258403000,1,1
5.258408100,0,1
5.258409100,0,0
5.258413200,1,0
5.258419400,1,1
5.258483300,1,0
5.258489300,0,0
5.258490400,0,1
5.258494400,1,1
5.258499400,0,1
5.258500400,0,0
5.258504600,1,0
5.258509600,0,0
5.258510800,0,1
5.258514800,1,1
5.258519800,0,1
5.258520800,0,0
5.258525000,1,0
5.258530000,0,0
5.258535100,1,0
5.258540200,0,0
5.258545300,1,0
5.258550400,0,0
5.258555500,1,0
5.258560500,0,0
5.258565700,1,0
5.258570700,0,0
5.258575900,1,0
5.258580900,0,0
5.258581300,0,1
5.258586100,1,1
5.258591100,0,1
5.258592100,0,0
5.258596300,1,0
5.258601300,0,0
5.258602500,0,1
5.258606400,1,1
5.258611500,0,1
5.258612500,0,0
5.258616600,1,0
5.258621700,0,0
5.258626800,1,0
5.258631800,0,0
5.258637000,1,0
5.258642000,0,0
5.258643200,0,1
5.258647200,1,1
5.258652200,0,1
5.258657400,1,1
5.258662400,0,1
5.258662600,0,0
5.258667600,1,0
5.258672600,0,0
5.258673000,0,1
5.258677700,1,1
5.258684800,1,0
5.258690800,0,0
5.258691900,0,1
5.258695900,1,1
5.258701000,0,1
5.258702000,0,0
5.258706100,1,0
5.258711100,0,0
5.258712300,0,1
5.258716300,1,1
5.258721300,0,1
5.258722300,0,0
5.258726500,1,0
5.258731500,0,0
5.258736700,1,0
5.258741700,0,0
5.258746800,1,0
5.258751900,0,0
5.258757000,1,0
5.258762100,0,0
5.258763300,0,1
5.258767200,1,1
5.258772200,0,1
5.258772500,0,0
5.258777400,1,0
5.258782400,0,0
5.258787600,1,0
5.258792600,0,0
5.258793000,0,1
5.258797800,1,1
5.258802800,0,1
5.258808000,1,1
5.258813000,0,1
5.258813200,0,0
5.258818100,1,0
5.258823200,0,0
5.258823600,0,1
5.258828300,1,1
5.258833400,0,1
5.258833600,0,0
5.258838500,1,0
5.258843500,0,0
5.258848700,1,0
5.258853700,0,0
5.258858900,1,0
5.258863900,0,0
5.258864300,0,1
5.258869100,1,1
5.258874100,0,1
5.258875100,0,0
5.258879300,1,0
5.258885500,1,1
5.258962300,1,0
5.258968300,0,0
5.258969400,0,1
5.258973400,1,1
5.258978500,0,1
5.258979500,0,0
5.258983600,1,0
5.258988700,0,0
5.258989800,0,1
5.258993800,1,1
5.258998800,0,1
5.258999800,0,0
5.259004000,1,0
5.259009000,0,0
5.259014200,1,0
5.259019200,0,0
5.259024400,1,0
5.259029400,0,0
5.259034500,1,0
5.259039600,0,0
5.259044700,1,0
5.259049800,0,0
5.259054900,1,0
5.259060000,0,0
5.259060400,0,1
5.259065100,1,1
5.259070100,0,1
5.259071100,0,0
5.259075300,1,0
5.259080300,0,0
5.259085500,1,0
5.259090500,0,0
5.259095700,1,0
5.259100700,0,0
5.259105800,1,0
5.259110900,0,0
5.259112100,0,1
5.259116000,1,1
5.259121100,0,1
5.259122100,0,0
5.259126200,1,0
5.259131200,0,0
5.259136400,1,0
5.259141400,0,0
5.259146600,1,0
5.259151600,0,0
5.259152000,0,1
5.259156800,1,1
5.259163800,1,0
5.259169800,0,0
5.259171000,0,1
5.259174900,1,1
5.259180000,0,1
5.259181000,0,0
5.259185100,1,0
5.259190200,0,0
5.259191400,0,1
5.259195300,1,1
5.259200400,0,1
5.259201400,0,0
5.259205500,1,0
5.259210500,0,0
5.259215700,1,0
5.259220700,0,0
5.259225900,1,0
5.259230900,0,0
5.259236100,1,0
5.259241100,0,0
5.259242300,0,1
5.259246200,1,1
5.259251300,0,1
5.259251500,0,0
5.259256400,1,0
5.259261500,0,0
5.259266600,1,0
5.259271700,0,0
5.259272100,0,1
5.259276800,1,1
5.259281800,0,1
5.259282100,0,0
5.259287000,1,0
5.259292000,0,0
5.259297200,1,0
5.259302200,0,0
5.259307400,1,0
5.259312400,0,0
5.259312800,0,1
5.259317500,1,1
5.259322600,0,1
5.259327700,1,1
5.259332800,0,1
5.259333000,0,0
5.259337900,1,0
5.259342900,0,0
5.259343300,0,1
5.259348100,1,1
5.259353100,0,1
5.259354100,0,0
5.259358300,1,0
5.259364500,1,1
5.259479300,1,0
5.259485300,0,0
5.259486500,0,1
5.259490400,1,1
5.259495500,0,1
5.259496500,0,0
5.259500600,1,0
5.259505700,0,0
5.259506900,0,1
5.259510800,1,1
5.259515900,0,1
5.259516900,0,0
5.259521000,1,0
5.259526100,0,0
5.259531200,1,0
5.259536200,0,0
5.259541400,1,0
5.259546400,0,0
5.259551600,1,0
5.259556600,0,0
5.259561800,1,0
5.259566800,0,0
5.259572000,1,0
5.259577000,0,0
5.259582100,1,0
5.259587200,0,0
5.259592300,1,0
5.259597400,0,0
5.259602500,1,0
5.259607500,0,0
5.259612700,1,0
5.259617700,0,0
5.259622900,1,0
5.259627900,0,0
5.259633100,1,0
5.259638100,0,0
5.259643200,1,0
5.259648300,0,0
5.259653400,1,0
5.259658500,0,0
5.259663600,1,0
5.259668600,0,0
5.259669100,0,1
5.259673800,1,1
5.259680800,1,0
5.259686800,0,0
5.259688000,0,1
5.259692000,1,1
5.259697000,0,1
5.259698000,0,0
5.259702200,1,0
5.259707200,0,0
5.259708400,0,1
5.259712400,1,1
5.259717400,0,1
5.259718400,0,0
5.259722500,1,0
5.259727600,0,0
5.259732700,1,0
5.259737800,0,0
5.259742900,1,0
5.259747900,0,0
5.259753100,1,0
5.259758100,0,0
5.259759300,0,1
5.259763300,1,1
5.259768300,0,1
5.259768500,0,0
5.259773500,1,0
5.259778500,0,0
5.259783700,1,0
5.259788700,0,0
5.259793800,1,0
5.259798900,0,0
5.259804000,1,0
5.259809100,0,0
5.259814200,1,0
5.259819200,0,0
5.259824400,1,0
5.259829400,0,0
5.259834600,1,0
5.259839600,0,0
5.259844800,1,0
5.259849800,0,0
5.259854900,1,0
5.259860000,0,0
5.259860400,0,1
5.259865100,1,1
5.259870200,0,1
5.259871200,0,0
5.259875300,1,0
5.259881500,1,1
5.259958300,1,0
5.259964400,0,0
5.259965500,0,1
5.259969500,1,1
5.259974500,0,1
5.259975500,0,0
5.259979700,1,0
5.259984700,0,0
5.259985900,0,1
5.259989900,1,1
5.259994900,0,1
5.259995900,0,0
5.260000100,1,0
5.260005100,0,0
5.260010200,1,0
5.260015300,0,0
5.260020400,1,0
5.260025500,0,0
5.260030600,1,0
5.260035600,0,0
5.260040800,1,0
5.260045800,0,0
5.260051000,1,0
5.260056000,0,0
5.260061200,1,0
5.260066200,0,0
5.260071400,1,0
5.260076400,0,0
5.260081500,1,0
5.260086600,0,0
5.260091700,1,0
5.260096800,0,0
5.260101900,1,0
5.260106900,0,0
5.260112100,1,0
5.260117100,0,0
5.260122300,1,0
5.260127300,0,0
5.260128500,0,1
5.260132500,1,1
5.260137500,0,1
5.260137700,0,0
5.260142600,1,0
5.260147700,0,0
5.260148100,0,1
5.260152800,1,1
5.260159900,1,0
5.260165900,0,0
5.260167000,0,1
5.260171000,1,1
5.260176100,0,1
5.260177100,0,0
5.260181200,1,0
5.260186200,0,0
5.260187400,0,1
5.260191400,1,1
5.260196400,0,1
5.260197400,0,0
5.260201600,1,0
5.260206600,0,0
5.260211800,1,0
5.260216800,0,0
5.260221900,1,0
5.260227000,0,0
5.260232100,1,0
5.260237200,0,0
5.260238400,0,1
5.260242300,1,1
5.260247300,0,1
5.260247600,0,0
5.260252500,1,0
5.260257500,0,0
5.260257900,0,1
5.260262700,1,1
5.260267700,0,1
5.260272900,1,1
5.260277900,0,1
5.260283100,1,1
5.260288100,0,1
5.260293200,1,1
5.260298300,0,1
5.260303400,1,1
5.260308500,0,1
5.260313600,1,1
5.260318600,0,1
5.260323800,1,1
5.260328800,0,1
5.260334000,1,1
5.260339000,0,1
5.260344200,1,1
5.260349200,0,1
5.260350200,0,0
5.260354300,1,0
5.260360600,1,1
5.260424400,1,0
5.260430400,0,0
5.260431500,0,1
5.260435500,1,1
5.260440600,0,1
5.260441600,0,0
5.260445700,1,0
5.260450800,0,0
5.260451900,0,1
5.260455900,1,1
5.260460900,0,1
5.260461900,0,0
5.260466100,1,0
5.260471100,0,0
5.260476300,1,0
5.260481300,0,0
5.260486500,1,0
5.260491500,0,0
5.260496600,1,0
5.260501700,0,0
5.260506800,1,0
5.260511900,0,0
5.260517000,1,0
5.260522000,0,0
5.260527200,1,0
5.260532200,0,0
5.260537400,1,0
5.260542400,0,0
5.260547600,1,0
5.260552600,0,0
5.260557800,1,0
5.260562800,0,0
5.260564000,0,1
5.260567900,1,1
5.260573000,0,1
5.260574000,0,0
5.260578100,1,0
5.260583200,0,0
5.260588300,1,0
5.260593300,0,0
5.260598500,1,0
5.260603500,0,0
5.260608700,1,0
5.260613700,0,0
5.260614100,0,1
5.260618900,1,1
5.260625900,1,0
5.260631900,0,0
5.260633100,0,1
5.260637000,1,1
5.260642100,0,1
5.260643100,0,0
5.260647200,1,0
5.260652300,0,0
5.260653500,0,1
5.260657400,1,1
5.260662500,0,1
5.260663500,0,0
5.260667600,1,0
5.260672600,0,0
5.260677800,1,0
5.260682800,0,0
5.260688000,1,0
5.260693000,0,0
5.260698200,1,0
5.260703200,0,0
5.260704400,0,1
5.260708300,1,1
5.260713400,0,1
5.260713600,0,0
5.260718500,1,0
5.260723600,0,0
5.260728700,1,0
5.260733700,0,0
5.260738900,1,0
5.260743900,0,0
5.260749100,1,0
5.260754100,0,0
5.260759300,1,0
5.260764300,0,0
5.260769500,1,0
5.260774500,0,0
5.260774900,0,1
5.260779600,1,1
5.260784700,0,1
5.260789800,1,1
5.260794900,0,1
5.260795100,0,0
5.260800000,1,0
5.260805000,0,0
5.260810200,1,0
5.260815200,0,0
5.260818400,0,1
5.260820400,1,1
5.260825400,0,1
5.260825600,0,0
5.260830600,1,0
5.260835600,0,0
5.260836000,0,1
5.260840800,1,1
5.260845800,0,1
5.260850900,1,1
5.260856000,0,1
5.260856200,0,0
5.260861100,1,0
5.260866200,0,0
5.260871300,1,0
5.260876300,0,0
5.260876700,0,1
5.260881500,1,1
5.260886500,0,1
5.260891700,1,1
5.260896700,0,1
5.260901900,1,1
5.260906900,0,1
5.260907900,0,0
5.260912000,1,0
5.260918300,1,1
5.261048100,1,0
5.261054100,0,0
5.261055200,0,1
5.261059200,1,1
5.261064300,0,1
5.261065300,0,0
5.261069400,1,0
5.261074400,0,0
5.261075600,0,1
5.261079600,1,1
5.261084600,0,1
5.261085600,0,0
5.261089800,1,0
5.261094800,0,0
5.261100000,1,0
5.261105000,0,0
5.261110200,1,0
5.261115200,0,0
5.261120300,1,0
5.261125400,0,0
5.261130500,1,0
5.261135600,0,0
5.261140700,1,0
5.261145700,0,0
5.261150900,1,0
5.261155900,0,0
5.261161100,1,0
5.261166100,0,0
5.261171300,1,0
5.261176300,0,0
5.261181500,1,0
5.261186500,0,0
5.261191600,1,0
5.261196700,0,0
5.261201800,1,0
5.261206900,0,0
5.261212000,1,0
5.261217000,0,0
5.261222200,1,0
5.261227200,0,0
5.261232400,1,0
5.261237400,0,0
5.261237800,0,1
5.261242600,1,1
5.261249600,1,0
5.261255600,0,0
5.261256800,0,1
5.261260700,1,1
5.261265800,0,1
5.261266800,0,0
5.261270900,1,0
5.261276000,0,0
5.261277200,0,1
5.261281100,1,1
5.261286200,0,1
5.261287200,0,0
5.261291300,1,0
5.261296300,0,0
5.261301500,1,0
5.261306500,0,0
5.261311700,1,0
5.261316700,0,0
5.261321900,1,0
5.261326900,0,0
5.261328100,0,1
5.261332000,1,1
5.261337100,0,1
5.261337300,0,0
5.261342200,1,0
5.261347300,0,0
5.261352400,1,0
5.261357400,0,0
5.261362600,1,0
5.261367600,0,0
5.261372800,1,0
5.261377800,0,0
5.261383000,1,0
5.261388000,0,0
5.261393200,1,0
5.261398200,0,0
5.261403300,1,0
5.261408400,0,0
5.261413500,1,0
5.261418600,0,0
5.261423700,1,0
5.261428700,0,0
5.261429200,0,1
5.261433900,1,1
5.261438900,0,1
5.261439900,0,0
5.261444100,1,0
5.261450300,1,1
5.261520100,1,0
5.261526100,0,0
5.261527300,0,1
5.261531200,1,1
5.261536300,0,1
5.261537300,0,0
5.261541400,1,0
5.261546500,0,0
5.261547700,0,1
5.261551600,1,1
5.261556700,0,1
5.261557700,0,0
5.261561800,1,0
5.261566900,0,0
5.261572000,1,0
5.261577000,0,0
5.261582200,1,0
5.261587200,0,0
5.261592400,1,0
5.261597400,0,0
5.261602600,1,0
5.261607600,0,0
5.261612700,1,0
5.261617800,0,0
5.261622900,1,0
5.261628000,0,0
5.261633100,1,0
5.261638100,0,0
5.261643300,1,0
5.261648300,0,0
5.261653500,1,0
5.261658500,0,0
5.261663700,1,0
5.261668700,0,0
5.261673900,1,0
5.261678900,0,0
5.261684000,1,0
5.261689100,0,0
5.261690300,0,1
5.261694200,1,1
5.261699300,0,1
5.261699500,0,0
5.261704400,1,0
5.261709400,0,0
5.261709800,0,1
5.261714600,1,1
5.261721600,1,0
5.261727600,0,0
5.261728800,0,1
5.261732800,1,1
5.261737800,0,1
5.261738800,0,0
5.261743000,1,0
5.261748000,0,0
5.261749200,0,1
5.261753100,1,1
5.261758200,0,1
5.261759200,0,0
5.261763300,1,0
5.261768400,0,0
5.261773500,1,0
5.261778600,0,0
5.261783700,1,0
5.261788700,0,0
5.261793900,1,0
5.261798900,0,0
5.261800100,0,1
5.261804100,1,1
5.261809100,0,1
5.261809300,0,0
5.261814300,1,0
5.261819300,0,0
5.261819700,0,1
5.261824400,1,1
5.261829500,0,1
5.261834600,1,1
5.261839700,0,1
5.261844800,1,1
5.261849800,0,1
5.261855000,1,1
5.261860000,0,1
5.261865200,1,1
5.261870200,0,1
5.261875400,1,1
5.261880400,0,1
5.261885600,1,1
5.261890600,0,1
5.261895700,1,1
5.261900800,0,1
5.261905900,1,1
5.261911000,0,1
5.261912000,0,0
5.261916100,1,0
5.261922300,1,1
5.261985100,1,0
5.261991100,0,0
5.261992300,0,1
5.261996300,1,1
5.262001300,0,1
5.262002300,0,0
5.262006500,1,0
5.262011500,0,0
5.262012700,0,1
5.262016700,1,1
5.262021700,0,1
5.262022700,0,0
5.262026800,1,0
5.262031900,0,0
5.262037000,1,0
5.262042100,0,0
5.262047200,1,0
5.262052300,0,0
5.262057400,1,0
5.262062400,0,0
5.262067600,1,0
5.262072600,0,0
5.262077800,1,0
5.262082800,0,0
5.262088000,1,0
5.262093000,0,0
5.262094200,0,1
5.262098100,1,1
5.262103200,0,1
5.262108300,1,1
5.262113400,0,1
5.262118500,1,1
5.262123500,0,1
5.262128700,1,1
5.262133700,0,1
5.262138900,1,1
5.262143900,0,1
5.262149100,1,1
5.262154100,0,1
5.262155100,0,0
5.262159300,1,0
5.262164300,0,0
5.262169400,1,0
5.262174500,0,0
5.262174900,0,1
5.262179600,1,1
5.262186700,1,0
5.262192700,0,0
5.262193800,0,1
5.262197800,1,1
5.262202800,0,1
5.262203800,0,0
5.262208000,1,0
5.262213000,0,0
5.262214200,0,1
5.262218200,1,1
5.262223200,0,1
5.262224200,0,0
5.262228400,1,0
5.262233400,0,0
5.262238600,1,0
5.262243600,0,0
5.262248700,1,0
5.262253800,0,0
5.262258900,1,0
5.262264000,0,0
5.262265200,0,1
5.262269100,1,1
5.262274100,0,1
5.262274400,0,0
5.262279300,1,0
5.262284300,0,0
5.262289500,1,0
5.262294500,0,0
5.262299700,1,0
5.262304700,0,0
5.262309800,1,0
5.262314900,0,0
5.262320000,1,0
5.262325100,0,0
5.262330200,1,0
5.262335300,0,0
5.262340400,1,0
5.262345400,0,0
5.262350600,1,0
5.262355600,0,0
5.262356000,0,1
5.262360800,1,1
5.262365800,0,1
5.262371000,1,1
5.262376000,0,1
5.262377000,0,0
5.262381100,1,0
5.262387400,1,1
5.262451200,1,0
5.262457200,0,0
5.262458300,0,1
5.262462300,1,1
5.262467400,0,1
5.262468400,0,0
5.262472500,1,0
5.262477500,0,0
5.262478700,0,1
5.262482700,1,1
5.262487700,0,1
5.262488700,0,0
5.262492900,1,0
5.262497900,0,0
5.262503100,1,0
5.262508100,0,0
5.262513300,1,0
5.262518300,0,0
5.262523400,1,0
5.262528500,0,0
5.262533600,1,0
5.262538700,0,0
5.262543800,1,0
5.262548800,0,0
5.262549300,0,1
5.262554000,1,1
5.262559000,0,1
5.262560000,0,0
5.262564200,1,0
5.262569200,0,0
5.262574400,1,0
5.262579400,0,0
5.262584500,1,0
5.262589600,0,0
5.262594700,1,0
5.262599800,0,0
5.262604900,1,0
5.262610000,0,0
5.262615100,1,0
5.262620100,0,0
5.262625300,1,0
5.262630300,0,0
5.262635500,1,0
5.262640500,0,0
5.262640900,0,1
5.262645700,1,1
5.262652700,1,0
5.262658700,0,0
5.262659900,0,1
5.262663800,1,1
5.262668900,0,1
5.262669900,0,0
5.262674000,1,0
5.262679100,0,0
5.262680200,0,1
5.262684200,1,1
5.262689200,0,1
5.262690200,0,0
5.262694400,1,0
5.262699400,0,0
5.262704600,1,0
5.262709600,0,0
5.262714800,1,0
5.262719800,0,0
5.262725000,1,0
5.262730000,0,0
5.262731200,0,1
5.262735100,1,1
5.262740200,0,1
5.262740400,0,0
5.262745300,1,0
5.262750400,0,0
5.262755500,1,0
5.262760500,0,0
5.262765700,1,0
5.262770700,0,0
5.262775900,1,0
5.262780900,0,0
5.262786100,1,0
5.262791100,0,0
5.262796300,1,0
5.262801300,0,0
5.262806400,1,0
5.262811500,0,0
5.262811900,0,1
5.262816600,1,1
5.262821700,0,1
5.262821900,0,0
5.262826800,1,0
5.262831800,0,0
5.262832200,0,1
5.262837000,1,1
5.262842000,0,1
5.262843000,0,0
5.262847200,1,0
5.262853400,1,1
5.262926200,1,0
5.262932200,0,0
5.262933400,0,1
5.262937300,1,1
5.262942400,0,1
5.262943400,0,0
5.262947500,1,0
5.262952600,0,0
5.262953800,0,1
5.262957700,1,1
5.262962800,0,1
5.262963800,0,0
5.262967900,1,0
5.262972900,0,0
5.262978100,1,0
5.262983100,0,0
5.262988300,1,0
5.262993300,0,0
5.262998500,1,0
5.263003500,0,0
5.263008700,1,0
5.263013700,0,0
5.263018800,1,0
5.263023900,0,0
5.263024300,0,1
5.263029000,1,1
5.263034100,0,1
5.263035100,0,0
5.263039200,1,0
5.263044200,0,0
5.263049400,1,0
5.263054400,0,0
5.263059600,1,0
5.263064600,0,0
5.263069800,1,0
5.263074800,0,0
5.263080000,1,0
5.263085000,0,0
5.263086200,0,1
5.263090100,1,1
5.263095200,0,1
5.263096200,0,0
5.263100300,1,0
5.263105400,0,0
5.263110500,1,0
5.263115500,0,0
5.263115900,0,1
5.263120700,1,1
5.263127700,1,0
5.263133700,0,0
5.263134900,0,1
5.263138900,1,1
5.263143900,0,1
5.263144900,0,0
5.263149100,1,0
5.263154100,0,0
5.263155300,0,1
5.263159200,1,1
5.263164300,0,1
5.263165300,0,0
5.263169400,1,0
5.263174500,0,0
5.263179600,1,0
5.263184600,0,0
5.263189800,1,0
5.263194800,0,0
5.263200000,1,0
5.263205000,0,0
5.263206200,0,1
5.263210200,1,1
5.263215200,0,1
5.263215400,0,0
5.263220400,1,0
5.263225400,0,0
5.263230500,1,0
5.263235600,0,0
5.263240700,1,0
5.263245800,0,0
5.263246200,0,1
5.263250900,1,1
5.263255900,0,1
5.263256200,0,0
5.263261100,1,0
5.263266100,0,0
5.263266500,0,1
5.263271300,1,1
5.263276300,0,1
5.263281500,1,1
5.263286500,0,1
5.263286700,0,0
5.263291700,1,0
5.263296700,0,0
5.263301800,1,0
5.263306900,0,0
5.263307300,0,1
5.263312000,1,1
5.263317100,0,1
5.263318100,0,0
5.263322200,1,0
5.263328400,1,1
5.263394200,1,0
5.263400200,0,0
5.263401400,0,1
5.263405400,1,1
5.263410400,0,1
5.263411400,0,0
5.263415600,1,0
5.263420600,0,0
5.263421800,0,1
5.263425800,1,1
5.263430800,0,1
5.263431800,0,0
5.263435900,1,0
5.263441000,0,0
5.263446100,1,0
5.263451200,0,0
5.263456300,1,0
5.263461400,0,0
5.263466500,1,0
5.263471500,0,0
5.263476700,1,0
5.263481700,0,0
5.263486900,1,0
5.263491900,0,0
5.263492300,0,1
5.263497100,1,1
5.263502100,0,1
5.263503100,0,0
5.263507200,1,0
5.263512300,0,0
5.263517400,1,0
5.263522500,0,0
5.263527600,1,0
5.263532600,0,0
5.263537800,1,0
5.263542800,0,0
5.263544000,0,1
5.263548000,1,1
5.263553000,0,1
5.263554000,0,0
5.263558200,1,0
5.263563200,0,0
5.263568400,1,0
5.263573400,0,0
5.263578500,1,0
5.263583600,0,0
5.263584000,0,1
5.263588700,1,1
5.263595800,1,0
5.263601800,0,0
5.263602900,0,1
5.263606900,1,1
5.263611900,0,1
5.263612900,0,0
5.263617100,1,0
5.263622100,0,0
5.263623300,0,1
5.263627300,1,1
5.263632300,0,1
5.263633300,0,0
5.263637500,1,0
5.263642500,0,0
5.263647600,1,0
5.263652700,0,0
5.263657800,1,0
5.263662900,0,0
5.263668000,1,0
5.263673100,0,0
5.263674300,0,1
5.263678200,1,1
5.263683200,0,1
5.263683500,0,0
5.263688400,1,0
5.263693400,0,0
5.263698600,1,0
5.263703600,0,0
5.263704000,0,1
5.263708800,1,1
5.263713800,0,1
5.263714000,0,0
5.263718900,1,0
5.263724000,0,0
5.263729100,1,0
5.263734200,0,0
5.263739300,1,0
5.263744300,0,0
5.263744800,0,1
5.263749500,1,1
5.263754500,0,1
5.263759700,1,1
5.263764700,0,1
5.263765000,0,0
5.263769900,1,0
5.263774900,0,0
5.263775300,0,1
5.263780100,1,1
5.263785100,0,1
5.263786100,0,0
5.263790200,1,0
5.263796500,1,1
5.263869300,1,0
5.263875300,0,0
5.263876400,0,1
5.263880400,1,1
5.263885500,0,1
5.263886500,0,0
5.263890600,1,0
5.263895600,0,0
5.263896800,0,1
5.263900800,1,1
5.263905800,0,1
5.263906800,0,0
5.263911000,1,0
5.263916000,0,0
5.263921200,1,0
5.263926200,0,0
5.263931400,1,0
5.263936400,0,0
5.263941500,1,0
5.263946600,0,0
5.263951700,1,0
5.263956800,0,0
5.263961900,1,0
5.263966900,0,0
5.263967400,0,1
5.263972100,1,1
5.263977100,0,1
5.263978100,0,0
5.263982300,1,0
5.263987300,0,0
5.263992500,1,0
5.263997500,0,0
5.264002600,1,0
5.264007700,0,0
5.264012800,1,0
5.264017900,0,0
5.264019100,0,1
5.264023000,1,1
5.264028000,0,1
5.264029000,0,0
5.264033200,1,0
5.264038200,0,0
5.264043400,1,0
5.264048400,0,0
5.264053600,1,0
5.264058600,0,0
5.264059000,0,1
5.264063800,1,1
5.264070800,1,0
5.264076800,0,0
5.264078000,0,1
5.264081900,1,1
5.264087000,0,1
5.264088000,0,0
5.264092100,1,0
5.264097200,0,0
5.264098300,0,1
5.264102300,1,1
5.264107300,0,1
5.264108300,0,0
5.264112500,1,0
5.264117500,0,0
5.264122700,1,0
5.264127700,0,0
5.264132900,1,0
5.264137900,0,0
5.264143100,1,0
5.264148100,0,0
5.264149300,0,1
5.264153200,1,1
5.264158300,0,1
5.264158500,0,0
5.264163400,1,0
5.264168500,0,0
5.264173600,1,0
5.264178600,0,0
5.264179100,0,1
5.264183800,1,1
5.264188800,0,1
5.264189100,0,0
5.264194000,1,0
5.264199000,0,0
5.264204200,1,0
5.264209200,0,0
5.264214300,1,0
5.264219400,0,0
5.264219800,0,1
5.264224500,1,1
5.264229600,0,1
5.264234700,1,1
5.264239700,0,1
5.264240000,0,0
5.264244900,1,0
5.264249900,0,0
5.264250300,0,1
5.264255100,1,1
5.264260100,0,1
5.264261100,0,0
5.264265300,1,0
5.264271500,1,1
5.264335300,1,0
5.264341300,0,0
5.264342500,0,1
5.264346400,1,1
5.264351500,0,1
5.264352500,0,0
5.264356600,1,0
5.264361700,0,0
5.264362900,0,1
5.264366800,1,1
5.264371900,0,1
5.264372900,0,0
5.264377000,1,0
5.264382000,0,0
5.264387200,1,0
5.264392200,0,0
5.264397400,1,0
5.264402400,0,0
5.264407600,1,0
5.264412600,0,0
5.264417800,1,0
5.264422800,0,0
5.264427900,1,0
5.264433000,0,0
5.264433400,0,1
5.264438100,1,1
5.264443200,0,1
5.264444200,0,0
5.264448300,1,0
5.264453300,0,0
5.264458500,1,0
5.264463500,0,0
5.264468700,1,0
5.264473700,0,0
5.264478900,1,0
5.264483900,0,0
5.264485100,0,1
5.264489000,1,1
5.264494100,0,1
5.264495100,0,0
5.264499200,1,0
5.264504300,0,0
5.264509400,1,0
5.264514500,0,0
5.264519600,1,0
5.264524600,0,0
5.264525000,0,1
5.264529800,1,1
5.264536800,1,0
5.264542800,0,0
5.264544000,0,1
5.264548000,1,1
5.264553000,0,1
5.264554000,0,0
5.264558200,1,0
5.264563200,0,0
5.264564400,0,1
5.264568300,1,1
5.264573400,0,1
5.264574400,0,0
5.264578500,1,0
5.264583600,0,0
5.264588700,1,0
5.264593700,0,0
5.264598900,1,0
5.264603900,0,0
5.264609100,1,0
5.264614100,0,0
5.264615300,0,1
5.264619300,1,1
5.264624300,0,1
5.264624500,0,0
5.264629500,1,0
5.264634500,0,0
5.264639600,1,0
5.264644700,0,0
5.264645100,0,1
5.264649800,1,1
5.264654900,0,1
5.264655100,0,0
5.264660000,1,0
5.264665000,0,0
5.264670200,1,0
5.264675200,0,0
5.264680400,1,0
5.264685400,0,0
5.264685800,0,1
5.264690600,1,1
5.264695600,0,1
5.264700700,1,1
5.264705800,0,1
5.264706000,0,0
5.264710900,1,0
5.264716000,0,0
5.264716300,0,1
5.264721100,1,1
5.264726200,0,1
5.264727200,0,0
5.264731300,1,0
5.264737500,1,1
5.264809300,1,0
5.264815300,0,0
5.264816500,0,1
5.264820500,1,1
5.264825500,0,1
5.264826500,0,0
5.264830700,1,0
5.264835700,0,0
5.264836900,0,1
5.264840900,1,1
5.264845900,0,1
5.264846900,0,0
5.264851000,1,0
5.264856100,0,0
5.264861200,1,0
5.264866300,0,0
5.264871400,1,0
5.264876400,0,0
5.264881600,1,0
5.264886600,0,0
5.264891800,1,0
5.264896800,0,0
5.264902000,1,0
5.264907000,0,0
5.264907400,0,1
5.264912200,1,1
5.264917200,0,1
5.264918200,0,0
5.264922300,1,0
5.264927400,0,0
5.264932500,1,0
5.264937600,0,0
5.264942700,1,0
5.264947700,0,0
5.264952900,1,0
5.264957900,0,0
5.264959100,0,1
5.264963100,1,1
5.264968100,0,1
5.264969100,0,0
5.264973300,1,0
5.264978300,0,0
5.264983400,1,0
5.264988500,0,0
5.264993600,1,0
5.264998700,0,0
5.264999100,0,1
5.265003800,1,1
5.265010900,1,0
5.265016900,0,0
5.265018000,0,1
5.265022000,1,1
5.265027000,0,1
5.265028000,0,0
5.265032200,1,0
5.265037200,0,0
5.265038400,0,1
5.265042400,1,1
5.265047400,0,1
5.265048400,0,0
5.265052600,1,0
5.265057600,0,0
5.265062700,1,0
5.265067800,0,0
5.265072900,1,0
5.265078000,0,0
5.265083100,1,0
5.265088100,0,0
5.265089400,0,1
5.265093300,1,1
5.265098300,0,1
5.265098600,0,0
5.265103500,1,0
5.265108500,0,0
5.265113700,1,0
5.265118700,0,0
5.265119100,0,1
5.265123900,1,1
5.265128900,0,1
5.265129100,0,0
5.265134000,1,0
5.265139100,0,0
5.265144200,1,0
5.265149300,0,0
5.265154400,1,0
5.265159400,0,0
5.265159900,0,1
5.265164600,1,1
5.265169600,0,1
5.265174800,1,1
5.265179800,0,1
5.265180100,0,0
5.265185000,1,0
5.265190000,0,0
5.265190400,0,1
5.265195100,1,1
5.265200200,0,1
5.265201200,0,0
5.265205300,1,0
5.265211500,1,1
5.265275400,1,0
5.265281400,0,0
5.265282500,0,1
5.265286500,1,1
5.265291600,0,1
5.265292600,0,0
5.265296700,1,0
5.265301700,0,0
5.265302900,0,1
5.265306900,1,1
5.265311900,0,1
5.265312900,0,0
5.265317100,1,0
5.265322100,0,0
5.265327300,1,0
5.265332300,0,0
5.265337400,1,0
5.265342500,0,0
5.265347600,1,0
5.265352700,0,0
5.265357800,1,0
5.265362800,0,0
5.265368000,1,0
5.265373000,0,0
5.265373500,0,1
5.265378200,1,1
5.265383200,0,1
5.265384200,0,0
5.265388400,1,0
5.265393400,0,0
5.265398600,1,0
5.265403600,0,0
5.265408700,1,0
5.265413800,0,0
5.265418900,1,0
5.265424000,0,0
5.265425200,0,1
5.265429100,1,1
5.265434100,0,1
5.265435100,0,0
5.265439300,1,0
5.265444300,0,0
5.265449500,1,0
5.265454500,0,0
5.265459700,1,0
5.265464700,0,0
5.265465100,0,1
5.265469900,1,1
5.265476900,1,0
5.265482900,0,0
5.265484100,0,1
5.265488000,1,1
5.265493100,0,1
5.265494100,0,0
5.265498200,1,0
5.265503300,0,0
5.265504400,0,1
5.265508400,1,1
5.265513400,0,1
5.265514400,0,0
5.265518600,1,0
5.265523600,0,0
5.265528800,1,0
5.265533800,0,0
5.265539000,1,0
5.265544000,0,0
5.265549100,1,0
5.265554200,0,0
5.265555400,0,1
5.265559300,1,1
5.265564400,0,1
5.265564600,0,0
5.265569500,1,0
5.265574600,0,0
5.265579700,1,0
5.265584700,0,0
5.265585100,0,1
5.265589900,1,1
5.265594900,0,1
5.265595200,0,0
5.265600100,1,0
5.265605100,0,0
5.265610300,1,0
5.265615300,0,0
5.265620400,1,0
5.265625500,0,0
5.265625900,0,1
5.265630600,1,1
5.265635700,0,1
5.265640800,1,1
5.265645800,0,1
5.265646100,0,0
5.265651000,1,0
5.265656000,0,0
5.265656400,0,1
5.265661200,1,1
5.265666200,0,1
5.265667200,0,0
5.265671400,1,0
5.265677600,1,1
5.265749400,1,0
5.265755400,0,0
5.265756600,0,1
5.265760500,1,1
5.265765600,0,1
5.265766600,0,0
5.265770700,1,0
5.265775800,0,0
5.265777000,0,1
5.265780900,1,1
5.265786000,0,1
5.265787000,0,0
5.265791100,1,0
5.265796100,0,0
5.265801300,1,0
5.265806300,0,0
5.265811500,1,0
5.265816500,0,0
5.265821700,1,0
5.265826700,0,0
5.265831800,1,0
5.265836900,0,0
5.265842000,1,0
5.265847100,0,0
5.265847500,0,1
5.265852200,1,1
5.265857300,0,1
5.265858300,0,0
5.265862400,1,0
5.265867400,0,0
5.265872600,1,0
5.265877600,0,0
5.265882800,1,0
5.265887800,0,0
5.265893000,1,0
5.265898000,0,0
5.265899200,0,1
5.265903100,1,1
5.265908200,0,1
5.265909200,0,0
5.265913300,1,0
5.265918400,0,0
5.265923500,1,0
5.265928500,0,0
5.265933700,1,0
5.265938700,0,0
5.265939100,0,1
5.265943900,1,1
5.265950900,1,0
5.265956900,0,0
5.265958100,0,1
5.265962100,1,1
5.265967100,0,1
5.265968100,0,0
5.265972200,1,0
5.265977300,0,0
5.265978500,0,1
5.265982400,1,1
5.265987500,0,1
5.265988500,0,0
5.265992600,1,0
5.265997700,0,0
5.266002800,1,0
5.266007800,0,0
5.266013000,1,0
5.266018000,0,0
5.266023200,1,0
5.266028200,0,0
5.266029400,0,1
5.266033400,1,1
5.266038400,0,1
5.266038600,0,0
5.266043600,1,0
5.266048600,0,0
5.266053700,1,0
5.266058800,0,0
5.266059200,0,1
5.266063900,1,1
5.266069000,0,1
5.266069200,0,0
5.266074100,1,0
5.266079100,0,0
5.266084300,1,0
5.266089300,0,0
5.266094500,1,0
5.266099500,0,0
5.266099900,0,1
5.266104700,1,1
5.266109700,0,1
5.266114800,1,1
5.266119900,0,1
5.266120100,0,0
5.266125000,1,0
5.266130100,0,0
5.266130400,0,1
5.266135200,1,1
5.266140200,0,1
5.266141200,0,0
5.266145400,1,0
5.266151600,1,1
5.266215400,1,0
5.266221400,0,0
5.266222600,0,1
5.266226600,1,1
5.266231600,0,1
5.266232600,0,0
5.266236800,1,0
5.266241800,0,0
5.266243000,0,1
5.266247000,1,1
5.266252000,0,1
5.266253000,0,0
5.266257100,1,0
5.266262200,0,0
5.266267300,1,0
5.266272400,0,0
5.266277500,1,0
5.266282500,0,0
5.266287700,1,0
5.266292700,0,0
5.266297900,1,0
5.266302900,0,0
5.266308100,1,0
5.266313100,0,0
5.266313500,0,1
5.266318200,1,1
5.266323300,0,1
5.266324300,0,0
5.266328400,1,0
5.266333500,0,0
5.266338600,1,0
5.266343700,0,0
5.266348800,1,0
5.266353800,0,0
5.266359000,1,0
5.266364000,0,0
5.266365200,0,1
5.266369200,1,1
5.266374200,0,1
5.266375200,0,0
5.266379400,1,0
5.266384400,0,0
5.266389500,1,0
5.266394600,0,0
5.266399700,1,0
5.266404800,0,0
5.266405200,0,1
5.266409900,1,1
5.266416900,1,0
5.266422900,0,0
5.266424100,0,1
5.266428100,1,1
5.266433100,0,1
5.266434100,0,0
5.266438300,1,0
5.266443300,0,0
5.266444500,0,1
5.266448500,1,1
5.266453500,0,1
5.266454500,0,0
5.266458700,1,0
5.266463700,0,0
5.266468800,1,0
5.266473900,0,0
5.266479000,1,0
5.266484100,0,0
5.266489200,1,0
5.266494200,0,0
5.266495500,0,1
5.266499400,1,1
5.266504400,0,1
5.266504700,0,0
5.266509600,1,0
5.266514600,0,0
5.266519800,1,0
5.266524800,0,0
5.266525200,0,1
5.266530000,1,1
5.266535000,0,1
5.266535200,0,0
5.266540100,1,0
5.266545200,0,0
5.266550300,1,0
5.266555400,0,0
5.266560500,1,0
5.266565500,0,0
5.266566000,0,1
5.266570700,1,1
5.266575700,0,1
5.266580900,1,1
5.266585900,0,1
5.266586100,0,0
5.266591100,1,0
5.266596100,0,0
5.266596500,0,1
5.266601200,1,1
5.266606300,0,1
5.266607300,0,0
5.266611400,1,0
5.266617600,1,1
5.266691500,1,0
5.266697500,0,0
5.266698600,0,1
5.266702600,1,1
5.266707700,0,1
5.266708700,0,0
5.266712800,1,0
5.266717800,0,0
5.266719000,0,1
5.266723000,1,1
5.266728000,0,1
5.266729000,0,0
5.266733200,1,0
5.266738200,0,0
5.266743400,1,0
5.266748400,0,0
5.266753500,1,0
5.266758600,0,0
5.266763700,1,0
5.266768800,0,0
5.266773900,1,0
5.266778900,0,0
5.266784100,1,0
5.266789100,0,0
5.266789500,0,1
5.266794300,1,1
5.266799300,0,1
5.266800300,0,0
5.266804500,1,0
5.266809500,0,0
5.266814700,1,0
5.266819700,0,0
5.266824800,1,0
5.266829900,0,0
5.266831100,0,1
5.266835000,1,1
5.266840100,0,1
5.266841100,0,0
5.266845200,1,0
5.266850200,0,0
5.266851400,0,1
5.266855400,1,1
5.266860400,0,1
5.266865600,1,1
5.266870600,0,1
5.266870800,0,0
5.266875800,1,0
5.266880800,0,0
5.266881200,0,1
5.266885900,1,1
5.266893000,1,0
5.266899000,0,0
5.266900200,0,1
5.266904100,1,1
5.266909200,0,1
5.266910200,0,0
5.266914300,1,0
5.266919400,0,0
5.266920500,0,1
5.266924500,1,1
5.266929500,0,1
5.266930500,0,0
5.266934700,1,0
5.266939700,0,0
5.266944900,1,0
5.266949900,0,0
5.266955100,1,0
5.266960100,0,0
5.266965200,1,0
5.266970300,0,0
5.266971500,0,1
5.266975400,1,1
5.266980500,0,1
5.266980700,0,0
5.266985600,1,0
5.266990600,0,0
5.266995800,1,0
5.267000800,0,0
5.267006000,1,0
5.267011000,0,0
5.267011400,0,1
5.267016200,1,1
5.267021200,0,1
5.267021400,0,0
5.267026400,1,0
5.267031400,0,0
5.267036500,1,0
5.267041600,0,0
5.267046700,1,0
5.267051800,0,0
5.267052200,0,1
5.267056900,1,1
5.267061900,0,1
5.267067100,1,1
5.267072100,0,1
5.267077300,1,1
5.267082300,0,1
5.267083300,0,0
5.267087500,1,0
5.267093700,1,1
5.267158500,1,0
5.267164500,0,0
5.267165700,0,1
5.267169600,1,1
5.267174700,0,1
5.267175700,0,0
5.267179800,1,0
5.267184900,0,0
5.267186100,0,1
5.267190000,1,1
5.267195100,0,1
5.267196100,0,0
5.267200200,1,0
5.267205200,0,0
5.267210400,1,0
5.267215400,0,0
5.267220600,1,0
5.267225600,0,0
5.267230800,1,0
5.267235800,0,0
5.267240900,1,0
5.267246000,0,0
5.267251100,1,0
5.267256200,0,0
5.267256600,0,1
5.267261300,1,1
5.267266300,0,1
5.267267300,0,0
5.267271500,1,0
5.267276500,0,0
5.267281700,1,0
5.267286700,0,0
5.267291900,1,0
5.267296900,0,0
5.267298100,0,1
5.267302100,1,1
5.267307100,0,1
5.267308100,0,0
5.267312200,1,0
5.267317300,0,0
5.267318500,0,1
5.267322400,1,1
5.267327500,0,1
5.267332600,1,1
5.267337600,0,1
5.267337900,0,0
5.267342800,1,0
5.267347800,0,0
5.267348200,0,1
5.267353000,1,1
5.267360000,1,0
5.267366000,0,0
5.267367200,0,1
5.267371200,1,1
5.267376200,0,1
5.267377200,0,0
5.267381300,1,0
5.267386400,0,0
5.267387600,0,1
5.267391500,1,1
5.267396600,0,1
5.267397600,0,0
5.267401700,1,0
5.267406800,0,0
5.267411900,1,0
5.267416900,0,0
5.267422100,1,0
5.267427100,0,0
5.267432300,1,0
5.267437300,0,0
5.267438500,0,1
5.267442500,1,1
5.267447500,0,1
5.267447700,0,0
5.267452600,1,0
5.267457700,0,0
5.267462800,1,0
5.267467900,0,0
5.267473000,1,0
5.267478000,0,0
5.267478500,0,1
5.267483200,1,1
5.267488200,0,1
5.267488500,0,0
5.267493400,1,0
5.267498400,0,0
5.267503600,1,0
5.267508600,0,0
5.267513800,1,0
5.267518800,0,0
5.267519200,0,1
5.267523900,1,1
5.267529000,0,1
5.267534100,1,1
5.267539200,0,1
5.267544300,1,1
5.267549300,0,1
5.267550300,0,0
5.267554500,1,0
5.267560700,1,1
5.267632500,1,0
5.267638500,0,0
5.267639700,0,1
5.267643700,1,1
5.267648700,0,1
5.267649700,0,0
5.267653900,1,0
5.267658900,0,0
5.267660100,0,1
5.267664000,1,1
5.267669100,0,1
5.267670100,0,0
5.267674200,1,0
5.267679300,0,0
5.267684400,1,0
5.267689500,0,0
5.267694600,1,0
5.267699600,0,0
5.267704800,1,0
5.267709800,0,0
5.267715000,1,0
5.267720000,0,0
5.267725200,1,0
5.267730200,0,0
5.267730600,0,1
5.267735300,1,1
5.267740400,0,1
5.267741400,0,0
5.267745500,1,0
5.267750600,0,0
5.267755700,1,0
5.267760800,0,0
5.267765900,1,0
5.267770900,0,0
5.267772100,0,1
5.267776100,1,1
5.267781100,0,1
5.267782100,0,0
5.267786300,1,0
5.267791300,0,0
5.267792500,0,1
5.267796500,1,1
5.267801500,0,1
5.267806600,1,1
5.267811700,0,1
5.267811900,0,0
5.267816800,1,0
5.267821900,0,0
5.267822200,0,1
5.267827000,1,1
5.267834000,1,0
5.267840000,0,0
5.267841200,0,1
5.267845200,1,1
5.267850200,0,1
5.267851200,0,0
5.267855400,1,0
5.267860400,0,0
5.267861600,0,1
5.267865600,1,1
5.267870600,0,1
5.267871600,0,0
5.267875800,1,0
5.267880800,0,0
5.267885900,1,0
5.267891000,0,0
5.267896100,1,0
5.267901200,0,0
5.267906300,1,0
5.267911300,0,0
5.267912600,0,1
5.267916500,1,1
5.267921500,0,1
5.267921800,0,0
5.267926700,1,0
5.267931700,0,0
5.267936900,1,0
5.267941900,0,0
5.267947000,1,0
5.267952100,0,0
5.267952500,0,1
5.267957200,1,1
5.267962300,0,1
5.267962500,0,0
5.267967400,1,0
5.267972500,0,0
5.267977600,1,0
5.267982600,0,0
5.267987800,1,0
5.267992800,0,0
5.267993200,0,1
5.267998000,1,1
5.268003000,0,1
5.268008200,1,1
5.268013200,0,1
5.268018300,1,1
5.268023400,0,1
5.268024400,0,0
5.268028500,1,0
5.268034700,1,1
5.268098600,1,0
5.268104600,0,0
5.268105700,0,1
5.268109700,1,1
5.268114700,0,1
5.268115700,0,0
5.268119900,1,0
5.268124900,0,0
5.268126100,0,1
5.268130100,1,1
5.268135100,0,1
5.268136100,0,0
5.268140300,1,0
5.268145300,0,0
5.268150500,1,0
5.268155500,0,0
5.268160600,1,0
5.268165700,0,0
5.268170800,1,0
5.268175900,0,0
5.268181000,1,0
5.268186000,0,0
5.268191200,1,0
5.268196200,0,0
5.268196600,0,1
5.268201400,1,1
5.268206400,0,1
5.268207400,0,0
5.268211600,1,0
5.268216600,0,0
5.268221800,1,0
5.268226800,0,0
5.268231900,1,0
5.268237000,0,0
5.268238200,0,1
5.268242100,1,1
5.268247200,0,1
5.268248200,0,0
5.268252300,1,0
5.268257300,0,0
5.268258500,0,1
5.268262500,1,1
5.268267500,0,1
5.268272700,1,1
5.268277700,0,1
5.268277900,0,0
5.268282900,1,0
5.268287900,0,0
5.268288300,0,1
5.268293000,1,1
5.268300100,1,0
5.268306100,0,0
5.268307300,0,1
5.268311200,1,1
5.268316300,0,1
5.268317300,0,0
5.268321400,1,0
5.268326400,0,0
5.268327600,0,1
5.268331600,1,1
5.268336600,0,1
5.268337600,0,0
5.268341800,1,0
5.268346800,0,0
5.268352000,1,0
5.268357000,0,0
5.268362200,1,0
5.268367200,0,0
5.268372300,1,0
5.268377400,0,0
5.268378600,0,1
5.268382500,1,1
5.268387600,0,1
5.268387800,0,0
5.268392700,1,0
5.268397700,0,0
5.268402900,1,0
5.268407900,0,0
5.268413100,1,0
5.268418100,0,0
5.268418500,0,1
5.268423300,1,1
5.268428300,0,1
5.268428500,0,0
5.268433500,1,0
5.268438500,0,0
5.268443600,1,0
5.268448700,0,0
5.268453800,1,0
5.268458900,0,0
5.268459300,0,1
5.268464000,1,1
5.268469000,0,1
5.268474200,1,1
5.268479200,0,1
5.268484400,1,1
5.268489400,0,1
5.268490400,0,0
5.268494600,1,0
5.268500800,1,1
5.268572600,1,0
5.268578600,0,0
5.268579800,0,1
5.268583700,1,1
5.268588800,0,1
5.268589800,0,0
5.268593900,1,0
5.268599000,0,0
5.268600100,0,1
5.268604100,1,1
5.268609100,0,1
5.268610100,0,0
5.268614300,1,0
5.268619300,0,0
5.268624500,1,0
5.268629500,0,0
5.268634700,1,0
5.268639700,0,0
5.268644900,1,0
5.268649900,0,0
5.268655000,1,0
5.268660100,0,0
5.268665200,1,0
5.268670300,0,0
5.268670700,0,1
5.268675400,1,1
5.268680400,0,1
5.268681400,0,0
5.268685600,1,0
5.268690600,0,0
5.268695800,1,0
5.268700800,0,0
5.268706000,1,0
5.268711000,0,0
5.268712200,0,1
5.268716200,1,1
5.268721200,0,1
5.268722200,0,0
5.268726300,1,0
5.268731400,0,0
5.268732600,0,1
5.268736500,1,1
5.268741600,0,1
5.268746700,1,1
5.268751700,0,1
5.268752000,0,0
5.268756900,1,0
5.268761900,0,0
5.268762300,0,1
5.268767100,1,1
5.268774100,1,0
5.268780100,0,0
5.268781300,0,1
5.268785200,1,1
5.268790300,0,1
5.268791300,0,0
5.268795400,1,0
5.268800500,0,0
5.268801700,0,1
5.268805600,1,1
5.268810700,0,1
5.268811700,0,0
5.268815800,1,0
5.268820900,0,0
5.268826000,1,0
5.268831000,0,0
5.268836200,1,0
5.268841200,0,0
5.268846400,1,0
5.268851400,0,0
5.268852600,0,1
5.268856600,1,1
5.268861600,0,1
5.268861800,0,0
5.268866700,1,0
5.268871800,0,0
5.268876900,1,0
5.268882000,0,0
5.268887100,1,0
5.268892100,0,0
5.268892600,0,1
5.268897300,1,1
5.268902300,0,1
5.268902600,0,0
5.268907500,1,0
5.268912500,0,0
5.268917700,1,0
5.268922700,0,0
5.268927900,1,0
5.268932900,0,0
5.268933300,0,1
5.268938000,1,1
5.268943100,0,1
5.268948200,1,1
5.268953300,0,1
5.268958400,1,1
5.268963400,0,1
5.268964400,0,0
5.268968600,1,0
5.268974800,1,1
5.269038600,1,0
5.269044600,0,0
5.269045800,0,1
5.269049700,1,1
5.269054800,0,1
5.269055800,0,0
5.269060000,1,0
5.269065000,0,0
5.269066200,0,1
5.269070100,1,1
5.269075200,0,1
5.269076200,0,0
5.269080300,1,0
5.269085400,0,0
5.269090500,1,0
5.269095600,0,0
5.269100700,1,0
5.269105700,0,0
5.269110900,1,0
5.269115900,0,0
5.269121100,1,0
5.269126100,0,0
5.269131300,1,0
5.269136300,0,0
5.269136700,0,1
5.269141400,1,1
5.269146500,0,1
5.269147500,0,0
5.269151600,1,0
5.269156700,0,0
5.269161800,1,0
5.269166800,0,0
5.269172000,1,0
5.269177000,0,0
5.269178200,0,1
5.269182200,1,1
5.269187200,0,1
5.269188200,0,0
5.269192400,1,0
5.269197400,0,0
5.269198600,0,1
5.269202600,1,1
5.269207600,0,1
5.269212700,1,1
5.269217800,0,1
5.269218000,0,0
5.269222900,1,0
5.269228000,0,0
5.269228300,0,1
5.269233100,1,1
5.269240100,1,0
5.269246100,0,0
5.269247300,0,1
5.269251300,1,1
5.269256300,0,1
5.269257300,0,0
5.269261500,1,0
5.269266500,0,0
5.269267700,0,1
5.269271700,1,1
5.269276700,0,1
5.269277700,0,0
5.269281800,1,0
5.269286900,0,0
5.269292000,1,0
5.269297100,0,0
5.269302200,1,0
5.269307300,0,0
5.269312400,1,0
5.269317400,0,0
5.269318700,0,1
5.269322600,1,1
5.269327600,0,1
5.269327900,0,0
5.269332800,1,0
5.269337800,0,0
5.269343000,1,0
5.269348000,0,0
5.269353100,1,0
5.269358200,0,0
5.269358600,0,1
5.269363300,1,1
5.269368400,0,1
5.269368600,0,0
5.269373500,1,0
5.269378500,0,0
5.269383700,1,0
5.269388700,0,0
5.269393900,1,0
5.269398900,0,0
5.269399300,0,1
5.269404100,1,1
5.269409100,0,1
5.269414300,1,1
5.269419300,0,1
5.269424400,1,1
5.269429500,0,1
5.269430500,0,0
5.269434600,1,0
5.269440800,1,1
5.269504700,1,0
5.269510700,0,0
5.269511800,0,1
5.269515800,1,1
5.269520800,0,1
5.269521800,0,0
5.269526000,1,0
5.269531000,0,0
5.269532200,0,1
5.269536200,1,1
5.269541200,0,1
5.269542200,0,0
5.269546400,1,0
5.269551400,0,0
5.269556500,1,0
5.269561600,0,0
5.269566700,1,0
5.269571800,0,0
5.269576900,1,0
5.269582000,0,0
5.269587100,1,0
5.269592100,0,0
5.269597300,1,0
5.269602300,0,0
5.269602700,0,1
5.269607500,1,1
5.269612500,0,1
5.269613500,0,0
5.269617700,1,0
5.269622700,0,0
5.269627800,1,0
5.269632900,0,0
5.269638000,1,0
5.269643100,0,0
5.269644300,0,1
5.269648200,1,1
5.269653200,0,1
5.269654200,0,0
5.269658400,1,0
5.269663400,0,0
5.269664600,0,1
5.269668600,1,1
5.269673600,0,1
5.269678800,1,1
5.269683800,0,1
5.269684000,0,0
5.269689000,1,0
5.269694000,0,0
5.269694400,0,1
5.269699100,1,1
5.269706200,1,0
5.269712200,0,0
5.269713300,0,1
5.269717300,1,1
5.269722400,0,1
5.269723400,0,0
5.269727500,1,0
5.269732500,0,0
5.269733700,0,1
5.269737700,1,1
5.269742700,0,1
5.269743700,0,0
5.269747900,1,0
5.269752900,0,0
5.269758100,1,0
5.269763100,0,0
5.269768300,1,0
5.269773300,0,0
5.269778400,1,0
5.269783500,0,0
5.269784700,0,1
5.269788600,1,1
5.269793700,0,1
5.269793900,0,0
5.269798800,1,0
5.269803800,0,0
5.269809000,1,0
5.269814000,0,0
5.269819200,1,0
5.269824200,0,0
5.269824600,0,1
5.269829400,1,1
5.269834400,0,1
5.269834600,0,0
5.269839500,1,0
5.269844600,0,0
5.269849700,1,0
5.269854800,0,0
5.269859900,1,0
5.269865000,0,0
5.269865400,0,1
5.269870100,1,1
5.269875100,0,1
5.269880300,1,1
5.269885300,0,1
5.269890500,1,1
5.269895500,0,1
5.269896500,0,0
5.269900700,1,0
5.269906900,1,1
5.269988700,1,0
5.269994700,0,0
5.269995800,0,1
5.269999800,1,1
5.270004900,0,1
5.270005900,0,0
5.270010000,1,0
5.270015100,0,0
5.270016200,0,1
5.270020200,1,1
5.270025200,0,1
5.270026200,0,0
5.270030400,1,0
5.270035400,0,0
5.270040600,1,0
5.270045600,0,0
5.270050800,1,0
5.270055800,0,0
5.270061000,1,0
5.270066000,0,0
5.270071100,1,0
5.270076200,0,0
5.270081300,1,0
5.270086400,0,0
5.270086800,0,1
5.270091500,1,1
5.270096500,0,1
5.270097500,0,0
5.270101700,1,0
5.270106700,0,0
5.270111900,1,0
5.270116900,0,0
5.270122100,1,0
5.270127100,0,0
5.270128300,0,1
5.270132200,1,1
5.270137300,0,1
5.270142400,1,1
5.270147500,0,1
5.270152600,1,1
5.270157700,0,1
5.270162800,1,1
5.270167800,0,1
5.270168100,0,0
5.270173000,1,0
5.270178000,0,0
5.270178400,0,1
5.270183200,1,1
5.270190200,1,0
5.270196200,0,0
5.270197400,0,1
5.270201300,1,1
5.270206400,0,1
5.270207400,0,0
5.270211500,1,0
5.270216600,0,0
5.270217800,0,1
5.270221700,1,1
5.270226800,0,1
5.270227800,0,0
5.270231900,1,0
5.270236900,0,0
5.270242100,1,0
5.270247100,0,0
5.270252300,1,0
5.270257300,0,0
5.270262500,1,0
5.270267500,0,0
5.270268700,0,1
5.270272700,1,1
5.270277700,0,1
5.270277900,0,0
5.270282800,1,0
5.270287900,0,0
5.270288300,0,1
5.270293000,1,1
5.270298100,0,1
5.270298300,0,0
5.270303200,1,0
5.270308200,0,0
5.270313400,1,0
5.270318400,0,0
5.270323600,1,0
5.270328600,0,0
5.270333800,1,0
5.270338800,0,0
5.270344000,1,0
5.270349000,0,0
5.270349400,0,1
5.270354100,1,1
5.270359200,0,1
5.270364300,1,1
5.270369400,0,1
5.270374500,1,1
5.270379500,0,1
5.270380500,0,0
5.270384700,1,0
5.270390900,1,1
5.270455700,1,0
5.270461700,0,0
5.270462900,0,1
5.270466800,1,1
5.270471900,0,1
5.270472900,0,0
5.270477000,1,0
5.270482100,0,0
5.270483300,0,1
5.270487200,1,1
5.270492300,0,1
5.270493300,0,0
5.270497400,1,0
5.270502500,0,0
5.270507600,1,0
5.270512600,0,0
5.270517800,1,0
5.270522800,0,0
5.270528000,1,0
5.270533000,0,0
5.270538200,1,0
5.270543200,0,0
5.270548400,1,0
5.270553400,0,0
5.270553800,0,1
5.270558500,1,1
5.270563600,0,1
5.270564600,0,0
5.270568700,1,0
5.270573800,0,0
5.270578900,1,0
5.270583900,0,0
5.270589100,1,0
5.270594100,0,0
5.270595300,0,1
5.270599300,1,1
5.270604300,0,1
5.270609500,1,1
5.270614500,0,1
5.270619600,1,1
5.270624700,0,1
5.270629800,1,1
5.270634900,0,1
5.270635100,0,0
5.270640000,1,0
5.270645100,0,0
5.270645400,0,1
5.270650200,1,1
5.270657200,1,0
5.270663200,0,0
5.270664400,0,1
5.270668400,1,1
5.270673400,0,1
5.270674400,0,0
5.270678600,1,0
5.270683600,0,0
5.270684800,0,1
5.270688800,1,1
5.270693800,0,1
5.270694800,0,0
5.270698900,1,0
5.270704000,0,0
5.270709100,1,0
5.270714200,0,0
5.270719300,1,0
5.270724300,0,0
5.270729500,1,0
5.270734500,0,0
5.270735700,0,1
5.270739700,1,1
5.270744700,0,1
5.270744900,0,0
5.270749900,1,0
5.270754900,0,0
5.270755300,0,1
5.270760100,1,1
5.270765100,0,1
5.270765300,0,0
5.270770200,1,0
5.270775300,0,0
5.270780400,1,0
5.270785500,0,0
5.270790600,1,0
5.270795600,0,0
5.270800800,1,0
5.270805800,0,0
5.270811000,1,0
5.270816000,0,0
5.270816400,0,1
5.270821200,1,1
5.270826200,0,1
5.270831400,1,1
5.270836400,0,1
5.270841500,1,1
5.270846600,0,1
5.270847600,0,0
5.270851700,1,0
5.270857900,1,1
5.270928800,1,0
5.270934800,0,0
5.270935900,0,1
5.270939900,1,1
5.270944900,0,1
5.270945900,0,0
5.270950100,1,0
5.270955100,0,0
5.270956300,0,1
5.270960300,1,1
5.270965300,0,1
5.270966300,0,0
5.270970500,1,0
5.270975500,0,0
5.270980600,1,0
5.270985700,0,0
5.270990800,1,0
5.270995900,0,0
5.271001000,1,0
5.271006100,0,0
5.271011200,1,0
5.271016200,0,0
5.271021400,1,0
5.271026400,0,0
5.271026800,0,1
5.271031600,1,1
5.271036600,0,1
5.271037600,0,0
5.271041800,1,0
5.271046800,0,0
5.271051900,1,0
5.271057000,0,0
5.271062100,1,0
5.271067200,0,0
5.271068400,0,1
5.271072300,1,1
5.271077300,0,1
5.271082500,1,1
5.271087500,0,1
5.271092700,1,1
5.271097700,0,1
5.271102900,1,1
5.271107900,0,1
5.271108100,0,0
5.271113100,1,0
5.271118100,0,0
5.271118500,0,1
5.271123200,1,1
5.271130300,1,0
5.271136300,0,0
5.271137400,0,1
5.271141400,1,1
5.271146500,0,1
5.271147500,0,0
5.271151600,1,0
5.271156600,0,0
5.271157800,0,1
5.271161800,1,1
5.271166800,0,1
5.271167800,0,0
5.271172000,1,0
5.271177000,0,0
5.271182200,1,0
5.271187200,0,0
5.271192300,1,0
5.271197400,0,0
5.271202500,1,0
5.271207600,0,0
5.271208800,0,1
5.271212700,1,1
5.271217800,0,1
5.271218000,0,0
5.271222900,1,0
5.271227900,0,0
5.271228300,0,1
5.271233100,1,1
5.271238100,0,1
5.271238400,0,0
5.271243300,1,0
5.271248300,0,0
5.271253500,1,0
5.271258500,0,0
5.271263600,1,0
5.271268700,0,0
5.271273800,1,0
5.271278900,0,0
5.271284000,1,0
5.271289000,0,0
5.271289500,0,1
5.271294200,1,1
5.271299200,0,1
5.271304400,1,1
5.271309400,0,1
5.271314600,1,1
5.271319600,0,1
5.271320600,0,0
5.271324800,1,0
5.271331000,1,1
5.271395800,1,0
5.271401800,0,0
5.271402900,0,1
5.271406900,1,1
5.271412000,0,1
5.271413000,0,0
5.271417100,1,0
5.271422200,0,0
5.271423300,0,1
5.271427300,1,1
5.271432300,0,1
5.271433300,0,0
5.271437500,1,0
5.271442500,0,0
5.271447700,1,0
5.271452700,0,0
5.271457900,1,0
5.271462900,0,0
5.271468100,1,0
5.271473100,0,0
5.271478200,1,0
5.271483300,0,0
5.271488400,1,0
5.271493500,0,0
5.271493900,0,1
5.271498600,1,1
5.271503600,0,1
5.271504600,0,0
5.271508800,1,0
5.271513800,0,0
5.271519000,1,0
5.271524000,0,0
5.271529200,1,0
5.271534200,0,0
5.271535400,0,1
5.271539300,1,1
5.271544400,0,1
5.271549500,1,1
5.271554600,0,1
5.271559700,1,1
5.271564700,0,1
5.271569900,1,1
5.271574900,0,1
5.271575200,0,0
5.271580100,1,0
5.271585100,0,0
5.271585500,0,1
5.271590300,1,1
5.271597300,1,0
5.271603300,0,0
5.271604500,0,1
5.271608400,1,1
5.271613500,0,1
5.271614500,0,0
5.271618600,1,0
5.271623700,0,0
5.271624900,0,1
5.271628800,1,1
5.271633900,0,1
5.271634900,0,0
5.271639000,1,0
5.271644000,0,0
5.271649200,1,0
5.271654200,0,0
5.271659400,1,0
5.271664400,0,0
5.271669600,1,0
5.271674600,0,0
5.271675800,0,1
5.271679700,1,1
5.271684800,0,1
5.271685000,0,0
5.271689900,1,0
5.271695000,0,0
5.271695400,0,1
5.271700100,1,1
5.271705200,0,1
5.271705400,0,0
5.271710300,1,0
5.271715300,0,0
5.271720500,1,0
5.271725500,0,0
5.271730700,1,0
5.271735700,0,0
5.271740900,1,0
5.271745900,0,0
5.271751000,1,0
5.271756100,0,0
5.271756500,0,1
5.271761200,1,1
5.271766300,0,1
5.271771400,1,1
5.271776400,0,1
5.271781600,1,1
5.271786600,0,1
5.271787600,0,0
5.271791800,1,0
5.271798000,1,1
5.271869800,1,0
5.271875800,0,0
5.271877000,0,1
5.271880900,1,1
5.271886000,0,1
5.271887000,0,0
5.271891100,1,0
5.271896200,0,0
5.271897400,0,1
5.271901300,1,1
5.271906400,0,1
5.271907400,0,0
5.271911500,1,0
5.271916600,0,0
5.271921700,1,0
5.271926700,0,0
5.271931900,1,0
5.271936900,0,0
5.271942100,1,0
5.271947100,0,0
5.271952300,1,0
5.271957300,0,0
5.271962500,1,0
5.271967500,0,0
5.271967900,0,1
5.271972600,1,1
5.271977700,0,1
5.271978700,0,0
5.271982800,1,0
5.271987900,0,0
5.271993000,1,0
5.271998000,0,0
5.272003200,1,0
5.272008200,0,0
5.272009400,0,1
5.272013400,1,1
5.272018400,0,1
5.272023600,1,1
5.272028600,0,1
5.272033700,1,1
5.272038800,0,1
5.272043900,1,1
5.272049000,0,1
5.272049200,0,0
5.272054100,1,0
5.272059200,0,0
5.272059500,0,1
5.272064300,1,1
5.272071300,1,0
5.272077300,0,0
5.272078500,0,1
5.272082500,1,1
5.272087500,0,1
5.272088500,0,0
5.272092700,1,0
5.272097700,0,0
5.272098900,0,1
5.272102900,1,1
5.272107900,0,1
5.272108900,0,0
5.272113000,1,0
5.272118100,0,0
5.272123200,1,0
5.272128300,0,0
5.272133400,1,0
5.272138400,0,0
5.272143600,1,0
5.272148600,0,0
5.272149800,0,1
5.272153800,1,1
5.272158800,0,1
5.272159000,0,0
5.272164000,1,0
5.272169000,0,0
5.272169400,0,1
5.272174200,1,1
5.272179200,0,1
5.272179400,0,0
5.272184300,1,0
5.272189400,0,0
5.272194500,1,0
5.272199600,0,0
5.272204700,1,0
5.272209700,0,0
5.272214900,1,0
5.272219900,0,0
5.272225100,1,0
5.272230100,0,0
5.272230500,0,1
5.272235300,1,1
5.272240300,0,1
5.272245400,1,1
5.272250500,0,1
5.272255600,1,1
5.272260700,0,1
5.272261700,0,0
5.272265800,1,0
5.272272000,1,1
5.272335900,1,0
5.272341900,0,0
5.272343000,0,1
5.272347000,1,1
5.272352000,0,1
5.272353000,0,0
5.272357200,1,0
5.272362200,0,0
5.272363400,0,1
5.272367400,1,1
5.272372400,0,1
5.272373400,0,0
5.272377600,1,0
5.272382600,0,0
5.272387700,1,0
5.272392800,0,0
5.272397900,1,0
5.272403000,0,0
5.272408100,1,0
5.272413100,0,0
5.272418300,1,0
5.272423300,0,0
5.272428500,1,0
5.272433500,0,0
5.272433900,0,1
5.272438700,1,1
5.272443700,0,1
5.272444700,0,0
5.272448900,1,0
5.272453900,0,0
5.272459000,1,0
5.272464100,0,0
5.272469200,1,0
5.272474300,0,0
5.272475500,0,1
5.272479400,1,1
5.272484400,0,1
5.272489600,1,1
5.272494600,0,1
5.272499800,1,1
5.272504800,0,1
5.272510000,1,1
5.272515000,0,1
5.272515200,0,0
5.272520200,1,0
5.272525200,0,0
5.272525600,0,1
5.272530300,1,1
5.272537400,1,0
5.272543400,0,0
5.272544500,0,1
5.272548500,1,1
5.272553600,0,1
5.272554600,0,0
5.272558700,1,0
5.272563700,0,0
5.272564900,0,1
5.272568900,1,1
5.272573900,0,1
5.272574900,0,0
5.272579100,1,0
5.272584100,0,0
5.272589300,1,0
5.272594300,0,0
5.272599400,1,0
5.272604500,0,0
5.272609600,1,0
5.272614700,0,0
5.272615900,0,1
5.272619800,1,1
5.272624800,0,1
5.272625100,0,0
5.272630000,1,0
5.272635000,0,0
5.272635400,0,1
5.272640200,1,1
5.272645200,0,1
5.272645500,0,0
5.272650400,1,0
5.272655400,0,0
5.272660600,1,0
5.272665600,0,0
5.272670700,1,0
5.272675800,0,0
5.272680900,1,0
5.272686000,0,0
5.272691100,1,0
5.272696100,0,0
5.272696600,0,1
5.272701300,1,1
5.272706300,0,1
5.272711500,1,1
5.272716500,0,1
5.272721700,1,1
5.272726700,0,1
5.272727700,0,0
5.272731900,1,0
5.272738100,1,1
5.272809900,1,0
5.272815900,0,0
5.272817000,0,1
5.272821000,1,1
5.272826100,0,1
5.272827100,0,0
5.272831200,1,0
5.272836300,0,0
5.272837400,0,1
5.272841400,1,1
5.272846400,0,1
5.272847400,0,0
5.272851600,1,0
5.272856600,0,0
5.272861800,1,0
5.272866800,0,0
5.272872000,1,0
5.272877000,0,0
5.272882100,1,0
5.272887200,0,0
5.272892300,1,0
5.272897400,0,0
5.272902500,1,0
5.272907500,0,0
5.272908000,0,1
5.272912700,1,1
5.272917700,0,1
5.272918700,0,0
5.272922900,1,0
5.272927900,0,0
5.272933100,1,0
5.272938100,0,0
5.272943300,1,0
5.272948300,0,0
5.272949500,0,1
5.272953400,1,1
5.272958500,0,1
5.272963600,1,1
5.272968700,0,1
5.272973800,1,1
5.272978800,0,1
5.272984000,1,1
5.272989000,0,1
5.272989300,0,0
5.272994200,1,0
5.272999200,0,0
5.272999600,0,1
5.273004400,1,1
5.273011400,1,0
5.273017400,0,0
5.273018600,0,1
5.273022500,1,1
5.273027600,0,1
5.273028600,0,0
5.273032700,1,0
5.273037800,0,0
5.273039000,0,1
5.273042900,1,1
5.273048000,0,1
5.273049000,0,0
5.273053100,1,0
5.273058100,0,0
5.273063300,1,0
5.273068300,0,0
5.273073500,1,0
5.273078500,0,0
5.273083700,1,0
5.273088700,0,0
5.273089900,0,1
5.273093800,1,1
5.273098900,0,1
5.273099100,0,0
5.273104000,1,0
5.273109100,0,0
5.273109500,0,1
5.273114200,1,1
5.273119300,0,1
5.273119500,0,0
5.273124400,1,0
5.273129400,0,0
5.273134600,1,0
5.273139600,0,0
5.273144800,1,0
5.273149800,0,0
5.273155000,1,0
5.273160000,0,0
5.273165100,1,0
5.273170200,0,0
5.273170600,0,1
5.273175300,1,1
5.273180400,0,1
5.273185500,1,1
5.273190500,0,1
5.273195700,1,1
5.273200700,0,1
5.273201700,0,0
5.273205900,1,0
5.273212100,1,1
5.273278900,1,0
5.273284900,0,0
5.273286100,0,1
5.273290000,1,1
5.273295100,0,1
5.273296100,0,0
5.273300200,1,0
5.273305300,0,0
5.273306500,0,1
5.273310400,1,1
5.273315500,0,1
5.273316500,0,0
5.273320600,1,0
5.273325700,0,0
5.273330800,1,0
5.273335800,0,0
5.273341000,1,0
5.273346000,0,0
5.273351200,1,0
5.273356200,0,0
5.273361400,1,0
5.273366400,0,0
5.273371500,1,0
5.273376600,0,0
5.273377000,0,1
5.273381700,1,1
5.273386800,0,1
5.273387800,0,0
5.273391900,1,0
5.273397000,0,0
5.273402100,1,0
5.273407100,0,0
5.273408300,0,1
5.273412300,1,1
5.273417300,0,1
5.273418300,0,0
5.273422500,1,0
5.273427500,0,0
5.273432700,1,0
5.273437700,0,0
5.273438900,0,1
5.273442800,1,1
5.273447900,0,1
5.273453000,1,1
5.273458100,0,1
5.273458300,0,0
5.273463200,1,0
5.273468200,0,0
5.273468600,0,1
5.273473400,1,1
5.273480400,1,0
5.273486400,0,0
5.273487600,0,1
5.273491600,1,1
5.273496600,0,1
5.273497600,0,0
5.273501800,1,0
5.273506800,0,0
5.273508000,0,1
5.273512000,1,1
5.273517000,0,1
5.273518000,0,0
5.273522100,1,0
5.273527200,0,0
5.273532300,1,0
5.273537400,0,0
5.273542500,1,0
5.273547500,0,0
5.273552700,1,0
5.273557700,0,0
5.273558900,0,1
5.273562900,1,1
5.273567900,0,1
5.273568100,0,0
5.273573100,1,0
5.273578100,0,0
5.273583300,1,0
5.273588300,0,0
5.273588700,0,1
5.273593400,1,1
5.273598500,0,1
5.273603600,1,1
5.273608700,0,1
5.273608900,0,0
5.273613800,1,0
5.273618800,0,0
5.273624000,1,0
5.273629000,0,0
5.273629400,0,1
5.273634200,1,1
5.273639200,0,1
5.273644400,1,1
5.273649400,0,1
5.273654500,1,1
5.273659600,0,1
5.273664700,1,1
5.273669800,0,1
5.273670800,0,0
5.273674900,1,0
5.273681100,1,1
5.273752900,1,0
5.273758900,0,0
5.273760100,0,1
5.273764100,1,1
5.273769100,0,1
5.273770100,0,0
5.273774300,1,0
5.273779300,0,0
5.273780500,0,1
5.273784500,1,1
5.273789500,0,1
5.273790500,0,0
5.273794700,1,0
5.273799700,0,0
5.273804800,1,0
5.273809900,0,0
5.273815000,1,0
5.273820100,0,0
5.273825200,1,0
5.273830200,0,0
5.273835400,1,0
5.273840400,0,0
5.273845600,1,0
5.273850600,0,0
5.273851000,0,1
5.273855800,1,1
5.273860800,0,1
5.273861800,0,0
5.273866000,1,0
5.273871000,0,0
5.273876100,1,0
5.273881200,0,0
5.273882400,0,1
5.273886300,1,1
5.273891400,0,1
5.273892400,0,0
5.273896500,1,0
5.273901500,0,0
5.273906700,1,0
5.273911700,0,0
5.273912900,0,1
5.273916900,1,1
5.273921900,0,1
5.273927100,1,1
5.273932100,0,1
5.273932300,0,0
5.273937200,1,0
5.273942300,0,0
5.273942700,0,1
5.273947400,1,1
5.273954500,1,0
5.273960500,0,0
5.273961600,0,1
5.273965600,1,1
5.273970600,0,1
5.273971600,0,0
5.273975800,1,0
5.273980800,0,0
5.273982000,0,1
5.273986000,1,1
5.273991000,0,1
5.273992000,0,0
5.273996200,1,0
5.274001200,0,0
5.274006400,1,0
5.274011400,0,0
5.274016500,1,0
5.274021600,0,0
5.274026700,1,0
5.274031800,0,0
5.274033000,0,1
5.274036900,1,1
5.274041900,0,1
5.274042200,0,0
5.274047100,1,0
5.274052100,0,0
5.274057300,1,0
5.274062300,0,0
5.274062700,0,1
5.274067500,1,1
5.274072500,0,1
5.274077700,1,1
5.274082700,0,1
5.274082900,0,0
5.274087800,1,0
5.274092900,0,0
5.274098000,1,0
5.274103100,0,0
5.274103500,0,1
5.274108200,1,1
5.274113200,0,1
5.274118400,1,1
5.274123400,0,1
5.274128600,1,1
5.274133600,0,1
5.274138800,1,1
5.274143800,0,1
5.274144800,0,0
5.274148900,1,0
5.274155200,1,1
5.274219000,1,0
5.274225000,0,0
5.274226100,0,1
5.274230100,1,1
5.274235200,0,1
5.274236200,0,0
5.274240300,1,0
5.274245400,0,0
5.274246500,0,1
5.274250500,1,1
5.274255500,0,1
5.274256500,0,0
5.274260700,1,0
5.274265700,0,0
5.274270900,1,0
5.274275900,0,0
5.274281100,1,0
5.274286100,0,0
5.274291200,1,0
5.274296300,0,0
5.274301400,1,0
5.274306500,0,0
5.274311600,1,0
5.274316600,0,0
5.274317100,0,1
5.274321800,1,1
5.274326800,0,1
5.274327800,0,0
5.274332000,1,0
5.274337000,0,0
5.274342200,1,0
5.274347200,0,0
5.274348400,0,1
5.274352400,1,1
5.274357400,0,1
5.274358400,0,0
5.274362500,1,0
5.274367600,0,0
5.274372700,1,0
5.274377800,0,0
5.274379000,0,1
5.274382900,1,1
5.274387900,0,1
5.274393100,1,1
5.274398100,0,1
5.274398400,0,0
5.274403300,1,0
5.274408300,0,0
5.274408700,0,1
5.274413500,1,1
5.274420500,1,0
5.274426500,0,0
5.274427700,0,1
5.274431600,1,1
5.274436700,0,1
5.274437700,0,0
5.274441800,1,0
5.274446900,0,0
5.274448100,0,1
5.274452000,1,1
5.274457100,0,1
5.274458100,0,0
5.274462200,1,0
5.274467200,0,0
5.274472400,1,0
5.274477400,0,0
5.274482600,1,0
5.274487600,0,0
5.274492800,1,0
5.274497800,0,0
5.274499000,0,1
5.274502900,1,1
5.274508000,0,1
5.274508200,0,0
5.274513100,1,0
5.274518200,0,0
5.274523300,1,0
5.274528300,0,0
5.274528800,0,1
5.274533500,1,1
5.274538500,0,1
5.274543700,1,1
5.274548700,0,1
5.274549000,0,0
5.274553900,1,0
5.274558900,0,0
5.274564100,1,0
5.274569100,0,0
5.274569500,0,1
5.274574200,1,1
5.274579300,0,1
5.274584400,1,1
5.274589500,0,1
5.274594600,1,1
5.274599600,0,1
5.274604800,1,1
5.274609800,0,1
5.274610800,0,0
5.274615000,1,0
5.274621200,1,1
5.274692000,1,0
5.274698000,0,0
5.274699200,0,1
5.274703100,1,1
5.274708200,0,1
5.274709200,0,0
5.274713300,1,0
5.274718400,0,0
5.274719600,0,1
5.274723500,1,1
5.274728600,0,1
5.274729600,0,0
5.274733700,1,0
5.274738800,0,0
5.274743900,1,0
5.274748900,0,0
5.274754100,1,0
5.274759100,0,0
5.274764300,1,0
5.274769300,0,0
5.274774500,1,0
5.274779500,0,0
5.274784600,1,0
5.274789700,0,0
5.274790100,0,1
5.274794800,1,1
5.274799900,0,1
5.274800900,0,0
5.274805000,1,0
5.274810000,0,0
5.274815200,1,0
5.274820200,0,0
5.274821400,0,1
5.274825400,1,1
5.274830400,0,1
5.274831400,0,0
5.274835600,1,0
5.274840600,0,0
5.274841800,0,1
5.274845800,1,1
5.274850800,0,1
5.274851800,0,0
5.274855900,1,0
5.274861000,0,0
5.274866100,1,0
5.274871200,0,0
5.274876300,1,0
5.274881300,0,0
5.274881800,0,1
5.274886500,1,1
5.274893500,1,0
5.274899500,0,0
5.274900700,0,1
5.274904700,1,1
5.274909700,0,1
5.274910700,0,0
5.274914900,1,0
5.274919900,0,0
5.274921100,0,1
5.274925000,1,1
5.274930100,0,1
5.274931100,0,0
5.274935200,1,0
5.274940300,0,0
5.274945400,1,0
5.274950500,0,0
5.274955600,1,0
5.274960600,0,0
5.274965800,1,0
5.274970800,0,0
5.274972000,0,1
5.274976000,1,1
5.274981000,0,1
5.274981200,0,0
5.274986200,1,0
5.274991200,0,0
5.274996300,1,0
5.275001400,0,0
5.275006500,1,0
5.275011600,0,0
5.275016700,1,0
5.275021700,0,0
5.275026900,1,0
5.275031900,0,0
5.275037100,1,0
5.275042100,0,0
5.275047300,1,0
5.275052300,0,0
5.275052700,0,1
5.275057500,1,1
5.275062500,0,1
5.275067600,1,1
5.275072700,0,1
5.275077800,1,1
5.275082900,0,1
5.275083900,0,0
5.275088000,1,0
5.275094200,1,1
5.275157000,1,0
5.275163000,0,0
5.275164200,0,1
5.275168200,1,1
5.275173200,0,1
5.275174200,0,0
5.275178400,1,0
5.275183400,0,0
5.275184600,0,1
5.275188600,1,1
5.275193600,0,1
5.275194600,0,0
5.275198800,1,0
5.275203800,0,0
5.275208900,1,0
5.275214000,0,0
5.275219100,1,0
5.275224200,0,0
5.275229300,1,0
5.275234300,0,0
5.275239500,1,0
5.275244500,0,0
5.275249700,1,0
5.275254700,0,0
5.275255100,0,1
5.275259900,1,1
5.275264900,0,1
5.275265900,0,0
5.275270000,1,0
5.275275100,0,0
5.275280200,1,0
5.275285300,0,0
5.275286500,0,1
5.275290400,1,1
5.275295500,0,1
5.275296400,0,0
5.275300600,1,0
5.275305600,0,0
5.275306800,0,1
5.275310800,1,1
5.275315800,0,1
5.275316800,0,0
5.275321000,1,0
5.275326000,0,0
5.275327200,0,1
5.275331200,1,1
5.275336200,0,1
5.275336400,0,0
5.275341300,1,0
5.275346400,0,0
5.275346800,0,1
5.275351500,1,1
5.275358600,1,0
5.275364600,0,0
5.275365700,0,1
5.275369700,1,1
5.275374700,0,1
5.275375700,0,0
5.275379900,1,0
5.275384900,0,0
5.275386100,0,1
5.275390100,1,1
5.275395100,0,1
5.275396100,0,0
5.275400300,1,0
5.275405300,0,0
5.275410500,1,0
5.275415500,0,0
5.275420600,1,0
5.275425700,0,0
5.275430800,1,0
5.275435900,0,0
5.275437100,0,1
5.275441000,1,1
5.275446000,0,1
5.275446300,0,0
5.275451200,1,0
5.275456200,0,0
5.275461400,1,0
5.275466400,0,0
5.275471600,1,0
5.275476600,0,0
5.275481700,1,0
5.275486800,0,0
5.275491900,1,0
5.275497000,0,0
5.275497400,0,1
5.275502100,1,1
5.275507200,0,1
5.275512300,1,1
5.275517300,0,1
5.275517600,0,0
5.275522500,1,0
5.275527500,0,0
5.275532700,1,0
5.275537700,0,0
5.275538100,0,1
5.275542900,1,1
5.275547900,0,1
5.275548900,0,0
5.275553000,1,0
5.275559300,1,1
5.275629100,1,0
5.275635100,0,0
5.275636200,0,1
5.275640200,1,1
5.275645300,0,1
5.275646300,0,0
5.275650400,1,0
5.275655400,0,0
5.275656600,0,1
5.275660600,1,1
5.275665600,0,1
5.275666600,0,0
5.275670800,1,0
5.275675800,0,0
5.275681000,1,0
5.275686000,0,0
5.275691200,1,0
5.275696200,0,0
5.275701300,1,0
5.275706400,0,0
5.275711500,1,0
5.275716600,0,0
5.275721700,1,0
5.275726700,0,0
5.275727200,0,1
5.275731900,1,1
5.275736900,0,1
5.275737900,0,0
5.275742100,1,0
5.275747100,0,0
5.275752300,1,0
5.275757300,0,0
5.275758500,0,1
5.275762400,1,1
5.275767500,0,1
5.275768500,0,0
5.275772600,1,0
5.275777700,0,0
5.275778900,0,1
5.275782800,1,1
5.275787900,0,1
5.275793000,1,1
5.275798000,0,1
5.275799000,0,0
5.275803200,1,0
5.275808200,0,0
5.275813400,1,0
5.275818400,0,0
5.275818800,0,1
5.275823600,1,1
5.275830600,1,0
5.275836600,0,0
5.275837800,0,1
5.275841700,1,1
5.275846800,0,1
5.275847800,0,0
5.275851900,1,0
5.275857000,0,0
5.275858100,0,1
5.275862100,1,1
5.275867100,0,1
5.275868100,0,0
5.275872300,1,0
5.275877300,0,0
5.275882500,1,0
5.275887500,0,0
5.275892700,1,0
5.275897700,0,0
5.275902900,1,0
5.275907900,0,0
5.275909100,0,1
5.275913000,1,1
5.275918100,0,1
5.275918300,0,0
5.275923200,1,0
5.275928300,0,0
5.275933400,1,0
5.275938400,0,0
5.275943600,1,0
5.275948600,0,0
5.275953800,1,0
5.275958800,0,0
5.275964000,1,0
5.275969000,0,0
5.275974200,1,0
5.275979200,0,0
5.275984300,1,0
5.275989400,0,0
5.275994500,1,0
5.275999600,0,0
5.276004700,1,0
5.276009700,0,0
5.276010200,0,1
5.276014900,1,1
5.276019900,0,1
5.276020900,0,0
5.276025100,1,0
5.276031300,1,1
5.276096100,1,0
5.276102100,0,0
5.276103300,0,1
5.276107200,1,1
5.276112300,0,1
5.276113300,0,0
5.276117400,1,0
5.276122500,0,0
5.276123700,0,1
5.276127600,1,1
5.276132700,0,1
5.276133700,0,0
5.276137800,1,0
5.276142800,0,0
5.276148000,1,0
5.276153000,0,0
5.276158200,1,0
5.276163200,0,0
5.276168400,1,0
5.276173400,0,0
5.276178600,1,0
5.276183600,0,0
5.276188700,1,0
5.276193800,0,0
5.276194200,0,1
5.276198900,1,1
5.276204000,0,1
5.276205000,0,0
5.276209100,1,0
5.276214100,0,0
5.276219300,1,0
5.276224300,0,0
5.276225500,0,1
5.276229500,1,1
5.276234500,0,1
5.276235500,0,0
5.276239700,1,0
5.276244700,0,0
5.276249900,1,0
5.276254900,0,0
5.276256100,0,1
5.276260000,1,1
5.276265100,0,1
5.276270200,1,1
5.276275300,0,1
5.276275500,0,0
5.276280400,1,0
5.276285400,0,0
5.276285800,0,1
5.276290600,1,1
5.276297600,1,0
5.276303600,0,0
5.276304800,0,1
5.276308800,1,1
5.276313800,0,1
5.276314800,0,0
5.276319000,1,0
5.276324000,0,0
5.276325200,0,1
5.276329100,1,1
5.276334200,0,1
5.276335200,0,0
5.276339300,1,0
5.276344400,0,0
5.276349500,1,0
5.276354600,0,0
5.276359700,1,0
5.276364700,0,0
5.276369900,1,0
5.276374900,0,0
5.276376100,0,1
5.276380100,1,1
5.276385100,0,1
5.276385300,0,0
5.276390300,1,0
5.276395300,0,0
5.276400400,1,0
5.276405500,0,0
5.276405900,0,1
5.276410600,1,1
5.276415700,0,1
5.276420800,1,1
5.276425800,0,1
5.276426100,0,0
5.276431000,1,0
5.276436000,0,0
5.276441200,1,0
5.276446200,0,0
5.276446600,0,1
5.276451400,1,1
5.276456400,0,1
5.276461600,1,1
5.276466600,0,1
5.276471700,1,1
5.276476800,0,1
5.276481900,1,1
5.276487000,0,1
5.276488000,0,0
5.276492100,1,0
5.276498300,1,1
5.276571100,1,0
5.276577100,0,0
5.276578300,0,1
5.276582300,1,1
5.276587300,0,1
5.276588300,0,0
5.276592500,1,0
5.276597500,0,0
5.276598700,0,1
5.276602700,1,1
5.276607700,0,1
5.276608700,0,0
5.276612800,1,0
5.276617900,0,0
5.276623000,1,0
5.276628100,0,0
5.276633200,1,0
5.276638300,0,0
5.276643400,1,0
5.276648400,0,0
5.276653600,1,0
5.276658600,0,0
5.276663800,1,0
5.276668800,0,0
5.276669200,0,1
5.276674000,1,1
5.276679000,0,1
5.276680000,0,0
5.276684100,1,0
5.276689200,0,0
5.276694300,1,0
5.276699400,0,0
5.276700600,0,1
5.276704500,1,1
5.276709500,0,1
5.276714700,1,1
5.276719700,0,1
5.276720700,0,0
5.276724900,1,0
5.276729900,0,0
5.276731100,0,1
5.276735100,1,1
5.276740100,0,1
5.276741100,0,0
5.276745300,1,0
5.276750300,0,0
5.276755400,1,0
5.276760500,0,0
5.276760900,0,1
5.276765600,1,1
5.276772700,1,0
5.276778700,0,0
5.276779800,0,1
5.276783800,1,1
5.276788800,0,1
5.276789800,0,0
5.276794000,1,0
5.276799000,0,0
5.276800200,0,1
5.276804200,1,1
5.276809200,0,1
5.276810200,0,0
5.276814400,1,0
5.276819400,0,0
5.276824600,1,0
5.276829600,0,0
5.276834700,1,0
5.276839800,0,0
5.276844900,1,0
5.276850000,0,0
5.276851200,0,1
5.276855100,1,1
5.276860100,0,1
5.276860400,0,0
5.276865300,1,0
5.276870300,0,0
5.276875500,1,0
5.276880500,0,0
5.276885700,1,0
5.276890700,0,0
5.276891100,0,1
5.276895800,1,1
5.276900900,0,1
5.276906000,1,1
5.276911100,0,1
5.276916200,1,1
5.276921200,0,1
5.276926400,1,1
5.276931400,0,1
5.276931700,0,0
5.276936600,1,0
5.276941600,0,0
5.276946800,1,0
5.276951800,0,0
5.276952200,0,1
5.276957000,1,1
5.276962000,0,1
5.276963000,0,0
5.276967100,1,0
5.276973400,1,1
5.277042200,1,0
5.277048200,0,0
5.277049300,0,1
5.277053300,1,1
5.277058400,0,1
5.277059400,0,0
5.277063500,1,0
5.277068500,0,0
5.277069700,0,1
5.277073700,1,1
5.277078700,0,1
5.277079700,0,0
5.277083900,1,0
5.277088900,0,0
5.277094100,1,0
5.277099100,0,0
5.277104300,1,0
5.277109300,0,0
5.277114400,1,0
5.277119500,0,0
5.277124600,1,0
5.277129700,0,0
5.277134800,1,0
5.277139800,0,0
5.277140300,0,1
5.277145000,1,1
5.277150000,0,1
5.277151000,0,0
5.277155200,1,0
5.277160200,0,0
5.277165400,1,0
5.277170400,0,0
5.277171600,0,1
5.277175500,1,1
5.277180600,0,1
5.277185700,1,1
5.277190800,0,1
5.277191800,0,0
5.277195900,1,0
5.277200900,0,0
5.277206100,1,0
5.277211100,0,0
5.277212300,0,1
5.277216300,1,1
5.277221300,0,1
5.277221500,0,0
5.277226500,1,0
5.277231500,0,0
5.277231900,0,1
5.277236700,1,1
5.277243700,1,0
5.277249700,0,0
5.277250900,0,1
5.277254800,1,1
5.277259900,0,1
5.277260900,0,0
5.277265000,1,0
5.277270100,0,0
5.277271200,0,1
5.277275200,1,1
5.277280200,0,1
5.277281200,0,0
5.277285400,1,0
5.277290400,0,0
5.277295600,1,0
5.277300600,0,0
5.277305800,1,0
5.277310800,0,0
5.277316000,1,0
5.277321000,0,0
5.277322200,0,1
5.277326100,1,1
5.277331200,0,1
5.277331400,0,0
5.277336300,1,0
5.277341400,0,0
5.277346500,1,0
5.277351500,0,0
5.277356700,1,0
5.277361700,0,0
5.277366900,1,0
5.277371900,0,0
5.277377100,1,0
5.277382100,0,0
5.277387200,1,0
5.277392300,0,0
5.277397400,1,0
5.277402500,0,0
5.277407600,1,0
5.277412700,0,0
5.277417800,1,0
5.277422800,0,0
5.277423300,0,1
5.277428000,1,1
5.277433000,0,1
5.277434000,0,0
5.277438200,1,0
5.277444400,1,1
5.277510200,1,0
5.277516200,0,0
5.277517400,0,1
5.277521300,1,1
5.277526400,0,1
5.277527400,0,0
5.277531500,1,0
5.277536600,0,0
5.277537800,0,1
5.277541700,1,1
5.277546800,0,1
5.277547800,0,0
5.277551900,1,0
5.277556900,0,0
5.277562100,1,0
5.277567100,0,0
5.277572300,1,0
5.277577300,0,0
5.277582500,1,0
5.277587500,0,0
5.277592700,1,0
5.277597700,0,0
5.277602800,1,0
5.277607900,0,0
5.277608300,0,1
5.277613000,1,1
5.277618100,0,1
5.277619100,0,0
5.277623200,1,0
5.277628200,0,0
5.277633400,1,0
5.277638400,0,0
5.277639600,0,1
5.277643600,1,1
5.277648600,0,1
5.277653800,1,1
5.277658800,0,1
5.277659800,0,0
5.277663900,1,0
5.277669000,0,0
5.277670200,0,1
5.277674100,1,1
5.277679200,0,1
5.277684300,1,1
5.277689400,0,1
5.277689600,0,0
5.277694500,1,0
5.277699500,0,0
5.277699900,0,1
5.277704700,1,1
5.277711700,1,0
5.277717700,0,0
5.277718900,0,1
5.277722900,1,1
5.277727900,0,1
5.277728900,0,0
5.277733100,1,0
5.277738100,0,0
5.277739300,0,1
5.277743200,1,1
5.277748300,0,1
5.277749300,0,0
5.277753400,1,0
5.277758500,0,0
5.277763600,1,0
5.277768600,0,0
5.277773800,1,0
5.277778800,0,0
5.277784000,1,0
5.277789000,0,0
5.277790200,0,1
5.277794200,1,1
5.277799200,0,1
5.277799400,0,0
5.277804400,1,0
5.277809400,0,0
5.277814500,1,0
5.277819600,0,0
5.277820000,0,1
5.277824700,1,1
5.277829800,0,1
5.277834900,1,1
5.277839900,0,1
5.277840200,0,0
5.277845100,1,0
5.277850100,0,0
5.277855300,1,0
5.277860300,0,0
5.277860700,0,1
5.277865500,1,1
5.277870500,0,1
5.277875600,1,1
5.277880700,0,1
5.277885800,1,1
5.277890900,0,1
5.277896000,1,1
5.277901100,0,1
5.277902100,0,0
5.277906200,1,0
5.277912400,1,1
5.277985200,1,0
5.277991200,0,0
5.277992400,0,1
5.277996400,1,1
5.278001400,0,1
5.278002400,0,0
5.278006600,1,0
5.278011600,0,0
5.278012800,0,1
5.278016800,1,1
5.278021800,0,1
5.278022800,0,0
5.278026900,1,0
5.278032000,0,0
5.278037100,1,0
5.278042200,0,0
5.278047300,1,0
5.278052300,0,0
5.278057500,1,0
5.278062500,0,0
5.278067700,1,0
5.278072700,0,0
5.278077900,1,0
5.278082900,0,0
5.278083300,0,1
5.278088100,1,1
5.278093100,0,1
5.278094100,0,0
5.278098200,1,0
5.278103300,0,0
5.278108400,1,0
5.278113500,0,0
5.278114700,0,1
5.278118600,1,1
5.278123600,0,1
5.278128800,1,1
5.278133800,0,1
5.278134800,0,0
5.278139000,1,0
5.278144000,0,0
5.278145200,0,1
5.278149200,1,1
5.278154200,0,1
5.278159300,1,1
5.278164400,0,1
5.278164600,0,0
5.278169500,1,0
5.278174600,0,0
5.278174900,0,1
5.278179700,1,1
5.278186800,1,0
5.278192800,0,0
5.278193900,0,1
5.278197900,1,1
5.278202900,0,1
5.278203900,0,0
5.278208100,1,0
5.278213100,0,0
5.278214300,0,1
5.278218300,1,1
5.278223300,0,1
5.278224300,0,0
5.278228500,1,0
5.278233500,0,0
5.278238600,1,0
5.278243700,0,0
5.278248800,1,0
5.278253900,0,0
5.278259000,1,0
5.278264000,0,0
5.278265300,0,1
5.278269200,1,1
5.278274200,0,1
5.278274500,0,0
5.278279400,1,0
5.278284400,0,0
5.278289600,1,0
5.278294600,0,0
5.278295000,0,1
5.278299800,1,1
5.278304800,0,1
5.278309900,1,1
5.278315000,0,1
5.278315200,0,0
5.278320100,1,0
5.278325200,0,0
5.278330300,1,0
5.278335300,0,0
5.278335800,0,1
5.278340500,1,1
5.278345500,0,1
5.278350700,1,1
5.278355700,0,1
5.278360900,1,1
5.278365900,0,1
5.278371100,1,1
5.278376100,0,1
5.278377100,0,0
5.278381200,1,0
5.278387400,1,1
5.278451300,1,0
5.278457300,0,0
5.278458400,0,1
5.278462400,1,1
5.278467500,0,1
5.278468500,0,0
5.278472600,1,0
5.278477600,0,0
5.278478800,0,1
5.278482800,1,1
5.278487800,0,1
5.278488800,0,0
5.278493000,1,0
5.278498000,0,0
5.278503200,1,0
5.278508200,0,0
5.278513300,1,0
5.278518400,0,0
5.278523500,1,0
5.278528600,0,0
5.278533700,1,0
5.278538800,0,0
5.278543900,1,0
5.278548900,0,0
5.278549400,0,1
5.278554100,1,1
5.278559100,0,1
5.278560100,0,0
5.278564300,1,0
5.278569300,0,0
5.278574500,1,0
5.278579500,0,0
5.278580700,0,1
5.278584600,1,1
5.278589700,0,1
5.278594800,1,1
5.278599900,0,1
5.278600900,0,0
5.278605000,1,0
5.278610000,0,0
5.278611200,0,1
5.278615200,1,1
5.278620200,0,1
5.278625400,1,1
5.278630400,0,1
5.278630600,0,0
5.278635600,1,0
5.278640600,0,0
5.278641000,0,1
5.278645800,1,1
5.278652800,1,0
5.278658800,0,0
5.278660000,0,1
5.278663900,1,1
5.278669000,0,1
5.278670000,0,0
5.278674100,1,0
5.278679200,0,0
5.278680300,0,1
5.278684300,1,1
5.278689300,0,1
5.278690300,0,0
5.278694500,1,0
5.278699500,0,0
5.278704700,1,0
5.278709700,0,0
5.278714900,1,0
5.278719900,0,0
5.278725000,1,0
5.278730100,0,0
5.278731300,0,1
5.278735200,1,1
5.278740300,0,1
5.278740500,0,0
5.278745400,1,0
5.278750500,0,0
5.278755600,1,0
5.278760600,0,0
5.278761000,0,1
5.278765800,1,1
5.278770800,0,1
5.278776000,1,1
5.278781000,0,1
5.278781200,0,0
5.278786200,1,0
5.278791200,0,0
5.278796300,1,0
5.278801400,0,0
5.278801800,0,1
5.278806500,1,1
5.278811600,0,1
5.278816700,1,1
5.278821700,0,1
5.278826900,1,1
5.278831900,0,1
5.278837100,1,1
5.278842100,0,1
5.278843100,0,0
5.278847300,1,0
5.278853500,1,1
5.278924300,1,0
5.278930300,0,0
5.278931500,0,1
5.278935400,1,1
5.278940500,0,1
5.278941500,0,0
5.278945600,1,0
5.278950700,0,0
5.278951900,0,1
5.278955800,1,1
5.278960900,0,1
5.278961900,0,0
5.278966000,1,0
5.278971000,0,0
5.278976200,1,0
5.278981200,0,0
5.278986400,1,0
5.278991400,0,0
5.278996600,1,0
5.279001600,0,0
5.279006700,1,0
5.279011800,0,0
5.279016900,1,0
5.279022000,0,0
5.279022400,0,1
5.279027100,1,1
5.279032200,0,1
5.279033200,0,0
5.279037300,1,0
5.279042300,0,0
5.279047500,1,0
5.279052500,0,0
5.279053700,0,1
5.279057700,1,1
5.279062700,0,1
5.279067900,1,1
5.279072900,0,1
5.279078000,1,1
5.279083100,0,1
5.279084100,0,0
5.279088200,1,0
5.279093300,0,0
5.279098400,1,0
5.279103400,0,0
5.279108600,1,0
5.279113600,0,0
5.279114000,0,1
5.279118800,1,1
5.279125800,1,0
5.279131800,0,0
5.279133000,0,1
5.279137000,1,1
5.279142000,0,1
5.279143000,0,0
5.279147200,1,0
5.279152200,0,0
5.279153400,0,1
5.279157300,1,1
5.279162400,0,1
5.279163400,0,0
5.279167500,1,0
5.279172600,0,0
5.279177700,1,0
5.279182700,0,0
5.279187900,1,0
5.279192900,0,0
5.279198100,1,0
5.279203100,0,0
5.279204300,0,1
5.279208300,1,1
5.279213300,0,1
5.279213500,0,0
5.279218500,1,0
5.279223500,0,0
5.279223900,0,1
5.279228600,1,1
5.279233700,0,1
5.279238800,1,1
5.279243900,0,1
5.279244100,0,0
5.279249000,1,0
5.279254000,0,0
5.279254400,0,1
5.279259200,1,1
5.279264200,0,1
5.279269400,1,1
5.279274400,0,1
5.279274600,0,0
5.279279600,1,0
5.279284600,0,0
5.279289700,1,0
5.279294800,0,0
5.279299900,1,0
5.279305000,0,0
5.279305400,0,1
5.279310100,1,1
5.279315100,0,1
5.279316100,0,0
5.279320300,1,0
5.279326500,1,1
5.279390300,1,0
5.279396300,0,0
5.279397500,0,1
5.279401500,1,1
5.279406500,0,1
5.279407500,0,0
5.279411700,1,0
5.279416700,0,0
5.279417900,0,1
5.279421900,1,1
5.279426900,0,1
5.279427900,0,0
5.279432000,1,0
5.279437100,0,0
5.279442200,1,0
5.279447300,0,0
5.279452400,1,0
5.279457400,0,0
5.279462600,1,0
5.279467600,0,0
5.279472800,1,0
5.279477800,0,0
5.279483000,1,0
5.279488000,0,0
5.279488400,0,1
5.279493200,1,1
5.279498200,0,1
5.279499200,0,0
5.279503300,1,0
5.279508400,0,0
5.279513500,1,0
5.279518600,0,0
5.279519800,0,1
5.279523700,1,1
5.279528700,0,1
5.279533900,1,1
5.279538900,0,1
5.279539900,0,0
5.279544100,1,0
5.279549100,0,0
5.279550300,0,1
5.279554300,1,1
5.279559300,0,1
5.279564400,1,1
5.279569500,0,1
5.279569700,0,0
5.279574600,1,0
5.279579700,0,0
5.279580000,0,1
5.279584800,1,1
5.279591900,1,0
5.279597900,0,0
5.279599000,0,1
5.279603000,1,1
5.279608000,0,1
5.279609000,0,0
5.279613200,1,0
5.279618200,0,0
5.279619400,0,1
5.279623400,1,1
5.279628400,0,1
5.279629400,0,0
5.279633600,1,0
5.279638600,0,0
5.279643700,1,0
5.279648800,0,0
5.279653900,1,0
5.279659000,0,0
5.279664100,1,0
5.279669100,0,0
5.279670400,0,1
5.279674300,1,1
5.279679300,0,1
5.279679600,0,0
5.279684500,1,0
5.279689500,0,0
5.279694700,1,0
5.279699700,0,0
5.279700100,0,1
5.279704900,1,1
5.279709900,0,1
5.279715000,1,1
5.279720100,0,1
5.279720300,0,0
5.279725200,1,0
5.279730300,0,0
5.279735400,1,0
5.279740400,0,0
5.279740800,0,1
5.279745600,1,1
5.279750600,0,1
5.279755800,1,1
5.279760800,0,1
5.279766000,1,1
5.279771000,0,1
5.279776100,1,1
5.279781200,0,1
5.279782200,0,0
5.279786300,1,0
5.279792500,1,1
5.279862400,1,0
5.279868400,0,0
5.279869500,0,1
5.279873500,1,1
5.279878600,0,1
5.279879600,0,0
5.279883700,1,0
5.279888700,0,0
5.279889900,0,1
5.279893900,1,1
5.279898900,0,1
5.279899900,0,0
5.279904100,1,0
5.279909100,0,0
5.279914300,1,0
5.279919300,0,0
5.279924400,1,0
5.279929500,0,0
5.279934600,1,0
5.279939700,0,0
5.279944800,1,0
5.279949800,0,0
5.279955000,1,0
5.279960000,0,0
5.279960400,0,1
5.279965200,1,1
5.279970200,0,1
5.279971200,0,0
5.279975400,1,0
5.279980400,0,0
5.279985600,1,0
5.279990600,0,0
5.279991800,0,1
5.279995700,1,1
5.280000800,0,1
5.280005900,1,1
5.280011000,0,1
5.280016100,1,1
5.280021100,0,1
5.280022100,0,0
5.280026300,1,0
5.280031300,0,0
5.280036500,1,0
5.280041500,0,0
5.280046700,1,0
5.280051700,0,0
5.280052100,0,1
5.280056800,1,1
5.280063900,1,0
5.280069900,0,0
5.280071100,0,1
5.280075000,1,1
5.280080100,0,1
5.280081100,0,0
5.280085200,1,0
5.280090300,0,0
5.280091400,0,1
5.280095400,1,1
5.280100400,0,1
5.280101400,0,0
5.280105600,1,0
5.280110600,0,0
5.280115800,1,0
5.280120800,0,0
5.280126000,1,0
5.280131000,0,0
5.280136100,1,0
5.280141200,0,0
5.280142400,0,1
5.280146300,1,1
5.280151400,0,1
5.280151600,0,0
5.280156500,1,0
5.280161500,0,0
5.280161900,0,1
5.280166700,1,1
5.280171700,0,1
5.280176900,1,1
5.280181900,0,1
5.280182200,0,0
5.280187100,1,0
5.280192100,0,0
5.280192500,0,1
5.280197300,1,1
5.280202300,0,1
5.280207400,1,1
5.280212500,0,1
5.280212700,0,0
5.280217600,1,0
5.280222700,0,0
5.280227800,1,0
5.280232800,0,0
5.280238000,1,0
5.280243000,0,0
5.280243400,0,1
5.280248200,1,1
5.280253200,0,1
5.280254200,0,0
5.280258400,1,0
5.280264600,1,1
5.280334400,1,0
5.280340400,0,0
5.280341600,0,1
5.280345500,1,1
5.280350600,0,1
5.280351600,0,0
5.280355700,1,0
5.280360800,0,0
5.280361900,0,1
5.280365900,1,1
5.280371000,0,1
5.280372000,0,0
5.280376100,1,0
5.280381100,0,0
5.280386300,1,0
5.280391300,0,0
5.280396500,1,0
5.280401500,0,0
5.280406700,1,0
5.280411700,0,0
5.280416800,1,0
5.280421900,0,0
5.280427000,1,0
5.280432100,0,0
5.280432500,0,1
5.280437200,1,1
5.280442200,0,1
5.280443200,0,0
5.280447400,1,0
5.280452400,0,0
5.280457600,1,0
5.280462600,0,0
5.280463800,0,1
5.280467800,1,1
5.280472800,0,1
5.280478000,1,1
5.280483000,0,1
5.280488100,1,1
5.280493200,0,1
5.280494200,0,0
5.280498300,1,0
5.280503400,0,0
5.280504500,0,1
5.280508500,1,1
5.280513500,0,1
5.280513800,0,0
5.280518700,1,0
5.280523700,0,0
5.280524100,0,1
5.280528900,1,1
5.280535900,1,0
5.280541900,0,0
5.280543100,0,1
5.280547100,1,1
5.280552100,0,1
5.280553100,0,0
5.280557200,1,0
5.280562300,0,0
5.280563500,0,1
5.280567400,1,1
5.280572500,0,1
5.280573500,0,0
5.280577600,1,0
5.280582700,0,0
5.280587800,1,0
5.280592800,0,0
5.280598000,1,0
5.280603000,0,0
5.280608200,1,0
5.280613200,0,0
5.280614400,0,1
5.280618400,1,1
5.280623400,0,1
5.280623600,0,0
5.280628500,1,0
5.280633600,0,0
5.280638700,1,0
5.280643800,0,0
5.280644200,0,1
5.280648900,1,1
5.280654000,0,1
5.280654200,0,0
5.280659100,1,0
5.280664100,0,0
5.280664500,0,1
5.280669300,1,1
5.280674300,0,1
5.280679500,1,1
5.280684500,0,1
5.280689700,1,1
5.280694700,0,1
5.280694900,0,0
5.280699800,1,0
5.280704900,0,0
5.280705300,0,1
5.280710000,1,1
5.280715100,0,1
5.280720200,1,1
5.280725200,0,1
5.280726200,0,0
5.280730400,1,0
5.280736600,1,1
5.280807400,1,0
5.280813400,0,0
5.280814600,0,1
5.280818600,1,1
5.280823600,0,1
5.280824600,0,0
5.280828800,1,0
5.280833800,0,0
5.280835000,0,1
5.280838900,1,1
5.280844000,0,1
5.280845000,0,0
5.280849100,1,0
5.280854200,0,0
5.280859300,1,0
5.280864400,0,0
5.280869500,1,0
5.280874500,0,0
5.280879700,1,0
5.280884700,0,0
5.280889900,1,0
5.280894900,0,0
5.280900100,1,0
5.280905100,0,0
5.280905500,0,1
5.280910200,1,1
5.280915300,0,1
5.280916300,0,0
5.280920400,1,0
5.280925500,0,0
5.280930600,1,0
5.280935700,0,0
5.280936900,0,1
5.280940800,1,1
5.280945800,0,1
5.280951000,1,1
5.280956000,0,1
5.280961200,1,1
5.280966200,0,1
5.280971400,1,1
5.280976400,0,1
5.280977400,0,0
5.280981500,1,0
5.280986600,0,0
5.280991700,1,0
5.280996800,0,0
5.280997200,0,1
5.281001900,1,1
5.281008900,1,0
5.281014900,0,0
5.281016100,0,1
5.281020100,1,1
5.281025100,0,1
5.281026100,0,0
5.281030300,1,0
5.281035300,0,0
5.281036500,0,1
5.281040500,1,1
5.281045500,0,1
5.281046500,0,0
5.281050700,1,0
5.281055700,0,0
5.281060800,1,0
5.281065900,0,0
5.281071000,1,0
5.281076100,0,0
5.281081200,1,0
5.281086200,0,0
5.281087500,0,1
5.281091400,1,1
5.281096400,0,1
5.281096700,0,0
5.281101600,1,0
5.281106600,0,0
5.281107000,0,1
5.281111800,1,1
5.281116800,0,1
5.281121900,1,1
5.281127000,0,1
5.281127200,0,0
5.281132100,1,0
5.281137200,0,0
5.281142300,1,0
5.281147400,0,0
5.281152500,1,0
5.281157500,0,0
5.281158000,0,1
5.281162700,1,1
5.281167700,0,1
5.281168000,0,0
5.281172900,1,0
5.281177900,0,0
5.281183100,1,0
5.281188100,0,0
5.281188500,0,1
5.281193200,1,1
5.281198300,0,1
5.281199300,0,0
5.281203400,1,0
5.281209600,1,1
5.281271500,1,0
5.281277500,0,0
5.281278600,0,1
5.281282600,1,1
5.281287600,0,1
5.281288600,0,0
5.281292800,1,0
5.281297800,0,0
5.281299000,0,1
5.281303000,1,1
5.281308000,0,1
5.281309000,0,0
5.281313200,1,0
5.281318200,0,0
5.281323400,1,0
5.281328400,0,0
5.281333500,1,0
5.281338600,0,0
5.281343700,1,0
5.281348800,0,0
5.281353900,1,0
5.281358900,0,0
5.281364100,1,0
5.281369100,0,0
5.281369500,0,1
5.281374300,1,1
5.281379300,0,1
5.281380300,0,0
5.281384500,1,0
5.281389500,0,0
5.281394700,1,0
5.281399700,0,0
5.281400900,0,1
5.281404800,1,1
5.281409900,0,1
5.281415000,1,1
5.281420100,0,1
5.281425200,1,1
5.281430200,0,1
5.281435400,1,1
5.281440400,0,1
5.281445600,1,1
5.281450600,0,1
5.281450800,0,0
5.281455800,1,0
5.281460800,0,0
5.281461200,0,1
5.281465900,1,1
5.281473000,1,0
5.281479000,0,0
5.281480200,0,1
5.281484100,1,1
5.281489200,0,1
5.281490200,0,0
5.281494300,1,0
5.281499300,0,0
5.281500500,0,1
5.281504500,1,1
5.281509500,0,1
5.281510500,0,0
5.281514700,1,0
5.281519700,0,0
5.281524900,1,0
5.281529900,0,0
5.281535100,1,0
5.281540100,0,0
5.281545200,1,0
5.281550300,0,0
5.281551500,0,1
5.281555400,1,1
5.281560500,0,1
5.281560700,0,0
5.281565600,1,0
5.281570600,0,0
5.281575800,1,0
5.281580800,0,0
5.281586000,1,0
5.281591000,0,0
5.281596200,1,0
5.281601200,0,0
5.281606400,1,0
5.281611400,0,0
5.281616500,1,0
5.281621600,0,0
5.281626700,1,0
5.281631800,0,0
5.281636900,1,0
5.281641900,0,0
5.281642400,0,1
5.281647100,1,1
5.281652100,0,1
5.281657300,1,1
5.281662300,0,1
5.281663300,0,0
5.281667500,1,0
5.281673700,1,1
5.281746500,1,0
5.281752500,0,0
5.281753700,0,1
5.281757600,1,1
5.281762700,0,1
5.281763700,0,0
5.281767800,1,0
5.281772900,0,0
5.281774000,0,1
5.281778000,1,1
5.281783100,0,1
5.281784100,0,0
5.281788200,1,0
5.281793200,0,0
5.281798400,1,0
5.281803400,0,0
5.281808600,1,0
5.281813600,0,0
5.281818800,1,0
5.281823800,0,0
5.281828900,1,0
5.281834000,0,0
5.281839100,1,0
5.281844200,0,0
5.281844600,0,1
5.281849300,1,1
5.281854300,0,1
5.281855300,0,0
5.281859500,1,0
5.281864500,0,0
5.281865700,0,1
5.281869700,1,1
5.281874700,0,1
5.281875700,0,0
5.281879900,1,0
5.281884900,0,0
5.281890100,1,0
5.281895100,0,0
5.281900200,1,0
5.281905300,0,0
5.281910400,1,0
5.281915500,0,0
5.281920600,1,0
5.281925600,0,0
5.281930800,1,0
5.281935800,0,0
5.281936200,0,1
5.281941000,1,1
5.281948000,1,0
5.281954000,0,0
5.281955200,0,1
5.281959100,1,1
5.281964200,0,1
5.281965200,0,0
5.281969300,1,0
5.281974400,0,0
5.281975600,0,1
5.281979500,1,1
5.281984600,0,1
5.281985600,0,0
5.281989700,1,0
5.281994800,0,0
5.281999900,1,0
5.282004900,0,0
5.282010100,1,0
5.282015100,0,0
5.282020300,1,0
5.282025300,0,0
5.282026500,0,1
5.282030500,1,1
5.282035500,0,1
5.282035700,0,0
5.282040600,1,0
5.282045700,0,0
5.282050800,1,0
5.282055900,0,0
5.282056300,0,1
5.282061000,1,1
5.282066000,0,1
5.282071200,1,1
5.282076200,0,1
5.282081400,1,1
5.282086400,0,1
5.282091600,1,1
5.282096600,0,1
5.282096800,0,0
5.282101800,1,0
5.282106800,0,0
5.282111900,1,0
5.282117000,0,0
5.282122100,1,0
5.282127200,0,0
5.282127600,0,1
5.282132300,1,1
5.282137300,0,1
5.282138300,0,0
5.282142500,1,0
5.282148700,1,1
5.282214500,1,0
5.282220500,0,0
5.282221700,0,1
5.282225700,1,1
5.282230700,0,1
5.282231700,0,0
5.282235900,1,0
5.282240900,0,0
5.282242100,0,1
5.282246000,1,1
5.282251100,0,1
5.282252100,0,0
5.282256200,1,0
5.282261300,0,0
5.282266400,1,0
5.282271500,0,0
5.282276600,1,0
5.282281600,0,0
5.282286800,1,0
5.282291800,0,0
5.282297000,1,0
5.282302000,0,0
5.282307200,1,0
5.282312200,0,0
5.282312600,0,1
5.282317300,1,1
5.282322400,0,1
5.282323400,0,0
5.282327500,1,0
5.282332600,0,0
5.282333800,0,1
5.282337700,1,1
5.282342700,0,1
5.282343700,0,0
5.282347900,1,0
5.282352900,0,0
5.282358100,1,0
5.282363100,0,0
5.282368300,1,0
5.282373300,0,0
5.282378500,1,0
5.282383500,0,0
5.282384700,0,1
5.282388600,1,1
5.282393700,0,1
5.282393900,0,0
5.282398800,1,0
5.282403900,0,0
5.282404300,0,1
5.282409000,1,1
5.282416000,1,0
5.282422000,0,0
5.282423200,0,1
5.282427200,1,1
5.282432200,0,1
5.282433200,0,0
5.282437400,1,0
5.282442400,0,0
5.282443600,0,1
5.282447600,1,1
5.282452600,0,1
5.282453600,0,0
5.282457800,1,0
5.282462800,0,0
5.282467900,1,0
5.282473000,0,0
5.282478100,1,0
5.282483200,0,0
5.282488300,1,0
5.282493300,0,0
5.282494600,0,1
5.282498500,1,1
5.282503500,0,1
5.282503800,0,0
5.282508700,1,0
5.282513700,0,0
5.282514100,0,1
5.282518900,1,1
5.282523900,0,1
5.282524100,0,0
5.282529000,1,0
5.282534100,0,0
5.282539200,1,0
5.282544300,0,0
5.282549400,1,0
5.282554400,0,0
5.282559600,1,0
5.282564600,0,0
5.282569800,1,0
5.282574800,0,0
5.282580000,1,0
5.282585000,0,0
5.282590200,1,0
5.282595200,0,0
5.282595600,0,1
5.282600300,1,1
5.282605400,0,1
5.282606400,0,0
5.282610500,1,0
5.282616700,1,1
5.282689600,1,0
5.282695600,0,0
5.282696700,0,1
5.282700700,1,1
5.282705700,0,1
5.282706700,0,0
5.282710900,1,0
5.282715900,0,0
5.282717100,0,1
5.282721100,1,1
5.282726100,0,1
5.282727100,0,0
5.282731300,1,0
5.282736300,0,0
5.282741500,1,0
5.282746500,0,0
5.282751600,1,0
5.282756700,0,0
5.282761800,1,0
5.282766900,0,0
5.282772000,1,0
5.282777000,0,0
5.282782200,1,0
5.282787200,0,0
5.282787600,0,1
5.282792400,1,1
5.282797400,0,1
5.282798400,0,0
5.282802600,1,0
5.282807600,0,0
5.282808800,0,1
5.282812700,1,1
5.282817800,0,1
5.282818800,0,0
5.282822900,1,0
5.282828000,0,0
5.282833100,1,0
5.282838200,0,0
5.282843300,1,0
5.282848300,0,0
5.282849500,0,1
5.282853500,1,1
5.282858500,0,1
5.282859500,0,0
5.282863700,1,0
5.282868700,0,0
5.282873900,1,0
5.282878900,0,0
5.282879300,0,1
5.282884000,1,1
5.282891100,1,0
5.282897100,0,0
5.282898300,0,1
5.282902200,1,1
5.282907300,0,1
5.282908300,0,0
5.282912400,1,0
5.282917400,0,0
5.282918600,0,1
5.282922600,1,1
5.282927600,0,1
5.282928600,0,0
5.282932800,1,0
5.282937800,0,0
5.282943000,1,0
5.282948000,0,0
5.282953200,1,0
5.282958200,0,0
5.282963300,1,0
5.282968400,0,0
5.282969600,0,1
5.282973500,1,1
5.282978600,0,1
5.282978800,0,0
5.282983700,1,0
5.282988700,0,0
5.282993900,1,0
5.282998900,0,0
5.283004100,1,0
5.283009100,0,0
5.283014300,1,0
5.283019300,0,0
5.283024400,1,0
5.283029500,0,0
5.283034600,1,0
5.283039700,0,0
5.283044800,1,0
5.283049900,0,0
5.283055000,1,0
5.283060000,0,0
5.283065200,1,0
5.283070200,0,0
5.283070600,0,1
5.283075400,1,1
5.283080400,0,1
5.283081400,0,0
5.283085600,1,0
5.283091800,1,1
5.283158600,1,0
5.283164600,0,0
5.283165800,0,1
5.283169700,1,1
5.283174800,0,1
5.283175800,0,0
5.283179900,1,0
5.283185000,0,0
5.283186100,0,1
5.283190100,1,1
5.283195100,0,1
5.283196100,0,0
5.283200300,1,0
5.283205300,0,0
5.283210500,1,0
5.283215500,0,0
5.283220700,1,0
5.283225700,0,0
5.283230900,1,0
5.283235900,0,0
5.283241000,1,0
5.283246100,0,0
5.283251200,1,0
5.283256300,0,0
5.283256700,0,1
5.283261400,1,1
5.283266400,0,1
5.283267400,0,0
5.283271600,1,0
5.283276600,0,0
5.283277800,0,1
5.283281800,1,1
5.283286800,0,1
5.283287800,0,0
5.283292000,1,0
5.283297000,0,0
5.283302100,1,0
5.283307200,0,0
5.283312300,1,0
5.283317400,0,0
5.283318600,0,1
5.283322500,1,1
5.283327600,0,1
5.283332700,1,1
5.283337700,0,1
5.283338000,0,0
5.283342900,1,0
5.283347900,0,0
5.283348300,0,1
5.283353100,1,1
5.283360100,1,0
5.283366100,0,0
5.283367300,0,1
5.283371200,1,1
5.283376300,0,1
5.283377300,0,0
5.283381400,1,0
5.283386500,0,0
5.283387700,0,1
5.283391600,1,1
5.283396700,0,1
5.283397700,0,0
5.283401800,1,0
5.283406800,0,0
5.283412000,1,0
5.283417000,0,0
5.283422200,1,0
5.283427200,0,0
5.283432400,1,0
5.283437400,0,0
5.283438600,0,1
5.283442600,1,1
5.283447600,0,1
5.283447800,0,0
5.283452700,1,0
5.283457800,0,0
5.283462900,1,0
5.283468000,0,0
5.283468400,0,1
5.283473100,1,1
5.283478100,0,1
5.283483300,1,1
5.283488300,0,1
5.283488600,0,0
5.283493500,1,0
5.283498500,0,0
5.283498900,0,1
5.283503700,1,1
5.283508700,0,1
5.283508900,0,0
5.283513900,1,0
5.283518900,0,0
5.283524000,1,0
5.283529100,0,0
5.283534200,1,0
5.283539300,0,0
5.283539700,0,1
5.283544400,1,1
5.283549400,0,1
5.283550400,0,0
5.283554600,1,0
5.283560800,1,1
5.283632600,1,0
5.283638600,0,0
5.283639800,0,1
5.283643700,1,1
5.283648800,0,1
5.283649800,0,0
5.283653900,1,0
5.283659000,0,0
5.283660200,0,1
5.283664100,1,1
5.283669200,0,1
5.283670200,0,0
5.283674300,1,0
5.283679400,0,0
5.283684500,1,0
5.283689500,0,0
5.283694700,1,0
5.283699700,0,0
5.283704900,1,0
5.283709900,0,0
5.283715100,1,0
5.283720100,0,0
5.283725300,1,0
5.283730300,0,0
5.283730700,0,1
5.283735400,1,1
5.283740500,0,1
5.283741500,0,0
5.283745600,1,0
5.283750700,0,0
5.283751800,0,1
5.283755800,1,1
5.283760800,0,1
5.283761800,0,0
5.283766000,1,0
5.283771000,0,0
5.283776200,1,0
5.283781200,0,0
5.283786400,1,0
5.283791400,0,0
5.283792600,0,1
5.283796600,1,1
5.283801600,0,1
5.283806700,1,1
5.283811800,0,1
5.283812000,0,0
5.283816900,1,0
5.283822000,0,0
5.283822300,0,1
5.283827100,1,1
5.283834100,1,0
5.283840100,0,0
5.283841300,0,1
5.283845300,1,1
5.283850300,0,1
5.283851300,0,0
5.283855500,1,0
5.283860500,0,0
5.283861700,0,1
5.283865700,1,1
5.283870700,0,1
5.283871700,0,0
5.283875800,1,0
5.283880900,0,0
5.283886000,1,0
5.283891100,0,0
5.283896200,1,0
5.283901300,0,0
5.283906400,1,0
5.283911400,0,0
5.283912600,0,1
5.283916600,1,1
5.283921600,0,1
5.283921900,0,0
5.283926800,1,0
5.283931800,0,0
5.283937000,1,0
5.283942000,0,0
5.283942400,0,1
5.283947100,1,1
5.283952200,0,1
5.283957300,1,1
5.283962400,0,1
5.283962600,0,0
5.283967500,1,0
5.283972500,0,0
5.283972900,0,1
5.283977700,1,1
5.283982700,0,1
5.283983000,0,0
5.283987900,1,0
5.283992900,0,0
5.283998100,1,0
5.284003100,0,0
5.284008300,1,0
5.284013300,0,0
5.284013700,0,1
5.284018400,1,1
5.284023500,0,1
5.284024500,0,0
5.284028600,1,0
5.284034800,1,1
5.284098700,1,0
5.284104700,0,0
5.284105800,0,1
5.284109800,1,1
5.284114800,0,1
5.284115800,0,0
5.284120000,1,0
5.284125000,0,0
5.284126200,0,1
5.284130200,1,1
5.284135200,0,1
5.284136200,0,0
5.284140400,1,0
5.284145400,0,0
5.284150500,1,0
5.284155600,0,0
5.284160700,1,0
5.284165800,0,0
5.284170900,1,0
5.284176000,0,0
5.284181100,1,0
5.284186100,0,0
5.284191300,1,0
5.284196300,0,0
5.284196700,0,1
5.284201500,1,1
5.284206500,0,1
5.284207500,0,0
5.284211700,1,0
5.284216700,0,0
5.284217900,0,1
5.284221800,1,1
5.284226900,0,1
5.284227900,0,0
5.284232000,1,0
5.284237100,0,0
5.284242200,1,0
5.284247200,0,0
5.284252400,1,0
5.284257400,0,0
5.284258600,0,1
5.284262600,1,1
5.284267600,0,1
5.284272800,1,1
5.284277800,0,1
5.284278000,0,0
5.284283000,1,0
5.284288000,0,0
5.284288400,0,1
5.284293100,1,1
5.284300200,1,0
5.284306200,0,0
5.284307300,0,1
5.284311300,1,1
5.284316400,0,1
5.284317400,0,0
5.284321500,1,0
5.284326500,0,0
5.284327700,0,1
5.284331700,1,1
5.284336700,0,1
5.284337700,0,0
5.284341900,1,0
5.284346900,0,0
5.284352100,1,0
5.284357100,0,0
5.284362300,1,0
5.284367300,0,0
5.284372400,1,0
5.284377500,0,0
5.284378700,0,1
5.284382600,1,1
5.284387700,0,1
5.284387900,0,0
5.284392800,1,0
5.284397800,0,0
5.284403000,1,0
5.284408000,0,0
5.284408400,0,1
5.284413200,1,1
5.284418200,0,1
5.284423400,1,1
5.284428400,0,1
5.284428600,0,0
5.284433500,1,0
5.284438600,0,0
5.284439000,0,1
5.284443700,1,1
5.284448800,0,1
5.284449000,0,0
5.284453900,1,0
5.284458900,0,0
5.284464100,1,0
5.284469100,0,0
5.284474300,1,0
5.284479300,0,0
5.284479700,0,1
5.284484500,1,1
5.284489500,0,1
5.284490500,0,0
5.284494700,1,0
5.284500900,1,1
5.284571700,1,0
5.284577700,0,0
5.284578800,0,1
5.284582800,1,1
5.284587900,0,1
5.284588900,0,0
5.284593000,1,0
5.284598100,0,0
5.284599200,0,1
5.284603200,1,1
5.284608200,0,1
5.284609200,0,0
5.284613400,1,0
5.284618400,0,0
5.284623600,1,0
5.284628600,0,0
5.284633800,1,0
5.284638800,0,0
5.284644000,1,0
5.284649000,0,0
5.284654100,1,0
5.284659200,0,0
5.284664300,1,0
5.284669400,0,0
5.284669800,0,1
5.284674500,1,1
5.284679500,0,1
5.284680500,0,0
5.284684700,1,0
5.284689700,0,0
5.284690900,0,1
5.284694900,1,1
5.284699900,0,1
5.284700900,0,0
5.284705100,1,0
5.284710100,0,0
5.284715200,1,0
5.284720300,0,0
5.284721500,0,1
5.284725400,1,1
5.284730500,0,1
5.284731500,0,0
5.284735600,1,0
5.284740600,0,0
5.284745800,1,0
5.284750800,0,0
5.284756000,1,0
5.284761000,0,0
5.284761400,0,1
5.284766200,1,1
5.284773200,1,0
5.284779200,0,0
5.284780400,0,1
5.284784300,1,1
5.284789400,0,1
5.284790400,0,0
5.284794500,1,0
5.284799600,0,0
5.284800800,0,1
5.284804700,1,1
5.284809800,0,1
5.284810800,0,0
5.284814900,1,0
5.284819900,0,0
5.284825100,1,0
5.284830100,0,0
5.284835300,1,0
5.284840300,0,0
5.284845500,1,0
5.284850500,0,0
5.284851700,0,1
5.284855700,1,1
5.284860700,0,1
5.284860900,0,0
5.284865800,1,0
5.284870900,0,0
5.284876000,1,0
5.284881100,0,0
5.284886200,1,0
5.284891200,0,0
5.284896400,1,0
5.284901400,0,0
5.284901800,0,1
5.284906600,1,1
5.284911600,0,1
5.284916800,1,1
5.284921800,0,1
5.284922000,0,0
5.284926900,1,0
5.284932000,0,0
5.284932400,0,1
5.284937100,1,1
5.284942200,0,1
5.284942400,0,0
5.284947300,1,0
5.284952400,0,0
5.284952700,0,1
5.284957500,1,1
5.284962500,0,1
5.284963500,0,0
5.284967700,1,0
5.284973900,1,1
5.285037700,1,0
5.285043700,0,0
5.285044900,0,1
5.285048800,1,1
5.285053900,0,1
5.285054900,0,0
5.285059000,1,0
5.285064100,0,0
5.285065300,0,1
5.285069200,1,1
5.285074300,0,1
5.285075300,0,0
5.285079400,1,0
5.285084500,0,0
5.285089600,1,0
5.285094600,0,0
5.285099800,1,0
5.285104800,0,0
5.285110000,1,0
5.285115000,0,0
5.285120200,1,0
5.285125200,0,0
5.285130400,1,0
5.285135400,0,0
5.285135800,0,1
5.285140500,1,1
5.285145600,0,1
5.285146600,0,0
5.285150700,1,0
5.285155800,0,0
5.285156900,0,1
5.285160900,1,1
5.285165900,0,1
5.285166900,0,0
5.285171100,1,0
5.285176100,0,0
5.285181300,1,0
5.285186300,0,0
5.285191500,1,0
5.285196500,0,0
5.285197700,0,1
5.285201600,1,1
5.285206700,0,1
5.285211800,1,1
5.285216900,0,1
5.285217100,0,0
5.285222000,1,0
5.285227100,0,0
5.285227400,0,1
5.285232200,1,1
5.285239200,1,0
5.285245200,0,0
5.285246400,0,1
5.285250400,1,1
5.285255400,0,1
5.285256400,0,0
5.285260600,1,0
5.285265600,0,0
5.285266800,0,1
5.285270800,1,1
5.285275800,0,1
5.285276800,0,0
5.285280900,1,0
5.285286000,0,0
5.285291100,1,0
5.285296200,0,0
5.285301300,1,0
5.285306300,0,0
5.285311500,1,0
5.285316500,0,0
5.285317700,0,1
5.285321700,1,1
5.285326700,0,1
5.285326900,0,0
5.285331900,1,0
5.285336900,0,0
5.285342100,1,0
5.285347100,0,0
5.285347500,0,1
5.285352200,1,1
5.285357300,0,1
5.285362400,1,1
5.285367500,0,1
5.285367700,0,0
5.285372600,1,0
5.285377600,0,0
5.285378000,0,1
5.285382800,1,1
5.285387800,0,1
5.285388100,0,0
5.285393000,1,0
5.285398000,0,0
5.285403200,1,0
5.285408200,0,0
5.285413400,1,0
5.285418400,0,0
5.285418800,0,1
5.285423500,1,1
5.285428600,0,1
5.285429600,0,0
5.285433700,1,0
5.285439900,1,1
5.285502800,1,0
5.285508800,0,0
5.285509900,0,1
5.285513900,1,1
5.285518900,0,1
5.285519900,0,0
5.285524100,1,0
5.285529100,0,0
5.285530300,0,1
5.285534300,1,1
5.285539300,0,1
5.285540300,0,0
5.285544500,1,0
5.285549500,0,0
5.285554600,1,0
5.285559700,0,0
5.285564800,1,0
5.285569900,0,0
5.285575000,1,0
5.285580000,0,0
5.285585200,1,0
5.285590200,0,0
5.285595400,1,0
5.285600400,0,0
5.285600800,0,1
5.285605600,1,1
5.285610600,0,1
5.285611600,0,0
5.285615800,1,0
5.285620800,0,0
5.285622000,0,1
5.285625900,1,1
5.285631000,0,1
5.285632000,0,0
5.285636100,1,0
5.285641200,0,0
5.285646300,1,0
5.285651300,0,0
5.285652500,0,1
5.285656500,1,1
5.285661500,0,1
5.285662500,0,0
5.285666700,1,0
5.285671700,0,0
5.285676900,1,0
5.285681900,0,0
5.285687100,1,0
5.285692100,0,0
5.285692500,0,1
5.285697200,1,1
5.285704300,1,0
5.285710300,0,0
5.285711400,0,1
5.285715400,1,1
5.285720500,0,1
5.285721500,0,0
5.285725600,1,0
5.285730600,0,0
5.285731800,0,1
5.285735800,1,1
5.285740800,0,1
5.285741800,0,0
5.285746000,1,0
5.285751000,0,0
5.285756200,1,0
5.285761200,0,0
5.285766300,1,0
5.285771400,0,0
5.285776500,1,0
5.285781600,0,0
5.285782800,0,1
5.285786700,1,1
5.285791700,0,1
5.285792000,0,0
5.285796900,1,0
5.285801900,0,0
5.285807100,1,0
5.285812100,0,0
5.285817300,1,0
5.285822300,0,0
5.285827500,1,0
5.285832500,0,0
5.285832900,0,1
5.285837600,1,1
5.285842700,0,1
5.285847800,1,1
5.285852900,0,1
5.285853100,0,0
5.285858000,1,0
5.285863000,0,0
5.285863400,0,1
5.285868200,1,1
5.285873200,0,1
5.285873500,0,0
5.285878400,1,0
5.285883400,0,0
5.285883800,0,1
5.285888600,1,1
5.285893600,0,1
5.285894600,0,0
5.285898800,1,0
5.285905000,1,1
5.285976800,1,0
5.285982800,0,0
5.285983900,0,1
5.285987900,1,1
5.285993000,0,1
5.285994000,0,0
5.285998100,1,0
5.286003200,0,0
5.286004300,0,1
5.286008300,1,1
5.286013300,0,1
5.286014300,0,0
5.286018500,1,0
5.286023500,0,0
5.286028700,1,0
5.286033700,0,0
5.286038900,1,0
5.286043900,0,0
5.286049000,1,0
5.286054100,0,0
5.286059200,1,0
5.286064300,0,0
5.286069400,1,0
5.286074500,0,0
5.286074900,0,1
5.286079600,1,1
5.286084600,0,1
5.286085600,0,0
5.286089800,1,0
5.286094800,0,0
5.286096000,0,1
5.286100000,1,1
5.286105000,0,1
5.286106000,0,0
5.286110200,1,0
5.286115200,0,0
5.286120300,1,0
5.286125400,0,0
5.286130500,1,0
5.286135600,0,0
5.286136800,0,1
5.286140700,1,1
5.286145700,0,1
5.286150900,1,1
5.286155900,0,1
5.286156200,0,0
5.286161100,1,0
5.286166100,0,0
5.286166500,0,1
5.286171300,1,1
5.286178300,1,0
5.286184300,0,0
5.286185500,0,1
5.286189400,1,1
5.286194500,0,1
5.286195500,0,0
5.286199600,1,0
5.286204700,0,0
5.286205900,0,1
5.286209800,1,1
5.286214900,0,1
5.286215900,0,0
5.286220000,1,0
5.286225000,0,0
5.286230200,1,0
5.286235200,0,0
5.286240400,1,0
5.286245400,0,0
5.286250600,1,0
5.286255600,0,0
5.286256800,0,1
5.286260700,1,1
5.286265800,0,1
5.286266000,0,0
5.286270900,1,0
5.286276000,0,0
5.286281100,1,0
5.286286200,0,0
5.286286600,0,1
5.286291300,1,1
5.286296300,0,1
5.286301500,1,1
5.286306500,0,1
5.286306800,0,0
5.286311700,1,0
5.286316700,0,0
5.286317100,0,1
5.286321900,1,1
5.286326900,0,1
5.286327100,0,0
5.286332000,1,0
5.286337100,0,0
5.286342200,1,0
5.286347300,0,0
5.286352400,1,0
5.286357400,0,0
5.286357900,0,1
5.286362600,1,1
5.286367600,0,1
5.286368600,0,0
5.286372800,1,0
5.286379000,1,1
5.286442800,1,0
5.286448800,0,0
5.286450000,0,1
5.286453900,1,1
5.286459000,0,1
5.286460000,0,0
5.286464100,1,0
5.286469200,0,0
5.286470400,0,1
5.286474300,1,1
5.286479400,0,1
5.286480400,0,0
5.286484500,1,0
5.286489600,0,0
5.286494700,1,0
5.286499700,0,0
5.286504900,1,0
5.286509900,0,0
5.286515100,1,0
5.286520100,0,0
5.286525300,1,0
5.286530300,0,0
5.286535500,1,0
5.286540500,0,0
5.286540900,0,1
5.286545600,1,1
5.286550700,0,1
5.286551700,0,0
5.286555800,1,0
5.286560900,0,0
5.286562000,0,1
5.286566000,1,1
5.286571000,0,1
5.286572000,0,0
5.286576200,1,0
5.286581200,0,0
5.286586400,1,0
5.286591400,0,0
5.286596600,1,0
5.286601600,0,0
5.286602800,0,1
5.286606700,1,1
5.286611800,0,1
5.286616900,1,1
5.286622000,0,1
5.286622200,0,0
5.286627100,1,0
5.286632100,0,0
5.286632500,0,1
5.286637300,1,1
5.286644300,1,0
5.286650300,0,0
5.286651500,0,1
5.286655500,1,1
5.286660500,0,1
5.286661500,0,0
5.286665700,1,0
5.286670700,0,0
5.286671900,0,1
5.286675900,1,1
5.286680900,0,1
5.286681900,0,0
5.286686000,1,0
5.286691100,0,0
5.286696200,1,0
5.286701300,0,0
5.286706400,1,0
5.286711400,0,0
5.286716600,1,0
5.286721600,0,0
5.286722800,0,1
5.286726800,1,1
5.286731800,0,1
5.286732000,0,0
5.286737000,1,0
5.286742000,0,0
5.286747200,1,0
5.286752200,0,0
5.286752600,0,1
5.286757300,1,1
5.286762400,0,1
5.286767500,1,1
5.286772600,0,1
5.286772800,0,0
5.286777700,1,0
5.286782700,0,0
5.286783100,0,1
5.286787900,1,1
5.286792900,0,1
5.286793200,0,0
5.286798100,1,0
5.286803100,0,0
5.286808300,1,0
5.286813300,0,0
5.286818400,1,0
5.286823500,0,0
5.286823900,0,1
5.286828600,1,1
5.286833700,0,1
5.286834700,0,0
5.286838800,1,0
5.286845000,1,1
5.286916800,1,0
5.286922900,0,0
5.286924000,0,1
5.286928000,1,1
5.286933000,0,1
5.286934000,0,0
5.286938200,1,0
5.286943200,0,0
5.286944400,0,1
5.286948400,1,1
5.286953400,0,1
5.286954400,0,0
5.286958600,1,0
5.286963600,0,0
5.286968700,1,0
5.286973800,0,0
5.286978900,1,0
5.286984000,0,0
5.286989100,1,0
5.286994100,0,0
5.286999300,1,0
5.287004300,0,0
5.287009500,1,0
5.287014500,0,0
5.287014900,0,1
5.287019700,1,1
5.287024700,0,1
5.287025700,0,0
5.287029900,1,0
5.287034900,0,0
5.287036100,0,1
5.287040000,1,1
5.287045100,0,1
5.287046100,0,0
5.287050200,1,0
5.287055300,0,0
5.287060400,1,0
5.287065400,0,0
5.287070600,1,0
5.287075600,0,0
5.287076800,0,1
5.287080800,1,1
5.287085800,0,1
5.287091000,1,1
5.287096000,0,1
5.287096200,0,0
5.287101100,1,0
5.287106200,0,0
5.287106600,0,1
5.287111300,1,1
5.287118400,1,0
5.287124400,0,0
5.287125500,0,1
5.287129500,1,1
5.287134600,0,1
5.287135600,0,0
5.287139700,1,0
5.287144700,0,0
5.287145900,0,1
5.287149900,1,1
5.287154900,0,1
5.287155900,0,0
5.287160100,1,0
5.287165100,0,0
5.287170300,1,0
5.287175300,0,0
5.287180400,1,0
5.287185500,0,0
5.287190600,1,0
5.287195700,0,0
5.287196900,0,1
5.287200800,1,1
5.287205800,0,1
5.287206100,0,0
5.287211000,1,0
5.287216000,0,0
5.287221200,1,0
5.287226200,0,0
5.287226600,0,1
5.287231400,1,1
5.287236400,0,1
5.287241600,1,1
5.287246600,0,1
5.287246800,0,0
5.287251700,1,0
5.287256800,0,0
5.287257200,0,1
5.287261900,1,1
5.287267000,0,1
5.287267200,0,0
5.287272100,1,0
5.287277100,0,0
5.287282300,1,0
5.287287300,0,0
5.287292500,1,0
5.287297500,0,0
5.287297900,0,1
5.287302700,1,1
5.287307700,0,1
5.287308700,0,0
5.287312800,1,0
5.287319100,1,1
5.287387900,1,0
5.287393900,0,0
5.287395000,0,1
5.287399000,1,1
5.287404100,0,1
5.287405100,0,0
5.287409200,1,0
5.287414300,0,0
5.287415400,0,1
5.287419400,1,1
5.287424400,0,1
5.287425400,0,0
5.287429600,1,0
5.287434600,0,0
5.287439800,1,0
5.287444800,0,0
5.287450000,1,0
5.287455000,0,0
5.287460100,1,0
5.287465200,0,0
5.287470300,1,0
5.287475400,0,0
5.287480500,1,0
5.287485500,0,0
5.287486000,0,1
5.287490700,1,1
5.287495700,0,1
5.287496700,0,0
5.287500900,1,0
5.287505900,0,0
5.287511100,1,0
5.287516100,0,0
5.287521300,1,0
5.287526300,0,0
5.287531400,1,0
5.287536500,0,0
5.287537700,0,1
5.287541600,1,1
5.287546700,0,1
5.287547700,0,0
5.287551800,1,0
5.287556800,0,0
5.287562000,1,0
5.287567000,0,0
5.287572200,1,0
5.287577200,0,0
5.287577600,0,1
5.287582400,1,1
5.287589400,1,0
5.287595400,0,0
5.287596600,0,1
5.287600500,1,1
5.287605600,0,1
5.287606600,0,0
5.287610700,1,0
5.287615800,0,0
5.287617000,0,1
5.287620900,1,1
5.287626000,0,1
5.287627000,0,0
5.287631100,1,0
5.287636100,0,0
5.287641300,1,0
5.287646300,0,0
5.287651500,1,0
5.287656500,0,0
5.287661700,1,0
5.287666700,0,0
5.287667900,0,1
5.287671800,1,1
5.287676900,0,1
5.287677100,0,0
5.287682000,1,0
5.287687100,0,0
5.287692200,1,0
5.287697200,0,0
5.287697700,0,1
5.287702400,1,1
5.287707400,0,1
5.287707700,0,0
5.287712600,1,0
5.287717600,0,0
5.287722800,1,0
5.287727800,0,0
5.287733000,1,0
5.287738000,0,0
5.287738400,0,1
5.287743100,1,1
5.287748200,0,1
5.287753300,1,1
5.287758400,0,1
5.287758600,0,0
5.287763500,1,0
5.287768500,0,0
5.287768900,0,1
5.287773700,1,1
5.287778700,0,1
5.287779700,0,0
5.287783900,1,0
5.287790100,1,1
5.498688600,1,0
5.498699500,1,1
5.498701800,1,0
5.498702900,1,1
5.498711700,1,0
5.498715800,1,1
5.498723700,1,0
5.504493700,0,0
5.504493800,1,0
5.504499800,0,0
5.504499900,1,0
5.504514200,0,0
5.504514300,1,0
5.504528800,0,0
5.504529000,1,0
5.504529200,0,0
5.504529500,1,0
5.504529600,0,0
5.504529900,1,0
5.504530100,0,0
5.504530500,1,0
5.504532400,0,0
5.504532500,1,0
5.504534100,0,0
5.504534200,1,0
5.504540600,0,0
5.504540700,1,0
5.504544500,0,0
5.504544600,1,0
5.504544800,0,0
5.504544900,1,0
5.504545100,0,0
5.504545200,1,0
5.504546000,0,0
5.504546100,1,0
5.504551000,0,0
5.504551100,1,0
5.504552800,0,0
5.504552900,1,0
5.504555400,0,0
5.504555500,1,0
5.504558600,0,0
5.504558700,1,0
5.504560200,0,0
5.504560300,1,0
5.504560600,0,0
5.504560900,1,0
5.504561300,0,0
5.504561400,1,0
5.504569900,0,0
5.504570000,1,0
5.504570600,0,0
5.504570700,1,0
5.504572900,0,0
5.504573000,1,0
5.504573500,0,0
5.504573600,1,0
5.504574400,0,0
5.504574500,1,0
5.504576100,0,0
5.504576300,1,0
5.504577900,0,0
5.504578000,1,0
5.504578200,0,0
5.504578400,1,0
5.504578500,0,0
5.504578800,1,0
5.504579000,0,0
5.504579100,1,0
5.504579600,0,0
5.504579700,1,0
5.504580300,0,0
5.504580400,1,0
5.504580500,0,0
5.504581100,1,0
5.504581300,0,0
5.504582000,1,0
5.504582800,0,0
5.504582900,1,0
5.504583200,0,0
5.504583300,1,0
5.504583400,0,0
5.504583500,1,0
5.504583800,0,0
5.504584000,1,0
5.504584500,0,0
5.504584600,1,0
5.504584700,0,0
5.504585200,1,0
5.504585300,0,0
5.504585700,1,0
5.504585900,0,0
5.504586000,1,0
5.504586700,0,0
5.504587300,1,0
5.504587800,0,0
5.504588100,1,0
5.504588200,0,0
5.504588500,1,0
5.504588800,0,0
5.504588900,1,0
5.504590100,0,0
5.504590200,1,0
5.504590300,0,0
5.504590400,1,0
5.504591000,0,0
5.504591100,1,0
5.504592000,0,0
5.504592100,1,0
5.504592200,0,0
5.504592700,1,0
5.504592800,0,0
5.504593300,1,0
5.504593700,0,0
5.504593900,1,0
5.504594300,0,0
5.504594700,1,0
5.504595300,0,0
5.504596100,1,0
5.504596300,0,0
5.504596700,1,0
5.504597200,0,0
5.504597300,1,0
5.504597400,0,0
5.504598200,1,0
5.504598700,0,0
5.504598800,1,0
5.504598900,0,0
5.504599100,1,0
5.504599500,0,0
5.504599600,1,0
5.504599800,0,0
5.504600700,1,0
5.504600900,0,0
5.504601000,1,0
5.504601800,0,0
5.504601900,1,0
5.504602100,0,0
5.504602300,1,0
5.504602400,0,0
5.504602600,1,0
5.504603100,0,0
5.504603200,1,0
5.504603700,0,0
5.504603800,1,0
5.504605200,0,0
5.504605400,1,0
5.504606100,0,0
5.504606200,1,0
5.504607200,0,0
5.504607400,1,0
5.504607600,0,0
5.504608400,1,0
5.504608700,0,0
5.504608900,1,0
5.504609200,0,0
5.504609300,1,0
5.504609500,0,0
5.504609600,1,0
5.504609700,0,0
5.504609800,1,0
5.504610200,0,0
5.504610300,1,0
5.504610400,0,0
5.504610600,1,0
5.504610700,0,0
5.504610900,1,0
5.504611000,0,0
5.504611500,1,0
5.504611700,0,0
5.504612100,1,0
5.504612200,0,0
5.504612300,1,0
5.504613000,0,0
5.504615000,1,0
5.504615100,0,0
5.504615500,1,0
5.504615700,0,0
5.504615800,1,0
5.504616100,0,0
5.504616200,1,0
5.504616300,0,0
5.504616400,1,0
5.504616500,0,0
5.504617200,1,0
5.504617300,0,0
5.504617600,1,0
5.504618100,0,0
5.504618800,1,0
5.504619000,0,0
5.504619300,1,0
5.504619700,0,0
5.504619800,1,0
5.504620000,0,0
5.504620700,1,0
5.504620900,0,0
5.504621100,1,0
5.504621600,0,0
5.504621800,1,0
5.504622000,0,0
5.504622100,1,0
5.504622200,0,0
5.504622500,1,0
5.504622600,0,0
5.504622700,1,0
5.504622800,0,0
5.504623100,1,0
5.504623200,0,0
5.504623500,1,0
5.504623800,0,0
5.504624000,1,0
5.504624300,0,0
5.504624400,1,0
5.504625500,0,0
5.504625900,1,0
5.504626000,0,0
5.504626200,1,0
5.504626500,0,0
5.504626900,1,0
5.504627100,0,0
5.504630500,1,0
5.504630600,0,0
5.504634300,1,0
5.504634400,0,0
5.504634700,1,0
5.504634800,0,0
5.504636000,1,0
5.504636100,0,0
5.504638800,1,0
5.504638900,0,0
5.504640100,1,0
5.504640400,0,0
5.504642400,1,0
5.504642600,0,0
5.504643100,1,0
5.504643200,0,0
5.504644600,1,0
5.504644700,0,0
5.504646800,1,0
5.504647100,0,0
5.504647700,1,0
5.504647800,0,0
5.504648300,1,0
5.504648400,0,0
5.504648600,1,0
5.504648700,0,0
5.504648800,1,0
5.504649100,0,0
5.504649300,1,0
5.504649400,0,0
5.504650300,1,0
5.504650400,0,0
5.504651800,1,0
5.504652000,0,0
5.504652100,1,0
5.504652200,0,0
5.504652600,1,0
5.504652900,0,0
5.504655300,1,0
5.504655400,0,0
5.504655700,1,0
5.504656000,0,0
5.504657600,1,0
5.504657700,0,0
5.504658800,1,0
5.504658900,0,0
5.504659000,1,0
5.504659100,0,0
5.504660900,1,0
5.504661000,0,0
5.504662400,1,0
5.504662500,0,0
5.504663100,1,0
5.504663200,0,0
5.504663600,1,0
5.504663700,0,0
5.504669200,1,0
5.504669300,0,0
5.504671600,1,0
5.504671700,0,0
5.504672100,1,0
5.504672300,0,0
5.504675600,1,0
5.504675700,0,0
5.504676900,1,0
5.504677000,0,0
5.504679900,1,0
5.504680000,0,0
5.504686900,1,0
5.504687000,0,0
5.504693000,1,0
5.504693100,0,0
5.679862100,1,0
5.679868300,1,1
5.822036100,1,0
5.822042100,0,0
5.822043200,0,1
5.822047200,1,1
5.822052300,0,1
5.822053300,0,0
5.822057400,1,0
5.822062500,0,0
5.822063600,0,1
5.822067600,1,1
5.822072600,0,1
5.822073600,0,0
5.822077800,1,0
5.822082800,0,0
5.822088000,1,0
5.822093000,0,0
5.822098200,1,0
5.822103200,0,0
5.822108300,1,0
5.822113400,0,0
5.822118500,1,0
5.822123600,0,0
5.822128700,1,0
5.822133700,0,0
5.822138900,1,0
5.822143900,0,0
5.822149100,1,0
5.822154100,0,0
5.822159300,1,0
5.822164300,0,0
5.822169500,1,0
5.822174500,0,0
5.822179600,1,0
5.822184700,0,0
5.822189800,1,0
5.822194900,0,0
5.822200000,1,0
5.822205000,0,0
5.822210200,1,0
5.822215200,0,0
5.822220400,1,0
5.822225400,0,0
5.822225800,0,1
5.822230600,1,1
5.822237600,1,0
5.822243600,0,0
5.822244800,0,1
5.822248700,1,1
5.822253800,0,1
5.822254800,0,0
5.822258900,1,0
5.822264000,0,0
5.822265200,0,1
5.822269100,1,1
5.822274200,0,1
5.822275200,0,0
5.822279300,1,0
5.822284300,0,0
5.822289500,1,0
5.822294500,0,0
5.822299700,1,0
5.822304700,0,0
5.822309900,1,0
5.822314900,0,0
5.822316100,0,1
5.822320000,1,1
5.822325100,0,1
5.822325300,0,0
5.822330200,1,0
5.822335300,0,0
5.822340400,1,0
5.822345400,0,0
5.822350600,1,0
5.822355600,0,0
5.822360800,1,0
5.822365800,0,0
5.822371000,1,0
5.822376000,0,0
5.822381200,1,0
5.822386200,0,0
5.822391300,1,0
5.822396400,0,0
5.822401500,1,0
5.822406600,0,0
5.822411700,1,0
5.822416700,0,0
5.822417200,0,1
5.822421900,1,1
5.822426900,0,1
5.822427900,0,0
5.822432100,1,0
5.822438300,1,1
5.822809100,1,0
5.822815100,0,0
5.822816300,0,1
5.822820200,1,1
5.822825300,0,1
5.822826300,0,0
5.822830400,1,0
5.822835500,0,0
5.822836700,0,1
5.822840600,1,1
5.822845700,0,1
5.822846700,0,0
5.822850800,1,0
5.822855900,0,0
5.822861000,1,0
5.822866000,0,0
5.822871200,1,0
5.822876200,0,0
5.822881400,1,0
5.822886400,0,0
5.822891600,1,0
5.822896600,0,0
5.822901700,1,0
5.822906800,0,0
5.822911900,1,0
5.822917000,0,0
5.822922100,1,0
5.822927100,0,0
5.822932300,1,0
5.822937300,0,0
5.822942500,1,0
5.822947500,0,0
5.822952700,1,0
5.822957700,0,0
5.822962900,1,0
5.822967900,0,0
5.822973000,1,0
5.822978100,0,0
5.822979300,0,1
5.822983200,1,1
5.822988300,0,1
5.822988500,0,0
5.822993400,1,0
5.822998400,0,0
5.822998800,0,1
5.823003600,1,1
5.823010600,1,0
5.823016600,0,0
5.823017800,0,1
5.823021800,1,1
5.823026800,0,1
5.823027800,0,0
5.823032000,1,0
5.823037000,0,0
5.823038200,0,1
5.823042100,1,1
5.823047200,0,1
5.823048200,0,0
5.823052300,1,0
5.823057400,0,0
5.823062500,1,0
5.823067600,0,0
5.823072700,1,0
5.823077700,0,0
5.823082900,1,0
5.823087900,0,0
5.823089100,0,1
5.823093100,1,1
5.823098100,0,1
5.823098300,0,0
5.823103300,1,0
5.823108300,0,0
5.823108700,0,1
5.823113400,1,1
5.823118500,0,1
5.823123600,1,1
5.823128700,0,1
5.823133800,1,1
5.823138800,0,1
5.823144000,1,1
5.823149000,0,1
5.823154200,1,1
5.823159200,0,1
5.823164400,1,1
5.823169400,0,1
5.823174600,1,1
5.823179600,0,1
5.823184700,1,1
5.823189800,0,1
5.823194900,1,1
5.823200000,0,1
5.823201000,0,0
5.823205100,1,0
5.823211300,1,1
5.823608100,1,0
5.823614100,0,0
5.823615300,0,1
5.823619300,1,1
5.823624300,0,1
5.823625300,0,0
5.823629500,1,0
5.823634500,0,0
5.823635700,0,1
5.823639700,1,1
5.823644700,0,1
5.823645700,0,0
5.823649800,1,0
5.823654900,0,0
5.823660000,1,0
5.823665100,0,0
5.823670200,1,0
5.823675200,0,0
5.823680400,1,0
5.823685400,0,0
5.823690600,1,0
5.823695600,0,0
5.823700800,1,0
5.823705800,0,0
5.823711000,1,0
5.823716000,0,0
5.823721100,1,0
5.823726200,0,0
5.823731300,1,0
5.823736400,0,0
5.823741500,1,0
5.823746500,0,0
5.823747800,0,1
5.823751700,1,1
5.823756700,0,1
5.823757700,0,0
5.823761900,1,0
5.823766900,0,0
5.823772100,1,0
5.823777100,0,0
5.823782300,1,0
5.823787300,0,0
5.823792400,1,0
5.823797500,0,0
5.823797900,0,1
5.823802600,1,1
5.823809700,1,0
5.823815700,0,0
5.823816800,0,1
5.823820800,1,1
5.823825800,0,1
5.823826800,0,0
5.823831000,1,0
5.823836000,0,0
5.823837200,0,1
5.823841200,1,1
5.823846200,0,1
5.823847200,0,0
5.823851400,1,0
5.823856400,0,0
5.823861500,1,0
5.823866600,0,0
5.823871700,1,0
5.823876800,0,0
5.823881900,1,0
5.823887000,0,0
5.823888200,0,1
5.823892100,1,1
5.823897100,0,1
5.823897400,0,0
5.823902300,1,0
5.823907300,0,0
5.823912500,1,0
5.823917500,0,0
5.823922700,1,0
5.823927700,0,0
5.823932800,1,0
5.823937900,0,0
5.823943000,1,0
5.823948100,0,0
5.823953200,1,0
5.823958200,0,0
5.823958700,0,1
5.823963400,1,1
5.823968400,0,1
5.823973600,1,1
5.823978600,0,1
5.823978900,0,0
5.823983800,1,0
5.823988800,0,0
5.823994000,1,0
5.823999000,0,0
5.824002200,0,1
5.824004100,1,1
5.824009200,0,1
5.824009400,0,0
5.824014300,1,0
5.824019400,0,0
5.824019800,0,1
5.824024500,1,1
5.824029500,0,1
5.824034700,1,1
5.824039700,0,1
5.824040000,0,0
5.824044900,1,0
5.824049900,0,0
5.824055100,1,0
5.824060100,0,0
5.824060500,0,1
5.824065200,1,1
5.824070300,0,1
5.824075400,1,1
5.824080500,0,1
5.824085600,1,1
5.824090700,0,1
5.824091700,0,0
5.824095800,1,0
5.824102000,1,1
5.824556800,1,0
5.824562800,0,0
5.824564000,0,1
5.824568000,1,1
5.824573000,0,1
5.824574000,0,0
5.824578200,1,0
5.824583200,0,0
5.824584400,0,1
5.824588300,1,1
5.824593400,0,1
5.824594400,0,0
5.824598500,1,0
5.824603600,0,0
5.824608700,1,0
5.824613800,0,0
5.824618900,1,0
5.824623900,0,0
5.824629100,1,0
5.824634100,0,0
5.824639300,1,0
5.824644300,0,0
5.824649500,1,0
5.824654500,0,0
5.824659700,1,0
5.824664700,0,0
5.824669800,1,0
5.824674900,0,0
5.824680000,1,0
5.824685100,0,0
5.824690200,1,0
5.824695200,0,0
5.824700400,1,0
5.824705400,0,0
5.824710600,1,0
5.824715600,0,0
5.824720800,1,0
5.824725800,0,0
5.824730900,1,0
5.824736000,0,0
5.824741100,1,0
5.824746200,0,0
5.824746600,0,1
5.824751300,1,1
5.824758300,1,0
5.824764300,0,0
5.824765500,0,1
5.824769500,1,1
5.824774500,0,1
5.824775500,0,0
5.824779700,1,0
5.824784700,0,0
5.824785900,0,1
5.824789900,1,1
5.824794900,0,1
5.824795900,0,0
5.824800100,1,0
5.824805100,0,0
5.824810200,1,0
5.824815300,0,0
5.824820400,1,0
5.824825500,0,0
5.824830600,1,0
5.824835600,0,0
5.824836900,0,1
5.824840800,1,1
5.824845800,0,1
5.824846100,0,0
5.824851000,1,0
5.824856000,0,0
5.824861200,1,0
5.824866200,0,0
5.824871400,1,0
5.824876400,0,0
5.824881500,1,0
5.824886600,0,0
5.824891700,1,0
5.824896800,0,0
5.824901900,1,0
5.824906900,0,0
5.824912100,1,0
5.824917100,0,0
5.824922300,1,0
5.824927300,0,0
5.824932500,1,0
5.824937500,0,0
5.824937900,0,1
5.824942600,1,1
5.824947700,0,1
5.824948700,0,0
5.824952800,1,0
5.824959100,1,1
5.825354900,1,0
5.825360900,0,0
5.825362000,0,1
5.825366000,1,1
5.825371000,0,1
5.825372000,0,0
5.825376200,1,0
5.825381200,0,0
5.825382400,0,1
5.825386400,1,1
5.825391400,0,1
5.825392400,0,0
5.825396600,1,0
5.825401600,0,0
5.825406800,1,0
5.825411800,0,0
5.825416900,1,0
5.825422000,0,0
5.825427100,1,0
5.825432200,0,0
5.825437300,1,0
5.825442300,0,0
5.825447500,1,0
5.825452500,0,0
5.825457700,1,0
5.825462700,0,0
5.825467900,1,0
5.825472900,0,0
5.825478100,1,0
5.825483100,0,0
5.825488200,1,0
5.825493300,0,0
5.825498400,1,0
5.825503500,0,0
5.825508600,1,0
5.825513600,0,0
5.825518800,1,0
5.825523800,0,0
5.825525000,0,1
5.825529000,1,1
5.825534000,0,1
5.825534200,0,0
5.825539200,1,0
5.825544200,0,0
5.825544600,0,1
5.825549300,1,1
5.825556400,1,0
5.825562400,0,0
5.825563600,0,1
5.825567500,1,1
5.825572600,0,1
5.825573600,0,0
5.825577700,1,0
5.825582700,0,0
5.825583900,0,1
5.825587900,1,1
5.825592900,0,1
5.825593900,0,0
5.825598100,1,0
5.825603100,0,0
5.825608300,1,0
5.825613300,0,0
5.825618500,1,0
5.825623500,0,0
5.825628600,1,0
5.825633700,0,0
5.825634900,0,1
5.825638800,1,1
5.825643900,0,1
5.825644100,0,0
5.825649000,1,0
5.825654000,0,0
5.825654400,0,1
5.825659200,1,1
5.825664200,0,1
5.825669400,1,1
5.825674400,0,1
5.825679600,1,1
5.825684600,0,1
5.825689700,1,1
5.825694800,0,1
5.825699900,1,1
5.825705000,0,1
5.825710100,1,1
5.825715200,0,1
5.825720300,1,1
5.825725300,0,1
5.825730500,1,1
5.825735500,0,1
5.825740700,1,1
5.825745700,0,1
5.825746700,0,0
5.825750900,1,0
5.825757100,1,1
5.826144900,1,0
5.826150900,0,0
5.826152000,0,1
5.826156000,1,1
5.826161100,0,1
5.826162100,0,0
5.826166200,1,0
5.826171300,0,0
5.826172400,0,1
5.826176400,1,1
5.826181400,0,1
5.826182400,0,0
5.826186600,1,0
5.826191600,0,0
5.826196800,1,0
5.826201800,0,0
5.826207000,1,0
5.826212000,0,0
5.826217200,1,0
5.826222200,0,0
5.826227300,1,0
5.826232400,0,0
5.826237500,1,0
5.826242600,0,0
5.826247700,1,0
5.826252700,0,0
5.826254000,0,1
5.826257900,1,1
5.826262900,0,1
5.826268100,1,1
5.826273100,0,1
5.826278300,1,1
5.826283300,0,1
5.826288400,1,1
5.826293500,0,1
5.826298600,1,1
5.826303700,0,1
5.826308800,1,1
5.826313900,0,1
5.826314900,0,0
5.826319000,1,0
5.826324000,0,0
5.826329200,1,0
5.826334200,0,0
5.826334600,0,1
5.826339400,1,1
5.826346400,1,0
5.826352400,0,0
5.826353600,0,1
5.826357500,1,1
5.826362600,0,1
5.826363600,0,0
5.826367700,1,0
5.826372800,0,0
5.826374000,0,1
5.826377900,1,1
5.826383000,0,1
5.826384000,0,0
5.826388100,1,0
5.826393100,0,0
5.826398300,1,0
5.826403300,0,0
5.826408500,1,0
5.826413500,0,0
5.826418700,1,0
5.826423700,0,0
5.826424900,0,1
5.826428900,1,1
5.826433900,0,1
5.826434100,0,0
5.826439000,1,0
5.826444100,0,0
5.826449200,1,0
5.826454300,0,0
5.826459400,1,0
5.826464400,0,0
5.826469600,1,0
5.826474600,0,0
5.826479800,1,0
5.826484800,0,0
5.826490000,1,0
5.826495000,0,0
5.826500200,1,0
5.826505200,0,0
5.826510300,1,0
5.826515400,0,0
5.826515800,0,1
5.826520500,1,1
5.826525600,0,1
5.826530700,1,1
5.826535700,0,1
5.826536700,0,0
5.826540900,1,0
5.826547100,1,1
5.826943900,1,0
5.826949900,0,0
5.826951100,0,1
5.826955000,1,1
5.826960100,0,1
5.826961100,0,0
5.826965200,1,0
5.826970300,0,0
5.826971500,0,1
5.826975400,1,1
5.826980500,0,1
5.826981500,0,0
5.826985600,1,0
5.826990700,0,0
5.826995800,1,0
5.827000800,0,0
5.827006000,1,0
5.827011000,0,0
5.827016200,1,0
5.827021200,0,0
5.827026400,1,0
5.827031400,0,0
5.827036600,1,0
5.827041600,0,0
5.827042000,0,1
5.827046700,1,1
5.827051800,0,1
5.827052800,0,0
5.827056900,1,0
5.827062000,0,0
5.827067100,1,0
5.827072100,0,0
5.827077300,1,0
5.827082300,0,0
5.827087500,1,0
5.827092500,0,0
5.827097700,1,0
5.827102700,0,0
5.827107800,1,0
5.827112900,0,0
5.827118000,1,0
5.827123100,0,0
5.827128200,1,0
5.827133300,0,0
5.827133700,0,1
5.827138400,1,1
5.827145400,1,0
5.827151400,0,0
5.827152600,0,1
5.827156600,1,1
5.827161600,0,1
5.827162600,0,0
5.827166800,1,0
5.827171800,0,0
5.827173000,0,1
5.827177000,1,1
5.827182000,0,1
5.827183000,0,0
5.827187100,1,0
5.827192200,0,0
5.827197300,1,0
5.827202400,0,0
5.827207500,1,0
5.827212500,0,0
5.827217700,1,0
5.827222700,0,0
5.827223900,0,1
5.827227900,1,1
5.827232900,0,1
5.827233100,0,0
5.827238100,1,0
5.827243100,0,0
5.827248300,1,0
5.827253300,0,0
5.827258400,1,0
5.827263500,0,0
5.827268600,1,0
5.827273700,0,0
5.827278800,1,0
5.827283800,0,0
5.827289000,1,0
5.827294000,0,0
5.827299200,1,0
5.827304200,0,0
5.827304600,0,1
5.827309400,1,1
5.827314400,0,1
5.827314600,0,0
5.827319500,1,0
5.827324600,0,0
5.827325000,0,1
5.827329700,1,1
5.827334800,0,1
5.827335800,0,0
5.827339900,1,0
5.827346100,1,1
5.827741900,1,0
5.827747900,0,0
5.827749100,0,1
5.827753100,1,1
5.827758100,0,1
5.827759100,0,0
5.827763300,1,0
5.827768300,0,0
5.827769500,0,1
5.827773500,1,1
5.827778500,0,1
5.827779500,0,0
5.827783700,1,0
5.827788700,0,0
5.827793800,1,0
5.827798900,0,0
5.827804000,1,0
5.827809100,0,0
5.827814200,1,0
5.827819200,0,0
5.827824400,1,0
5.827829400,0,0
5.827834600,1,0
5.827839600,0,0
5.827840000,0,1
5.827844800,1,1
5.827849800,0,1
5.827850800,0,0
5.827855000,1,0
5.827860000,0,0
5.827865100,1,0
5.827870200,0,0
5.827875300,1,0
5.827880400,0,0
5.827885500,1,0
5.827890500,0,0
5.827895700,1,0
5.827900700,0,0
5.827901900,0,1
5.827905900,1,1
5.827910900,0,1
5.827911900,0,0
5.827916100,1,0
5.827921100,0,0
5.827926200,1,0
5.827931300,0,0
5.827931700,0,1
5.827936400,1,1
5.827943500,1,0
5.827949500,0,0
5.827950600,0,1
5.827954600,1,1
5.827959600,0,1
5.827960600,0,0
5.827964800,1,0
5.827969800,0,0
5.827971000,0,1
5.827975000,1,1
5.827980000,0,1
5.827981000,0,0
5.827985200,1,0
5.827990200,0,0
5.827995400,1,0
5.828000400,0,0
5.828005500,1,0
5.828010600,0,0
5.828015700,1,0
5.828020800,0,0
5.828022000,0,1
5.828025900,1,1
5.828030900,0,1
5.828031200,0,0
5.828036100,1,0
5.828041100,0,0
5.828046300,1,0
5.828051300,0,0
5.828056500,1,0
5.828061500,0,0
5.828061900,0,1
5.828066700,1,1
5.828071700,0,1
5.828071900,0,0
5.828076800,1,0
5.828081900,0,0
5.828082300,0,1
5.828087000,1,1
5.828092100,0,1
5.828097200,1,1
5.828102200,0,1
5.828102500,0,0
5.828107400,1,0
5.828112400,0,0
5.828117600,1,0
5.828122600,0,0
5.828123000,0,1
5.828127800,1,1
5.828132800,0,1
5.828133800,0,0
5.828137900,1,0
5.828144200,1,1
5.828543000,1,0
5.828549000,0,0
5.828550100,0,1
5.828554100,1,1
5.828559200,0,1
5.828560200,0,0
5.828564300,1,0
5.828569300,0,0
5.828570500,0,1
5.828574500,1,1
5.828579500,0,1
5.828580500,0,0
5.828584700,1,0
5.828589700,0,0
5.828594900,1,0
5.828599900,0,0
5.828605100,1,0
5.828610100,0,0
5.828615200,1,0
5.828620300,0,0
5.828625400,1,0
5.828630500,0,0
5.828635600,1,0
5.828640600,0,0
5.828641100,0,1
5.828645800,1,1
5.828650800,0,1
5.828651800,0,0
5.828656000,1,0
5.828661000,0,0
5.828666200,1,0
5.828671200,0,0
5.828676400,1,0
5.828681400,0,0
5.828686500,1,0
5.828691600,0,0
5.828692800,0,1
5.828696700,1,1
5.828701800,0,1
5.828702800,0,0
5.828706900,1,0
5.828711900,0,0
5.828717100,1,0
5.828722100,0,0
5.828727300,1,0
5.828732300,0,0
5.828732700,0,1
5.828737500,1,1
5.828744500,1,0
5.828750500,0,0
5.828751700,0,1
5.828755600,1,1
5.828760700,0,1
5.828761700,0,0
5.828765800,1,0
5.828770900,0,0
5.828772000,0,1
5.828776000,1,1
5.828781000,0,1
5.828782000,0,0
5.828786200,1,0
5.828791200,0,0
5.828796400,1,0
5.828801400,0,0
5.828806600,1,0
5.828811600,0,0
5.828816800,1,0
5.828821800,0,0
5.828823000,0,1
5.828826900,1,1
5.828832000,0,1
5.828832200,0,0
5.828837100,1,0
5.828842200,0,0
5.828847300,1,0
5.828852300,0,0
5.828852800,0,1
5.828857500,1,1
5.828862500,0,1
5.828862800,0,0
5.828867700,1,0
5.828872700,0,0
5.828877900,1,0
5.828882900,0,0
5.828888100,1,0
5.828893100,0,0
5.828893500,0,1
5.828898200,1,1
5.828903300,0,1
5.828908400,1,1
5.828913500,0,1
5.828913700,0,0
5.828918600,1,0
5.828923600,0,0
5.828924000,0,1
5.828928800,1,1
5.828933800,0,1
5.828934800,0,0
5.828939000,1,0
5.828945200,1,1
5.829342000,1,0
5.829348000,0,0
5.829349200,0,1
5.829353100,1,1
5.829358200,0,1
5.829359200,0,0
5.829363300,1,0
5.829368400,0,0
5.829369600,0,1
5.829373500,1,1
5.829378600,0,1
5.829379600,0,0
5.829383700,1,0
5.829388700,0,0
5.829393900,1,0
5.829398900,0,0
5.829404100,1,0
5.829409100,0,0
5.829414300,1,0
5.829419300,0,0
5.829424500,1,0
5.829429500,0,0
5.829434600,1,0
5.829439700,0,0
5.829440100,0,1
5.829444800,1,1
5.829449900,0,1
5.829450900,0,0
5.829455000,1,0
5.829460000,0,0
5.829465200,1,0
5.829470200,0,0
5.829475400,1,0
5.829480400,0,0
5.829485600,1,0
5.829490600,0,0
5.829491800,0,1
5.829495700,1,1
5.829500800,0,1
5.829501800,0,0
5.829505900,1,0
5.829511000,0,0
5.829516100,1,0
5.829521200,0,0
5.829526300,1,0
5.829531300,0,0
5.829531700,0,1
5.829536500,1,1
5.829543500,1,0
5.829549500,0,0
5.829550700,0,1
5.829554700,1,1
5.829559700,0,1
5.829560700,0,0
5.829564900,1,0
5.829569900,0,0
5.829571100,0,1
5.829575000,1,1
5.829580100,0,1
5.829581100,0,0
5.829585200,1,0
5.829590300,0,0
5.829595400,1,0
5.829600400,0,0
5.829605600,1,0
5.829610600,0,0
5.829615800,1,0
5.829620800,0,0
5.829622000,0,1
5.829626000,1,1
5.829631000,0,1
5.829631200,0,0
5.829636200,1,0
5.829641200,0,0
5.829646300,1,0
5.829651400,0,0
5.829651800,0,1
5.829656500,1,1
5.829661600,0,1
5.829661800,0,0
5.829666700,1,0
5.829671700,0,0
5.829676900,1,0
5.829681900,0,0
5.829687100,1,0
5.829692100,0,0
5.829692500,0,1
5.829697300,1,1
5.829702300,0,1
5.829707400,1,1
5.829712500,0,1
5.829712700,0,0
5.829717600,1,0
5.829722700,0,0
5.829723000,0,1
5.829727800,1,1
5.829732900,0,1
5.829733900,0,0
5.829738000,1,0
5.829744200,1,1
5.830140000,1,0
5.830146000,0,0
5.830147200,0,1
5.830151200,1,1
5.830156200,0,1
5.830157200,0,0
5.830161400,1,0
5.830166400,0,0
5.830167600,0,1
5.830171600,1,1
5.830176600,0,1
5.830177600,0,0
5.830181700,1,0
5.830186800,0,0
5.830191900,1,0
5.830197000,0,0
5.830202100,1,0
5.830207100,0,0
5.830212300,1,0
5.830217300,0,0
5.830222500,1,0
5.830227500,0,0
5.830232700,1,0
5.830237700,0,0
5.830238100,0,1
5.830242900,1,1
5.830247900,0,1
5.830248900,0,0
5.830253000,1,0
5.830258100,0,0
5.830263200,1,0
5.830268300,0,0
5.830273400,1,0
5.830278400,0,0
5.830283600,1,0
5.830288600,0,0
5.830289800,0,1
5.830293800,1,1
5.830298800,0,1
5.830299800,0,0
5.830304000,1,0
5.830309000,0,0
5.830314100,1,0
5.830319200,0,0
5.830324300,1,0
5.830329400,0,0
5.830329800,0,1
5.830334500,1,1
5.830341600,1,0
5.830347600,0,0
5.830348700,0,1
5.830352700,1,1
5.830357700,0,1
5.830358700,0,0
5.830362900,1,0
5.830367900,0,0
5.830369100,0,1
5.830373100,1,1
5.830378100,0,1
5.830379100,0,0
5.830383300,1,0
5.830388300,0,0
5.830393400,1,0
5.830398500,0,0
5.830403600,1,0
5.830408700,0,0
5.830413800,1,0
5.830418800,0,0
5.830420100,0,1
5.830424000,1,1
5.830429000,0,1
5.830429300,0,0
5.830434200,1,0
5.830439200,0,0
5.830444400,1,0
5.830449400,0,0
5.830449800,0,1
5.830454600,1,1
5.830459600,0,1
5.830459800,0,0
5.830464700,1,0
5.830469800,0,0
5.830474900,1,0
5.830480000,0,0
5.830485100,1,0
5.830490100,0,0
5.830490600,0,1
5.830495300,1,1
5.830500300,0,1
5.830505500,1,1
5.830510500,0,1
5.830510700,0,0
5.830515700,1,0
5.830520700,0,0
5.830521100,0,1
5.830525800,1,1
5.830530900,0,1
5.830531900,0,0
5.830536000,1,0
5.830542200,1,1
5.830939100,1,0
5.830945100,0,0
5.830946200,0,1
5.830950200,1,1
5.830955200,0,1
5.830956200,0,0
5.830960400,1,0
5.830965400,0,0
5.830966600,0,1
5.830970600,1,1
5.830975600,0,1
5.830976600,0,0
5.830980800,1,0
5.830985800,0,0
5.830991000,1,0
5.830996000,0,0
5.831001100,1,0
5.831006200,0,0
5.831011300,1,0
5.831016400,0,0
5.831021500,1,0
5.831026500,0,0
5.831031700,1,0
5.831036700,0,0
5.831037100,0,1
5.831041900,1,1
5.831046900,0,1
5.831047900,0,0
5.831052100,1,0
5.831057100,0,0
5.831062300,1,0
5.831067300,0,0
5.831072400,1,0
5.831077500,0,0
5.831082600,1,0
5.831087700,0,0
5.831088900,0,1
5.831092800,1,1
5.831097800,0,1
5.831098800,0,0
5.831103000,1,0
5.831108000,0,0
5.831113200,1,0
5.831118200,0,0
5.831123400,1,0
5.831128400,0,0
5.831128800,0,1
5.831133500,1,1
5.831140600,1,0
5.831146600,0,0
5.831147800,0,1
5.831151700,1,1
5.831156800,0,1
5.831157800,0,0
5.831161900,1,0
5.831166900,0,0
5.831168100,0,1
5.831172100,1,1
5.831177100,0,1
5.831178100,0,0
5.831182300,1,0
5.831187300,0,0
5.831192500,1,0
5.831197500,0,0
5.831202700,1,0
5.831207700,0,0
5.831212800,1,0
5.831217900,0,0
5.831219100,0,1
5.831223000,1,1
5.831228100,0,1
5.831228300,0,0
5.831233200,1,0
5.831238200,0,0
5.831243400,1,0
5.831248400,0,0
5.831248800,0,1
5.831253600,1,1
5.831258600,0,1
5.831258800,0,0
5.831263800,1,0
5.831268800,0,0
5.831274000,1,0
5.831279000,0,0
5.831284100,1,0
5.831289200,0,0
5.831289600,0,1
5.831294300,1,1
5.831299400,0,1
5.831304500,1,1
5.831309500,0,1
5.831309800,0,0
5.831314700,1,0
5.831319700,0,0
5.831320100,0,1
5.831324900,1,1
5.831329900,0,1
5.831330900,0,0
5.831335100,1,0
5.831341300,1,1
5.831738100,1,0
5.831744100,0,0
5.831745200,0,1
5.831749200,1,1
5.831754300,0,1
5.831755300,0,0
5.831759400,1,0
5.831764500,0,0
5.831765600,0,1
5.831769600,1,1
5.831774600,0,1
5.831775600,0,0
5.831779800,1,0
5.831784800,0,0
5.831790000,1,0
5.831795000,0,0
5.831800200,1,0
5.831805200,0,0
5.831810400,1,0
5.831815400,0,0
5.831820500,1,0
5.831825600,0,0
5.831830700,1,0
5.831835800,0,0
5.831836200,0,1
5.831840900,1,1
5.831845900,0,1
5.831846900,0,0
5.831851100,1,0
5.831856100,0,0
5.831861300,1,0
5.831866300,0,0
5.831871500,1,0
5.831876500,0,0
5.831881700,1,0
5.831886700,0,0
5.831887900,0,1
5.831891800,1,1
5.831896900,0,1
5.831897900,0,0
5.831902000,1,0
5.831907100,0,0
5.831912200,1,0
5.831917200,0,0
5.831922400,1,0
5.831927400,0,0
5.831927800,0,1
5.831932600,1,1
5.831939600,1,0
5.831945600,0,0
5.831946800,0,1
5.831950700,1,1
5.831955800,0,1
5.831956800,0,0
5.831960900,1,0
5.831966000,0,0
5.831967200,0,1
5.831971100,1,1
5.831976200,0,1
5.831977200,0,0
5.831981300,1,0
5.831986300,0,0
5.831991500,1,0
5.831996500,0,0
5.832001700,1,0
5.832006700,0,0
5.832011900,1,0
5.832016900,0,0
5.832018100,0,1
5.832022100,1,1
5.832027100,0,1
5.832027300,0,0
5.832032200,1,0
5.832037300,0,0
5.832042400,1,0
5.832047500,0,0
5.832047900,0,1
5.832052600,1,1
5.832057600,0,1
5.832057900,0,0
5.832062800,1,0
5.832067800,0,0
5.832073000,1,0
5.832078000,0,0
5.832083200,1,0
5.832088200,0,0
5.832088600,0,1
5.832093300,1,1
5.832098400,0,1
5.832103500,1,1
5.832108600,0,1
5.832108800,0,0
5.832113700,1,0
5.832118800,0,0
5.832119100,0,1
5.832123900,1,1
5.832128900,0,1
5.832129900,0,0
5.832134100,1,0
5.832140300,1,1
5.832529100,1,0
5.832535100,0,0
5.832536300,0,1
5.832540200,1,1
5.832545300,0,1
5.832546300,0,0
5.832550400,1,0
5.832555500,0,0
5.832556700,0,1
5.832560600,1,1
5.832565700,0,1
5.832566700,0,0
5.832570800,1,0
5.832575900,0,0
5.832581000,1,0
5.832586000,0,0
5.832591200,1,0
5.832596200,0,0
5.832601400,1,0
5.832606400,0,0
5.832611600,1,0
5.832616600,0,0
5.832621800,1,0
5.832626800,0,0
5.832627200,0,1
5.832631900,1,1
5.832637000,0,1
5.832638000,0,0
5.832642100,1,0
5.832647200,0,0
5.832652300,1,0
5.832657300,0,0
5.832662500,1,0
5.832667500,0,0
5.832672700,1,0
5.832677700,0,0
5.832678900,0,1
5.832682900,1,1
5.832687900,0,1
5.832688900,0,0
5.832693000,1,0
5.832698100,0,0
5.832703200,1,0
5.832708300,0,0
5.832713400,1,0
5.832718500,0,0
5.832718900,0,1
5.832723600,1,1
5.832730600,1,0
5.832736600,0,0
5.832737800,0,1
5.832741800,1,1
5.832746800,0,1
5.832747800,0,0
5.832752000,1,0
5.832757000,0,0
5.832758200,0,1
5.832762200,1,1
5.832767200,0,1
5.832768200,0,0
5.832772300,1,0
5.832777400,0,0
5.832782500,1,0
5.832787600,0,0
5.832792700,1,0
5.832797700,0,0
5.832802900,1,0
5.832807900,0,0
5.832809100,0,1
5.832813100,1,1
5.832818100,0,1
5.832818300,0,0
5.832823300,1,0
5.832828300,0,0
5.832833500,1,0
5.832838500,0,0
5.832838900,0,1
5.832843600,1,1
5.832848700,0,1
5.832848900,0,0
5.832853800,1,0
5.832858900,0,0
5.832864000,1,0
5.832869000,0,0
5.832874200,1,0
5.832879200,0,0
5.832879600,0,1
5.832884400,1,1
5.832889400,0,1
5.832894600,1,1
5.832899600,0,1
5.832899800,0,0
5.832904700,1,0
5.832909800,0,0
5.832910200,0,1
5.832914900,1,1
5.832920000,0,1
5.832921000,0,0
5.832925100,1,0
5.832931300,1,1
5.833327200,1,0
5.833333200,0,0
5.833334300,0,1
5.833338300,1,1
5.833343300,0,1
5.833344300,0,0
5.833348500,1,0
5.833353500,0,0
5.833354700,0,1
5.833358700,1,1
5.833363700,0,1
5.833364700,0,0
5.833368900,1,0
5.833373900,0,0
5.833379000,1,0
5.833384100,0,0
5.833389200,1,0
5.833394300,0,0
5.833399400,1,0
5.833404400,0,0
5.833409600,1,0
5.833414600,0,0
5.833419800,1,0
5.833424800,0,0
5.833425200,0,1
5.833430000,1,1
5.833435000,0,1
5.833436000,0,0
5.833440200,1,0
5.833445200,0,0
5.833450300,1,0
5.833455400,0,0
5.833460500,1,0
5.833465600,0,0
5.833470700,1,0
5.833475700,0,0
5.833477000,0,1
5.833480900,1,1
5.833485900,0,1
5.833486900,0,0
5.833491100,1,0
5.833496100,0,0
5.833501300,1,0
5.833506300,0,0
5.833511400,1,0
5.833516500,0,0
5.833516900,0,1
5.833521600,1,1
5.833528700,1,0
5.833534700,0,0
5.833535800,0,1
5.833539800,1,1
5.833544900,0,1
5.833545900,0,0
5.833550000,1,0
5.833555000,0,0
5.833556200,0,1
5.833560200,1,1
5.833565200,0,1
5.833566200,0,0
5.833570400,1,0
5.833575400,0,0
5.833580600,1,0
5.833585600,0,0
5.833590700,1,0
5.833595800,0,0
5.833600900,1,0
5.833606000,0,0
5.833607200,0,1
5.833611100,1,1
5.833616100,0,1
5.833616400,0,0
5.833621300,1,0
5.833626300,0,0
5.833631500,1,0
5.833636500,0,0
5.833636900,0,1
5.833641700,1,1
5.833646700,0,1
5.833646900,0,0
5.833651900,1,0
5.833656900,0,0
5.833662000,1,0
5.833667100,0,0
5.833672200,1,0
5.833677300,0,0
5.833677700,0,1
5.833682400,1,1
5.833687400,0,1
5.833692600,1,1
5.833697600,0,1
5.833697900,0,0
5.833702800,1,0
5.833707800,0,0
5.833708200,0,1
5.833713000,1,1
5.833718000,0,1
5.833719000,0,0
5.833723100,1,0
5.833729400,1,1
5.834128200,1,0
5.834134200,0,0
5.834135300,0,1
5.834139300,1,1
5.834144400,0,1
5.834145400,0,0
5.834149500,1,0
5.834154500,0,0
5.834155700,0,1
5.834159700,1,1
5.834164700,0,1
5.834165700,0,0
5.834169900,1,0
5.834174900,0,0
5.834180100,1,0
5.834185100,0,0
5.834190300,1,0
5.834195300,0,0
5.834200400,1,0
5.834205500,0,0
5.834210600,1,0
5.834215700,0,0
5.834220800,1,0
5.834225800,0,0
5.834226300,0,1
5.834231000,1,1
5.834236000,0,1
5.834237000,0,0
5.834241200,1,0
5.834246200,0,0
5.834251400,1,0
5.834256400,0,0
5.834261600,1,0
5.834266600,0,0
5.834267800,0,1
5.834271700,1,1
5.834276800,0,1
5.834277800,0,0
5.834281900,1,0
5.834287000,0,0
5.834288100,0,1
5.834292100,1,1
5.834297100,0,1
5.834302300,1,1
5.834307300,0,1
5.834307600,0,0
5.834312500,1,0
5.834317500,0,0
5.834317900,0,1
5.834322700,1,1
5.834329700,1,0
5.834335700,0,0
5.834336900,0,1
5.834340800,1,1
5.834345900,0,1
5.834346900,0,0
5.834351000,1,0
5.834356100,0,0
5.834357200,0,1
5.834361200,1,1
5.834366200,0,1
5.834367200,0,0
5.834371400,1,0
5.834376400,0,0
5.834381600,1,0
5.834386600,0,0
5.834391800,1,0
5.834396800,0,0
5.834402000,1,0
5.834407000,0,0
5.834408200,0,1
5.834412100,1,1
5.834417200,0,1
5.834417400,0,0
5.834422300,1,0
5.834427400,0,0
5.834432500,1,0
5.834437500,0,0
5.834442700,1,0
5.834447700,0,0
5.834448100,0,1
5.834452900,1,1
5.834457900,0,1
5.834458100,0,0
5.834463100,1,0
5.834468100,0,0
5.834473300,1,0
5.834478300,0,0
5.834483400,1,0
5.834488500,0,0
5.834488900,0,1
5.834493600,1,1
5.834498700,0,1
5.834503800,1,1
5.834508800,0,1
5.834514000,1,1
5.834519000,0,1
5.834520000,0,0
5.834524200,1,0
5.834530400,1,1
5.834927200,1,0
5.834933200,0,0
5.834934400,0,1
5.834938300,1,1
5.834943400,0,1
5.834944400,0,0
5.834948500,1,0
5.834953600,0,0
5.834954800,0,1
5.834958700,1,1
5.834963800,0,1
5.834964800,0,0
5.834968900,1,0
5.834973900,0,0
5.834979100,1,0
5.834984100,0,0
5.834989300,1,0
5.834994300,0,0
5.834999500,1,0
5.835004500,0,0
5.835009700,1,0
5.835014700,0,0
5.835019800,1,0
5.835024900,0,0
5.835025300,0,1
5.835030000,1,1
5.835035100,0,1
5.835036100,0,0
5.835040200,1,0
5.835045200,0,0
5.835050400,1,0
5.835055400,0,0
5.835060600,1,0
5.835065600,0,0
5.835066800,0,1
5.835070800,1,1
5.835075800,0,1
5.835076800,0,0
5.835081000,1,0
5.835086000,0,0
5.835087200,0,1
5.835091100,1,1
5.835096200,0,1
5.835101300,1,1
5.835106400,0,1
5.835106600,0,0
5.835111500,1,0
5.835116500,0,0
5.835116900,0,1
5.835121700,1,1
5.835128700,1,0
5.835134700,0,0
5.835135900,0,1
5.835139900,1,1
5.835144900,0,1
5.835145900,0,0
5.835150100,1,0
5.835155100,0,0
5.835156300,0,1
5.835160200,1,1
5.835165300,0,1
5.835166300,0,0
5.835170400,1,0
5.835175500,0,0
5.835180600,1,0
5.835185600,0,0
5.835190800,1,0
5.835195800,0,0
5.835201000,1,0
5.835206000,0,0
5.835207200,0,1
5.835211200,1,1
5.835216200,0,1
5.835216400,0,0
5.835221400,1,0
5.835226400,0,0
5.835231500,1,0
5.835236600,0,0
5.835241700,1,0
5.835246800,0,0
5.835247200,0,1
5.835251900,1,1
5.835256900,0,1
5.835257200,0,0
5.835262100,1,0
5.835267100,0,0
5.835272300,1,0
5.835277300,0,0
5.835282500,1,0
5.835287500,0,0
5.835287900,0,1
5.835292700,1,1
5.835297700,0,1
5.835302800,1,1
5.835307900,0,1
5.835313000,1,1
5.835318100,0,1
5.835319100,0,0
5.835323200,1,0
5.835329400,1,1
5.835717200,1,0
5.835723200,0,0
5.835724400,0,1
5.835728400,1,1
5.835733400,0,1
5.835734400,0,0
5.835738600,1,0
5.835743600,0,0
5.835744800,0,1
5.835748800,1,1
5.835753800,0,1
5.835754800,0,0
5.835758900,1,0
5.835764000,0,0
5.835769100,1,0
5.835774200,0,0
5.835779300,1,0
5.835784300,0,0
5.835789500,1,0
5.835794500,0,0
5.835799700,1,0
5.835804700,0,0
5.835809900,1,0
5.835814900,0,0
5.835815300,0,1
5.835820100,1,1
5.835825100,0,1
5.835826100,0,0
5.835830200,1,0
5.835835300,0,0
5.835840400,1,0
5.835845500,0,0
5.835850600,1,0
5.835855600,0,0
5.835856900,0,1
5.835860800,1,1
5.835865800,0,1
5.835866800,0,0
5.835871000,1,0
5.835876000,0,0
5.835877200,0,1
5.835881200,1,1
5.835886200,0,1
5.835891300,1,1
5.835896400,0,1
5.835896600,0,0
5.835901500,1,0
5.835906600,0,0
5.835906900,0,1
5.835911700,1,1
5.835918800,1,0
5.835924800,0,0
5.835925900,0,1
5.835929900,1,1
5.835934900,0,1
5.835935900,0,0
5.835940100,1,0
5.835945100,0,0
5.835946300,0,1
5.835950300,1,1
5.835955300,0,1
5.835956300,0,0
5.835960500,1,0
5.835965500,0,0
5.835970600,1,0
5.835975700,0,0
5.835980800,1,0
5.835985900,0,0
5.835991000,1,0
5.835996000,0,0
5.835997300,0,1
5.836001200,1,1
5.836006200,0,1
5.836006500,0,0
5.836011400,1,0
5.836016400,0,0
5.836021600,1,0
5.836026600,0,0
5.836031800,1,0
5.836036800,0,0
5.836037200,0,1
5.836041900,1,1
5.836047000,0,1
5.836047200,0,0
5.836052100,1,0
5.836057200,0,0
5.836062300,1,0
5.836067300,0,0
5.836072500,1,0
5.836077500,0,0
5.836077900,0,1
5.836082700,1,1
5.836087700,0,1
5.836092900,1,1
5.836097900,0,1
5.836103000,1,1
5.836108100,0,1
5.836109100,0,0
5.836113200,1,0
5.836119400,1,1
5.836516300,1,0
5.836522300,0,0
5.836523400,0,1
5.836527400,1,1
5.836532400,0,1
5.836533400,0,0
5.836537600,1,0
5.836542600,0,0
5.836543800,0,1
5.836547800,1,1
5.836552800,0,1
5.836553800,0,0
5.836558000,1,0
5.836563000,0,0
5.836568200,1,0
5.836573200,0,0
5.836578300,1,0
5.836583400,0,0
5.836588500,1,0
5.836593600,0,0
5.836598700,1,0
5.836603700,0,0
5.836608900,1,0
5.836613900,0,0
5.836614300,0,1
5.836619100,1,1
5.836624100,0,1
5.836625100,0,0
5.836629300,1,0
5.836634300,0,0
5.836639500,1,0
5.836644500,0,0
5.836649600,1,0
5.836654700,0,0
5.836655900,0,1
5.836659800,1,1
5.836664900,0,1
5.836665900,0,0
5.836670000,1,0
5.836675000,0,0
5.836676200,0,1
5.836680200,1,1
5.836685200,0,1
5.836690400,1,1
5.836695400,0,1
5.836695600,0,0
5.836700600,1,0
5.836705600,0,0
5.836706000,0,1
5.836710700,1,1
5.836717800,1,0
5.836723800,0,0
5.836725000,0,1
5.836728900,1,1
5.836734000,0,1
5.836735000,0,0
5.836739100,1,0
5.836744200,0,0
5.836745300,0,1
5.836749300,1,1
5.836754300,0,1
5.836755300,0,0
5.836759500,1,0
5.836764500,0,0
5.836769700,1,0
5.836774700,0,0
5.836779900,1,0
5.836784900,0,0
5.836790000,1,0
5.836795100,0,0
5.836796300,0,1
5.836800200,1,1
5.836805300,0,1
5.836805500,0,0
5.836810400,1,0
5.836815400,0,0
5.836820600,1,0
5.836825600,0,0
5.836830800,1,0
5.836835800,0,0
5.836836200,0,1
5.836841000,1,1
5.836846000,0,1
5.836846200,0,0
5.836851200,1,0
5.836856200,0,0
5.836861300,1,0
5.836866400,0,0
5.836871500,1,0
5.836876600,0,0
5.836877000,0,1
5.836881700,1,1
5.836886700,0,1
5.836891900,1,1
5.836896900,0,1
5.836902100,1,1
5.836907100,0,1
5.836908100,0,0
5.836912300,1,0
5.836918500,1,1
5.837315300,1,0
5.837321300,0,0
5.837322500,0,1
5.837326400,1,1
5.837331500,0,1
5.837332500,0,0
5.837336600,1,0
5.837341700,0,0
5.837342800,0,1
5.837346800,1,1
5.837351800,0,1
5.837352800,0,0
5.837357000,1,0
5.837362000,0,0
5.837367200,1,0
5.837372200,0,0
5.837377400,1,0
5.837382400,0,0
5.837387600,1,0
5.837392600,0,0
5.837397700,1,0
5.837402800,0,0
5.837407900,1,0
5.837413000,0,0
5.837413400,0,1
5.837418100,1,1
5.837423100,0,1
5.837424100,0,0
5.837428300,1,0
5.837433300,0,0
5.837438500,1,0
5.837443500,0,0
5.837448700,1,0
5.837453700,0,0
5.837454900,0,1
5.837458800,1,1
5.837463900,0,1
5.837464900,0,0
5.837469000,1,0
5.837474100,0,0
5.837475300,0,1
5.837479200,1,1
5.837484300,0,1
5.837489400,1,1
5.837494400,0,1
5.837494700,0,0
5.837499600,1,0
5.837504600,0,0
5.837505000,0,1
5.837509800,1,1
5.837516800,1,0
5.837522800,0,0
5.837524000,0,1
5.837527900,1,1
5.837533000,0,1
5.837534000,0,0
5.837538100,1,0
5.837543200,0,0
5.837544400,0,1
5.837548300,1,1
5.837553400,0,1
5.837554400,0,0
5.837558500,1,0
5.837563600,0,0
5.837568700,1,0
5.837573700,0,0
5.837578900,1,0
5.837583900,0,0
5.837589100,1,0
5.837594100,0,0
5.837595300,0,1
5.837599300,1,1
5.837604300,0,1
5.837604500,0,0
5.837609400,1,0
5.837614500,0,0
5.837619600,1,0
5.837624700,0,0
5.837629800,1,0
5.837634800,0,0
5.837635300,0,1
5.837640000,1,1
5.837645000,0,1
5.837645300,0,0
5.837650200,1,0
5.837655200,0,0
5.837660400,1,0
5.837665400,0,0
5.837670600,1,0
5.837675600,0,0
5.837676000,0,1
5.837680700,1,1
5.837685800,0,1
5.837690900,1,1
5.837696000,0,1
5.837701100,1,1
5.837706100,0,1
5.837707100,0,0
5.837711300,1,0
5.837717500,1,1
5.838113300,1,0
5.838119300,0,0
5.838120500,0,1
5.838124400,1,1
5.838129500,0,1
5.838130500,0,0
5.838134600,1,0
5.838139700,0,0
5.838140900,0,1
5.838144800,1,1
5.838149900,0,1
5.838150900,0,0
5.838155000,1,0
5.838160100,0,0
5.838165200,1,0
5.838170200,0,0
5.838175400,1,0
5.838180400,0,0
5.838185600,1,0
5.838190600,0,0
5.838195800,1,0
5.838200800,0,0
5.838206000,1,0
5.838211000,0,0
5.838211400,0,1
5.838216100,1,1
5.838221200,0,1
5.838222200,0,0
5.838226300,1,0
5.838231400,0,0
5.838236500,1,0
5.838241500,0,0
5.838246700,1,0
5.838251700,0,0
5.838252900,0,1
5.838256900,1,1
5.838261900,0,1
5.838262900,0,0
5.838267100,1,0
5.838272100,0,0
5.838273300,0,1
5.838277200,1,1
5.838282300,0,1
5.838287400,1,1
5.838292500,0,1
5.838292700,0,0
5.838297600,1,0
5.838302700,0,0
5.838303000,0,1
5.838307800,1,1
5.838314800,1,0
5.838320800,0,0
5.838322000,0,1
5.838326000,1,1
5.838331000,0,1
5.838332000,0,0
5.838336200,1,0
5.838341200,0,0
5.838342400,0,1
5.838346400,1,1
5.838351400,0,1
5.838352400,0,0
5.838356500,1,0
5.838361600,0,0
5.838366700,1,0
5.838371800,0,0
5.838376900,1,0
5.838381900,0,0
5.838387100,1,0
5.838392100,0,0
5.838393300,0,1
5.838397300,1,1
5.838402300,0,1
5.838402500,0,0
5.838407500,1,0
5.838412500,0,0
5.838417700,1,0
5.838422700,0,0
5.838427800,1,0
5.838432900,0,0
5.838433300,0,1
5.838438000,1,1
5.838443100,0,1
5.838443300,0,0
5.838448200,1,0
5.838453200,0,0
5.838458400,1,0
5.838463400,0,0
5.838468600,1,0
5.838473600,0,0
5.838474000,0,1
5.838478800,1,1
5.838483800,0,1
5.838489000,1,1
5.838494000,0,1
5.838499100,1,1
5.838504200,0,1
5.838505200,0,0
5.838509300,1,0
5.838515500,1,1
5.838903400,1,0
5.838909400,0,0
5.838910500,0,1
5.838914500,1,1
5.838919500,0,1
5.838920500,0,0
5.838924700,1,0
5.838929700,0,0
5.838930900,0,1
5.838934900,1,1
5.838939900,0,1
5.838940900,0,0
5.838945100,1,0
5.838950100,0,0
5.838955200,1,0
5.838960300,0,0
5.838965400,1,0
5.838970500,0,0
5.838975600,1,0
5.838980600,0,0
5.838985800,1,0
5.838990800,0,0
5.838996000,1,0
5.839001000,0,0
5.839001400,0,1
5.839006200,1,1
5.839011200,0,1
5.839012200,0,0
5.839016400,1,0
5.839021400,0,0
5.839026500,1,0
5.839031600,0,0
5.839036700,1,0
5.839041800,0,0
5.839043000,0,1
5.839046900,1,1
5.839051900,0,1
5.839052900,0,0
5.839057100,1,0
5.839062100,0,0
5.839063300,0,1
5.839067300,1,1
5.839072300,0,1
5.839077500,1,1
5.839082500,0,1
5.839082700,0,0
5.839087600,1,0
5.839092700,0,0
5.839093100,0,1
5.839097800,1,1
5.839104900,1,0
5.839110900,0,0
5.839112000,0,1
5.839116000,1,1
5.839121100,0,1
5.839122100,0,0
5.839126200,1,0
5.839131200,0,0
5.839132400,0,1
5.839136400,1,1
5.839141400,0,1
5.839142400,0,0
5.839146600,1,0
5.839151600,0,0
5.839156800,1,0
5.839161800,0,0
5.839166900,1,0
5.839172000,0,0
5.839177100,1,0
5.839182200,0,0
5.839183400,0,1
5.839187300,1,1
5.839192300,0,1
5.839192600,0,0
5.839197500,1,0
5.839202500,0,0
5.839207700,1,0
5.839212700,0,0
5.839217900,1,0
5.839222900,0,0
5.839223300,0,1
5.839228100,1,1
5.839233100,0,1
5.839233300,0,0
5.839238200,1,0
5.839243300,0,0
5.839248400,1,0
5.839253500,0,0
5.839258600,1,0
5.839263600,0,0
5.839264100,0,1
5.839268800,1,1
5.839273800,0,1
5.839279000,1,1
5.839284000,0,1
5.839289200,1,1
5.839294200,0,1
5.839295200,0,0
5.839299400,1,0
5.839305600,1,1
5.839711400,1,0
5.839717400,0,0
5.839718500,0,1
5.839722500,1,1
5.839727600,0,1
5.839728600,0,0
5.839732700,1,0
5.839737800,0,0
5.839738900,0,1
5.839742900,1,1
5.839747900,0,1
5.839748900,0,0
5.839753100,1,0
5.839758100,0,0
5.839763300,1,0
5.839768300,0,0
5.839773500,1,0
5.839778500,0,0
5.839783600,1,0
5.839788700,0,0
5.839793800,1,0
5.839798900,0,0
5.839804000,1,0
5.839809000,0,0
5.839809500,0,1
5.839814200,1,1
5.839819200,0,1
5.839820200,0,0
5.839824400,1,0
5.839829400,0,0
5.839834600,1,0
5.839839600,0,0
5.839844800,1,0
5.839849800,0,0
5.839851000,0,1
5.839854900,1,1
5.839860000,0,1
5.839865100,1,1
5.839870200,0,1
5.839875300,1,1
5.839880300,0,1
5.839885500,1,1
5.839890500,0,1
5.839890800,0,0
5.839895700,1,0
5.839900700,0,0
5.839901100,0,1
5.839905900,1,1
5.839912900,1,0
5.839918900,0,0
5.839920100,0,1
5.839924000,1,1
5.839929100,0,1
5.839930100,0,0
5.839934200,1,0
5.839939300,0,0
5.839940500,0,1
5.839944400,1,1
5.839949500,0,1
5.839950500,0,0
5.839954600,1,0
5.839959600,0,0
5.839964800,1,0
5.839969800,0,0
5.839975000,1,0
5.839980000,0,0
5.839985200,1,0
5.839990200,0,0
5.839991400,0,1
5.839995300,1,1
5.840000400,0,1
5.840000600,0,0
5.840005500,1,0
5.840010600,0,0
5.840011000,0,1
5.840015700,1,1
5.840020700,0,1
5.840021000,0,0
5.840025900,1,0
5.840030900,0,0
5.840036100,1,0
5.840041100,0,0
5.840046300,1,0
5.840051300,0,0
5.840056500,1,0
5.840061500,0,0
5.840066600,1,0
5.840071700,0,0
5.840072100,0,1
5.840076800,1,1
5.840081900,0,1
5.840087000,1,1
5.840092000,0,1
5.840097200,1,1
5.840102200,0,1
5.840103200,0,0
5.840107400,1,0
5.840113600,1,1
5.840510400,1,0
5.840516400,0,0
5.840517600,0,1
5.840521500,1,1
5.840526600,0,1
5.840527600,0,0
5.840531700,1,0
5.840536800,0,0
5.840538000,0,1
5.840541900,1,1
5.840547000,0,1
5.840548000,0,0
5.840552100,1,0
5.840557100,0,0
5.840562300,1,0
5.840567300,0,0
5.840572500,1,0
5.840577500,0,0
5.840582700,1,0
5.840587700,0,0
5.840592900,1,0
5.840597900,0,0
5.840603000,1,0
5.840608100,0,0
5.840608500,0,1
5.840613200,1,1
5.840618300,0,1
5.840619300,0,0
5.840623400,1,0
5.840628400,0,0
5.840633600,1,0
5.840638600,0,0
5.840643800,1,0
5.840648800,0,0
5.840650000,0,1
5.840654000,1,1
5.840659000,0,1
5.840664100,1,1
5.840669200,0,1
5.840674300,1,1
5.840679400,0,1
5.840684500,1,1
5.840689600,0,1
5.840689800,0,0
5.840694700,1,0
5.840699700,0,0
5.840700100,0,1
5.840704900,1,1
5.840711900,1,0
5.840717900,0,0
5.840719100,0,1
5.840723100,1,1
5.840728100,0,1
5.840729100,0,0
5.840733300,1,0
5.840738300,0,0
5.840739500,0,1
5.840743400,1,1
5.840748500,0,1
5.840749500,0,0
5.840753600,1,0
5.840758700,0,0
5.840763800,1,0
5.840768900,0,0
5.840774000,1,0
5.840779000,0,0
5.840784200,1,0
5.840789200,0,0
5.840790400,0,1
5.840794400,1,1
5.840799400,0,1
5.840799600,0,0
5.840804600,1,0
5.840809600,0,0
5.840810000,0,1
5.840814700,1,1
5.840819800,0,1
5.840820000,0,0
5.840824900,1,0
5.840830000,0,0
5.840835100,1,0
5.840840100,0,0
5.840845300,1,0
5.840850300,0,0
5.840855500,1,0
5.840860500,0,0
5.840865700,1,0
5.840870700,0,0
5.840871100,0,1
5.840875900,1,1
5.840880900,0,1
5.840886000,1,1
5.840891100,0,1
5.840896200,1,1
5.840901300,0,1
5.840902300,0,0
5.840906400,1,0
5.840912600,1,1
5.841309400,1,0
5.841315400,0,0
5.841316600,0,1
5.841320600,1,1
5.841325600,0,1
5.841326600,0,0
5.841330800,1,0
5.841335800,0,0
5.841337000,0,1
5.841341000,1,1
5.841346000,0,1
5.841347000,0,0
5.841351100,1,0
5.841356200,0,0
5.841361300,1,0
5.841366400,0,0
5.841371500,1,0
5.841376500,0,0
5.841381700,1,0
5.841386700,0,0
5.841391900,1,0
5.841396900,0,0
5.841402100,1,0
5.841407100,0,0
5.841407500,0,1
5.841412300,1,1
5.841417300,0,1
5.841418300,0,0
5.841422400,1,0
5.841427500,0,0
5.841432600,1,0
5.841437700,0,0
5.841442800,1,0
5.841447800,0,0
5.841449100,0,1
5.841453000,1,1
5.841458000,0,1
5.841463200,1,1
5.841468200,0,1
5.841473400,1,1
5.841478400,0,1
5.841483500,1,1
5.841488600,0,1
5.841488800,0,0
5.841493700,1,0
5.841498800,0,0
5.841499100,0,1
5.841503900,1,1
5.841511000,1,0
5.841517000,0,0
5.841518100,0,1
5.841522100,1,1
5.841527100,0,1
5.841528100,0,0
5.841532300,1,0
5.841537300,0,0
5.841538500,0,1
5.841542500,1,1
5.841547500,0,1
5.841548500,0,0
5.841552700,1,0
5.841557700,0,0
5.841562800,1,0
5.841567900,0,0
5.841573000,1,0
5.841578100,0,0
5.841583200,1,0
5.841588200,0,0
5.841589500,0,1
5.841593400,1,1
5.841598400,0,1
5.841598700,0,0
5.841603600,1,0
5.841608600,0,0
5.841609000,0,1
5.841613800,1,1
5.841618800,0,1
5.841619000,0,0
5.841624000,1,0
5.841629000,0,0
5.841634100,1,0
5.841639200,0,0
5.841644300,1,0
5.841649400,0,0
5.841654500,1,0
5.841659500,0,0
5.841664700,1,0
5.841669700,0,0
5.841670100,0,1
5.841674900,1,1
5.841679900,0,1
5.841685100,1,1
5.841690100,0,1
5.841695300,1,1
5.841700300,0,1
5.841701300,0,0
5.841705400,1,0
5.841711600,1,1
5.842100500,1,0
5.842106500,0,0
5.842107600,0,1
5.842111600,1,1
5.842116700,0,1
5.842117700,0,0
5.842121800,1,0
5.842126800,0,0
5.842128000,0,1
5.842132000,1,1
5.842137000,0,1
5.842138000,0,0
5.842142200,1,0
5.842147200,0,0
5.842152400,1,0
5.842157400,0,0
5.842162500,1,0
5.842167600,0,0
5.842172700,1,0
5.842177800,0,0
5.842182900,1,0
5.842187900,0,0
5.842193100,1,0
5.842198100,0,0
5.842198500,0,1
5.842203300,1,1
5.842208300,0,1
5.842209300,0,0
5.842213500,1,0
5.842218500,0,0
5.842223700,1,0
5.842228700,0,0
5.842233800,1,0
5.842238900,0,0
5.842240100,0,1
5.842244000,1,1
5.842249100,0,1
5.842254200,1,1
5.842259200,0,1
5.842264400,1,1
5.842269400,0,1
5.842274600,1,1
5.842279600,0,1
5.842279800,0,0
5.842284800,1,0
5.842289800,0,0
5.842290200,0,1
5.842294900,1,1
5.842302000,1,0
5.842308000,0,0
5.842309200,0,1
5.842313100,1,1
5.842318200,0,1
5.842319200,0,0
5.842323300,1,0
5.842328400,0,0
5.842329500,0,1
5.842333500,1,1
5.842338500,0,1
5.842339500,0,0
5.842343700,1,0
5.842348700,0,0
5.842353900,1,0
5.842358900,0,0
5.842364100,1,0
5.842369100,0,0
5.842374200,1,0
5.842379300,0,0
5.842380500,0,1
5.842384400,1,1
5.842389500,0,1
5.842389700,0,0
5.842394600,1,0
5.842399600,0,0
5.842400000,0,1
5.842404800,1,1
5.842409800,0,1
5.842410100,0,0
5.842415000,1,0
5.842420000,0,0
5.842425200,1,0
5.842430200,0,0
5.842435400,1,0
5.842440400,0,0
5.842445500,1,0
5.842450600,0,0
5.842455700,1,0
5.842460800,0,0
5.842461200,0,1
5.842465900,1,1
5.842470900,0,1
5.842476100,1,1
5.842481100,0,1
5.842486300,1,1
5.842491300,0,1
5.842492300,0,0
5.842496500,1,0
5.842502700,1,1
5.842898500,1,0
5.842904500,0,0
5.842905700,0,1
5.842909600,1,1
5.842914700,0,1
5.842915700,0,0
5.842919800,1,0
5.842924900,0,0
5.842926000,0,1
5.842930000,1,1
5.842935000,0,1
5.842936100,0,0
5.842940200,1,0
5.842945200,0,0
5.842950400,1,0
5.842955400,0,0
5.842960600,1,0
5.842965600,0,0
5.842970800,1,0
5.842975800,0,0
5.842980900,1,0
5.842986000,0,0
5.842991100,1,0
5.842996200,0,0
5.842996600,0,1
5.843001300,1,1
5.843006300,0,1
5.843007300,0,0
5.843011500,1,0
5.843016500,0,0
5.843021700,1,0
5.843026700,0,0
5.843031900,1,0
5.843036900,0,0
5.843038100,0,1
5.843042100,1,1
5.843047100,0,1
5.843052200,1,1
5.843057300,0,1
5.843062400,1,1
5.843067500,0,1
5.843072600,1,1
5.843077600,0,1
5.843077900,0,0
5.843082800,1,0
5.843087800,0,0
5.843088200,0,1
5.843093000,1,1
5.843100000,1,0
5.843106000,0,0
5.843107200,0,1
5.843111100,1,1
5.843116200,0,1
5.843117200,0,0
5.843121300,1,0
5.843126400,0,0
5.843127600,0,1
5.843131500,1,1
5.843136600,0,1
5.843137600,0,0
5.843141700,1,0
5.843146800,0,0
5.843151900,1,0
5.843156900,0,0
5.843162100,1,0
5.843167100,0,0
5.843172300,1,0
5.843177300,0,0
5.843178500,0,1
5.843182500,1,1
5.843187500,0,1
5.843187700,0,0
5.843192600,1,0
5.843197700,0,0
5.843198100,0,1
5.843202800,1,1
5.843207900,0,1
5.843208100,0,0
5.843213000,1,0
5.843218000,0,0
5.843223200,1,0
5.843228200,0,0
5.843233400,1,0
5.843238400,0,0
5.843243600,1,0
5.843248600,0,0
5.843253800,1,0
5.843258800,0,0
5.843259200,0,1
5.843263900,1,1
5.843269000,0,1
5.843274100,1,1
5.843279200,0,1
5.843284300,1,1
5.843289300,0,1
5.843290300,0,0
5.843294500,1,0
5.843300700,1,1
5.843696500,1,0
5.843702500,0,0
5.843703700,0,1
5.843707600,1,1
5.843712700,0,1
5.843713700,0,0
5.843717900,1,0
5.843722900,0,0
5.843724100,0,1
5.843728000,1,1
5.843733100,0,1
5.843734100,0,0
5.843738200,1,0
5.843743300,0,0
5.843748400,1,0
5.843753400,0,0
5.843758600,1,0
5.843763600,0,0
5.843768800,1,0
5.843773800,0,0
5.843779000,1,0
5.843784000,0,0
5.843789200,1,0
5.843794200,0,0
5.843794600,0,1
5.843799300,1,1
5.843804400,0,1
5.843805400,0,0
5.843809500,1,0
5.843814600,0,0
5.843819700,1,0
5.843824700,0,0
5.843829900,1,0
5.843834900,0,0
5.843836100,0,1
5.843840100,1,1
5.843845100,0,1
5.843850300,1,1
5.843855300,0,1
5.843860500,1,1
5.843865500,0,1
5.843870600,1,1
5.843875700,0,1
5.843875900,0,0
5.843880800,1,0
5.843885900,0,0
5.843886200,0,1
5.843891000,1,1
5.843898000,1,0
5.843904000,0,0
5.843905200,0,1
5.843909200,1,1
5.843914200,0,1
5.843915200,0,0
5.843919400,1,0
5.843924400,0,0
5.843925600,0,1
5.843929600,1,1
5.843934600,0,1
5.843935600,0,0
5.843939700,1,0
5.843944800,0,0
5.843949900,1,0
5.843955000,0,0
5.843960100,1,0
5.843965200,0,0
5.843970300,1,0
5.843975300,0,0
5.843976500,0,1
5.843980500,1,1
5.843985500,0,1
5.843985800,0,0
5.843990700,1,0
5.843995700,0,0
5.843996100,0,1
5.844000900,1,1
5.844005900,0,1
5.844006100,0,0
5.844011000,1,0
5.844016100,0,0
5.844021200,1,0
5.844026300,0,0
5.844031400,1,0
5.844036400,0,0
5.844041600,1,0
5.844046600,0,0
5.844051800,1,0
5.844056800,0,0
5.844057200,0,1
5.844062000,1,1
5.844067000,0,1
5.844072200,1,1
5.844077200,0,1
5.844082300,1,1
5.844087400,0,1
5.844088400,0,0
5.844092500,1,0
5.844098700,1,1
5.844495600,1,0
5.844501600,0,0
5.844502700,0,1
5.844506700,1,1
5.844511700,0,1
5.844512700,0,0
5.844516900,1,0
5.844521900,0,0
5.844523100,0,1
5.844527100,1,1
5.844532100,0,1
5.844533100,0,0
5.844537300,1,0
5.844542300,0,0
5.844547400,1,0
5.844552500,0,0
5.844557600,1,0
5.844562700,0,0
5.844567800,1,0
5.844572800,0,0
5.844578000,1,0
5.844583000,0,0
5.844588200,1,0
5.844593200,0,0
5.844593600,0,1
5.844598400,1,1
5.844603400,0,1
5.844604400,0,0
5.844608600,1,0
5.844613600,0,0
5.844618700,1,0
5.844623800,0,0
5.844628900,1,0
5.844634000,0,0
5.844635200,0,1
5.844639100,1,1
5.844644100,0,1
5.844649300,1,1
5.844654300,0,1
5.844659500,1,1
5.844664500,0,1
5.844669700,1,1
5.844674700,0,1
5.844674900,0,0
5.844679900,1,0
5.844684900,0,0
5.844685300,0,1
5.844690000,1,1
5.844697100,1,0
5.844703100,0,0
5.844704200,0,1
5.844708200,1,1
5.844713300,0,1
5.844714300,0,0
5.844718400,1,0
5.844723400,0,0
5.844724600,0,1
5.844728600,1,1
5.844733600,0,1
5.844734600,0,0
5.844738800,1,0
5.844743800,0,0
5.844749000,1,0
5.844754000,0,0
5.844759100,1,0
5.844764200,0,0
5.844769300,1,0
5.844774400,0,0
5.844775600,0,1
5.844779500,1,1
5.844784500,0,1
5.844784800,0,0
5.844789700,1,0
5.844794700,0,0
5.844795100,0,1
5.844799900,1,1
5.844804900,0,1
5.844805200,0,0
5.844810100,1,0
5.844815100,0,0
5.844820300,1,0
5.844825300,0,0
5.844830400,1,0
5.844835500,0,0
5.844840600,1,0
5.844845700,0,0
5.844850800,1,0
5.844855800,0,0
5.844856300,0,1
5.844861000,1,1
5.844866000,0,1
5.844871200,1,1
5.844876200,0,1
5.844881400,1,1
5.844886400,0,1
5.844887400,0,0
5.844891600,1,0
5.844897800,1,1
5.845287600,1,0
5.845293600,0,0
5.845294700,0,1
5.845298700,1,1
5.845303800,0,1
5.845304800,0,0
5.845308900,1,0
5.845314000,0,0
5.845315100,0,1
5.845319100,1,1
5.845324100,0,1
5.845325100,0,0
5.845329300,1,0
5.845334300,0,0
5.845339500,1,0
5.845344500,0,0
5.845349700,1,0
5.845354700,0,0
5.845359800,1,0
5.845364900,0,0
5.845370000,1,0
5.845375100,0,0
5.845380200,1,0
5.845385200,0,0
5.845385700,0,1
5.845390400,1,1
5.845395400,0,1
5.845396400,0,0
5.845400600,1,0
5.845405600,0,0
5.845410800,1,0
5.845415800,0,0
5.845417000,0,1
5.845421000,1,1
5.845426000,0,1
5.845427000,0,0
5.845431100,1,0
5.845436200,0,0
5.845441300,1,0
5.845446400,0,0
5.845447600,0,1
5.845451500,1,1
5.845456500,0,1
5.845461700,1,1
5.845466700,0,1
5.845467000,0,0
5.845471900,1,0
5.845476900,0,0
5.845477300,0,1
5.845482100,1,1
5.845489100,1,0
5.845495100,0,0
5.845496300,0,1
5.845500200,1,1
5.845505300,0,1
5.845506300,0,0
5.845510400,1,0
5.845515500,0,0
5.845516700,0,1
5.845520600,1,1
5.845525700,0,1
5.845526700,0,0
5.845530800,1,0
5.845535800,0,0
5.845541000,1,0
5.845546000,0,0
5.845551200,1,0
5.845556200,0,0
5.845561400,1,0
5.845566400,0,0
5.845567600,0,1
5.845571500,1,1
5.845576600,0,1
5.845576800,0,0
5.845581700,1,0
5.845586800,0,0
5.845591900,1,0
5.845596900,0,0
5.845597400,0,1
5.845602100,1,1
5.845607100,0,1
5.845612300,1,1
5.845617300,0,1
5.845617600,0,0
5.845622500,1,0
5.845627500,0,0
5.845632700,1,0
5.845637700,0,0
5.845638100,0,1
5.845642800,1,1
5.845647900,0,1
5.845653000,1,1
5.845658100,0,1
5.845663200,1,1
5.845668200,0,1
5.845673400,1,1
5.845678400,0,1
5.845679400,0,0
5.845683600,1,0
5.845689800,1,1
5.846086600,1,0
5.846092600,0,0
5.846093800,0,1
5.846097700,1,1
5.846102800,0,1
5.846103800,0,0
5.846107900,1,0
5.846113000,0,0
5.846114200,0,1
5.846118100,1,1
5.846123200,0,1
5.846124200,0,0
5.846128300,1,0
5.846133400,0,0
5.846138500,1,0
5.846143500,0,0
5.846148700,1,0
5.846153700,0,0
5.846158900,1,0
5.846163900,0,0
5.846169100,1,0
5.846174100,0,0
5.846179200,1,0
5.846184300,0,0
5.846184700,0,1
5.846189400,1,1
5.846194500,0,1
5.846195500,0,0
5.846199600,1,0
5.846204600,0,0
5.846209800,1,0
5.846214800,0,0
5.846216000,0,1
5.846220000,1,1
5.846225000,0,1
5.846226000,0,0
5.846230200,1,0
5.846235200,0,0
5.846240400,1,0
5.846245400,0,0
5.846246600,0,1
5.846250500,1,1
5.846255600,0,1
5.846260700,1,1
5.846265800,0,1
5.846266000,0,0
5.846270900,1,0
5.846275900,0,0
5.846276300,0,1
5.846281100,1,1
5.846288100,1,0
5.846294100,0,0
5.846295300,0,1
5.846299300,1,1
5.846304300,0,1
5.846305300,0,0
5.846309500,1,0
5.846314500,0,0
5.846315700,0,1
5.846319600,1,1
5.846324700,0,1
5.846325700,0,0
5.846329800,1,0
5.846334900,0,0
5.846340000,1,0
5.846345100,0,0
5.846350200,1,0
5.846355200,0,0
5.846360400,1,0
5.846365400,0,0
5.846366600,0,1
5.846370600,1,1
5.846375600,0,1
5.846375800,0,0
5.846380800,1,0
5.846385800,0,0
5.846390900,1,0
5.846396000,0,0
5.846396400,0,1
5.846401100,1,1
5.846406200,0,1
5.846411300,1,1
5.846416300,0,1
5.846416600,0,0
5.846421500,1,0
5.846426500,0,0
5.846431700,1,0
5.846436700,0,0
5.846437100,0,1
5.846441900,1,1
5.846446900,0,1
5.846452100,1,1
5.846457100,0,1
5.846462200,1,1
5.846467300,0,1
5.846472400,1,1
5.846477500,0,1
5.846478500,0,0
5.846482600,1,0
5.846488800,1,1
5.846885600,1,0
5.846891600,0,0
5.846892800,0,1
5.846896800,1,1
5.846901800,0,1
5.846902800,0,0
5.846907000,1,0
5.846912000,0,0
5.846913200,0,1
5.846917200,1,1
5.846922200,0,1
5.846923200,0,0
5.846927300,1,0
5.846932400,0,0
5.846937500,1,0
5.846942600,0,0
5.846947700,1,0
5.846952700,0,0
5.846957900,1,0
5.846962900,0,0
5.846968100,1,0
5.846973100,0,0
5.846978300,1,0
5.846983300,0,0
5.846983700,0,1
5.846988500,1,1
5.846993500,0,1
5.846994500,0,0
5.846998600,1,0
5.847003700,0,0
5.847008800,1,0
5.847013900,0,0
5.847015100,0,1
5.847019000,1,1
5.847024000,0,1
5.847025000,0,0
5.847029200,1,0
5.847034200,0,0
5.847039400,1,0
5.847044400,0,0
5.847045600,0,1
5.847049600,1,1
5.847054600,0,1
5.847059800,1,1
5.847064800,0,1
5.847065000,0,0
5.847069900,1,0
5.847075000,0,0
5.847075400,0,1
5.847080100,1,1
5.847087200,1,0
5.847093200,0,0
5.847094300,0,1
5.847098300,1,1
5.847103300,0,1
5.847104300,0,0
5.847108500,1,0
5.847113500,0,0
5.847114700,0,1
5.847118700,1,1
5.847123700,0,1
5.847124700,0,0
5.847128900,1,0
5.847133900,0,0
5.847139000,1,0
5.847144100,0,0
5.847149200,1,0
5.847154300,0,0
5.847159400,1,0
5.847164500,0,0
5.847165700,0,1
5.847169600,1,1
5.847174600,0,1
5.847174900,0,0
5.847179800,1,0
5.847184800,0,0
5.847190000,1,0
5.847195000,0,0
5.847195400,0,1
5.847200200,1,1
5.847205200,0,1
5.847210300,1,1
5.847215400,0,1
5.847215600,0,0
5.847220500,1,0
5.847225600,0,0
5.847230700,1,0
5.847235700,0,0
5.847236200,0,1
5.847240900,1,1
5.847245900,0,1
5.847251100,1,1
5.847256100,0,1
5.847261300,1,1
5.847266300,0,1
5.847271500,1,1
5.847276500,0,1
5.847277500,0,0
5.847281600,1,0
5.847287800,1,1
5.847682700,1,0
5.847688700,0,0
5.847689800,0,1
5.847693800,1,1
5.847698900,0,1
5.847699900,0,0
5.847704000,1,0
5.847709000,0,0
5.847710200,0,1
5.847714200,1,1
5.847719200,0,1
5.847720200,0,0
5.847724400,1,0
5.847729400,0,0
5.847734600,1,0
5.847739600,0,0
5.847744700,1,0
5.847749800,0,0
5.847754900,1,0
5.847760000,0,0
5.847765100,1,0
5.847770100,0,0
5.847775300,1,0
5.847780300,0,0
5.847780700,0,1
5.847785500,1,1
5.847790500,0,1
5.847791500,0,0
5.847795700,1,0
5.847800700,0,0
5.847805900,1,0
5.847810900,0,0
5.847812100,0,1
5.847816000,1,1
5.847821100,0,1
5.847822100,0,0
5.847826200,1,0
5.847831300,0,0
5.847832400,0,1
5.847836400,1,1
5.847841400,0,1
5.847842400,0,0
5.847846600,1,0
5.847851600,0,0
5.847856800,1,0
5.847861800,0,0
5.847867000,1,0
5.847872000,0,0
5.847872400,0,1
5.847877200,1,1
5.847884200,1,0
5.847890200,0,0
5.847891400,0,1
5.847895300,1,1
5.847900400,0,1
5.847901400,0,0
5.847905500,1,0
5.847910600,0,0
5.847911700,0,1
5.847915700,1,1
5.847920700,0,1
5.847921700,0,0
5.847925900,1,0
5.847930900,0,0
5.847936100,1,0
5.847941100,0,0
5.847946300,1,0
5.847951300,0,0
5.847956400,1,0
5.847961500,0,0
5.847962700,0,1
5.847966600,1,1
5.847971700,0,1
5.847971900,0,0
5.847976800,1,0
5.847981800,0,0
5.847987000,1,0
5.847992000,0,0
5.847997200,1,0
5.848002200,0,0
5.848007400,1,0
5.848012400,0,0
5.848017600,1,0
5.848022600,0,0
5.848027700,1,0
5.848032800,0,0
5.848037900,1,0
5.848043000,0,0
5.848043400,0,1
5.848048100,1,1
5.848053100,0,1
5.848058300,1,1
5.848063300,0,1
5.848068500,1,1
5.848073500,0,1
5.848074500,0,0
5.848078700,1,0
5.848084900,1,1
5.848471700,1,0
5.848477700,0,0
5.848478900,0,1
5.848482800,1,1
5.848487900,0,1
5.848488900,0,0
5.848493000,1,0
5.848498100,0,0
5.848499200,0,1
5.848503200,1,1
5.848508300,0,1
5.848509300,0,0
5.848513400,1,0
5.848518400,0,0
5.848523600,1,0
5.848528600,0,0
5.848533800,1,0
5.848538800,0,0
5.848544000,1,0
5.848549000,0,0
5.848554100,1,0
5.848559200,0,0
5.848564300,1,0
5.848569400,0,0
5.848569800,0,1
5.848574500,1,1
5.848579500,0,1
5.848580500,0,0
5.848584700,1,0
5.848589700,0,0
5.848594900,1,0
5.848599900,0,0
5.848601100,0,1
5.848605100,1,1
5.848610100,0,1
5.848611100,0,0
5.848615300,1,0
5.848620300,0,0
5.848621500,0,1
5.848625400,1,1
5.848630500,0,1
5.848631500,0,0
5.848635600,1,0
5.848640700,0,0
5.848641800,0,1
5.848645800,1,1
5.848650800,0,1
5.848651100,0,0
5.848656000,1,0
5.848661000,0,0
5.848661400,0,1
5.848666200,1,1
5.848673200,1,0
5.848679200,0,0
5.848680400,0,1
5.848684400,1,1
5.848689400,0,1
5.848690400,0,0
5.848694500,1,0
5.848699600,0,0
5.848700800,0,1
5.848704700,1,1
5.848709800,0,1
5.848710800,0,0
5.848714900,1,0
5.848720000,0,0
5.848725100,1,0
5.848730100,0,0
5.848735300,1,0
5.848740300,0,0
5.848745500,1,0
5.848750500,0,0
5.848751700,0,1
5.848755700,1,1
5.848760700,0,1
5.848760900,0,0
5.848765800,1,0
5.848770900,0,0
5.848776000,1,0
5.848781100,0,0
5.848786200,1,0
5.848791200,0,0
5.848796400,1,0
5.848801400,0,0
5.848806600,1,0
5.848811600,0,0
5.848812000,0,1
5.848816800,1,1
5.848821800,0,1
5.848827000,1,1
5.848832000,0,1
5.848832200,0,0
5.848837100,1,0
5.848842200,0,0
5.848847300,1,0
5.848852400,0,0
5.848852800,0,1
5.848857500,1,1
5.848862500,0,1
5.848863500,0,0
5.848867700,1,0
5.848873900,1,1
5.849275700,1,0
5.849281700,0,0
5.849282900,0,1
5.849286800,1,1
5.849291900,0,1
5.849292900,0,0
5.849297100,1,0
5.849302100,0,0
5.849303300,0,1
5.849307200,1,1
5.849312300,0,1
5.849313300,0,0
5.849317400,1,0
5.849322500,0,0
5.849327600,1,0
5.849332700,0,0
5.849337800,1,0
5.849342800,0,0
5.849348000,1,0
5.849353000,0,0
5.849358200,1,0
5.849363200,0,0
5.849368400,1,0
5.849373400,0,0
5.849373800,0,1
5.849378500,1,1
5.849383600,0,1
5.849384600,0,0
5.849388700,1,0
5.849393800,0,0
5.849398900,1,0
5.849403900,0,0
5.849405200,0,1
5.849409100,1,1
5.849414100,0,1
5.849415100,0,0
5.849419300,1,0
5.849424300,0,0
5.849425500,0,1
5.849429500,1,1
5.849434500,0,1
5.849439700,1,1
5.849444700,0,1
5.849445700,0,0
5.849449800,1,0
5.849454900,0,0
5.849460000,1,0
5.849465100,0,0
5.849465500,0,1
5.849470200,1,1
5.849477200,1,0
5.849483200,0,0
5.849484400,0,1
5.849488400,1,1
5.849493400,0,1
5.849494400,0,0
5.849498600,1,0
5.849503600,0,0
5.849504800,0,1
5.849508800,1,1
5.849513800,0,1
5.849514800,0,0
5.849518900,1,0
5.849524000,0,0
5.849529100,1,0
5.849534200,0,0
5.849539300,1,0
5.849544400,0,0
5.849549500,1,0
5.849554500,0,0
5.849555800,0,1
5.849559700,1,1
5.849564700,0,1
5.849565000,0,0
5.849569900,1,0
5.849574900,0,0
5.849580100,1,0
5.849585100,0,0
5.849590200,1,0
5.849595300,0,0
5.849600400,1,0
5.849605500,0,0
5.849610600,1,0
5.849615600,0,0
5.849620800,1,0
5.849625800,0,0
5.849631000,1,0
5.849636000,0,0
5.849641200,1,0
5.849646200,0,0
5.849651400,1,0
5.849656400,0,0
5.849656800,0,1
5.849661500,1,1
5.849666600,0,1
5.849667600,0,0
5.849671700,1,0
5.849677900,1,1
5.850074800,1,0
5.850080800,0,0
5.850081900,0,1
5.850085900,1,1
5.850090900,0,1
5.850091900,0,0
5.850096100,1,0
5.850101100,0,0
5.850102300,0,1
5.850106300,1,1
5.850111300,0,1
5.850112300,0,0
5.850116500,1,0
5.850121500,0,0
5.850126600,1,0
5.850131700,0,0
5.850136800,1,0
5.850141900,0,0
5.850147000,1,0
5.850152000,0,0
5.850157200,1,0
5.850162200,0,0
5.850167400,1,0
5.850172400,0,0
5.850172800,0,1
5.850177600,1,1
5.850182600,0,1
5.850183600,0,0
5.850187800,1,0
5.850192800,0,0
5.850197900,1,0
5.850203000,0,0
5.850204200,0,1
5.850208100,1,1
5.850213200,0,1
5.850214200,0,0
5.850218300,1,0
5.850223300,0,0
5.850228500,1,0
5.850233500,0,0
5.850234700,0,1
5.850238700,1,1
5.850243700,0,1
5.850248900,1,1
5.850253900,0,1
5.850254100,0,0
5.850259100,1,0
5.850264100,0,0
5.850264500,0,1
5.850269200,1,1
5.850276300,1,0
5.850282300,0,0
5.850283400,0,1
5.850287400,1,1
5.850292500,0,1
5.850293500,0,0
5.850297600,1,0
5.850302600,0,0
5.850303800,0,1
5.850307800,1,1
5.850312800,0,1
5.850313800,0,0
5.850318000,1,0
5.850323000,0,0
5.850328200,1,0
5.850333200,0,0
5.850338300,1,0
5.850343400,0,0
5.850348500,1,0
5.850353600,0,0
5.850354800,0,1
5.850358700,1,1
5.850363800,0,1
5.850364000,0,0
5.850368900,1,0
5.850373900,0,0
5.850379100,1,0
5.850384100,0,0
5.850384500,0,1
5.850389300,1,1
5.850394300,0,1
5.850399500,1,1
5.850404500,0,1
5.850404700,0,0
5.850409600,1,0
5.850414700,0,0
5.850419800,1,0
5.850424900,0,0
5.850425300,0,1
5.850430000,1,1
5.850435000,0,1
5.850440200,1,1
5.850445200,0,1
5.850450400,1,1
5.850455400,0,1
5.850460600,1,1
5.850465600,0,1
5.850466600,0,0
5.850470800,1,0
5.850477000,1,1
5.850874800,1,0
5.850880800,0,0
5.850881900,0,1
5.850885900,1,1
5.850891000,0,1
5.850892000,0,0
5.850896100,1,0
5.850901200,0,0
5.850902300,0,1
5.850906300,1,1
5.850911300,0,1
5.850912300,0,0
5.850916500,1,0
5.850921500,0,0
5.850926700,1,0
5.850931700,0,0
5.850936900,1,0
5.850941900,0,0
5.850947000,1,0
5.850952100,0,0
5.850957200,1,0
5.850962300,0,0
5.850967400,1,0
5.850972400,0,0
5.850972900,0,1
5.850977600,1,1
5.850982600,0,1
5.850983600,0,0
5.850987800,1,0
5.850992800,0,0
5.850998000,1,0
5.851003000,0,0
5.851004200,0,1
5.851008200,1,1
5.851013200,0,1
5.851018300,1,1
5.851023400,0,1
5.851024400,0,0
5.851028500,1,0
5.851033600,0,0
5.851034700,0,1
5.851038700,1,1
5.851043700,0,1
5.851044700,0,0
5.851048900,1,0
5.851053900,0,0
5.851059100,1,0
5.851064100,0,0
5.851064500,0,1
5.851069300,1,1
5.851076300,1,0
5.851082300,0,0
5.851083500,0,1
5.851087400,1,1
5.851092500,0,1
5.851093500,0,0
5.851097600,1,0
5.851102700,0,0
5.851103900,0,1
5.851107800,1,1
5.851112900,0,1
5.851113900,0,0
5.851118000,1,0
5.851123000,0,0
5.851128200,1,0
5.851133200,0,0
5.851138400,1,0
5.851143400,0,0
5.851148600,1,0
5.851153600,0,0
5.851154800,0,1
5.851158700,1,1
5.851163800,0,1
5.851164000,0,0
5.851168900,1,0
5.851174000,0,0
5.851179100,1,0
5.851184200,0,0
5.851189300,1,0
5.851194300,0,0
5.851194800,0,1
5.851199500,1,1
5.851204500,0,1
5.851209700,1,1
5.851214700,0,1
5.851219900,1,1
5.851224900,0,1
5.851230000,1,1
5.851235100,0,1
5.851235300,0,0
5.851240200,1,0
5.851245300,0,0
5.851250400,1,0
5.851255400,0,0
5.851255800,0,1
5.851260600,1,1
5.851265600,0,1
5.851266600,0,0
5.851270800,1,0
5.851277000,1,1
5.851669800,1,0
5.851675800,0,0
5.851677000,0,1
5.851680900,1,1
5.851686000,0,1
5.851687000,0,0
5.851691100,1,0
5.851696200,0,0
5.851697400,0,1
5.851701300,1,1
5.851706400,0,1
5.851707400,0,0
5.851711500,1,0
5.851716600,0,0
5.851721700,1,0
5.851726700,0,0
5.851731900,1,0
5.851736900,0,0
5.851742100,1,0
5.851747100,0,0
5.851752300,1,0
5.851757300,0,0
5.851762400,1,0
5.851767500,0,0
5.851767900,0,1
5.851772600,1,1
5.851777700,0,1
5.851778700,0,0
5.851782800,1,0
5.851787800,0,0
5.851793000,1,0
5.851798000,0,0
5.851799200,0,1
5.851803200,1,1
5.851808200,0,1
5.851813400,1,1
5.851818400,0,1
5.851819400,0,0
5.851823600,1,0
5.851828600,0,0
5.851833700,1,0
5.851838800,0,0
5.851840000,0,1
5.851843900,1,1
5.851849000,0,1
5.851849200,0,0
5.851854100,1,0
5.851859100,0,0
5.851859500,0,1
5.851864300,1,1
5.851871300,1,0
5.851877300,0,0
5.851878500,0,1
5.851882500,1,1
5.851887500,0,1
5.851888500,0,0
5.851892700,1,0
5.851897700,0,0
5.851898900,0,1
5.851902800,1,1
5.851907900,0,1
5.851908900,0,0
5.851913000,1,0
5.851918100,0,0
5.851923200,1,0
5.851928300,0,0
5.851933400,1,0
5.851938400,0,0
5.851943600,1,0
5.851948600,0,0
5.851949800,0,1
5.851953800,1,1
5.851958800,0,1
5.851959000,0,0
5.851964000,1,0
5.851969000,0,0
5.851974100,1,0
5.851979200,0,0
5.851984300,1,0
5.851989400,0,0
5.851994500,1,0
5.851999500,0,0
5.852004700,1,0
5.852009700,0,0
5.852014900,1,0
5.852019900,0,0
5.852025100,1,0
5.852030100,0,0
5.852035300,1,0
5.852040300,0,0
5.852045400,1,0
5.852050500,0,0
5.852050900,0,1
5.852055600,1,1
5.852060700,0,1
5.852061700,0,0
5.852065800,1,0
5.852072000,1,1
5.852470800,1,0
5.852476800,0,0
5.852478000,0,1
5.852482000,1,1
5.852487000,0,1
5.852488000,0,0
5.852492200,1,0
5.852497200,0,0
5.852498400,0,1
5.852502400,1,1
5.852507400,0,1
5.852508400,0,0
5.852512500,1,0
5.852517600,0,0
5.852522700,1,0
5.852527800,0,0
5.852532900,1,0
5.852538000,0,0
5.852543100,1,0
5.852548100,0,0
5.852553300,1,0
5.852558300,0,0
5.852563500,1,0
5.852568500,0,0
5.852568900,0,1
5.852573700,1,1
5.852578700,0,1
5.852579700,0,0
5.852583800,1,0
5.852588900,0,0
5.852594000,1,0
5.852599100,0,0
5.852600300,0,1
5.852604200,1,1
5.852609200,0,1
5.852614400,1,1
5.852619400,0,1
5.852620400,0,0
5.852624600,1,0
5.852629600,0,0
5.852630800,0,1
5.852634800,1,1
5.852639800,0,1
5.852645000,1,1
5.852650000,0,1
5.852650200,0,0
5.852655100,1,0
5.852660200,0,0
5.852660600,0,1
5.852665300,1,1
5.852672400,1,0
5.852678400,0,0
5.852679500,0,1
5.852683500,1,1
5.852688500,0,1
5.852689500,0,0
5.852693700,1,0
5.852698700,0,0
5.852699900,0,1
5.852703900,1,1
5.852708900,0,1
5.852709900,0,0
5.852714100,1,0
5.852719100,0,0
5.852724200,1,0
5.852729300,0,0
5.852734400,1,0
5.852739500,0,0
5.852744600,1,0
5.852749700,0,0
5.852750900,0,1
5.852754800,1,1
5.852759800,0,1
5.852760100,0,0
5.852765000,1,0
5.852770000,0,0
5.852775200,1,0
5.852780200,0,0
5.852780600,0,1
5.852785400,1,1
5.852790400,0,1
5.852795500,1,1
5.852800600,0,1
5.852800800,0,0
5.852805700,1,0
5.852810800,0,0
5.852815900,1,0
5.852820900,0,0
5.852821400,0,1
5.852826100,1,1
5.852831100,0,1
5.852836300,1,1
5.852841300,0,1
5.852846500,1,1
5.852851500,0,1
5.852856700,1,1
5.852861700,0,1
5.852862700,0,0
5.852866800,1,0
5.852873000,1,1
5.853269900,1,0
5.853275900,0,0
5.853277000,0,1
5.853281000,1,1
5.853286100,0,1
5.853287100,0,0
5.853291200,1,0
5.853296200,0,0
5.853297400,0,1
5.853301400,1,1
5.853306400,0,1
5.853307400,0,0
5.853311600,1,0
5.853316600,0,0
5.853321800,1,0
5.853326800,0,0
5.853331900,1,0
5.853337000,0,0
5.853342100,1,0
5.853347200,0,0
5.853352300,1,0
5.853357400,0,0
5.853362500,1,0
5.853367500,0,0
5.853368000,0,1
5.853372700,1,1
5.853377700,0,1
5.853378700,0,0
5.853382900,1,0
5.853387900,0,0
5.853393100,1,0
5.853398100,0,0
5.853399300,0,1
5.853403200,1,1
5.853408300,0,1
5.853413400,1,1
5.853418500,0,1
5.853419500,0,0
5.853423600,1,0
5.853428600,0,0
5.853429800,0,1
5.853433800,1,1
5.853438800,0,1
5.853444000,1,1
5.853449000,0,1
5.853449200,0,0
5.853454200,1,0
5.853459200,0,0
5.853459600,0,1
5.853464400,1,1
5.853471400,1,0
5.853477400,0,0
5.853478600,0,1
5.853482500,1,1
5.853487600,0,1
5.853488600,0,0
5.853492700,1,0
5.853497800,0,0
5.853498900,0,1
5.853502900,1,1
5.853507900,0,1
5.853508900,0,0
5.853513100,1,0
5.853518100,0,0
5.853523300,1,0
5.853528300,0,0
5.853533500,1,0
5.853538500,0,0
5.853543600,1,0
5.853548700,0,0
5.853549900,0,1
5.853553800,1,1
5.853558900,0,1
5.853559100,0,0
5.853564000,1,0
5.853569100,0,0
5.853574200,1,0
5.853579200,0,0
5.853579600,0,1
5.853584400,1,1
5.853589400,0,1
5.853594600,1,1
5.853599600,0,1
5.853599800,0,0
5.853604800,1,0
5.853609800,0,0
5.853614900,1,0
5.853620000,0,0
5.853620400,0,1
5.853625100,1,1
5.853630200,0,1
5.853635300,1,1
5.853640300,0,1
5.853645500,1,1
5.853650500,0,1
5.853655700,1,1
5.853660700,0,1
5.853661700,0,0
5.853665900,1,0
5.853672100,1,1
5.854067900,1,0
5.854073900,0,0
5.854075100,0,1
5.854079000,1,1
5.854084100,0,1
5.854085100,0,0
5.854089200,1,0
5.854094300,0,0
5.854095500,0,1
5.854099400,1,1
5.854104500,0,1
5.854105500,0,0
5.854109600,1,0
5.854114600,0,0
5.854119800,1,0
5.854124800,0,0
5.854130000,1,0
5.854135000,0,0
5.854140200,1,0
5.854145200,0,0
5.854150300,1,0
5.854155400,0,0
5.854160500,1,0
5.854165600,0,0
5.854166000,0,1
5.854170700,1,1
5.854175700,0,1
5.854176700,0,0
5.854180900,1,0
5.854185900,0,0
5.854191100,1,0
5.854196100,0,0
5.854197300,0,1
5.854201300,1,1
5.854206300,0,1
5.854211500,1,1
5.854216500,0,1
5.854217500,0,0
5.854221600,1,0
5.854226700,0,0
5.854227900,0,1
5.854231800,1,1
5.854236900,0,1
5.854242000,1,1
5.854247000,0,1
5.854247300,0,0
5.854252200,1,0
5.854257200,0,0
5.854257600,0,1
5.854262400,1,1
5.854269400,1,0
5.854275400,0,0
5.854276600,0,1
5.854280600,1,1
5.854285600,0,1
5.854286600,0,0
5.854290700,1,0
5.854295800,0,0
5.854297000,0,1
5.854300900,1,1
5.854306000,0,1
5.854307000,0,0
5.854311100,1,0
5.854316200,0,0
5.854321300,1,0
5.854326300,0,0
5.854331500,1,0
5.854336500,0,0
5.854341700,1,0
5.854346700,0,0
5.854347900,0,1
5.854351900,1,1
5.854356900,0,1
5.854357100,0,0
5.854362000,1,0
5.854367100,0,0
5.854372200,1,0
5.854377300,0,0
5.854377700,0,1
5.854382400,1,1
5.854387500,0,1
5.854392600,1,1
5.854397600,0,1
5.854397900,0,0
5.854402800,1,0
5.854407800,0,0
5.854413000,1,0
5.854418000,0,0
5.854418400,0,1
5.854423200,1,1
5.854428200,0,1
5.854433300,1,1
5.854438400,0,1
5.854443500,1,1
5.854448600,0,1
5.854453700,1,1
5.854458700,0,1
5.854459700,0,0
5.854463900,1,0
5.854470100,1,1
5.854857900,1,0
5.854863900,0,0
5.854865100,0,1
5.854869100,1,1
5.854874100,0,1
5.854875100,0,0
5.854879300,1,0
5.854884300,0,0
5.854885500,0,1
5.854889400,1,1
5.854894500,0,1
5.854895500,0,0
5.854899600,1,0
5.854904700,0,0
5.854909800,1,0
5.854914900,0,0
5.854920000,1,0
5.854925000,0,0
5.854930200,1,0
5.854935200,0,0
5.854940400,1,0
5.854945400,0,0
5.854950600,1,0
5.854955600,0,0
5.854956000,0,1
5.854960700,1,1
5.854965800,0,1
5.854966800,0,0
5.854970900,1,0
5.854976000,0,0
5.854981100,1,0
5.854986100,0,0
5.854987400,0,1
5.854991300,1,1
5.854996300,0,1
5.855001500,1,1
5.855006500,0,1
5.855011700,1,1
5.855016700,0,1
5.855017700,0,0
5.855021900,1,0
5.855026900,0,0
5.855032000,1,0
5.855037100,0,0
5.855042200,1,0
5.855047300,0,0
5.855047700,0,1
5.855052400,1,1
5.855059400,1,0
5.855065400,0,0
5.855066600,0,1
5.855070600,1,1
5.855075600,0,1
5.855076600,0,0
5.855080800,1,0
5.855085800,0,0
5.855087000,0,1
5.855091000,1,1
5.855096000,0,1
5.855097000,0,0
5.855101100,1,0
5.855106200,0,0
5.855111300,1,0
5.855116400,0,0
5.855121500,1,0
5.855126600,0,0
5.855131700,1,0
5.855136700,0,0
5.855138000,0,1
5.855141900,1,1
5.855146900,0,1
5.855147200,0,0
5.855152100,1,0
5.855157100,0,0
5.855157500,0,1
5.855162300,1,1
5.855167300,0,1
5.855172400,1,1
5.855177500,0,1
5.855177700,0,0
5.855182600,1,0
5.855187700,0,0
5.855188000,0,1
5.855192800,1,1
5.855197800,0,1
5.855203000,1,1
5.855208000,0,1
5.855208300,0,0
5.855213200,1,0
5.855218200,0,0
5.855223400,1,0
5.855228400,0,0
5.855233600,1,0
5.855238600,0,0
5.855239000,0,1
5.855243700,1,1
5.855248800,0,1
5.855249800,0,0
5.855253900,1,0
5.855260100,1,1
5.855657000,1,0
5.855663000,0,0
5.855664100,0,1
5.855668100,1,1
5.855673100,0,1
5.855674100,0,0
5.855678300,1,0
5.855683300,0,0
5.855684500,0,1
5.855688500,1,1
5.855693500,0,1
5.855694500,0,0
5.855698700,1,0
5.855703700,0,0
5.855708800,1,0
5.855713900,0,0
5.855719000,1,0
5.855724100,0,0
5.855729200,1,0
5.855734300,0,0
5.855739400,1,0
5.855744400,0,0
5.855749600,1,0
5.855754600,0,0
5.855755000,0,1
5.855759800,1,1
5.855764800,0,1
5.855765800,0,0
5.855770000,1,0
5.855775000,0,0
5.855780100,1,0
5.855785200,0,0
5.855786400,0,1
5.855790300,1,1
5.855795400,0,1
5.855800500,1,1
5.855805500,0,1
5.855806500,0,0
5.855810700,1,0
5.855815700,0,0
5.855816900,0,1
5.855820900,1,1
5.855825900,0,1
5.855831100,1,1
5.855836100,0,1
5.855836300,0,0
5.855841300,1,0
5.855846300,0,0
5.855846700,0,1
5.855851400,1,1
5.855858500,1,0
5.855864500,0,0
5.855865600,0,1
5.855869600,1,1
5.855874700,0,1
5.855875700,0,0
5.855879800,1,0
5.855884800,0,0
5.855886000,0,1
5.855890000,1,1
5.855895000,0,1
5.855896000,0,0
5.855900200,1,0
5.855905200,0,0
5.855910400,1,0
5.855915400,0,0
5.855920600,1,0
5.855925600,0,0
5.855930700,1,0
5.855935800,0,0
5.855937000,0,1
5.855940900,1,1
5.855946000,0,1
5.855946200,0,0
5.855951100,1,0
5.855956100,0,0
5.855961300,1,0
5.855966300,0,0
5.855966700,0,1
5.855971500,1,1
5.855976500,0,1
5.855981700,1,1
5.855986700,0,1
5.855986900,0,0
5.855991800,1,0
5.855996900,0,0
5.856002000,1,0
5.856007100,0,0
5.856007500,0,1
5.856012200,1,1
5.856017200,0,1
5.856022400,1,1
5.856027400,0,1
5.856032600,1,1
5.856037600,0,1
5.856042800,1,1
5.856047800,0,1
5.856048800,0,0
5.856053000,1,0
5.856059200,1,1
5.856454000,1,0
5.856460000,0,0
5.856461100,0,1
5.856465100,1,1
5.856470200,0,1
5.856471200,0,0
5.856475300,1,0
5.856480400,0,0
5.856481500,0,1
5.856485500,1,1
5.856490500,0,1
5.856491500,0,0
5.856495700,1,0
5.856500700,0,0
5.856505900,1,0
5.856510900,0,0
5.856516100,1,0
5.856521100,0,0
5.856526200,1,0
5.856531300,0,0
5.856536400,1,0
5.856541500,0,0
5.856546600,1,0
5.856551700,0,0
5.856552100,0,1
5.856556800,1,1
5.856561800,0,1
5.856562800,0,0
5.856567000,1,0
5.856572000,0,0
5.856577200,1,0
5.856582200,0,0
5.856583400,0,1
5.856587400,1,1
5.856592400,0,1
5.856597500,1,1
5.856602600,0,1
5.856607700,1,1
5.856612800,0,1
5.856613800,0,0
5.856617900,1,0
5.856622900,0,0
5.856628100,1,0
5.856633100,0,0
5.856638300,1,0
5.856643300,0,0
5.856643700,0,1
5.856648500,1,1
5.856655500,1,0
5.856661500,0,0
5.856662700,0,1
5.856666600,1,1
5.856671700,0,1
5.856672700,0,0
5.856676800,1,0
5.856681900,0,0
5.856683100,0,1
5.856687000,1,1
5.856692100,0,1
5.856693100,0,0
5.856697200,1,0
5.856702200,0,0
5.856707400,1,0
5.856712400,0,0
5.856717600,1,0
5.856722600,0,0
5.856727800,1,0
5.856732800,0,0
5.856734000,0,1
5.856737900,1,1
5.856743000,0,1
5.856743200,0,0
5.856748100,1,0
5.856753200,0,0
5.856753600,0,1
5.856758300,1,1
5.856763400,0,1
5.856768500,1,1
5.856773500,0,1
5.856773800,0,0
5.856778700,1,0
5.856783700,0,0
5.856784100,0,1
5.856788900,1,1
5.856793900,0,1
5.856799100,1,1
5.856804100,0,1
5.856804300,0,0
5.856809200,1,0
5.856814300,0,0
5.856819400,1,0
5.856824500,0,0
5.856829600,1,0
5.856834600,0,0
5.856835100,0,1
5.856839800,1,1
5.856844800,0,1
5.856845800,0,0
5.856850000,1,0
5.856856200,1,1
5.857251000,1,0
5.857257000,0,0
5.857258200,0,1
5.857262100,1,1
5.857267200,0,1
5.857268200,0,0
5.857272300,1,0
5.857277400,0,0
5.857278600,0,1
5.857282500,1,1
5.857287600,0,1
5.857288600,0,0
5.857292700,1,0
5.857297800,0,0
5.857302900,1,0
5.857307900,0,0
5.857313100,1,0
5.857318100,0,0
5.857323300,1,0
5.857328300,0,0
5.857333500,1,0
5.857338500,0,0
5.857343600,1,0
5.857348700,0,0
5.857349100,0,1
5.857353800,1,1
5.857358900,0,1
5.857359900,0,0
5.857364000,1,0
5.857369000,0,0
5.857374200,1,0
5.857379200,0,0
5.857380400,0,1
5.857384400,1,1
5.857389400,0,1
5.857394600,1,1
5.857399600,0,1
5.857404800,1,1
5.857409800,0,1
5.857410800,0,0
5.857414900,1,0
5.857420000,0,0
5.857421200,0,1
5.857425100,1,1
5.857430200,0,1
5.857430400,0,0
5.857435300,1,0
5.857440300,0,0
5.857440700,0,1
5.857445500,1,1
5.857452500,1,0
5.857458500,0,0
5.857459700,0,1
5.857463700,1,1
5.857468700,0,1
5.857469700,0,0
5.857473900,1,0
5.857478900,0,0
5.857480100,0,1
5.857484000,1,1
5.857489100,0,1
5.857490100,0,0
5.857494200,1,0
5.857499300,0,0
5.857504400,1,0
5.857509500,0,0
5.857514600,1,0
5.857519600,0,0
5.857524800,1,0
5.857529800,0,0
5.857531000,0,1
5.857535000,1,1
5.857540000,0,1
5.857540200,0,0
5.857545200,1,0
5.857550200,0,0
5.857555300,1,0
5.857560400,0,0
5.857560800,0,1
5.857565500,1,1
5.857570600,0,1
5.857570800,0,0
5.857575700,1,0
5.857580800,0,0
5.857581100,0,1
5.857585900,1,1
5.857590900,0,1
5.857596100,1,1
5.857601100,0,1
5.857606300,1,1
5.857611300,0,1
5.857611500,0,0
5.857616500,1,0
5.857621500,0,0
5.857621900,0,1
5.857626600,1,1
5.857631700,0,1
5.857636800,1,1
5.857641900,0,1
5.857642900,0,0
5.857647000,1,0
5.857653200,1,1
5.858040000,1,0
5.858046000,0,0
5.858047200,0,1
5.858051200,1,1
5.858056200,0,1
5.858057200,0,0
5.858061400,1,0
5.858066400,0,0
5.858067600,0,1
5.858071600,1,1
5.858076600,0,1
5.858077600,0,0
5.858081700,1,0
5.858086800,0,0
5.858091900,1,0
5.858097000,0,0
5.858102100,1,0
5.858107200,0,0
5.858112300,1,0
5.858117300,0,0
5.858122500,1,0
5.858127500,0,0
5.858132700,1,0
5.858137700,0,0
5.858138100,0,1
5.858142900,1,1
5.858147900,0,1
5.858148900,0,0
5.858153000,1,0
5.858158100,0,0
5.858163200,1,0
5.858168300,0,0
5.858169500,0,1
5.858173400,1,1
5.858178400,0,1
5.858183600,1,1
5.858188600,0,1
5.858193800,1,1
5.858198800,0,1
5.858204000,1,1
5.858209000,0,1
5.858210000,0,0
5.858214200,1,0
5.858219200,0,0
5.858224300,1,0
5.858229400,0,0
5.858229800,0,1
5.858234500,1,1
5.858241600,1,0
5.858247600,0,0
5.858248700,0,1
5.858252700,1,1
5.858257700,0,1
5.858258700,0,0
5.858262900,1,0
5.858267900,0,0
5.858269100,0,1
5.858273100,1,1
5.858278100,0,1
5.858279100,0,0
5.858283300,1,0
5.858288300,0,0
5.858293500,1,0
5.858298500,0,0
5.858303600,1,0
5.858308700,0,0
5.858313800,1,0
5.858318900,0,0
5.858320100,0,1
5.858324000,1,1
5.858329000,0,1
5.858329300,0,0
5.858334200,1,0
5.858339200,0,0
5.858339600,0,1
5.858344400,1,1
5.858349400,0,1
5.858354600,1,1
5.858359600,0,1
5.858359800,0,0
5.858364700,1,0
5.858369800,0,0
5.858374900,1,0
5.858380000,0,0
5.858385100,1,0
5.858390100,0,0
5.858390600,0,1
5.858395300,1,1
5.858400300,0,1
5.858400600,0,0
5.858405500,1,0
5.858410500,0,0
5.858415700,1,0
5.858420700,0,0
5.858421100,0,1
5.858425900,1,1
5.858430900,0,1
5.858431900,0,0
5.858436000,1,0
5.858442300,1,1
5.858837100,1,0
5.858843100,0,0
5.858844200,0,1
5.858848200,1,1
5.858853300,0,1
5.858854300,0,0
5.858858400,1,0
5.858863400,0,0
5.858864600,0,1
5.858868600,1,1
5.858873600,0,1
5.858874600,0,0
5.858878800,1,0
5.858883800,0,0
5.858889000,1,0
5.858894000,0,0
5.858899100,1,0
5.858904200,0,0
5.858909300,1,0
5.858914400,0,0
5.858919500,1,0
5.858924600,0,0
5.858929700,1,0
5.858934700,0,0
5.858935200,0,1
5.858939900,1,1
5.858944900,0,1
5.858945900,0,0
5.858950100,1,0
5.858955100,0,0
5.858960300,1,0
5.858965300,0,0
5.858966500,0,1
5.858970400,1,1
5.858975500,0,1
5.858980600,1,1
5.858985700,0,1
5.858990800,1,1
5.858995800,0,1
5.859001000,1,1
5.859006000,0,1
5.859011200,1,1
5.859016200,0,1
5.859016500,0,0
5.859021400,1,0
5.859026400,0,0
5.859026800,0,1
5.859031600,1,1
5.859038600,1,0
5.859044600,0,0
5.859045800,0,1
5.859049700,1,1
5.859054800,0,1
5.859055800,0,0
5.859059900,1,0
5.859065000,0,0
5.859066100,0,1
5.859070100,1,1
5.859075100,0,1
5.859076100,0,0
5.859080300,1,0
5.859085300,0,0
5.859090500,1,0
5.859095500,0,0
5.859100700,1,0
5.859105700,0,0
5.859110900,1,0
5.859115900,0,0
5.859117100,0,1
5.859121000,1,1
5.859126100,0,1
5.859126300,0,0
5.859131200,1,0
5.859136300,0,0
5.859141400,1,0
5.859146400,0,0
5.859151600,1,0
5.859156600,0,0
5.859161800,1,0
5.859166800,0,0
5.859172000,1,0
5.859177000,0,0
5.859182100,1,0
5.859187200,0,0
5.859192300,1,0
5.859197400,0,0
5.859202500,1,0
5.859207500,0,0
5.859208000,0,1
5.859212700,1,1
5.859217700,0,1
5.859222900,1,1
5.859227900,0,1
5.859228900,0,0
5.859233100,1,0
5.859239300,1,1
5.859643100,1,0
5.859649100,0,0
5.859650300,0,1
5.859654200,1,1
5.859659300,0,1
5.859660300,0,0
5.859664400,1,0
5.859669500,0,0
5.859670700,0,1
5.859674600,1,1
5.859679700,0,1
5.859680700,0,0
5.859684800,1,0
5.859689800,0,0
5.859695000,1,0
5.859700000,0,0
5.859705200,1,0
5.859710200,0,0
5.859715400,1,0
5.859720400,0,0
5.859725500,1,0
5.859730600,0,0
5.859735700,1,0
5.859740800,0,0
5.859741200,0,1
5.859745900,1,1
5.859751000,0,1
5.859751900,0,0
5.859756100,1,0
5.859761100,0,0
5.859762300,0,1
5.859766300,1,1
5.859771300,0,1
5.859772300,0,0
5.859776500,1,0
5.859781500,0,0
5.859786700,1,0
5.859791700,0,0
5.859796800,1,0
5.859801900,0,0
5.859807000,1,0
5.859812100,0,0
5.859817200,1,0
5.859822200,0,0
5.859827400,1,0
5.859832400,0,0
5.859832800,0,1
5.859837600,1,1
5.859844600,1,0
5.859850600,0,0
5.859851800,0,1
5.859855800,1,1
5.859860800,0,1
5.859861800,0,0
5.859865900,1,0
5.859871000,0,0
5.859872200,0,1
5.859876100,1,1
5.859881200,0,1
5.859882200,0,0
5.859886300,1,0
5.859891400,0,0
5.859896500,1,0
5.859901500,0,0
5.859906700,1,0
5.859911700,0,0
5.859916900,1,0
5.859921900,0,0
5.859923100,0,1
5.859927100,1,1
5.859932100,0,1
5.859932300,0,0
5.859937200,1,0
5.859942300,0,0
5.859947400,1,0
5.859952500,0,0
5.859952900,0,1
5.859957600,1,1
5.859962700,0,1
5.859967800,1,1
5.859972800,0,1
5.859978000,1,1
5.859983000,0,1
5.859988200,1,1
5.859993200,0,1
5.859993400,0,0
5.859998400,1,0
5.860003400,0,0
5.860008500,1,0
5.860013600,0,0
5.860018700,1,0
5.860023800,0,0
5.860024200,0,1
5.860028900,1,1
5.860033900,0,1
5.860034900,0,0
5.860039100,1,0
5.860045300,1,1
5.860444100,1,0
5.860450100,0,0
5.860451300,0,1
5.860455300,1,1
5.860460300,0,1
5.860461300,0,0
5.860465500,1,0
5.860470500,0,0
5.860471700,0,1
5.860475600,1,1
5.860480700,0,1
5.860481700,0,0
5.860485800,1,0
5.860490900,0,0
5.860496000,1,0
5.860501100,0,0
5.860506200,1,0
5.860511200,0,0
5.860516400,1,0
5.860521400,0,0
5.860526600,1,0
5.860531600,0,0
5.860536800,1,0
5.860541800,0,0
5.860542200,0,1
5.860546900,1,1
5.860552000,0,1
5.860553000,0,0
5.860557100,1,0
5.860562200,0,0
5.860563400,0,1
5.860567300,1,1
5.860572300,0,1
5.860573300,0,0
5.860577500,1,0
5.860582500,0,0
5.860587700,1,0
5.860592700,0,0
5.860597900,1,0
5.860602900,0,0
5.860608100,1,0
5.860613100,0,0
5.860614300,0,1
5.860618200,1,1
5.860623300,0,1
5.860623500,0,0
5.860628400,1,0
5.860633500,0,0
5.860633900,0,1
5.860638600,1,1
5.860645600,1,0
5.860651600,0,0
5.860652800,0,1
5.860656800,1,1
5.860661800,0,1
5.860662800,0,0
5.860667000,1,0
5.860672000,0,0
5.860673200,0,1
5.860677200,1,1
5.860682200,0,1
5.860683200,0,0
5.860687400,1,0
5.860692400,0,0
5.860697500,1,0
5.860702600,0,0
5.860707700,1,0
5.860712800,0,0
5.860717900,1,0
5.860722900,0,0
5.860724200,0,1
5.860728100,1,1
5.860733100,0,1
5.860733400,0,0
5.860738300,1,0
5.860743300,0,0
5.860743700,0,1
5.860748500,1,1
5.860753500,0,1
5.860753700,0,0
5.860758600,1,0
5.860763700,0,0
5.860768800,1,0
5.860773900,0,0
5.860779000,1,0
5.860784100,0,0
5.860789200,1,0
5.860794200,0,0
5.860799400,1,0
5.860804400,0,0
5.860809600,1,0
5.860814600,0,0
5.860819800,1,0
5.860824800,0,0
5.860825200,0,1
5.860829900,1,1
5.860835000,0,1
5.860836000,0,0
5.860840100,1,0
5.860846300,1,1
5.861235200,1,0
5.861241200,0,0
5.861242300,0,1
5.861246300,1,1
5.861251300,0,1
5.861252300,0,0
5.861256500,1,0
5.861261500,0,0
5.861262700,0,1
5.861266700,1,1
5.861271700,0,1
5.861272700,0,0
5.861276900,1,0
5.861281900,0,0
5.861287100,1,0
5.861292100,0,0
5.861297200,1,0
5.861302300,0,0
5.861307400,1,0
5.861312500,0,0
5.861317600,1,0
5.861322600,0,0
5.861327800,1,0
5.861332800,0,0
5.861333200,0,1
5.861338000,1,1
5.861343000,0,1
5.861344000,0,0
5.861348200,1,0
5.861353200,0,0
5.861354400,0,1
5.861358300,1,1
5.861363400,0,1
5.861364400,0,0
5.861368500,1,0
5.861373600,0,0
5.861378700,1,0
5.861383700,0,0
5.861388900,1,0
5.861393900,0,0
5.861395100,0,1
5.861399100,1,1
5.861404100,0,1
5.861405100,0,0
5.861409300,1,0
5.861414300,0,0
5.861419500,1,0
5.861424500,0,0
5.861424900,0,1
5.861429600,1,1
5.861436700,1,0
5.861442700,0,0
5.861443900,0,1
5.861447800,1,1
5.861452900,0,1
5.861453900,0,0
5.861458000,1,0
5.861463000,0,0
5.861464200,0,1
5.861468200,1,1
5.861473200,0,1
5.861474200,0,0
5.861478400,1,0
5.861483400,0,0
5.861488600,1,0
5.861493600,0,0
5.861498800,1,0
5.861503800,0,0
5.861508900,1,0
5.861514000,0,0
5.861515200,0,1
5.861519100,1,1
5.861524200,0,1
5.861524400,0,0
5.861529300,1,0
5.861534300,0,0
5.861539500,1,0
5.861544500,0,0
5.861549700,1,0
5.861554700,0,0
5.861559900,1,0
5.861564900,0,0
5.861570000,1,0
5.861575100,0,0
5.861580200,1,0
5.861585300,0,0
5.861590400,1,0
5.861595400,0,0
5.861600600,1,0
5.861605600,0,0
5.861610800,1,0
5.861615800,0,0
5.861616200,0,1
5.861621000,1,1
5.861626000,0,1
5.861627000,0,0
5.861631200,1,0
5.861637400,1,1
5.862036200,1,0
5.862042200,0,0
5.862043300,0,1
5.862047300,1,1
5.862052400,0,1
5.862053400,0,0
5.862057500,1,0
5.862062600,0,0
5.862063700,0,1
5.862067700,1,1
5.862072700,0,1
5.862073700,0,0
5.862077900,1,0
5.862082900,0,0
5.862088100,1,0
5.862093100,0,0
5.862098300,1,0
5.862103300,0,0
5.862108500,1,0
5.862113500,0,0
5.862118600,1,0
5.862123700,0,0
5.862128800,1,0
5.862133900,0,0
5.862134300,0,1
5.862139000,1,1
5.862144000,0,1
5.862145000,0,0
5.862149200,1,0
5.862154200,0,0
5.862155400,0,1
5.862159400,1,1
5.862164400,0,1
5.862165400,0,0
5.862169600,1,0
5.862174600,0,0
5.862179700,1,0
5.862184800,0,0
5.862189900,1,0
5.862195000,0,0
5.862196200,0,1
5.862200100,1,1
5.862205100,0,1
5.862210300,1,1
5.862215300,0,1
5.862215600,0,0
5.862220500,1,0
5.862225500,0,0
5.862225900,0,1
5.862230700,1,1
5.862237700,1,0
5.862243700,0,0
5.862244900,0,1
5.862248800,1,1
5.862253900,0,1
5.862254900,0,0
5.862259000,1,0
5.862264100,0,0
5.862265300,0,1
5.862269200,1,1
5.862274300,0,1
5.862275300,0,0
5.862279400,1,0
5.862284400,0,0
5.862289600,1,0
5.862294600,0,0
5.862299800,1,0
5.862304800,0,0
5.862310000,1,0
5.862315000,0,0
5.862316200,0,1
5.862320100,1,1
5.862325200,0,1
5.862325400,0,0
5.862330300,1,0
5.862335400,0,0
5.862340500,1,0
5.862345600,0,0
5.862346000,0,1
5.862350700,1,1
5.862355700,0,1
5.862360900,1,1
5.862365900,0,1
5.862366200,0,0
5.862371100,1,0
5.862376100,0,0
5.862376500,0,1
5.862381300,1,1
5.862386300,0,1
5.862386500,0,0
5.862391400,1,0
5.862396500,0,0
5.862401600,1,0
5.862406700,0,0
5.862411800,1,0
5.862416800,0,0
5.862417300,0,1
5.862422000,1,1
5.862427000,0,1
5.862428000,0,0
5.862432200,1,0
5.862438400,1,1
5.862834200,1,0
5.862840200,0,0
5.862841400,0,1
5.862845300,1,1
5.862850400,0,1
5.862851400,0,0
5.862855500,1,0
5.862860600,0,0
5.862861800,0,1
5.862865700,1,1
5.862870800,0,1
5.862871800,0,0
5.862875900,1,0
5.862881000,0,0
5.862886100,1,0
5.862891100,0,0
5.862896300,1,0
5.862901300,0,0
5.862906500,1,0
5.862911500,0,0
5.862916700,1,0
5.862921700,0,0
5.862926800,1,0
5.862931900,0,0
5.862932300,0,1
5.862937000,1,1
5.862942100,0,1
5.862943100,0,0
5.862947200,1,0
5.862952300,0,0
5.862953400,0,1
5.862957400,1,1
5.862962400,0,1
5.862963400,0,0
5.862967600,1,0
5.862972600,0,0
5.862977800,1,0
5.862982800,0,0
5.862988000,1,0
5.862993000,0,0
5.862994200,0,1
5.862998100,1,1
5.863003200,0,1
5.863008300,1,1
5.863013400,0,1
5.863013600,0,0
5.863018500,1,0
5.863023500,0,0
5.863023900,0,1
5.863028700,1,1
5.863035700,1,0
5.863041700,0,0
5.863042900,0,1
5.863046900,1,1
5.863051900,0,1
5.863052900,0,0
5.863057100,1,0
5.863062100,0,0
5.863063300,0,1
5.863067300,1,1
5.863072300,0,1
5.863073300,0,0
5.863077400,1,0
5.863082500,0,0
5.863087600,1,0
5.863092700,0,0
5.863097800,1,0
5.863102800,0,0
5.863108000,1,0
5.863113000,0,0
5.863114200,0,1
5.863118200,1,1
5.863123200,0,1
5.863123400,0,0
5.863128400,1,0
5.863133400,0,0
5.863138600,1,0
5.863143600,0,0
5.863144000,0,1
5.863148700,1,1
5.863153800,0,1
5.863158900,1,1
5.863164000,0,1
5.863164200,0,0
5.863169100,1,0
5.863174100,0,0
5.863174500,0,1
5.863179300,1,1
5.863184300,0,1
5.863184600,0,0
5.863189500,1,0
5.863194500,0,0
5.863199700,1,0
5.863204700,0,0
5.863209800,1,0
5.863214900,0,0
5.863215300,0,1
5.863220000,1,1
5.863225100,0,1
5.863226100,0,0
5.863230200,1,0
5.863236400,1,1
5.863633200,1,0
5.863639200,0,0
5.863640400,0,1
5.863644400,1,1
5.863649400,0,1
5.863650400,0,0
5.863654600,1,0
5.863659600,0,0
5.863660800,0,1
5.863664800,1,1
5.863669800,0,1
5.863670800,0,0
5.863674900,1,0
5.863680000,0,0
5.863685100,1,0
5.863690200,0,0
5.863695300,1,0
5.863700400,0,0
5.863705500,1,0
5.863710500,0,0
5.863715700,1,0
5.863720700,0,0
5.863725900,1,0
5.863730900,0,0
5.863731300,0,1
5.863736100,1,1
5.863741100,0,1
5.863742100,0,0
5.863746200,1,0
5.863751300,0,0
5.863752500,0,1
5.863756400,1,1
5.863761500,0,1
5.863762500,0,0
5.863766600,1,0
5.863771600,0,0
5.863776800,1,0
5.863781800,0,0
5.863787000,1,0
5.863792000,0,0
5.863793200,0,1
5.863797200,1,1
5.863802200,0,1
5.863807400,1,1
5.863812400,0,1
5.863812600,0,0
5.863817500,1,0
5.863822600,0,0
5.863823000,0,1
5.863827700,1,1
5.863834800,1,0
5.863840800,0,0
5.863841900,0,1
5.863845900,1,1
5.863850900,0,1
5.863851900,0,0
5.863856100,1,0
5.863861100,0,0
5.863862300,0,1
5.863866300,1,1
5.863871300,0,1
5.863872300,0,0
5.863876500,1,0
5.863881500,0,0
5.863886700,1,0
5.863891700,0,0
5.863896800,1,0
5.863901900,0,0
5.863907000,1,0
5.863912100,0,0
5.863913300,0,1
5.863917200,1,1
5.863922200,0,1
5.863922500,0,0
5.863927400,1,0
5.863932400,0,0
5.863937600,1,0
5.863942600,0,0
5.863943000,0,1
5.863947800,1,1
5.863952800,0,1
5.863957900,1,1
5.863963000,0,1
5.863963200,0,0
5.863968100,1,0
5.863973200,0,0
5.863973600,0,1
5.863978300,1,1
5.863983400,0,1
5.863983600,0,0
5.863988500,1,0
5.863993500,0,0
5.863998700,1,0
5.864003700,0,0
5.864008900,1,0
5.864013900,0,0
5.864014300,0,1
5.864019100,1,1
5.864024100,0,1
5.864025100,0,0
5.864029200,1,0
5.864035500,1,1
5.864422300,1,0
5.864428300,0,0
5.864429400,0,1
5.864433400,1,1
5.864438500,0,1
5.864439500,0,0
5.864443600,1,0
5.864448600,0,0
5.864449800,0,1
5.864453800,1,1
5.864458800,0,1
5.864459800,0,0
5.864464000,1,0
5.864469000,0,0
5.864474200,1,0
5.864479200,0,0
5.864484400,1,0
5.864489400,0,0
5.864494500,1,0
5.864499600,0,0
5.864504700,1,0
5.864509800,0,0
5.864514900,1,0
5.864519900,0,0
5.864520400,0,1
5.864525100,1,1
5.864530100,0,1
5.864531100,0,0
5.864535300,1,0
5.864540300,0,0
5.864541500,0,1
5.864545500,1,1
5.864550500,0,1
5.864551500,0,0
5.864555600,1,0
5.864560700,0,0
5.864565800,1,0
5.864570900,0,0
5.864572100,0,1
5.864576000,1,1
5.864581000,0,1
5.864582000,0,0
5.864586200,1,0
5.864591200,0,0
5.864596400,1,0
5.864601400,0,0
5.864606600,1,0
5.864611600,0,0
5.864612000,0,1
5.864616800,1,1
5.864623800,1,0
5.864629800,0,0
5.864631000,0,1
5.864634900,1,1
5.864640000,0,1
5.864641000,0,0
5.864645100,1,0
5.864650200,0,0
5.864651300,0,1
5.864655300,1,1
5.864660300,0,1
5.864661300,0,0
5.864665500,1,0
5.864670500,0,0
5.864675700,1,0
5.864680700,0,0
5.864685900,1,0
5.864690900,0,0
5.864696100,1,0
5.864701100,0,0
5.864702300,0,1
5.864706200,1,1
5.864711300,0,1
5.864711500,0,0
5.864716400,1,0
5.864721500,0,0
5.864726600,1,0
5.864731600,0,0
5.864736800,1,0
5.864741800,0,0
5.864747000,1,0
5.864752000,0,0
5.864752400,0,1
5.864757200,1,1
5.864762200,0,1
5.864767300,1,1
5.864772400,0,1
5.864772600,0,0
5.864777500,1,0
5.864782600,0,0
5.864783000,0,1
5.864787700,1,1
5.864792800,0,1
5.864793000,0,0
5.864797900,1,0
5.864802900,0,0
5.864803300,0,1
5.864808100,1,1
5.864813100,0,1
5.864814100,0,0
5.864818300,1,0
5.864824500,1,1
5.865220300,1,0
5.865226300,0,0
5.865227500,0,1
5.865231400,1,1
5.865236500,0,1
5.865237500,0,0
5.865241600,1,0
5.865246700,0,0
5.865247900,0,1
5.865251800,1,1
5.865256900,0,1
5.865257900,0,0
5.865262000,1,0
5.865267000,0,0
5.865272200,1,0
5.865277200,0,0
5.865282400,1,0
5.865287400,0,0
5.865292600,1,0
5.865297600,0,0
5.865302800,1,0
5.865307800,0,0
5.865312900,1,0
5.865318000,0,0
5.865318400,0,1
5.865323100,1,1
5.865328200,0,1
5.865329200,0,0
5.865333300,1,0
5.865338300,0,0
5.865339500,0,1
5.865343500,1,1
5.865348500,0,1
5.865349500,0,0
5.865353700,1,0
5.865358700,0,0
5.865363900,1,0
5.865368900,0,0
5.865374000,1,0
5.865379100,0,0
5.865380300,0,1
5.865384200,1,1
5.865389300,0,1
5.865394400,1,1
5.865399400,0,1
5.865399700,0,0
5.865404600,1,0
5.865409600,0,0
5.865410000,0,1
5.865414800,1,1
5.865421800,1,0
5.865427800,0,0
5.865429000,0,1
5.865433000,1,1
5.865438000,0,1
5.865439000,0,0
5.865443200,1,0
5.865448200,0,0
5.865449400,0,1
5.865453300,1,1
5.865458400,0,1
5.865459400,0,0
5.865463500,1,0
5.865468600,0,0
5.865473700,1,0
5.865478700,0,0
5.865483900,1,0
5.865488900,0,0
5.865494100,1,0
5.865499100,0,0
5.865500300,0,1
5.865504300,1,1
5.865509300,0,1
5.865509500,0,0
5.865514500,1,0
5.865519500,0,0
5.865524600,1,0
5.865529700,0,0
5.865530100,0,1
5.865534800,1,1
5.865539900,0,1
5.865545000,1,1
5.865550000,0,1
5.865550300,0,0
5.865555200,1,0
5.865560200,0,0
5.865560600,0,1
5.865565400,1,1
5.865570400,0,1
5.865570600,0,0
5.865575600,1,0
5.865580600,0,0
5.865585700,1,0
5.865590800,0,0
5.865595900,1,0
5.865601000,0,0
5.865601400,0,1
5.865606100,1,1
5.865611100,0,1
5.865612100,0,0
5.865616300,1,0
5.865622500,1,1
5.866017300,1,0
5.866023300,0,0
5.866024500,0,1
5.866028500,1,1
5.866033500,0,1
5.866034500,0,0
5.866038700,1,0
5.866043700,0,0
5.866044900,0,1
5.866048800,1,1
5.866053900,0,1
5.866054900,0,0
5.866059000,1,0
5.866064100,0,0
5.866069200,1,0
5.866074300,0,0
5.866079400,1,0
5.866084400,0,0
5.866089600,1,0
5.866094600,0,0
5.866099800,1,0
5.866104800,0,0
5.866110000,1,0
5.866115000,0,0
5.866115400,0,1
5.866120100,1,1
5.866125200,0,1
5.866126200,0,0
5.866130300,1,0
5.866135400,0,0
5.866136600,0,1
5.866140500,1,1
5.866145600,0,1
5.866146600,0,0
5.866150700,1,0
5.866155700,0,0
5.866160900,1,0
5.866165900,0,0
5.866167100,0,1
5.866171100,1,1
5.866176100,0,1
5.866177100,0,0
5.866181300,1,0
5.866186300,0,0
5.866191400,1,0
5.866196500,0,0
5.866201600,1,0
5.866206700,0,0
5.866207100,0,1
5.866211800,1,1
5.866218800,1,0
5.866224800,0,0
5.866226000,0,1
5.866230000,1,1
5.866235000,0,1
5.866236000,0,0
5.866240200,1,0
5.866245200,0,0
5.866246400,0,1
5.866250400,1,1
5.866255400,0,1
5.866256400,0,0
5.866260600,1,0
5.866265600,0,0
5.866270700,1,0
5.866275800,0,0
5.866280900,1,0
5.866286000,0,0
5.866291100,1,0
5.866296100,0,0
5.866297400,0,1
5.866301300,1,1
5.866306300,0,1
5.866306600,0,0
5.866311500,1,0
5.866316500,0,0
5.866321700,1,0
5.866326700,0,0
5.866331800,1,0
5.866336900,0,0
5.866342000,1,0
5.866347100,0,0
5.866347500,0,1
5.866352200,1,1
5.866357300,0,1
5.866362400,1,1
5.866367400,0,1
5.866367700,0,0
5.866372600,1,0
5.866377600,0,0
5.866378000,0,1
5.866382800,1,1
5.866387800,0,1
5.866388000,0,0
5.866393000,1,0
5.866398000,0,0
5.866398400,0,1
5.866403100,1,1
5.866408200,0,1
5.866409200,0,0
5.866413300,1,0
5.866419500,1,1
5.866730400,1,0
5.866736400,0,0
5.866737500,0,1
5.866741500,1,1
5.866746500,0,1
5.866747500,0,0
5.866751700,1,0
5.866756700,0,0
5.866757900,0,1
5.866761900,1,1
5.866766900,0,1
5.866767900,0,0
5.866772100,1,0
5.866777100,0,0
5.866782300,1,0
5.866787300,0,0
5.866792400,1,0
5.866797500,0,0
5.866802600,1,0
5.866807700,0,0
5.866812800,1,0
5.866817800,0,0
5.866823000,1,0
5.866828000,0,0
5.866828400,0,1
5.866833200,1,1
5.866838200,0,1
5.866839200,0,0
5.866843400,1,0
5.866848400,0,0
5.866849600,0,1
5.866853500,1,1
5.866858600,0,1
5.866859600,0,0
5.866863700,1,0
5.866868800,0,0
5.866873900,1,0
5.866879000,0,0
5.866884100,1,0
5.866889100,0,0
5.866890300,0,1
5.866894300,1,1
5.866899300,0,1
5.866904500,1,1
5.866909500,0,1
5.866909700,0,0
5.866914700,1,0
5.866919700,0,0
5.866920100,0,1
5.866924800,1,1
5.866931900,1,0
5.866937900,0,0
5.866939000,0,1
5.866943000,1,1
5.866948100,0,1
5.866949100,0,0
5.866953200,1,0
5.866958200,0,0
5.866959400,0,1
5.866963400,1,1
5.866968400,0,1
5.866969400,0,0
5.866973600,1,0
5.866978600,0,0
5.866983800,1,0
5.866988800,0,0
5.866994000,1,0
5.866999000,0,0
5.867004100,1,0
5.867009200,0,0
5.867010400,0,1
5.867014300,1,1
5.867019400,0,1
5.867019600,0,0
5.867024500,1,0
5.867029500,0,0
5.867034700,1,0
5.867039700,0,0
5.867040100,0,1
5.867044900,1,1
5.867049900,0,1
5.867055100,1,1
5.867060100,0,1
5.867060300,0,0
5.867065200,1,0
5.867070300,0,0
5.867070700,0,1
5.867075400,1,1
5.867080500,0,1
5.867080700,0,0
5.867085600,1,0
5.867090700,0,0
5.867095800,1,0
5.867100800,0,0
5.867106000,1,0
5.867111000,0,0
5.867111400,0,1
5.867116200,1,1
5.867121200,0,1
5.867122200,0,0
5.867126400,1,0
5.867132600,1,1
5.867196400,1,0
5.867202400,0,0
5.867203600,0,1
5.867207500,1,1
5.867212600,0,1
5.867213600,0,0
5.867217700,1,0
5.867222800,0,0
5.867223900,0,1
5.867227900,1,1
5.867232900,0,1
5.867233900,0,0
5.867238100,1,0
5.867243100,0,0
5.867248300,1,0
5.867253300,0,0
5.867258500,1,0
5.867263500,0,0
5.867268700,1,0
5.867273700,0,0
5.867278800,1,0
5.867283900,0,0
5.867289000,1,0
5.867294100,0,0
5.867294500,0,1
5.867299200,1,1
5.867304200,0,1
5.867305200,0,0
5.867309400,1,0
5.867314400,0,0
5.867315600,0,1
5.867319600,1,1
5.867324600,0,1
5.867325600,0,0
5.867329800,1,0
5.867334800,0,0
5.867340000,1,0
5.867345000,0,0
5.867350100,1,0
5.867355200,0,0
5.867356400,0,1
5.867360300,1,1
5.867365400,0,1
5.867370500,1,1
5.867375500,0,1
5.867375800,0,0
5.867380700,1,0
5.867385700,0,0
5.867386100,0,1
5.867390900,1,1
5.867397900,1,0
5.867403900,0,0
5.867405100,0,1
5.867409000,1,1
5.867414100,0,1
5.867415100,0,0
5.867419200,1,0
5.867424300,0,0
5.867425500,0,1
5.867429400,1,1
5.867434500,0,1
5.867435500,0,0
5.867439600,1,0
5.867444600,0,0
5.867449800,1,0
5.867454800,0,0
5.867460000,1,0
5.867465000,0,0
5.867470200,1,0
5.867475200,0,0
5.867476400,0,1
5.867480400,1,1
5.867485400,0,1
5.867485600,0,0
5.867490500,1,0
5.867495600,0,0
5.867500700,1,0
5.867505800,0,0
5.867506200,0,1
5.867510900,1,1
5.867515900,0,1
5.867521100,1,1
5.867526100,0,1
5.867526400,0,0
5.867531300,1,0
5.867536300,0,0
5.867536700,0,1
5.867541500,1,1
5.867546500,0,1
5.867546700,0,0
5.867551700,1,0
5.867556700,0,0
5.867561800,1,0
5.867566900,0,0
5.867572000,1,0
5.867577100,0,0
5.867577500,0,1
5.867582200,1,1
5.867587200,0,1
5.867588200,0,0
5.867592400,1,0
5.867598600,1,1
5.867662400,1,0
5.867668400,0,0
5.867669600,0,1
5.867673500,1,1
5.867678600,0,1
5.867679600,0,0
5.867683800,1,0
5.867688800,0,0
5.867690000,0,1
5.867693900,1,1
5.867699000,0,1
5.867700000,0,0
5.867704100,1,0
5.867709200,0,0
5.867714300,1,0
5.867719400,0,0
5.867724500,1,0
5.867729500,0,0
5.867734700,1,0
5.867739700,0,0
5.867744900,1,0
5.867749900,0,0
5.867755100,1,0
5.867760100,0,0
5.867760500,0,1
5.867765200,1,1
5.867770300,0,1
5.867771300,0,0
5.867775400,1,0
5.867780500,0,0
5.867781700,0,1
5.867785600,1,1
5.867790600,0,1
5.867791600,0,0
5.867795800,1,0
5.867800800,0,0
5.867806000,1,0
5.867811000,0,0
5.867816200,1,0
5.867821200,0,0
5.867822400,0,1
5.867826400,1,1
5.867831400,0,1
5.867836500,1,1
5.867841600,0,1
5.867841800,0,0
5.867846700,1,0
5.867851800,0,0
5.867852100,0,1
5.867856900,1,1
5.867863900,1,0
5.867869900,0,0
5.867871100,0,1
5.867875100,1,1
5.867880100,0,1
5.867881100,0,0
5.867885300,1,0
5.867890300,0,0
5.867891500,0,1
5.867895500,1,1
5.867900500,0,1
5.867901500,0,0
5.867905600,1,0
5.867910700,0,0
5.867915800,1,0
5.867920900,0,0
5.867926000,1,0
5.867931100,0,0
5.867936200,1,0
5.867941200,0,0
5.867942500,0,1
5.867946400,1,1
5.867951400,0,1
5.867951700,0,0
5.867956600,1,0
5.867961600,0,0
5.867966800,1,0
5.867971800,0,0
5.867972200,0,1
5.867976900,1,1
5.867982000,0,1
5.867987100,1,1
5.867992200,0,1
5.867992400,0,0
5.867997300,1,0
5.868002300,0,0
5.868002700,0,1
5.868007500,1,1
5.868012500,0,1
5.868012800,0,0
5.868017700,1,0
5.868022700,0,0
5.868027900,1,0
5.868032900,0,0
5.868038100,1,0
5.868043100,0,0
5.868043500,0,1
5.868048200,1,1
5.868053300,0,1
5.868054300,0,0
5.868058400,1,0
5.868064600,1,1
5.868140500,1,0
5.868146500,0,0
5.868147600,0,1
5.868151600,1,1
5.868156600,0,1
5.868157600,0,0
5.868161800,1,0
5.868166800,0,0
5.868168000,0,1
5.868172000,1,1
5.868177000,0,1
5.868178000,0,0
5.868182200,1,0
5.868187200,0,0
5.868192300,1,0
5.868197400,0,0
5.868202500,1,0
5.868207600,0,0
5.868212700,1,0
5.868217800,0,0
5.868222900,1,0
5.868227900,0,0
5.868233100,1,0
5.868238100,0,0
5.868238500,0,1
5.868243300,1,1
5.868248300,0,1
5.868249300,0,0
5.868253500,1,0
5.868258500,0,0
5.868263600,1,0
5.868268700,0,0
5.868273800,1,0
5.868278900,0,0
5.868284000,1,0
5.868289000,0,0
5.868290300,0,1
5.868294200,1,1
5.868299200,0,1
5.868300200,0,0
5.868304400,1,0
5.868309400,0,0
5.868314600,1,0
5.868319600,0,0
5.868324800,1,0
5.868329800,0,0
5.868330200,0,1
5.868334900,1,1
5.868342000,1,0
5.868348000,0,0
5.868349200,0,1
5.868353100,1,1
5.868358200,0,1
5.868359200,0,0
5.868363300,1,0
5.868368300,0,0
5.868369500,0,1
5.868373500,1,1
5.868378500,0,1
5.868379500,0,0
5.868383700,1,0
5.868388700,0,0
5.868393900,1,0
5.868398900,0,0
5.868404100,1,0
5.868409100,0,0
5.868414200,1,0
5.868419300,0,0
5.868420500,0,1
5.868424400,1,1
5.868429500,0,1
5.868429700,0,0
5.868434600,1,0
5.868439600,0,0
5.868444800,1,0
5.868449800,0,0
5.868450200,0,1
5.868455000,1,1
5.868460000,0,1
5.868460200,0,0
5.868465200,1,0
5.868470200,0,0
5.868475300,1,0
5.868480400,0,0
5.868485500,1,0
5.868490600,0,0
5.868491000,0,1
5.868495700,1,1
5.868500700,0,1
5.868505900,1,1
5.868510900,0,1
5.868511200,0,0
5.868516100,1,0
5.868521100,0,0
5.868521500,0,1
5.868526300,1,1
5.868531300,0,1
5.868532300,0,0
5.868536500,1,0
5.868542700,1,1
5.868656500,1,0
5.868662500,0,0
5.868663600,0,1
5.868667600,1,1
5.868672700,0,1
5.868673700,0,0
5.868677800,1,0
5.868682900,0,0
5.868684000,0,1
5.868688000,1,1
5.868693000,0,1
5.868694000,0,0
5.868698200,1,0
5.868703200,0,0
5.868708400,1,0
5.868713400,0,0
5.868718600,1,0
5.868723600,0,0
5.868728800,1,0
5.868733800,0,0
5.868738900,1,0
5.868744000,0,0
5.868749100,1,0
5.868754200,0,0
5.868759300,1,0
5.868764300,0,0
5.868769500,1,0
5.868774500,0,0
5.868779700,1,0
5.868784700,0,0
5.868789900,1,0
5.868794900,0,0
5.868800000,1,0
5.868805100,0,0
5.868810200,1,0
5.868815300,0,0
5.868820400,1,0
5.868825400,0,0
5.868830600,1,0
5.868835600,0,0
5.868840800,1,0
5.868845800,0,0
5.868846200,0,1
5.868851000,1,1
5.868858000,1,0
5.868864000,0,0
5.868865200,0,1
5.868869100,1,1
5.868874200,0,1
5.868875200,0,0
5.868879300,1,0
5.868884400,0,0
5.868885600,0,1
5.868889500,1,1
5.868894600,0,1
5.868895600,0,0
5.868899700,1,0
5.868904700,0,0
5.868909900,1,0
5.868914900,0,0
5.868920100,1,0
5.868925100,0,0
5.868930300,1,0
5.868935300,0,0
5.868936500,0,1
5.868940500,1,1
5.868945500,0,1
5.868945700,0,0
5.868950600,1,0
5.868955700,0,0
5.868960800,1,0
5.868965900,0,0
5.868971000,1,0
5.868976000,0,0
5.868981200,1,0
5.868986200,0,0
5.868991400,1,0
5.868996400,0,0
5.869001600,1,0
5.869006600,0,0
5.869011700,1,0
5.869016800,0,0
5.869021900,1,0
5.869027000,0,0
5.869032100,1,0
5.869037200,0,0
5.869037600,0,1
5.869042300,1,1
5.869047300,0,1
5.869048300,0,0
5.869052500,1,0
5.869058700,1,1
5.869136500,1,0
5.869142500,0,0
5.869143700,0,1
5.869147600,1,1
5.869152700,0,1
5.869153700,0,0
5.869157800,1,0
5.869162900,0,0
5.869164100,0,1
5.869168000,1,1
5.869173100,0,1
5.869174100,0,0
5.869178200,1,0
5.869183300,0,0
5.869188400,1,0
5.869193400,0,0
5.869198600,1,0
5.869203600,0,0
5.869208800,1,0
5.869213800,0,0
5.869219000,1,0
5.869224000,0,0
5.869229200,1,0
5.869234200,0,0
5.869239300,1,0
5.869244400,0,0
5.869249500,1,0
5.869254600,0,0
5.869259700,1,0
5.869264700,0,0
5.869269900,1,0
5.869274900,0,0
5.869280100,1,0
5.869285100,0,0
5.869290300,1,0
5.869295300,0,0
5.869300400,1,0
5.869305500,0,0
5.869306700,0,1
5.869310600,1,1
5.869315700,0,1
5.869315900,0,0
5.869320800,1,0
5.869325900,0,0
5.869326200,0,1
5.869331000,1,1
5.869338000,1,0
5.869344000,0,0
5.869345200,0,1
5.869349200,1,1
5.869354200,0,1
5.869355200,0,0
5.869359400,1,0
5.869364400,0,0
5.869365600,0,1
5.869369600,1,1
5.869374600,0,1
5.869375600,0,0
5.869379700,1,0
5.869384800,0,0
5.869389900,1,0
5.869395000,0,0
5.869400100,1,0
5.869405100,0,0
5.869410300,1,0
5.869415300,0,0
5.869416500,0,1
5.869420500,1,1
5.869425500,0,1
5.869425700,0,0
5.869430700,1,0
5.869435700,0,0
5.869436100,0,1
5.869440900,1,1
5.869445900,0,1
5.869451000,1,1
5.869456100,0,1
5.869461200,1,1
5.869466300,0,1
5.869471400,1,1
5.869476400,0,1
5.869481600,1,1
5.869486600,0,1
5.869491800,1,1
5.869496800,0,1
5.869502000,1,1
5.869507000,0,1
5.869512100,1,1
5.869517200,0,1
5.869522300,1,1
5.869527400,0,1
5.869528400,0,0
5.869532500,1,0
5.869538700,1,1
5.869602600,1,0
5.869608600,0,0
5.869609700,0,1
5.869613700,1,1
5.869618700,0,1
5.869619700,0,0
5.869623900,1,0
5.869628900,0,0
5.869630100,0,1
5.869634100,1,1
5.869639100,0,1
5.869640100,0,0
5.869644300,1,0
5.869649300,0,0
5.869654400,1,0
5.869659500,0,0
5.869664600,1,0
5.869669700,0,0
5.869674800,1,0
5.869679800,0,0
5.869685000,1,0
5.869690000,0,0
5.869695200,1,0
5.869700200,0,0
5.869705400,1,0
5.869710400,0,0
5.869715600,1,0
5.869720600,0,0
5.869725700,1,0
5.869730800,0,0
5.869735900,1,0
5.869741000,0,0
5.869742200,0,1
5.869746100,1,1
5.869751100,0,1
5.869752100,0,0
5.869756300,1,0
5.869761300,0,0
5.869766500,1,0
5.869771500,0,0
5.869776700,1,0
5.869781700,0,0
5.869786900,1,0
5.869791900,0,0
5.869792300,0,1
5.869797000,1,1
5.869804100,1,0
5.869810100,0,0
5.869811200,0,1
5.869815200,1,1
5.869820300,0,1
5.869821300,0,0
5.869825400,1,0
5.869830400,0,0
5.869831600,0,1
5.869835600,1,1
5.869840600,0,1
5.869841600,0,0
5.869845800,1,0
5.869850800,0,0
5.869856000,1,0
5.869861000,0,0
5.869866100,1,0
5.869871200,0,0
5.869876300,1,0
5.869881400,0,0
5.869882600,0,1
5.869886500,1,1
5.869891500,0,1
5.869891800,0,0
5.869896700,1,0
5.869901700,0,0
5.869906900,1,0
5.869911900,0,0
5.869917100,1,0
5.869922100,0,0
5.869927300,1,0
5.869932300,0,0
5.869937400,1,0
5.869942500,0,0
5.869947600,1,0
5.869952700,0,0
5.869953100,0,1
5.869957800,1,1
5.869962800,0,1
5.869968000,1,1
5.869973000,0,1
5.869973300,0,0
5.869978200,1,0
5.869983200,0,0
5.869988400,1,0
5.869993400,0,0
5.869996600,0,1
5.869998600,1,1
5.870003600,0,1
5.870003800,0,0
5.870008700,1,0
5.870013800,0,0
5.870014200,0,1
5.870018900,1,1
5.870024000,0,1
5.870029100,1,1
5.870034100,0,1
5.870034400,0,0
5.870039300,1,0
5.870044300,0,0
5.870049500,1,0
5.870054500,0,0
5.870054900,0,1
5.870059700,1,1
5.870064700,0,1
5.870069800,1,1
5.870074900,0,1
5.870080000,1,1
5.870085100,0,1
5.870086100,0,0
5.870090200,1,0
5.870096400,1,1
5.870226300,1,0
5.870232300,0,0
5.870233400,0,1
5.870237400,1,1
5.870242400,0,1
5.870243400,0,0
5.870247600,1,0
5.870252600,0,0
5.870253800,0,1
5.870257800,1,1
5.870262800,0,1
5.870263800,0,0
5.870268000,1,0
5.870273000,0,0
5.870278100,1,0
5.870283200,0,0
5.870288300,1,0
5.870293400,0,0
5.870298500,1,0
5.870303500,0,0
5.870308700,1,0
5.870313700,0,0
5.870318900,1,0
5.870323900,0,0
5.870329100,1,0
5.870334100,0,0
5.870339300,1,0
5.870344300,0,0
5.870349400,1,0
5.870354500,0,0
5.870359600,1,0
5.870364700,0,0
5.870369800,1,0
5.870374800,0,0
5.870380000,1,0
5.870385000,0,0
5.870390200,1,0
5.870395200,0,0
5.870400400,1,0
5.870405400,0,0
5.870410500,1,0
5.870415600,0,0
5.870416000,0,1
5.870420700,1,1
5.870427800,1,0
5.870433800,0,0
5.870434900,0,1
5.870438900,1,1
5.870444000,0,1
5.870445000,0,0
5.870449100,1,0
5.870454100,0,0
5.870455300,0,1
5.870459300,1,1
5.870464300,0,1
5.870465300,0,0
5.870469500,1,0
5.870474500,0,0
5.870479700,1,0
5.870484700,0,0
5.870489800,1,0
5.870494900,0,0
5.870500000,1,0
5.870505100,0,0
5.870506300,0,1
5.870510200,1,1
5.870515200,0,1
5.870515500,0,0
5.870520400,1,0
5.870525400,0,0
5.870530600,1,0
5.870535600,0,0
5.870540800,1,0
5.870545800,0,0
5.870551000,1,0
5.870556000,0,0
5.870561100,1,0
5.870566200,0,0
5.870571300,1,0
5.870576400,0,0
5.870581500,1,0
5.870586500,0,0
5.870591700,1,0
5.870596700,0,0
5.870601900,1,0
5.870606900,0,0
5.870607300,0,1
5.870612100,1,1
5.870617100,0,1
5.870618100,0,0
5.870622300,1,0
5.870628500,1,1
5.870698300,1,0
5.870704300,0,0
5.870705400,0,1
5.870709400,1,1
5.870714500,0,1
5.870715500,0,0
5.870719600,1,0
5.870724700,0,0
5.870725800,0,1
5.870729800,1,1
5.870734800,0,1
5.870735800,0,0
5.870740000,1,0
5.870745000,0,0
5.870750200,1,0
5.870755200,0,0
5.870760400,1,0
5.870765400,0,0
5.870770500,1,0
5.870775600,0,0
5.870780700,1,0
5.870785800,0,0
5.870790900,1,0
5.870795900,0,0
5.870801100,1,0
5.870806100,0,0
5.870811300,1,0
5.870816300,0,0
5.870821500,1,0
5.870826500,0,0
5.870831700,1,0
5.870836700,0,0
5.870841800,1,0
5.870846900,0,0
5.870852000,1,0
5.870857100,0,0
5.870862200,1,0
5.870867200,0,0
5.870868500,0,1
5.870872400,1,1
5.870877400,0,1
5.870877700,0,0
5.870882600,1,0
5.870887600,0,0
5.870888000,0,1
5.870892800,1,1
5.870899800,1,0
5.870905800,0,0
5.870907000,0,1
5.870910900,1,1
5.870916000,0,1
5.870917000,0,0
5.870921100,1,0
5.870926200,0,0
5.870927400,0,1
5.870931300,1,1
5.870936400,0,1
5.870937400,0,0
5.870941500,1,0
5.870946500,0,0
5.870951700,1,0
5.870956700,0,0
5.870961900,1,0
5.870966900,0,0
5.870972100,1,0
5.870977100,0,0
5.870978300,0,1
5.870982200,1,1
5.870987300,0,1
5.870987500,0,0
5.870992400,1,0
5.870997500,0,0
5.870997900,0,1
5.871002600,1,1
5.871007600,0,1
5.871012800,1,1
5.871017800,0,1
5.871023000,1,1
5.871028000,0,1
5.871033200,1,1
5.871038200,0,1
5.871043400,1,1
5.871048400,0,1
5.871053500,1,1
5.871058600,0,1
5.871063700,1,1
5.871068800,0,1
5.871073900,1,1
5.871078900,0,1
5.871084100,1,1
5.871089100,0,1
5.871090100,0,0
5.871094300,1,0
5.871100500,1,1
5.871162300,1,0
5.871168300,0,0
5.871169500,0,1
5.871173400,1,1
5.871178500,0,1
5.871179500,0,0
5.871183600,1,0
5.871188700,0,0
5.871189900,0,1
5.871193800,1,1
5.871198900,0,1
5.871199900,0,0
5.871204000,1,0
5.871209100,0,0
5.871214200,1,0
5.871219200,0,0
5.871224400,1,0
5.871229400,0,0
5.871234600,1,0
5.871239600,0,0
5.871244800,1,0
5.871249800,0,0
5.871254900,1,0
5.871260000,0,0
5.871265100,1,0
5.871270200,0,0
5.871271400,0,1
5.871275300,1,1
5.871280400,0,1
5.871285500,1,1
5.871290500,0,1
5.871295700,1,1
5.871300700,0,1
5.871305900,1,1
5.871310900,0,1
5.871316100,1,1
5.871321100,0,1
5.871326200,1,1
5.871331300,0,1
5.871332300,0,0
5.871336400,1,0
5.871341500,0,0
5.871346600,1,0
5.871351600,0,0
5.871352000,0,1
5.871356800,1,1
5.871363800,1,0
5.871369800,0,0
5.871371000,0,1
5.871375000,1,1
5.871380000,0,1
5.871381000,0,0
5.871385200,1,0
5.871390200,0,0
5.871391400,0,1
5.871395300,1,1
5.871400400,0,1
5.871401400,0,0
5.871405500,1,0
5.871410600,0,0
5.871415700,1,0
5.871420800,0,0
5.871425900,1,0
5.871430900,0,0
5.871436100,1,0
5.871441100,0,0
5.871442300,0,1
5.871446300,1,1
5.871451300,0,1
5.871451500,0,0
5.871456500,1,0
5.871461500,0,0
5.871466600,1,0
5.871471700,0,0
5.871476800,1,0
5.871481900,0,0
5.871487000,1,0
5.871492100,0,0
5.871497200,1,0
5.871502200,0,0
5.871507400,1,0
5.871512400,0,0
5.871517600,1,0
5.871522600,0,0
5.871527800,1,0
5.871532800,0,0
5.871533200,0,1
5.871537900,1,1
5.871543000,0,1
5.871548100,1,1
5.871553200,0,1
5.871554200,0,0
5.871558300,1,0
5.871564500,1,1
5.871628300,1,0
5.871634300,0,0
5.871635500,0,1
5.871639500,1,1
5.871644500,0,1
5.871645500,0,0
5.871649700,1,0
5.871654700,0,0
5.871655900,0,1
5.871659900,1,1
5.871664900,0,1
5.871665900,0,0
5.871670100,1,0
5.871675100,0,0
5.871680200,1,0
5.871685300,0,0
5.871690400,1,0
5.871695500,0,0
5.871700600,1,0
5.871705600,0,0
5.871710800,1,0
5.871715800,0,0
5.871721000,1,0
5.871726000,0,0
5.871726400,0,1
5.871731200,1,1
5.871736200,0,1
5.871737200,0,0
5.871741300,1,0
5.871746400,0,0
5.871751500,1,0
5.871756600,0,0
5.871761700,1,0
5.871766800,0,0
5.871771900,1,0
5.871776900,0,0
5.871782100,1,0
5.871787100,0,0
5.871792300,1,0
5.871797300,0,0
5.871802500,1,0
5.871807500,0,0
5.871812600,1,0
5.871817700,0,0
5.871818100,0,1
5.871822800,1,1
5.871829900,1,0
5.871835900,0,0
5.871837000,0,1
5.871841000,1,1
5.871846000,0,1
5.871847000,0,0
5.871851200,1,0
5.871856200,0,0
5.871857400,0,1
5.871861400,1,1
5.871866400,0,1
5.871867400,0,0
5.871871600,1,0
5.871876600,0,0
5.871881800,1,0
5.871886800,0,0
5.871891900,1,0
5.871897000,0,0
5.871902100,1,0
5.871907200,0,0
5.871908400,0,1
5.871912300,1,1
5.871917300,0,1
5.871917600,0,0
5.871922500,1,0
5.871927500,0,0
5.871932700,1,0
5.871937700,0,0
5.871942900,1,0
5.871947900,0,0
5.871953100,1,0
5.871958100,0,0
5.871963200,1,0
5.871968300,0,0
5.871973400,1,0
5.871978500,0,0
5.871983600,1,0
5.871988600,0,0
5.871989100,0,1
5.871993800,1,1
5.871998800,0,1
5.871999100,0,0
5.872004000,1,0
5.872009000,0,0
5.872009400,0,1
5.872014200,1,1
5.872019200,0,1
5.872020200,0,0
5.872024300,1,0
5.872030600,1,1
5.872102400,1,0
5.872108400,0,0
5.872109500,0,1
5.872113500,1,1
5.872118600,0,1
5.872119600,0,0
5.872123700,1,0
5.872128700,0,0
5.872129900,0,1
5.872133900,1,1
5.872138900,0,1
5.872139900,0,0
5.872144100,1,0
5.872149100,0,0
5.872154300,1,0
5.872159300,0,0
5.872164500,1,0
5.872169500,0,0
5.872174600,1,0
5.872179700,0,0
5.872184800,1,0
5.872189900,0,0
5.872195000,1,0
5.872200000,0,0
5.872200500,0,1
5.872205200,1,1
5.872210200,0,1
5.872211200,0,0
5.872215400,1,0
5.872220400,0,0
5.872225600,1,0
5.872230600,0,0
5.872235800,1,0
5.872240800,0,0
5.872245900,1,0
5.872251000,0,0
5.872256100,1,0
5.872261200,0,0
5.872262400,0,1
5.872266300,1,1
5.872271300,0,1
5.872272300,0,0
5.872276500,1,0
5.872281500,0,0
5.872286700,1,0
5.872291700,0,0
5.872292100,0,1
5.872296900,1,1
5.872303900,1,0
5.872309900,0,0
5.872311100,0,1
5.872315000,1,1
5.872320100,0,1
5.872321100,0,0
5.872325200,1,0
5.872330300,0,0
5.872331400,0,1
5.872335400,1,1
5.872340500,0,1
5.872341500,0,0
5.872345600,1,0
5.872350600,0,0
5.872355800,1,0
5.872360800,0,0
5.872366000,1,0
5.872371000,0,0
5.872376200,1,0
5.872381200,0,0
5.872382400,0,1
5.872386300,1,1
5.872391400,0,1
5.872391600,0,0
5.872396500,1,0
5.872401600,0,0
5.872406700,1,0
5.872411700,0,0
5.872416900,1,0
5.872421900,0,0
5.872422300,0,1
5.872427100,1,1
5.872432100,0,1
5.872432400,0,0
5.872437300,1,0
5.872442300,0,0
5.872442700,0,1
5.872447500,1,1
5.872452500,0,1
5.872457600,1,1
5.872462700,0,1
5.872462900,0,0
5.872467800,1,0
5.872472900,0,0
5.872478000,1,0
5.872483000,0,0
5.872483400,0,1
5.872488200,1,1
5.872493200,0,1
5.872494200,0,0
5.872498400,1,0
5.872504600,1,1
5.872570400,1,0
5.872576400,0,0
5.872577600,0,1
5.872581500,1,1
5.872586600,0,1
5.872587600,0,0
5.872591700,1,0
5.872596800,0,0
5.872598000,0,1
5.872601900,1,1
5.872607000,0,1
5.872608000,0,0
5.872612100,1,0
5.872617200,0,0
5.872622300,1,0
5.872627300,0,0
5.872632500,1,0
5.872637500,0,0
5.872642700,1,0
5.872647700,0,0
5.872652900,1,0
5.872657900,0,0
5.872663000,1,0
5.872668100,0,0
5.872668500,0,1
5.872673200,1,1
5.872678300,0,1
5.872679300,0,0
5.872683400,1,0
5.872688400,0,0
5.872693600,1,0
5.872698600,0,0
5.872703800,1,0
5.872708800,0,0
5.872714000,1,0
5.872719000,0,0
5.872720200,0,1
5.872724200,1,1
5.872729200,0,1
5.872730200,0,0
5.872734300,1,0
5.872739400,0,0
5.872744500,1,0
5.872749600,0,0
5.872754700,1,0
5.872759700,0,0
5.872760200,0,1
5.872764900,1,1
5.872771900,1,0
5.872777900,0,0
5.872779100,0,1
5.872783100,1,1
5.872788100,0,1
5.872789100,0,0
5.872793300,1,0
5.872798300,0,0
5.872799500,0,1
5.872803400,1,1
5.872808500,0,1
5.872809500,0,0
5.872813600,1,0
5.872818700,0,0
5.872823800,1,0
5.872828900,0,0
5.872834000,1,0
5.872839000,0,0
5.872844200,1,0
5.872849200,0,0
5.872850400,0,1
5.872854400,1,1
5.872859400,0,1
5.872859600,0,0
5.872864600,1,0
5.872869600,0,0
5.872874700,1,0
5.872879800,0,0
5.872880200,0,1
5.872884900,1,1
5.872890000,0,1
5.872890200,0,0
5.872895100,1,0
5.872900100,0,0
5.872905300,1,0
5.872910300,0,0
5.872915500,1,0
5.872920500,0,0
5.872920900,0,1
5.872925700,1,1
5.872930700,0,1
5.872935900,1,1
5.872940900,0,1
5.872941100,0,0
5.872946000,1,0
5.872951100,0,0
5.872951500,0,1
5.872956200,1,1
5.872961300,0,1
5.872962300,0,0
5.872966400,1,0
5.872972600,1,1
5.873044400,1,0
5.873050400,0,0
5.873051600,0,1
5.873055600,1,1
5.873060600,0,1
5.873061600,0,0
5.873065800,1,0
5.873070800,0,0
5.873072000,0,1
5.873076000,1,1
5.873081000,0,1
5.873082000,0,0
5.873086100,1,0
5.873091200,0,0
5.873096300,1,0
5.873101400,0,0
5.873106500,1,0
5.873111600,0,0
5.873116700,1,0
5.873121700,0,0
5.873126900,1,0
5.873131900,0,0
5.873137100,1,0
5.873142100,0,0
5.873142500,0,1
5.873147300,1,1
5.873152300,0,1
5.873153300,0,0
5.873157400,1,0
5.873162500,0,0
5.873167600,1,0
5.873172700,0,0
5.873177800,1,0
5.873182800,0,0
5.873188000,1,0
5.873193000,0,0
5.873194200,0,1
5.873198200,1,1
5.873203200,0,1
5.873204200,0,0
5.873208400,1,0
5.873213400,0,0
5.873218600,1,0
5.873223600,0,0
5.873228700,1,0
5.873233800,0,0
5.873234200,0,1
5.873238900,1,1
5.873246000,1,0
5.873252000,0,0
5.873253100,0,1
5.873257100,1,1
5.873262100,0,1
5.873263100,0,0
5.873267300,1,0
5.873272300,0,0
5.873273500,0,1
5.873277500,1,1
5.873282500,0,1
5.873283500,0,0
5.873287700,1,0
5.873292700,0,0
5.873297900,1,0
5.873302900,0,0
5.873308000,1,0
5.873313100,0,0
5.873318200,1,0
5.873323300,0,0
5.873324500,0,1
5.873328400,1,1
5.873333400,0,1
5.873333700,0,0
5.873338600,1,0
5.873343600,0,0
5.873348800,1,0
5.873353800,0,0
5.873354200,0,1
5.873359000,1,1
5.873364000,0,1
5.873364200,0,0
5.873369100,1,0
5.873374200,0,0
5.873379300,1,0
5.873384400,0,0
5.873389500,1,0
5.873394600,0,0
5.873395000,0,1
5.873399700,1,1
5.873404700,0,1
5.873409900,1,1
5.873414900,0,1
5.873415200,0,0
5.873420100,1,0
5.873425100,0,0
5.873425500,0,1
5.873430300,1,1
5.873435300,0,1
5.873436300,0,0
5.873440400,1,0
5.873446700,1,1
5.873510500,1,0
5.873516500,0,0
5.873517600,0,1
5.873521600,1,1
5.873526700,0,1
5.873527700,0,0
5.873531800,1,0
5.873536800,0,0
5.873538000,0,1
5.873542000,1,1
5.873547000,0,1
5.873548000,0,0
5.873552200,1,0
5.873557200,0,0
5.873562400,1,0
5.873567400,0,0
5.873572600,1,0
5.873577600,0,0
5.873582700,1,0
5.873587800,0,0
5.873592900,1,0
5.873598000,0,0
5.873603100,1,0
5.873608100,0,0
5.873608600,0,1
5.873613300,1,1
5.873618300,0,1
5.873619300,0,0
5.873623500,1,0
5.873628500,0,0
5.873633700,1,0
5.873638700,0,0
5.873643800,1,0
5.873648900,0,0
5.873654000,1,0
5.873659100,0,0
5.873660300,0,1
5.873664200,1,1
5.873669300,0,1
5.873670300,0,0
5.873674400,1,0
5.873679400,0,0
5.873684600,1,0
5.873689600,0,0
5.873694800,1,0
5.873699800,0,0
5.873700200,0,1
5.873705000,1,1
5.873712000,1,0
5.873718000,0,0
5.873719200,0,1
5.873723100,1,1
5.873728200,0,1
5.873729200,0,0
5.873733300,1,0
5.873738400,0,0
5.873739500,0,1
5.873743500,1,1
5.873748500,0,1
5.873749500,0,0
5.873753700,1,0
5.873758700,0,0
5.873763900,1,0
5.873768900,0,0
5.873774100,1,0
5.873779100,0,0
5.873784300,1,0
5.873789300,0,0
5.873790500,0,1
5.873794400,1,1
5.873799500,0,1
5.873799700,0,0
5.873804600,1,0
5.873809700,0,0
5.873814800,1,0
5.873819800,0,0
5.873820300,0,1
5.873825000,1,1
5.873830000,0,1
5.873830300,0,0
5.873835200,1,0
5.873840200,0,0
5.873845400,1,0
5.873850400,0,0
5.873855600,1,0
5.873860600,0,0
5.873861000,0,1
5.873865700,1,1
5.873870800,0,1
5.873875900,1,1
5.873881000,0,1
5.873881200,0,0
5.873886100,1,0
5.873891100,0,0
5.873891500,0,1
5.873896300,1,1
5.873901300,0,1
5.873902300,0,0
5.873906500,1,0
5.873912700,1,1
5.873984500,1,0
5.873990500,0,0
5.873991700,0,1
5.873995600,1,1
5.874000700,0,1
5.874001700,0,0
5.874005800,1,0
5.874010900,0,0
5.874012100,0,1
5.874016000,1,1
5.874021100,0,1
5.874022100,0,0
5.874026200,1,0
5.874031200,0,0
5.874036400,1,0
5.874041400,0,0
5.874046600,1,0
5.874051600,0,0
5.874056800,1,0
5.874061800,0,0
5.874067000,1,0
5.874072000,0,0
5.874077100,1,0
5.874082200,0,0
5.874082600,0,1
5.874087300,1,1
5.874092400,0,1
5.874093400,0,0
5.874097500,1,0
5.874102500,0,0
5.874107700,1,0
5.874112700,0,0
5.874117900,1,0
5.874122900,0,0
5.874128100,1,0
5.874133100,0,0
5.874134300,0,1
5.874138300,1,1
5.874143300,0,1
5.874144300,0,0
5.874148400,1,0
5.874153500,0,0
5.874158600,1,0
5.874163700,0,0
5.874168800,1,0
5.874173800,0,0
5.874174300,0,1
5.874179000,1,1
5.874186000,1,0
5.874192000,0,0
5.874193200,0,1
5.874197200,1,1
5.874202200,0,1
5.874203200,0,0
5.874207400,1,0
5.874212400,0,0
5.874213600,0,1
5.874217500,1,1
5.874222600,0,1
5.874223600,0,0
5.874227700,1,0
5.874232800,0,0
5.874237900,1,0
5.874242900,0,0
5.874248100,1,0
5.874253100,0,0
5.874258300,1,0
5.874263300,0,0
5.874264500,0,1
5.874268500,1,1
5.874273500,0,1
5.874273700,0,0
5.874278700,1,0
5.874283700,0,0
5.874288800,1,0
5.874293900,0,0
5.874294300,0,1
5.874299000,1,1
5.874304100,0,1
5.874304300,0,0
5.874309200,1,0
5.874314200,0,0
5.874319400,1,0
5.874324400,0,0
5.874329600,1,0
5.874334600,0,0
5.874335000,0,1
5.874339800,1,1
5.874344800,0,1
5.874350000,1,1
5.874355000,0,1
5.874355200,0,0
5.874360100,1,0
5.874365200,0,0
5.874365600,0,1
5.874370300,1,1
5.874375400,0,1
5.874376400,0,0
5.874380500,1,0
5.874386700,1,1
5.874450500,1,0
5.874456500,0,0
5.874457700,0,1
5.874461700,1,1
5.874466700,0,1
5.874467700,0,0
5.874471900,1,0
5.874476900,0,0
5.874478100,0,1
5.874482100,1,1
5.874487100,0,1
5.874488100,0,0
5.874492200,1,0
5.874497300,0,0
5.874502400,1,0
5.874507500,0,0
5.874512600,1,0
5.874517700,0,0
5.874522800,1,0
5.874527800,0,0
5.874533000,1,0
5.874538000,0,0
5.874543200,1,0
5.874548200,0,0
5.874548600,0,1
5.874553400,1,1
5.874558400,0,1
5.874559400,0,0
5.874563500,1,0
5.874568600,0,0
5.874573700,1,0
5.874578800,0,0
5.874583900,1,0
5.874588900,0,0
5.874594100,1,0
5.874599100,0,0
5.874600300,0,1
5.874604300,1,1
5.874609300,0,1
5.874610300,0,0
5.874614500,1,0
5.874619500,0,0
5.874624700,1,0
5.874629700,0,0
5.874634800,1,0
5.874639900,0,0
5.874640300,0,1
5.874645000,1,1
5.874652100,1,0
5.874658100,0,0
5.874659200,0,1
5.874663200,1,1
5.874668200,0,1
5.874669200,0,0
5.874673400,1,0
5.874678400,0,0
5.874679600,0,1
5.874683600,1,1
5.874688600,0,1
5.874689600,0,0
5.874693800,1,0
5.874698800,0,0
5.874703900,1,0
5.874709000,0,0
5.874714100,1,0
5.874719200,0,0
5.874724300,1,0
5.874729400,0,0
5.874730600,0,1
5.874734500,1,1
5.874739500,0,1
5.874739800,0,0
5.874744700,1,0
5.874749700,0,0
5.874754900,1,0
5.874759900,0,0
5.874760300,0,1
5.874765100,1,1
5.874770100,0,1
5.874770300,0,0
5.874775200,1,0
5.874780300,0,0
5.874785400,1,0
5.874790500,0,0
5.874795600,1,0
5.874800600,0,0
5.874801100,0,1
5.874805800,1,1
5.874810800,0,1
5.874816000,1,1
5.874821000,0,1
5.874821300,0,0
5.874826200,1,0
5.874831200,0,0
5.874831600,0,1
5.874836400,1,1
5.874841400,0,1
5.874842400,0,0
5.874846500,1,0
5.874852800,1,1
5.874923600,1,0
5.874929600,0,0
5.874930700,0,1
5.874934700,1,1
5.874939800,0,1
5.874940800,0,0
5.874944900,1,0
5.874949900,0,0
5.874951100,0,1
5.874955100,1,1
5.874960100,0,1
5.874961100,0,0
5.874965300,1,0
5.874970300,0,0
5.874975500,1,0
5.874980500,0,0
5.874985600,1,0
5.874990700,0,0
5.874995800,1,0
5.875000900,0,0
5.875006000,1,0
5.875011100,0,0
5.875016200,1,0
5.875021200,0,0
5.875021700,0,1
5.875026400,1,1
5.875031400,0,1
5.875032400,0,0
5.875036600,1,0
5.875041600,0,0
5.875046800,1,0
5.875051800,0,0
5.875056900,1,0
5.875062000,0,0
5.875067100,1,0
5.875072200,0,0
5.875073400,0,1
5.875077300,1,1
5.875082300,0,1
5.875083300,0,0
5.875087500,1,0
5.875092500,0,0
5.875097700,1,0
5.875102700,0,0
5.875107900,1,0
5.875112900,0,0
5.875113300,0,1
5.875118100,1,1
5.875125100,1,0
5.875131100,0,0
5.875132300,0,1
5.875136200,1,1
5.875141300,0,1
5.875142300,0,0
5.875146400,1,0
5.875151500,0,0
5.875152600,0,1
5.875156600,1,1
5.875161600,0,1
5.875162600,0,0
5.875166800,1,0
5.875171800,0,0
5.875177000,1,0
5.875182000,0,0
5.875187200,1,0
5.875192200,0,0
5.875197400,1,0
5.875202400,0,0
5.875203600,0,1
5.875207500,1,1
5.875212600,0,1
5.875212800,0,0
5.875217700,1,0
5.875222800,0,0
5.875227900,1,0
5.875232900,0,0
5.875233400,0,1
5.875238100,1,1
5.875243100,0,1
5.875243400,0,0
5.875248300,1,0
5.875253300,0,0
5.875258500,1,0
5.875263500,0,0
5.875268600,1,0
5.875273700,0,0
5.875274100,0,1
5.875278800,1,1
5.875283900,0,1
5.875289000,1,1
5.875294000,0,1
5.875294300,0,0
5.875299200,1,0
5.875304200,0,0
5.875304600,0,1
5.875309400,1,1
5.875314400,0,1
5.875315400,0,0
5.875319600,1,0
5.875325800,1,1
5.875389600,1,0
5.875395600,0,0
5.875396800,0,1
5.875400700,1,1
5.875405800,0,1
5.875406800,0,0
5.875410900,1,0
5.875416000,0,0
5.875417200,0,1
5.875421100,1,1
5.875426200,0,1
5.875427200,0,0
5.875431300,1,0
5.875436300,0,0
5.875441500,1,0
5.875446500,0,0
5.875451700,1,0
5.875456700,0,0
5.875461900,1,0
5.875466900,0,0
5.875472100,1,0
5.875477100,0,0
5.875482200,1,0
5.875487300,0,0
5.875487700,0,1
5.875492400,1,1
5.875497500,0,1
5.875498500,0,0
5.875502600,1,0
5.875507600,0,0
5.875512800,1,0
5.875517800,0,0
5.875523000,1,0
5.875528000,0,0
5.875533200,1,0
5.875538200,0,0
5.875539400,0,1
5.875543300,1,1
5.875548400,0,1
5.875549400,0,0
5.875553500,1,0
5.875558600,0,0
5.875563700,1,0
5.875568800,0,0
5.875573900,1,0
5.875578900,0,0
5.875579300,0,1
5.875584100,1,1
5.875591100,1,0
5.875597100,0,0
5.875598300,0,1
5.875602300,1,1
5.875607300,0,1
5.875608300,0,0
5.875612500,1,0
5.875617500,0,0
5.875618700,0,1
5.875622600,1,1
5.875627700,0,1
5.875628700,0,0
5.875632800,1,0
5.875637900,0,0
5.875643000,1,0
5.875648000,0,0
5.875653200,1,0
5.875658200,0,0
5.875663400,1,0
5.875668400,0,0
5.875669600,0,1
5.875673600,1,1
5.875678600,0,1
5.875678800,0,0
5.875683800,1,0
5.875688800,0,0
5.875693900,1,0
5.875699000,0,0
5.875699400,0,1
5.875704100,1,1
5.875709200,0,1
5.875709400,0,0
5.875714300,1,0
5.875719300,0,0
5.875724500,1,0
5.875729500,0,0
5.875734700,1,0
5.875739700,0,0
5.875740100,0,1
5.875744900,1,1
5.875749900,0,1
5.875755000,1,1
5.875760100,0,1
5.875760300,0,0
5.875765200,1,0
5.875770300,0,0
5.875770600,0,1
5.875775400,1,1
5.875780500,0,1
5.875781500,0,0
5.875785600,1,0
5.875791800,1,1
5.875866600,1,0
5.875872600,0,0
5.875873800,0,1
5.875877800,1,1
5.875882800,0,1
5.875883800,0,0
5.875888000,1,0
5.875893000,0,0
5.875894200,0,1
5.875898200,1,1
5.875903200,0,1
5.875904200,0,0
5.875908300,1,0
5.875913400,0,0
5.875918500,1,0
5.875923600,0,0
5.875928700,1,0
5.875933700,0,0
5.875938900,1,0
5.875943900,0,0
5.875949100,1,0
5.875954100,0,0
5.875959300,1,0
5.875964300,0,0
5.875964700,0,1
5.875969500,1,1
5.875974500,0,1
5.875975500,0,0
5.875979600,1,0
5.875984700,0,0
5.875989800,1,0
5.875994900,0,0
5.876000000,1,0
5.876005000,0,0
5.876006300,0,1
5.876010200,1,1
5.876015200,0,1
5.876016200,0,0
5.876020400,1,0
5.876025400,0,0
5.876026600,0,1
5.876030600,1,1
5.876035600,0,1
5.876040700,1,1
5.876045800,0,1
5.876046000,0,0
5.876050900,1,0
5.876056000,0,0
5.876056300,0,1
5.876061100,1,1
5.876068200,1,0
5.876074200,0,0
5.876075300,0,1
5.876079300,1,1
5.876084300,0,1
5.876085300,0,0
5.876089500,1,0
5.876094500,0,0
5.876095700,0,1
5.876099700,1,1
5.876104700,0,1
5.876105700,0,0
5.876109900,1,0
5.876114900,0,0
5.876120000,1,0
5.876125100,0,0
5.876130200,1,0
5.876135300,0,0
5.876140400,1,0
5.876145400,0,0
5.876146700,0,1
5.876150600,1,1
5.876155600,0,1
5.876155900,0,0
5.876160800,1,0
5.876165800,0,0
5.876171000,1,0
5.876176000,0,0
5.876181200,1,0
5.876186200,0,0
5.876186600,0,1
5.876191300,1,1
5.876196400,0,1
5.876196600,0,0
5.876201500,1,0
5.876206600,0,0
5.876211700,1,0
5.876216700,0,0
5.876221900,1,0
5.876226900,0,0
5.876227300,0,1
5.876232100,1,1
5.876237100,0,1
5.876242300,1,1
5.876247300,0,1
5.876252400,1,1
5.876257500,0,1
5.876258500,0,0
5.876262600,1,0
5.876268800,1,1
5.876332700,1,0
5.876338700,0,0
5.876339800,0,1
5.876343800,1,1
5.876348900,0,1
5.876349900,0,0
5.876354000,1,0
5.876359000,0,0
5.876360200,0,1
5.876364200,1,1
5.876369200,0,1
5.876370200,0,0
5.876374400,1,0
5.876379400,0,0
5.876384600,1,0
5.876389600,0,0
5.876394700,1,0
5.876399800,0,0
5.876404900,1,0
5.876410000,0,0
5.876415100,1,0
5.876420100,0,0
5.876425300,1,0
5.876430300,0,0
5.876430700,0,1
5.876435500,1,1
5.876440500,0,1
5.876441500,0,0
5.876445700,1,0
5.876450700,0,0
5.876455900,1,0
5.876460900,0,0
5.876466000,1,0
5.876471100,0,0
5.876472300,0,1
5.876476200,1,1
5.876481300,0,1
5.876482300,0,0
5.876486400,1,0
5.876491400,0,0
5.876492600,0,1
5.876496600,1,1
5.876501600,0,1
5.876506800,1,1
5.876511800,0,1
5.876512000,0,0
5.876517000,1,0
5.876522000,0,0
5.876522400,0,1
5.876527200,1,1
5.876534200,1,0
5.876540200,0,0
5.876541400,0,1
5.876545300,1,1
5.876550400,0,1
5.876551400,0,0
5.876555500,1,0
5.876560600,0,0
5.876561700,0,1
5.876565700,1,1
5.876570700,0,1
5.876571700,0,0
5.876575900,1,0
5.876580900,0,0
5.876586100,1,0
5.876591100,0,0
5.876596300,1,0
5.876601300,0,0
5.876606400,1,0
5.876611500,0,0
5.876612700,0,1
5.876616600,1,1
5.876621700,0,1
5.876621900,0,0
5.876626800,1,0
5.876631900,0,0
5.876637000,1,0
5.876642000,0,0
5.876647200,1,0
5.876652200,0,0
5.876652600,0,1
5.876657400,1,1
5.876662400,0,1
5.876662600,0,0
5.876667600,1,0
5.876672600,0,0
5.876677700,1,0
5.876682800,0,0
5.876687900,1,0
5.876693000,0,0
5.876693400,0,1
5.876698100,1,1
5.876703100,0,1
5.876708300,1,1
5.876713300,0,1
5.876718500,1,1
5.876723500,0,1
5.876724500,0,0
5.876728700,1,0
5.876734900,1,1
5.876805700,1,0
5.876811700,0,0
5.876812900,0,1
5.876816800,1,1
5.876821900,0,1
5.876822900,0,0
5.876827000,1,0
5.876832100,0,0
5.876833300,0,1
5.876837200,1,1
5.876842300,0,1
5.876843300,0,0
5.876847400,1,0
5.876852400,0,0
5.876857600,1,0
5.876862600,0,0
5.876867800,1,0
5.876872800,0,0
5.876878000,1,0
5.876883000,0,0
5.876888100,1,0
5.876893200,0,0
5.876898300,1,0
5.876903400,0,0
5.876903800,0,1
5.876908500,1,1
5.876913600,0,1
5.876914600,0,0
5.876918700,1,0
5.876923700,0,0
5.876928900,1,0
5.876933900,0,0
5.876939100,1,0
5.876944100,0,0
5.876945300,0,1
5.876949300,1,1
5.876954300,0,1
5.876955300,0,0
5.876959400,1,0
5.876964500,0,0
5.876965700,0,1
5.876969600,1,1
5.876974700,0,1
5.876979800,1,1
5.876984800,0,1
5.876985100,0,0
5.876990000,1,0
5.876995000,0,0
5.876995400,0,1
5.877000200,1,1
5.877007200,1,0
5.877013200,0,0
5.877014400,0,1
5.877018400,1,1
5.877023400,0,1
5.877024400,0,0
5.877028500,1,0
5.877033600,0,0
5.877034800,0,1
5.877038700,1,1
5.877043800,0,1
5.877044800,0,0
5.877048900,1,0
5.877054000,0,0
5.877059100,1,0
5.877064100,0,0
5.877069300,1,0
5.877074300,0,0
5.877079500,1,0
5.877084500,0,0
5.877085700,0,1
5.877089700,1,1
5.877094700,0,1
5.877094900,0,0
5.877099900,1,0
5.877104900,0,0
5.877110000,1,0
5.877115100,0,0
5.877120200,1,0
5.877125300,0,0
5.877125700,0,1
5.877130400,1,1
5.877135400,0,1
5.877135700,0,0
5.877140600,1,0
5.877145600,0,0
5.877150800,1,0
5.877155800,0,0
5.877161000,1,0
5.877166000,0,0
5.877166400,0,1
5.877171100,1,1
5.877176200,0,1
5.877181300,1,1
5.877186400,0,1
5.877191500,1,1
5.877196500,0,1
5.877197500,0,0
5.877201700,1,0
5.877207900,1,1
5.877271700,1,0
5.877277700,0,0
5.877278900,0,1
5.877282900,1,1
5.877287900,0,1
5.877288900,0,0
5.877293100,1,0
5.877298100,0,0
5.877299300,0,1
5.877303300,1,1
5.877308300,0,1
5.877309300,0,0
5.877313400,1,0
5.877318500,0,0
5.877323600,1,0
5.877328700,0,0
5.877333800,1,0
5.877338800,0,0
5.877344000,1,0
5.877349000,0,0
5.877354200,1,0
5.877359200,0,0
5.877364400,1,0
5.877369400,0,0
5.877369800,0,1
5.877374500,1,1
5.877379600,0,1
5.877380600,0,0
5.877384700,1,0
5.877389800,0,0
5.877394900,1,0
5.877400000,0,0
5.877405100,1,0
5.877410100,0,0
5.877411400,0,1
5.877415300,1,1
5.877420300,0,1
5.877421300,0,0
5.877425500,1,0
5.877430500,0,0
5.877431700,0,1
5.877435700,1,1
5.877440700,0,1
5.877445800,1,1
5.877450900,0,1
5.877451100,0,0
5.877456000,1,0
5.877461100,0,0
5.877461400,0,1
5.877466200,1,1
5.877473200,1,0
5.877479200,0,0
5.877480400,0,1
5.877484400,1,1
5.877489400,0,1
5.877490400,0,0
5.877494600,1,0
5.877499600,0,0
5.877500800,0,1
5.877504800,1,1
5.877509800,0,1
5.877510800,0,0
5.877515000,1,0
5.877520000,0,0
5.877525100,1,0
5.877530200,0,0
5.877535300,1,0
5.877540400,0,0
5.877545500,1,0
5.877550500,0,0
5.877551800,0,1
5.877555700,1,1
5.877560700,0,1
5.877561000,0,0
5.877565900,1,0
5.877570900,0,0
5.877576100,1,0
5.877581100,0,0
5.877586300,1,0
5.877591300,0,0
5.877591700,0,1
5.877596400,1,1
5.877601500,0,1
5.877601700,0,0
5.877606600,1,0
5.877611700,0,0
5.877616800,1,0
5.877621800,0,0
5.877627000,1,0
5.877632000,0,0
5.877632400,0,1
5.877637200,1,1
5.877642200,0,1
5.877647400,1,1
5.877652400,0,1
5.877657500,1,1
5.877662600,0,1
5.877663600,0,0
5.877667700,1,0
5.877673900,1,1
5.877745800,1,0
5.877751800,0,0
5.877752900,0,1
5.877756900,1,1
5.877762000,0,1
5.877763000,0,0
5.877767100,1,0
5.877772100,0,0
5.877773300,0,1
5.877777300,1,1
5.877782300,0,1
5.877783300,0,0
5.877787500,1,0
5.877792500,0,0
5.877797700,1,0
5.877802700,0,0
5.877807800,1,0
5.877812900,0,0
5.877818000,1,0
5.877823100,0,0
5.877828200,1,0
5.877833200,0,0
5.877838400,1,0
5.877843400,0,0
5.877843800,0,1
5.877848600,1,1
5.877853600,0,1
5.877854600,0,0
5.877858800,1,0
5.877863800,0,0
5.877869000,1,0
5.877874000,0,0
5.877879100,1,0
5.877884200,0,0
5.877885400,0,1
5.877889300,1,1
5.877894400,0,1
5.877895400,0,0
5.877899500,1,0
5.877904500,0,0
5.877905700,0,1
5.877909700,1,1
5.877914700,0,1
5.877919900,1,1
5.877924900,0,1
5.877925100,0,0
5.877930100,1,0
5.877935100,0,0
5.877935500,0,1
5.877940200,1,1
5.877947300,1,0
5.877953300,0,0
5.877954500,0,1
5.877958400,1,1
5.877963500,0,1
5.877964500,0,0
5.877968600,1,0
5.877973700,0,0
5.877974800,0,1
5.877978800,1,1
5.877983800,0,1
5.877984800,0,0
5.877989000,1,0
5.877994000,0,0
5.877999200,1,0
5.878004200,0,0
5.878009400,1,0
5.878014400,0,0
5.878019500,1,0
5.878024600,0,0
5.878025800,0,1
5.878029700,1,1
5.878034800,0,1
5.878035000,0,0
5.878039900,1,0
5.878044900,0,0
5.878050100,1,0
5.878055100,0,0
5.878060300,1,0
5.878065300,0,0
5.878065700,0,1
5.878070500,1,1
5.878075500,0,1
5.878075700,0,0
5.878080700,1,0
5.878085700,0,0
5.878090800,1,0
5.878095900,0,0
5.878101000,1,0
5.878106100,0,0
5.878106500,0,1
5.878111200,1,1
5.878116200,0,1
5.878121400,1,1
5.878126400,0,1
5.878131600,1,1
5.878136600,0,1
5.878137600,0,0
5.878141800,1,0
5.878148000,1,1
5.878211800,1,0
5.878217800,0,0
5.878219000,0,1
5.878222900,1,1
5.878228000,0,1
5.878229000,0,0
5.878233100,1,0
5.878238200,0,0
5.878239400,0,1
5.878243300,1,1
5.878248400,0,1
5.878249400,0,0
5.878253500,1,0
5.878258500,0,0
5.878263700,1,0
5.878268700,0,0
5.878273900,1,0
5.878278900,0,0
5.878284100,1,0
5.878289100,0,0
5.878294200,1,0
5.878299300,0,0
5.878304400,1,0
5.878309500,0,0
5.878309900,0,1
5.878314600,1,1
5.878319600,0,1
5.878320600,0,0
5.878324800,1,0
5.878329800,0,0
5.878335000,1,0
5.878340000,0,0
5.878345200,1,0
5.878350200,0,0
5.878351400,0,1
5.878355400,1,1
5.878360400,0,1
5.878361400,0,0
5.878365500,1,0
5.878370600,0,0
5.878371800,0,1
5.878375700,1,1
5.878380800,0,1
5.878385900,1,1
5.878390900,0,1
5.878391200,0,0
5.878396100,1,0
5.878401100,0,0
5.878401500,0,1
5.878406300,1,1
5.878413300,1,0
5.878419300,0,0
5.878420500,0,1
5.878424400,1,1
5.878429500,0,1
5.878430500,0,0
5.878434600,1,0
5.878439700,0,0
5.878440900,0,1
5.878444800,1,1
5.878449900,0,1
5.878450900,0,0
5.878455000,1,0
5.878460100,0,0
5.878465200,1,0
5.878470200,0,0
5.878475400,1,0
5.878480400,0,0
5.878485600,1,0
5.878490600,0,0
5.878491800,0,1
5.878495800,1,1
5.878500800,0,1
5.878501000,0,0
5.878505900,1,0
5.878511000,0,0
5.878516100,1,0
5.878521200,0,0
5.878526300,1,0
5.878531300,0,0
5.878531800,0,1
5.878536500,1,1
5.878541500,0,1
5.878541800,0,0
5.878546700,1,0
5.878551700,0,0
5.878556900,1,0
5.878561900,0,0
5.878567100,1,0
5.878572100,0,0
5.878572500,0,1
5.878577200,1,1
5.878582300,0,1
5.878587400,1,1
5.878592500,0,1
5.878597600,1,1
5.878602600,0,1
5.878603600,0,0
5.878607800,1,0
5.878614000,1,1
5.878677800,1,0
5.878683800,0,0
5.878685000,0,1
5.878689000,1,1
5.878694000,0,1
5.878695000,0,0
5.878699200,1,0
5.878704200,0,0
5.878705400,0,1
5.878709300,1,1
5.878714400,0,1
5.878715400,0,0
5.878719500,1,0
5.878724600,0,0
5.878729700,1,0
5.878734800,0,0
5.878739900,1,0
5.878744900,0,0
5.878750100,1,0
5.878755100,0,0
5.878760300,1,0
5.878765300,0,0
5.878770500,1,0
5.878775500,0,0
5.878775900,0,1
5.878780600,1,1
5.878785700,0,1
5.878786700,0,0
5.878790800,1,0
5.878795900,0,0
5.878801000,1,0
5.878806100,0,0
5.878811200,1,0
5.878816200,0,0
5.878817400,0,1
5.878821400,1,1
5.878826400,0,1
5.878827400,0,0
5.878831600,1,0
5.878836600,0,0
5.878837800,0,1
5.878841800,1,1
5.878846800,0,1
5.878851900,1,1
5.878857000,0,1
5.878857200,0,0
5.878862100,1,0
5.878867200,0,0
5.878867500,0,1
5.878872300,1,1
5.878879300,1,0
5.878885300,0,0
5.878886500,0,1
5.878890500,1,1
5.878895500,0,1
5.878896500,0,0
5.878900700,1,0
5.878905700,0,0
5.878906900,0,1
5.878910900,1,1
5.878915900,0,1
5.878916900,0,0
5.878921100,1,0
5.878926100,0,0
5.878931200,1,0
5.878936300,0,0
5.878941400,1,0
5.878946500,0,0
5.878951600,1,0
5.878956600,0,0
5.878957900,0,1
5.878961800,1,1
5.878966800,0,1
5.878967100,0,0
5.878972000,1,0
5.878977000,0,0
5.878982200,1,0
5.878987200,0,0
5.878992300,1,0
5.878997400,0,0
5.878997800,0,1
5.879002500,1,1
5.879007600,0,1
5.879007800,0,0
5.879012700,1,0
5.879017800,0,0
5.879022900,1,0
5.879027900,0,0
5.879033100,1,0
5.879038100,0,0
5.879038500,0,1
5.879043300,1,1
5.879048300,0,1
5.879053500,1,1
5.879058500,0,1
5.879063600,1,1
5.879068700,0,1
5.879069700,0,0
5.879073800,1,0
5.879080000,1,1
5.879161900,1,0
5.879167900,0,0
5.879169000,0,1
5.879173000,1,1
5.879178000,0,1
5.879179000,0,0
5.879183200,1,0
5.879188200,0,0
5.879189400,0,1
5.879193400,1,1
5.879198400,0,1
5.879199400,0,0
5.879203600,1,0
5.879208600,0,0
5.879213800,1,0
5.879218800,0,0
5.879223900,1,0
5.879229000,0,0
5.879234100,1,0
5.879239200,0,0
5.879244300,1,0
5.879249300,0,0
5.879254500,1,0
5.879259500,0,0
5.879259900,0,1
5.879264700,1,1
5.879269700,0,1
5.879270700,0,0
5.879274900,1,0
5.879279900,0,0
5.879285100,1,0
5.879290100,0,0
5.879295200,1,0
5.879300300,0,0
5.879301500,0,1
5.879305400,1,1
5.879310500,0,1
5.879315600,1,1
5.879320600,0,1
5.879325800,1,1
5.879330800,0,1
5.879336000,1,1
5.879341000,0,1
5.879341200,0,0
5.879346200,1,0
5.879351200,0,0
5.879351600,0,1
5.879356300,1,1
5.879363400,1,0
5.879369400,0,0
5.879370500,0,1
5.879374500,1,1
5.879379600,0,1
5.879380600,0,0
5.879384700,1,0
5.879389700,0,0
5.879390900,0,1
5.879394900,1,1
5.879399900,0,1
5.879400900,0,0
5.879405100,1,0
5.879410100,0,0
5.879415300,1,0
5.879420300,0,0
5.879425500,1,0
5.879430500,0,0
5.879435600,1,0
5.879440700,0,0
5.879441900,0,1
5.879445800,1,1
5.879450900,0,1
5.879451100,0,0
5.879456000,1,0
5.879461000,0,0
5.879461400,0,1
5.879466200,1,1
5.879471200,0,1
5.879471500,0,0
5.879476400,1,0
5.879481400,0,0
5.879486600,1,0
5.879491600,0,0
5.879496800,1,0
5.879501800,0,0
5.879506900,1,0
5.879512000,0,0
5.879517100,1,0
5.879522200,0,0
5.879522600,0,1
5.879527300,1,1
5.879532300,0,1
5.879537500,1,1
5.879542500,0,1
5.879547700,1,1
5.879552700,0,1
5.879553700,0,0
5.879557900,1,0
5.879564100,1,1
5.879627900,1,0
5.879633900,0,0
5.879635100,0,1
5.879639000,1,1
5.879644100,0,1
5.879645100,0,0
5.879649200,1,0
5.879654300,0,0
5.879655400,0,1
5.879659400,1,1
5.879664400,0,1
5.879665400,0,0
5.879669600,1,0
5.879674600,0,0
5.879679800,1,0
5.879684800,0,0
5.879690000,1,0
5.879695000,0,0
5.879700200,1,0
5.879705200,0,0
5.879710300,1,0
5.879715400,0,0
5.879720500,1,0
5.879725600,0,0
5.879726000,0,1
5.879730700,1,1
5.879735700,0,1
5.879736700,0,0
5.879740900,1,0
5.879745900,0,0
5.879751100,1,0
5.879756100,0,0
5.879761300,1,0
5.879766300,0,0
5.879767500,0,1
5.879771500,1,1
5.879776500,0,1
5.879781600,1,1
5.879786700,0,1
5.879791800,1,1
5.879796900,0,1
5.879802000,1,1
5.879807000,0,1
5.879807300,0,0
5.879812200,1,0
5.879817200,0,0
5.879817600,0,1
5.879822400,1,1
5.879829400,1,0
5.879835400,0,0
5.879836600,0,1
5.879840500,1,1
5.879845600,0,1
5.879846600,0,0
5.879850700,1,0
5.879855800,0,0
5.879857000,0,1
5.879860900,1,1
5.879866000,0,1
5.879867000,0,0
5.879871100,1,0
5.879876200,0,0
5.879881300,1,0
5.879886300,0,0
5.879891500,1,0
5.879896500,0,0
5.879901700,1,0
5.879906700,0,0
5.879907900,0,1
5.879911900,1,1
5.879916900,0,1
5.879917100,0,0
5.879922000,1,0
5.879927100,0,0
5.879927500,0,1
5.879932200,1,1
5.879937300,0,1
5.879937500,0,0
5.879942400,1,0
5.879947400,0,0
5.879952600,1,0
5.879957600,0,0
5.879962800,1,0
5.879967800,0,0
5.879973000,1,0
5.879978000,0,0
5.879983200,1,0
5.879988200,0,0
5.879988600,0,1
5.879993300,1,1
5.879998400,0,1
5.880003500,1,1
5.880008600,0,1
5.880013700,1,1
5.880018700,0,1
5.880019700,0,0
5.880023900,1,0
5.880030100,1,1
5.880101900,1,0
5.880107900,0,0
5.880109100,0,1
5.880113000,1,1
5.880118100,0,1
5.880119100,0,0
5.880123300,1,0
5.880128300,0,0
5.880129500,0,1
5.880133400,1,1
5.880138500,0,1
5.880139500,0,0
5.880143600,1,0
5.880148700,0,0
5.880153800,1,0
5.880158900,0,0
5.880164000,1,0
5.880169000,0,0
5.880174200,1,0
5.880179200,0,0
5.880184400,1,0
5.880189400,0,0
5.880194600,1,0
5.880199600,0,0
5.880200000,0,1
5.880204700,1,1
5.880209800,0,1
5.880210800,0,0
5.880214900,1,0
5.880220000,0,0
5.880225100,1,0
5.880230100,0,0
5.880235300,1,0
5.880240300,0,0
5.880241500,0,1
5.880245500,1,1
5.880250500,0,1
5.880255700,1,1
5.880260700,0,1
5.880265900,1,1
5.880270900,0,1
5.880276000,1,1
5.880281100,0,1
5.880281300,0,0
5.880286200,1,0
5.880291300,0,0
5.880291600,0,1
5.880296400,1,1
5.880303400,1,0
5.880309400,0,0
5.880310600,0,1
5.880314600,1,1
5.880319600,0,1
5.880320600,0,0
5.880324800,1,0
5.880329800,0,0
5.880331000,0,1
5.880335000,1,1
5.880340000,0,1
5.880341000,0,0
5.880345100,1,0
5.880350200,0,0
5.880355300,1,0
5.880360400,0,0
5.880365500,1,0
5.880370600,0,0
5.880375700,1,0
5.880380700,0,0
5.880382000,0,1
5.880385900,1,1
5.880390900,0,1
5.880391200,0,0
5.880396100,1,0
5.880401100,0,0
5.880401500,0,1
5.880406300,1,1
5.880411300,0,1
5.880411500,0,0
5.880416400,1,0
5.880421500,0,0
5.880426600,1,0
5.880431700,0,0
5.880436800,1,0
5.880441800,0,0
5.880447000,1,0
5.880452000,0,0
5.880457200,1,0
5.880462200,0,0
5.880462600,0,1
5.880467400,1,1
5.880472400,0,1
5.880477600,1,1
5.880482600,0,1
5.880487700,1,1
5.880492800,0,1
5.880493800,0,0
5.880497900,1,0
5.880504100,1,1
5.880568000,1,0
5.880574000,0,0
5.880575100,0,1
5.880579100,1,1
5.880584100,0,1
5.880585100,0,0
5.880589300,1,0
5.880594300,0,0
5.880595500,0,1
5.880599500,1,1
5.880604500,0,1
5.880605500,0,0
5.880609700,1,0
5.880614700,0,0
5.880619900,1,0
5.880624900,0,0
5.880630000,1,0
5.880635100,0,0
5.880640200,1,0
5.880645300,0,0
5.880650400,1,0
5.880655400,0,0
5.880660600,1,0
5.880665600,0,0
5.880666000,0,1
5.880670800,1,1
5.880675800,0,1
5.880676800,0,0
5.880681000,1,0
5.880686000,0,0
5.880691100,1,0
5.880696200,0,0
5.880701300,1,0
5.880706400,0,0
5.880707600,0,1
5.880711500,1,1
5.880716500,0,1
5.880721700,1,1
5.880726700,0,1
5.880731900,1,1
5.880736900,0,1
5.880742100,1,1
5.880747100,0,1
5.880747300,0,0
5.880752300,1,0
5.880757300,0,0
5.880757700,0,1
5.880762400,1,1
5.880769500,1,0
5.880775500,0,0
5.880776600,0,1
5.880780600,1,1
5.880785700,0,1
5.880786700,0,0
5.880790800,1,0
5.880795800,0,0
5.880797000,0,1
5.880801000,1,1
5.880806000,0,1
5.880807000,0,0
5.880811200,1,0
5.880816200,0,0
5.880821400,1,0
5.880826400,0,0
5.880831600,1,0
5.880836600,0,0
5.880841700,1,0
5.880846800,0,0
5.880848000,0,1
5.880851900,1,1
5.880857000,0,1
5.880857200,0,0
5.880862100,1,0
5.880867100,0,0
5.880867500,0,1
5.880872300,1,1
5.880877300,0,1
5.880877600,0,0
5.880882500,1,0
5.880887500,0,0
5.880892700,1,0
5.880897700,0,0
5.880902800,1,0
5.880907900,0,0
5.880913000,1,0
5.880918100,0,0
5.880923200,1,0
5.880928300,0,0
5.880928700,0,1
5.880933400,1,1
5.880938400,0,1
5.880943600,1,1
5.880948600,0,1
5.880953800,1,1
5.880958800,0,1
5.880959800,0,0
5.880964000,1,0
5.880970200,1,1
5.881041000,1,0
5.881047000,0,0
5.881048100,0,1
5.881052100,1,1
5.881057200,0,1
5.881058200,0,0
5.881062300,1,0
5.881067400,0,0
5.881068500,0,1
5.881072500,1,1
5.881077500,0,1
5.881078500,0,0
5.881082700,1,0
5.881087700,0,0
5.881092900,1,0
5.881097900,0,0
5.881103100,1,0
5.881108100,0,0
5.881113300,1,0
5.881118300,0,0
5.881123400,1,0
5.881128500,0,0
5.881133600,1,0
5.881138700,0,0
5.881139100,0,1
5.881143800,1,1
5.881148800,0,1
5.881149800,0,0
5.881154000,1,0
5.881159000,0,0
5.881164200,1,0
5.881169200,0,0
5.881174400,1,0
5.881179400,0,0
5.881180600,0,1
5.881184500,1,1
5.881189600,0,1
5.881194700,1,1
5.881199800,0,1
5.881204900,1,1
5.881210000,0,1
5.881215100,1,1
5.881220100,0,1
5.881220400,0,0
5.881225300,1,0
5.881230300,0,0
5.881230700,0,1
5.881235500,1,1
5.881242500,1,0
5.881248500,0,0
5.881249700,0,1
5.881253600,1,1
5.881258700,0,1
5.881259700,0,0
5.881263800,1,0
5.881268900,0,0
5.881270100,0,1
5.881274000,1,1
5.881279100,0,1
5.881280100,0,0
5.881284200,1,0
5.881289200,0,0
5.881294400,1,0
5.881299400,0,0
5.881304600,1,0
5.881309600,0,0
5.881314800,1,0
5.881319800,0,0
5.881321000,0,1
5.881325000,1,1
5.881330000,0,1
5.881330200,0,0
5.881335100,1,0
5.881340200,0,0
5.881340600,0,1
5.881345300,1,1
5.881350400,0,1
5.881350600,0,0
5.881355500,1,0
5.881360500,0,0
5.881365700,1,0
5.881370700,0,0
5.881375900,1,0
5.881380900,0,0
5.881386100,1,0
5.881391100,0,0
5.881396300,1,0
5.881401300,0,0
5.881401700,0,1
5.881406400,1,1
5.881411500,0,1
5.881416600,1,1
5.881421700,0,1
5.881426800,1,1
5.881431800,0,1
5.881432800,0,0
5.881437000,1,0
5.881443200,1,1
5.881507000,1,0
5.881513000,0,0
5.881514200,0,1
5.881518100,1,1
5.881523200,0,1
5.881524200,0,0
5.881528300,1,0
5.881533400,0,0
5.881534600,0,1
5.881538500,1,1
5.881543600,0,1
5.881544600,0,0
5.881548700,1,0
5.881553800,0,0
5.881558900,1,0
5.881563900,0,0
5.881569100,1,0
5.881574100,0,0
5.881579300,1,0
5.881584300,0,0
5.881589500,1,0
5.881594500,0,0
5.881599700,1,0
5.881604700,0,0
5.881605100,0,1
5.881609800,1,1
5.881614900,0,1
5.881615900,0,0
5.881620000,1,0
5.881625100,0,0
5.881630200,1,0
5.881635200,0,0
5.881640400,1,0
5.881645400,0,0
5.881646600,0,1
5.881650600,1,1
5.881655600,0,1
5.881660800,1,1
5.881665800,0,1
5.881670900,1,1
5.881676000,0,1
5.881681100,1,1
5.881686200,0,1
5.881686400,0,0
5.881691300,1,0
5.881696400,0,0
5.881696700,0,1
5.881701500,1,1
5.881708500,1,0
5.881714500,0,0
5.881715700,0,1
5.881719700,1,1
5.881724700,0,1
5.881725700,0,0
5.881729900,1,0
5.881734900,0,0
5.881736100,0,1
5.881740100,1,1
5.881745100,0,1
5.881746100,0,0
5.881750200,1,0
5.881755300,0,0
5.881760400,1,0
5.881765500,0,0
5.881770600,1,0
5.881775600,0,0
5.881780800,1,0
5.881785800,0,0
5.881787000,0,1
5.881791000,1,1
5.881796000,0,1
5.881796200,0,0
5.881801200,1,0
5.881806200,0,0
5.881806600,0,1
5.881811400,1,1
5.881816400,0,1
5.881816600,0,0
5.881821500,1,0
5.881826600,0,0
5.881831700,1,0
5.881836800,0,0
5.881841900,1,0
5.881846900,0,0
5.881852100,1,0
5.881857100,0,0
5.881862300,1,0
5.881867300,0,0
5.881867700,0,1
5.881872500,1,1
5.881877500,0,1
5.881882700,1,1
5.881887700,0,1
5.881892800,1,1
5.881897900,0,1
5.881898900,0,0
5.881903000,1,0
5.881909200,1,1
5.881981100,1,0
5.881987100,0,0
5.881988200,0,1
5.881992200,1,1
5.881997200,0,1
5.881998200,0,0
5.882002400,1,0
5.882007400,0,0
5.882008600,0,1
5.882012600,1,1
5.882017600,0,1
5.882018600,0,0
5.882022800,1,0
5.882027800,0,0
5.882032900,1,0
5.882038000,0,0
5.882043100,1,0
5.882048200,0,0
5.882053300,1,0
5.882058400,0,0
5.882063500,1,0
5.882068500,0,0
5.882073700,1,0
5.882078700,0,0
5.882079100,0,1
5.882083900,1,1
5.882088900,0,1
5.882089900,0,0
5.882094100,1,0
5.882099100,0,0
5.882104200,1,0
5.882109300,0,0
5.882114400,1,0
5.882119500,0,0
5.882120700,0,1
5.882124600,1,1
5.882129600,0,1
5.882134800,1,1
5.882139800,0,1
5.882145000,1,1
5.882150000,0,1
5.882155200,1,1
5.882160200,0,1
5.882160400,0,0
5.882165400,1,0
5.882170400,0,0
5.882170800,0,1
5.882175500,1,1
5.882182600,1,0
5.882188600,0,0
5.882189700,0,1
5.882193700,1,1
5.882198800,0,1
5.882199800,0,0
5.882203900,1,0
5.882208900,0,0
5.882210100,0,1
5.882214100,1,1
5.882219100,0,1
5.882220100,0,0
5.882224300,1,0
5.882229300,0,0
5.882234500,1,0
5.882239500,0,0
5.882244600,1,0
5.882249700,0,0
5.882254800,1,0
5.882259900,0,0
5.882261100,0,1
5.882265000,1,1
5.882270100,0,1
5.882270300,0,0
5.882275200,1,0
5.882280200,0,0
5.882280600,0,1
5.882285400,1,1
5.882290400,0,1
5.882290700,0,0
5.882295600,1,0
5.882300600,0,0
5.882305800,1,0
5.882310800,0,0
5.882315900,1,0
5.882321000,0,0
5.882326100,1,0
5.882331200,0,0
5.882336300,1,0
5.882341300,0,0
5.882341800,0,1
5.882346500,1,1
5.882351500,0,1
5.882356700,1,1
5.882361700,0,1
5.882366900,1,1
5.882371900,0,1
5.882372900,0,0
5.882377100,1,0
5.882383300,1,1
5.882449100,1,0
5.882455100,0,0
5.882456200,0,1
5.882460200,1,1
5.882465300,0,1
5.882466300,0,0
5.882470400,1,0
5.882475500,0,0
5.882476600,0,1
5.882480600,1,1
5.882485600,0,1
5.882486600,0,0
5.882490800,1,0
5.882495800,0,0
5.882501000,1,0
5.882506000,0,0
5.882511200,1,0
5.882516200,0,0
5.882521400,1,0
5.882526400,0,0
5.882531500,1,0
5.882536600,0,0
5.882541700,1,0
5.882546800,0,0
5.882547200,0,1
5.882551900,1,1
5.882556900,0,1
5.882557900,0,0
5.882562100,1,0
5.882567100,0,0
5.882572300,1,0
5.882577300,0,0
5.882578500,0,1
5.882582500,1,1
5.882587500,0,1
5.882588500,0,0
5.882592600,1,0
5.882597700,0,0
5.882602800,1,0
5.882607900,0,0
5.882609100,0,1
5.882613000,1,1
5.882618000,0,1
5.882623200,1,1
5.882628200,0,1
5.882628500,0,0
5.882633400,1,0
5.882638400,0,0
5.882638800,0,1
5.882643600,1,1
5.882650600,1,0
5.882656600,0,0
5.882657800,0,1
5.882661700,1,1
5.882666800,0,1
5.882667800,0,0
5.882671900,1,0
5.882677000,0,0
5.882678200,0,1
5.882682100,1,1
5.882687200,0,1
5.882688200,0,0
5.882692300,1,0
5.882697300,0,0
5.882702500,1,0
5.882707500,0,0
5.882712700,1,0
5.882717700,0,0
5.882722900,1,0
5.882727900,0,0
5.882729100,0,1
5.882733000,1,1
5.882738100,0,1
5.882738300,0,0
5.882743200,1,0
5.882748300,0,0
5.882753400,1,0
5.882758500,0,0
5.882758900,0,1
5.882763600,1,1
5.882768600,0,1
5.882773800,1,1
5.882778800,0,1
5.882779100,0,0
5.882784000,1,0
5.882789000,0,0
5.882794200,1,0
5.882799200,0,0
5.882799600,0,1
5.882804300,1,1
5.882809400,0,1
5.882814500,1,1
5.882819600,0,1
5.882824700,1,1
5.882829700,0,1
5.882834900,1,1
5.882839900,0,1
5.882840900,0,0
5.882845100,1,0
5.882851300,1,1
5.882923100,1,0
5.882929100,0,0
5.882930300,0,1
5.882934200,1,1
5.882939300,0,1
5.882940300,0,0
5.882944400,1,0
5.882949500,0,0
5.882950700,0,1
5.882954600,1,1
5.882959700,0,1
5.882960700,0,0
5.882964800,1,0
5.882969900,0,0
5.882975000,1,0
5.882980000,0,0
5.882985200,1,0
5.882990200,0,0
5.882995400,1,0
5.883000400,0,0
5.883005600,1,0
5.883010600,0,0
5.883015800,1,0
5.883020800,0,0
5.883021200,0,1
5.883025900,1,1
5.883031000,0,1
5.883032000,0,0
5.883036100,1,0
5.883041200,0,0
5.883046300,1,0
5.883051300,0,0
5.883052500,0,1
5.883056500,1,1
5.883061500,0,1
5.883062500,0,0
5.883066700,1,0
5.883071700,0,0
5.883076900,1,0
5.883081900,0,0
5.883083100,0,1
5.883087000,1,1
5.883092100,0,1
5.883097200,1,1
5.883102300,0,1
5.883102500,0,0
5.883107400,1,0
5.883112500,0,0
5.883112800,0,1
5.883117600,1,1
5.883124600,1,0
5.883130600,0,0
5.883131800,0,1
5.883135800,1,1
5.883140800,0,1
5.883141800,0,0
5.883146000,1,0
5.883151000,0,0
5.883152200,0,1
5.883156200,1,1
5.883161200,0,1
5.883162200,0,0
5.883166300,1,0
5.883171400,0,0
5.883176500,1,0
5.883181600,0,0
5.883186700,1,0
5.883191700,0,0
5.883196900,1,0
5.883201900,0,0
5.883203100,0,1
5.883207100,1,1
5.883212100,0,1
5.883212300,0,0
5.883217300,1,0
5.883222300,0,0
5.883227500,1,0
5.883232500,0,0
5.883232900,0,1
5.883237600,1,1
5.883242700,0,1
5.883247800,1,1
5.883252900,0,1
5.883253100,0,0
5.883258000,1,0
5.883263000,0,0
5.883268200,1,0
5.883273200,0,0
5.883273600,0,1
5.883278400,1,1
5.883283400,0,1
5.883288600,1,1
5.883293600,0,1
5.883298700,1,1
5.883303800,0,1
5.883308900,1,1
5.883314000,0,1
5.883315000,0,0
5.883319100,1,0
5.883325300,1,1
5.883389200,1,0
5.883395200,0,0
5.883396300,0,1
5.883400300,1,1
5.883405300,0,1
5.883406300,0,0
5.883410500,1,0
5.883415500,0,0
5.883416700,0,1
5.883420700,1,1
5.883425700,0,1
5.883426700,0,0
5.883430900,1,0
5.883435900,0,0
5.883441000,1,0
5.883446100,0,0
5.883451200,1,0
5.883456300,0,0
5.883461400,1,0
5.883466400,0,0
5.883471600,1,0
5.883476600,0,0
5.883481800,1,0
5.883486800,0,0
5.883487200,0,1
5.883492000,1,1
5.883497000,0,1
5.883498000,0,0
5.883502200,1,0
5.883507200,0,0
5.883512300,1,0
5.883517400,0,0
5.883518600,0,1
5.883522500,1,1
5.883527600,0,1
5.883528600,0,0
5.883532700,1,0
5.883537700,0,0
5.883542900,1,0
5.883547900,0,0
5.883549100,0,1
5.883553100,1,1
5.883558100,0,1
5.883563300,1,1
5.883568300,0,1
5.883568500,0,0
5.883573400,1,0
5.883578500,0,0
5.883578900,0,1
5.883583600,1,1
5.883590700,1,0
5.883596700,0,0
5.883597800,0,1
5.883601800,1,1
5.883606900,0,1
5.883607900,0,0
5.883612000,1,0
5.883617000,0,0
5.883618200,0,1
5.883622200,1,1
5.883627200,0,1
5.883628200,0,0
5.883632400,1,0
5.883637400,0,0
5.883642600,1,0
5.883647600,0,0
5.883652700,1,0
5.883657800,0,0
5.883662900,1,0
5.883668000,0,0
5.883669200,0,1
5.883673100,1,1
5.883678100,0,1
5.883678400,0,0
5.883683300,1,0
5.883688300,0,0
5.883693500,1,0
5.883698500,0,0
5.883698900,0,1
5.883703700,1,1
5.883708700,0,1
5.883713900,1,1
5.883718900,0,1
5.883719100,0,0
5.883724000,1,0
5.883729100,0,0
5.883734200,1,0
5.883739300,0,0
5.883739700,0,1
5.883744400,1,1
5.883749400,0,1
5.883754600,1,1
5.883759600,0,1
5.883764800,1,1
5.883769800,0,1
5.883775000,1,1
5.883780000,0,1
5.883781000,0,0
5.883785200,1,0
5.883791400,1,1
5.883861200,1,0
5.883867200,0,0
5.883868300,0,1
5.883872300,1,1
5.883877400,0,1
5.883878400,0,0
5.883882500,1,0
5.883887600,0,0
5.883888700,0,1
5.883892700,1,1
5.883897700,0,1
5.883898700,0,0
5.883902900,1,0
5.883907900,0,0
5.883913100,1,0
5.883918100,0,0
5.883923300,1,0
5.883928300,0,0
5.883933400,1,0
5.883938500,0,0
5.883943600,1,0
5.883948700,0,0
5.883953800,1,0
5.883958800,0,0
5.883959300,0,1
5.883964000,1,1
5.883969000,0,1
5.883970000,0,0
5.883974200,1,0
5.883979200,0,0
5.883984400,1,0
5.883989400,0,0
5.883990600,0,1
5.883994600,1,1
5.883999600,0,1
5.884000600,0,0
5.884004700,1,0
5.884009800,0,0
5.884011000,0,1
5.884014900,1,1
5.884020000,0,1
5.884021000,0,0
5.884025100,1,0
5.884030100,0,0
5.884035300,1,0
5.884040300,0,0
5.884045500,1,0
5.884050500,0,0
5.884050900,0,1
5.884055700,1,1
5.884062700,1,0
5.884068700,0,0
5.884069900,0,1
5.884073800,1,1
5.884078900,0,1
5.884079900,0,0
5.884084000,1,0
5.884089100,0,0
5.884090300,0,1
5.884094200,1,1
5.884099300,0,1
5.884100300,0,0
5.884104400,1,0
5.884109400,0,0
5.884114600,1,0
5.884119600,0,0
5.884124800,1,0
5.884129800,0,0
5.884135000,1,0
5.884140000,0,0
5.884141200,0,1
5.884145100,1,1
5.884150200,0,1
5.884150400,0,0
5.884155300,1,0
5.884160400,0,0
5.884165500,1,0
5.884170600,0,0
5.884175700,1,0
5.884180700,0,0
5.884185900,1,0
5.884190900,0,0
5.884196100,1,0
5.884201100,0,0
5.884206300,1,0
5.884211300,0,0
5.884216400,1,0
5.884221500,0,0
5.884221900,0,1
5.884226600,1,1
5.884231700,0,1
5.884236800,1,1
5.884241800,0,1
5.884247000,1,1
5.884252000,0,1
5.884253000,0,0
5.884257200,1,0
5.884263400,1,1
5.884326200,1,0
5.884332200,0,0
5.884333400,0,1
5.884337300,1,1
5.884342400,0,1
5.884343400,0,0
5.884347500,1,0
5.884352600,0,0
5.884353800,0,1
5.884357700,1,1
5.884362800,0,1
5.884363800,0,0
5.884367900,1,0
5.884373000,0,0
5.884378100,1,0
5.884383100,0,0
5.884388300,1,0
5.884393300,0,0
5.884398500,1,0
5.884403500,0,0
5.884408700,1,0
5.884413700,0,0
5.884418800,1,0
5.884423900,0,0
5.884424300,0,1
5.884429000,1,1
5.884434100,0,1
5.884435100,0,0
5.884439200,1,0
5.884444300,0,0
5.884449400,1,0
5.884454400,0,0
5.884455600,0,1
5.884459600,1,1
5.884464600,0,1
5.884465600,0,0
5.884469800,1,0
5.884474800,0,0
5.884476000,0,1
5.884480000,1,1
5.884485000,0,1
5.884486000,0,0
5.884490100,1,0
5.884495200,0,0
5.884496400,0,1
5.884500300,1,1
5.884505400,0,1
5.884505600,0,0
5.884510500,1,0
5.884515500,0,0
5.884515900,0,1
5.884520700,1,1
5.884527700,1,0
5.884533700,0,0
5.884534900,0,1
5.884538900,1,1
5.884543900,0,1
5.884544900,0,0
5.884549100,1,0
5.884554100,0,0
5.884555300,0,1
5.884559300,1,1
5.884564300,0,1
5.884565300,0,0
5.884569400,1,0
5.884574500,0,0
5.884579600,1,0
5.884584700,0,0
5.884589800,1,0
5.884594800,0,0
5.884600000,1,0
5.884605000,0,0
5.884606200,0,1
5.884610200,1,1
5.884615200,0,1
5.884615400,0,0
5.884620400,1,0
5.884625400,0,0
5.884630500,1,0
5.884635600,0,0
5.884640700,1,0
5.884645800,0,0
5.884650900,1,0
5.884656000,0,0
5.884661100,1,0
5.884666100,0,0
5.884666600,0,1
5.884671300,1,1
5.884676300,0,1
5.884681500,1,1
5.884686500,0,1
5.884686700,0,0
5.884691700,1,0
5.884696700,0,0
5.884701800,1,0
5.884706900,0,0
5.884707300,0,1
5.884712000,1,1
5.884717100,0,1
5.884718100,0,0
5.884722200,1,0
5.884728400,1,1
5.884798200,1,0
5.884804200,0,0
5.884805400,0,1
5.884809400,1,1
5.884814400,0,1
5.884815400,0,0
5.884819600,1,0
5.884824600,0,0
5.884825800,0,1
5.884829800,1,1
5.884834800,0,1
5.884835800,0,0
5.884840000,1,0
5.884845000,0,0
5.884850100,1,0
5.884855200,0,0
5.884860300,1,0
5.884865400,0,0
5.884870500,1,0
5.884875500,0,0
5.884880700,1,0
5.884885700,0,0
5.884890900,1,0
5.884895900,0,0
5.884896300,0,1
5.884901100,1,1
5.884906100,0,1
5.884907100,0,0
5.884911300,1,0
5.884916300,0,0
5.884921400,1,0
5.884926500,0,0
5.884927700,0,1
5.884931600,1,1
5.884936700,0,1
5.884937700,0,0
5.884941800,1,0
5.884946800,0,0
5.884948000,0,1
5.884952000,1,1
5.884957000,0,1
5.884962200,1,1
5.884967200,0,1
5.884968200,0,0
5.884972400,1,0
5.884977400,0,0
5.884982500,1,0
5.884987600,0,0
5.884988000,0,1
5.884992700,1,1
5.884999800,1,0
5.885005800,0,0
5.885006900,0,1
5.885010900,1,1
5.885015900,0,1
5.885016900,0,0
5.885021100,1,0
5.885026100,0,0
5.885027300,0,1
5.885031300,1,1
5.885036300,0,1
5.885037300,0,0
5.885041500,1,0
5.885046500,0,0
5.885051700,1,0
5.885056700,0,0
5.885061800,1,0
5.885066900,0,0
5.885072000,1,0
5.885077100,0,0
5.885078300,0,1
5.885082200,1,1
5.885087200,0,1
5.885087500,0,0
5.885092400,1,0
5.885097400,0,0
5.885102600,1,0
5.885107600,0,0
5.885112800,1,0
5.885117800,0,0
5.885123000,1,0
5.885128000,0,0
5.885133100,1,0
5.885138200,0,0
5.885143300,1,0
5.885148400,0,0
5.885153500,1,0
5.885158500,0,0
5.885163700,1,0
5.885168700,0,0
5.885173900,1,0
5.885178900,0,0
5.885179300,0,1
5.885184100,1,1
5.885189100,0,1
5.885190100,0,0
5.885194200,1,0
5.885200500,1,1
5.885264300,1,0
5.885270300,0,0
5.885271400,0,1
5.885275400,1,1
5.885280500,0,1
5.885281500,0,0
5.885285600,1,0
5.885290700,0,0
5.885291800,0,1
5.885295800,1,1
5.885300800,0,1
5.885301800,0,0
5.885306000,1,0
5.885311000,0,0
5.885316200,1,0
5.885321200,0,0
5.885326400,1,0
5.885331400,0,0
5.885336500,1,0
5.885341600,0,0
5.885346700,1,0
5.885351800,0,0
5.885356900,1,0
5.885361900,0,0
5.885362400,0,1
5.885367100,1,1
5.885372100,0,1
5.885373100,0,0
5.885377300,1,0
5.885382300,0,0
5.885387500,1,0
5.885392500,0,0
5.885393700,0,1
5.885397700,1,1
5.885402700,0,1
5.885403700,0,0
5.885407800,1,0
5.885412900,0,0
5.885418000,1,0
5.885423100,0,0
5.885424300,0,1
5.885428200,1,1
5.885433200,0,1
5.885438400,1,1
5.885443400,0,1
5.885443700,0,0
5.885448600,1,0
5.885453600,0,0
5.885454000,0,1
5.885458800,1,1
5.885465800,1,0
5.885471800,0,0
5.885473000,0,1
5.885476900,1,1
5.885482000,0,1
5.885483000,0,0
5.885487100,1,0
5.885492200,0,0
5.885493400,0,1
5.885497300,1,1
5.885502400,0,1
5.885503400,0,0
5.885507500,1,0
5.885512500,0,0
5.885517700,1,0
5.885522700,0,0
5.885527900,1,0
5.885532900,0,0
5.885538100,1,0
5.885543100,0,0
5.885544300,0,1
5.885548200,1,1
5.885553300,0,1
5.885553500,0,0
5.885558400,1,0
5.885563500,0,0
5.885568600,1,0
5.885573600,0,0
5.885574100,0,1
5.885578800,1,1
5.885583800,0,1
5.885589000,1,1
5.885594000,0,1
5.885594300,0,0
5.885599200,1,0
5.885604200,0,0
5.885609400,1,0
5.885614400,0,0
5.885614800,0,1
5.885619500,1,1
5.885624600,0,1
5.885629700,1,1
5.885634800,0,1
5.885639900,1,1
5.885644900,0,1
5.885650100,1,1
5.885655100,0,1
5.885656100,0,0
5.885660300,1,0
5.885666500,1,1
5.885739300,1,0
5.885745300,0,0
5.885746500,0,1
5.885750400,1,1
5.885755500,0,1
5.885756500,0,0
5.885760600,1,0
5.885765700,0,0
5.885766900,0,1
5.885770800,1,1
5.885775900,0,1
5.885776900,0,0
5.885781000,1,0
5.885786100,0,0
5.885791200,1,0
5.885796200,0,0
5.885801400,1,0
5.885806400,0,0
5.885811600,1,0
5.885816600,0,0
5.885821800,1,0
5.885826800,0,0
5.885831900,1,0
5.885837000,0,0
5.885837400,0,1
5.885842100,1,1
5.885847200,0,1
5.885848200,0,0
5.885852300,1,0
5.885857300,0,0
5.885862500,1,0
5.885867500,0,0
5.885868700,0,1
5.885872700,1,1
5.885877700,0,1
5.885882900,1,1
5.885887900,0,1
5.885888900,0,0
5.885893100,1,0
5.885898100,0,0
5.885899300,0,1
5.885903200,1,1
5.885908300,0,1
5.885909300,0,0
5.885913400,1,0
5.885918500,0,0
5.885923600,1,0
5.885928600,0,0
5.885929000,0,1
5.885933800,1,1
5.885940800,1,0
5.885946800,0,0
5.885948000,0,1
5.885952000,1,1
5.885957000,0,1
5.885958000,0,0
5.885962200,1,0
5.885967200,0,0
5.885968400,0,1
5.885972300,1,1
5.885977400,0,1
5.885978400,0,0
5.885982500,1,0
5.885987600,0,0
5.885992700,1,0
5.885997800,0,0
5.886002900,1,0
5.886007900,0,0
5.886013100,1,0
5.886018100,0,0
5.886019300,0,1
5.886023300,1,1
5.886028300,0,1
5.886028500,0,0
5.886033500,1,0
5.886038500,0,0
5.886043600,1,0
5.886048700,0,0
5.886053800,1,0
5.886058900,0,0
5.886059300,0,1
5.886064000,1,1
5.886069000,0,1
5.886074200,1,1
5.886079200,0,1
5.886084400,1,1
5.886089400,0,1
5.886094600,1,1
5.886099600,0,1
5.886099800,0,0
5.886104800,1,0
5.886109800,0,0
5.886114900,1,0
5.886120000,0,0
5.886120400,0,1
5.886125100,1,1
5.886130200,0,1
5.886131200,0,0
5.886135300,1,0
5.886141500,1,1
5.886209300,1,0
5.886215300,0,0
5.886216500,0,1
5.886220500,1,1
5.886225500,0,1
5.886226500,0,0
5.886230700,1,0
5.886235700,0,0
5.886236900,0,1
5.886240900,1,1
5.886245900,0,1
5.886246900,0,0
5.886251100,1,0
5.886256100,0,0
5.886261200,1,0
5.886266300,0,0
5.886271400,1,0
5.886276500,0,0
5.886281600,1,0
5.886286600,0,0
5.886291800,1,0
5.886296800,0,0
5.886302000,1,0
5.886307000,0,0
5.886307400,0,1
5.886312200,1,1
5.886317200,0,1
5.886318200,0,0
5.886322300,1,0
5.886327400,0,0
5.886332500,1,0
5.886337600,0,0
5.886338800,0,1
5.886342700,1,1
5.886347800,0,1
5.886352900,1,1
5.886357900,0,1
5.886358900,0,0
5.886363100,1,0
5.886368100,0,0
5.886373300,1,0
5.886378300,0,0
5.886379500,0,1
5.886383500,1,1
5.886388500,0,1
5.886388700,0,0
5.886393600,1,0
5.886398700,0,0
5.886399100,0,1
5.886403800,1,1
5.886410900,1,0
5.886416900,0,0
5.886418000,0,1
5.886422000,1,1
5.886427000,0,1
5.886428000,0,0
5.886432200,1,0
5.886437200,0,0
5.886438400,0,1
5.886442400,1,1
5.886447400,0,1
5.886448400,0,0
5.886452600,1,0
5.886457600,0,0
5.886462800,1,0
5.886467800,0,0
5.886472900,1,0
5.886478000,0,0
5.886483100,1,0
5.886488200,0,0
5.886489400,0,1
5.886493300,1,1
5.886498300,0,1
5.886498600,0,0
5.886503500,1,0
5.886508500,0,0
5.886513700,1,0
5.886518700,0,0
5.886523900,1,0
5.886528900,0,0
5.886534000,1,0
5.886539100,0,0
5.886544200,1,0
5.886549300,0,0
5.886554400,1,0
5.886559500,0,0
5.886564600,1,0
5.886569600,0,0
5.886574800,1,0
5.886579800,0,0
5.886585000,1,0
5.886590000,0,0
5.886590400,0,1
5.886595200,1,1
5.886600200,0,1
5.886601200,0,0
5.886605300,1,0
5.886611600,1,1
5.886677400,1,0
5.886683400,0,0
5.886684500,0,1
5.886688500,1,1
5.886693600,0,1
5.886694600,0,0
5.886698700,1,0
5.886703700,0,0
5.886704900,0,1
5.886708900,1,1
5.886713900,0,1
5.886714900,0,0
5.886719100,1,0
5.886724100,0,0
5.886729300,1,0
5.886734300,0,0
5.886739500,1,0
5.886744500,0,0
5.886749600,1,0
5.886754700,0,0
5.886759800,1,0
5.886764900,0,0
5.886770000,1,0
5.886775000,0,0
5.886775500,0,1
5.886780200,1,1
5.886785200,0,1
5.886786200,0,0
5.886790400,1,0
5.886795400,0,0
5.886800600,1,0
5.886805600,0,0
5.886806800,0,1
5.886810700,1,1
5.886815800,0,1
5.886820900,1,1
5.886826000,0,1
5.886827000,0,0
5.886831100,1,0
5.886836200,0,0
5.886837300,0,1
5.886841300,1,1
5.886846300,0,1
5.886851500,1,1
5.886856500,0,1
5.886856800,0,0
5.886861700,1,0
5.886866700,0,0
5.886867100,0,1
5.886871900,1,1
5.886878900,1,0
5.886884900,0,0
5.886886100,0,1
5.886890000,1,1
5.886895100,0,1
5.886896100,0,0
5.886900200,1,0
5.886905300,0,0
5.886906400,0,1
5.886910400,1,1
5.886915400,0,1
5.886916400,0,0
5.886920600,1,0
5.886925600,0,0
5.886930800,1,0
5.886935800,0,0
5.886941000,1,0
5.886946000,0,0
5.886951200,1,0
5.886956200,0,0
5.886957400,0,1
5.886961300,1,1
5.886966400,0,1
5.886966600,0,0
5.886971500,1,0
5.886976600,0,0
5.886981700,1,0
5.886986700,0,0
5.886987200,0,1
5.886991900,1,1
5.886996900,0,1
5.887002100,1,1
5.887007100,0,1
5.887007400,0,0
5.887012300,1,0
5.887017300,0,0
5.887022500,1,0
5.887027500,0,0
5.887027900,0,1
5.887032600,1,1
5.887037700,0,1
5.887042800,1,1
5.887047900,0,1
5.887053000,1,1
5.887058000,0,1
5.887063200,1,1
5.887068200,0,1
5.887069200,0,0
5.887073400,1,0
5.887079600,1,1
5.887151400,1,0
5.887157400,0,0
5.887158600,0,1
5.887162500,1,1
5.887167600,0,1
5.887168600,0,0
5.887172700,1,0
5.887177800,0,0
5.887179000,0,1
5.887182900,1,1
5.887188000,0,1
5.887189000,0,0
5.887193100,1,0
5.887198100,0,0
5.887203300,1,0
5.887208300,0,0
5.887213500,1,0
5.887218500,0,0
5.887223700,1,0
5.887228700,0,0
5.887233900,1,0
5.887238900,0,0
5.887244000,1,0
5.887249100,0,0
5.887249500,0,1
5.887254200,1,1
5.887259300,0,1
5.887260300,0,0
5.887264400,1,0
5.887269400,0,0
5.887274600,1,0
5.887279600,0,0
5.887280800,0,1
5.887284800,1,1
5.887289800,0,1
5.887295000,1,1
5.887300000,0,1
5.887301000,0,0
5.887305200,1,0
5.887310200,0,0
5.887311400,0,1
5.887315300,1,1
5.887320400,0,1
5.887325500,1,1
5.887330600,0,1
5.887330800,0,0
5.887335700,1,0
5.887340700,0,0
5.887341100,0,1
5.887345900,1,1
5.887352900,1,0
5.887358900,0,0
5.887360100,0,1
5.887364100,1,1
5.887369100,0,1
5.887370100,0,0
5.887374300,1,0
5.887379300,0,0
5.887380500,0,1
5.887384400,1,1
5.887389500,0,1
5.887390500,0,0
5.887394600,1,0
5.887399700,0,0
5.887404800,1,0
5.887409900,0,0
5.887415000,1,0
5.887420000,0,0
5.887425200,1,0
5.887430200,0,0
5.887431400,0,1
5.887435400,1,1
5.887440400,0,1
5.887440600,0,0
5.887445600,1,0
5.887450600,0,0
5.887455700,1,0
5.887460800,0,0
5.887461200,0,1
5.887465900,1,1
5.887471000,0,1
5.887476100,1,1
5.887481100,0,1
5.887481400,0,0
5.887486300,1,0
5.887491300,0,0
5.887496500,1,0
5.887501500,0,0
5.887501900,0,1
5.887506700,1,1
5.887511700,0,1
5.887516900,1,1
5.887521900,0,1
5.887527000,1,1
5.887532100,0,1
5.887537200,1,1
5.887542300,0,1
5.887543300,0,0
5.887547400,1,0
5.887553600,1,1
5.887617400,1,0
5.887623400,0,0
5.887624600,0,1
5.887628600,1,1
5.887633600,0,1
5.887634600,0,0
5.887638800,1,0
5.887643800,0,0
5.887645000,0,1
5.887649000,1,1
5.887654000,0,1
5.887655000,0,0
5.887659100,1,0
5.887664200,0,0
5.887669300,1,0
5.887674400,0,0
5.887679500,1,0
5.887684600,0,0
5.887689700,1,0
5.887694700,0,0
5.887699900,1,0
5.887704900,0,0
5.887710100,1,0
5.887715100,0,0
5.887715500,0,1
5.887720300,1,1
5.887725300,0,1
5.887726300,0,0
5.887730400,1,0
5.887735500,0,0
5.887740600,1,0
5.887745700,0,0
5.887746900,0,1
5.887750800,1,1
5.887755800,0,1
5.887761000,1,1
5.887766000,0,1
5.887767000,0,0
5.887771200,1,0
5.887776200,0,0
5.887777400,0,1
5.887781400,1,1
5.887786400,0,1
5.887791600,1,1
5.887796600,0,1
5.887796800,0,0
5.887801700,1,0
5.887806800,0,0
5.887807200,0,1
5.887811900,1,1
5.887819000,1,0
5.887825000,0,0
5.887826100,0,1
5.887830100,1,1
5.887835100,0,1
5.887836100,0,0
5.887840300,1,0
5.887845300,0,0
5.887846500,0,1
5.887850500,1,1
5.887855500,0,1
5.887856500,0,0
5.887860700,1,0
5.887865700,0,0
5.887870900,1,0
5.887875900,0,0
5.887881000,1,0
5.887886100,0,0
5.887891200,1,0
5.887896300,0,0
5.887897500,0,1
5.887901400,1,1
5.887906400,0,1
5.887906700,0,0
5.887911600,1,0
5.887916600,0,0
5.887921800,1,0
5.887926800,0,0
5.887927200,0,1
5.887932000,1,1
5.887937000,0,1
5.887942100,1,1
5.887947200,0,1
5.887947400,0,0
5.887952300,1,0
5.887957400,0,0
5.887962500,1,0
5.887967500,0,0
5.887968000,0,1
5.887972700,1,1
5.887977700,0,1
5.887982900,1,1
5.887987900,0,1
5.887993100,1,1
5.887998100,0,1
5.888003300,1,1
5.888008300,0,1
5.888009300,0,0
5.888013400,1,0
5.888019600,1,1
5.888090500,1,0
5.888096500,0,0
5.888097600,0,1
5.888101600,1,1
5.888106700,0,1
5.888107700,0,0
5.888111800,1,0
5.888116800,0,0
5.888118000,0,1
5.888122000,1,1
5.888127000,0,1
5.888128000,0,0
5.888132200,1,0
5.888137200,0,0
5.888142400,1,0
5.888147400,0,0
5.888152600,1,0
5.888157600,0,0
5.888162700,1,0
5.888167800,0,0
5.888172900,1,0
5.888178000,0,0
5.888183100,1,0
5.888188100,0,0
5.888188600,0,1
5.888193300,1,1
5.888198300,0,1
5.888199300,0,0
5.888203500,1,0
5.888208500,0,0
5.888213700,1,0
5.888218700,0,0
5.888219900,0,1
5.888223800,1,1
5.888228900,0,1
5.888234000,1,1
5.888239100,0,1
5.888244200,1,1
5.888249200,0,1
5.888250200,0,0
5.888254400,1,0
5.888259400,0,0
5.888264600,1,0
5.888269600,0,0
5.888274800,1,0
5.888279800,0,0
5.888280200,0,1
5.888285000,1,1
5.888292000,1,0
5.888298000,0,0
5.888299200,0,1
5.888303100,1,1
5.888308200,0,1
5.888309200,0,0
5.888313300,1,0
5.888318400,0,0
5.888319500,0,1
5.888323500,1,1
5.888328500,0,1
5.888329500,0,0
5.888333700,1,0
5.888338700,0,0
5.888343900,1,0
5.888348900,0,0
5.888354100,1,0
5.888359100,0,0
5.888364300,1,0
5.888369300,0,0
5.888370500,0,1
5.888374400,1,1
5.888379500,0,1
5.888379700,0,0
5.888384600,1,0
5.888389700,0,0
5.888390100,0,1
5.888394800,1,1
5.888399800,0,1
5.888405000,1,1
5.888410000,0,1
5.888410300,0,0
5.888415200,1,0
5.888420200,0,0
5.888420600,0,1
5.888425400,1,1
5.888430400,0,1
5.888435500,1,1
5.888440600,0,1
5.888440800,0,0
5.888445700,1,0
5.888450800,0,0
5.888455900,1,0
5.888461000,0,0
5.888466100,1,0
5.888471100,0,0
5.888471500,0,1
5.888476300,1,1
5.888481300,0,1
5.888482300,0,0
5.888486500,1,0
5.888492700,1,1
5.888555500,1,0
5.888561500,0,0
5.888562700,0,1
5.888566600,1,1
5.888571700,0,1
5.888572700,0,0
5.888576800,1,0
5.888581900,0,0
5.888583100,0,1
5.888587000,1,1
5.888592100,0,1
5.888593100,0,0
5.888597200,1,0
5.888602200,0,0
5.888607400,1,0
5.888612400,0,0
5.888617600,1,0
5.888622600,0,0
5.888627800,1,0
5.888632800,0,0
5.888638000,1,0
5.888643000,0,0
5.888648100,1,0
5.888653200,0,0
5.888653600,0,1
5.888658300,1,1
5.888663400,0,1
5.888664400,0,0
5.888668500,1,0
5.888673500,0,0
5.888678700,1,0
5.888683700,0,0
5.888684900,0,1
5.888688900,1,1
5.888693900,0,1
5.888699100,1,1
5.888704100,0,1
5.888705100,0,0
5.888709200,1,0
5.888714300,0,0
5.888715500,0,1
5.888719400,1,1
5.888724500,0,1
5.888729600,1,1
5.888734700,0,1
5.888734900,0,0
5.888739800,1,0
5.888744800,0,0
5.888745200,0,1
5.888750000,1,1
5.888757000,1,0
5.888763000,0,0
5.888764200,0,1
5.888768200,1,1
5.888773200,0,1
5.888774200,0,0
5.888778400,1,0
5.888783400,0,0
5.888784600,0,1
5.888788500,1,1
5.888793600,0,1
5.888794600,0,0
5.888798700,1,0
5.888803800,0,0
5.888808900,1,0
5.888813900,0,0
5.888819100,1,0
5.888824100,0,0
5.888829300,1,0
5.888834300,0,0
5.888835500,0,1
5.888839500,1,1
5.888844500,0,1
5.888844700,0,0
5.888849700,1,0
5.888854700,0,0
5.888859800,1,0
5.888864900,0,0
5.888865300,0,1
5.888870000,1,1
5.888875100,0,1
5.888880200,1,1
5.888885200,0,1
5.888885500,0,0
5.888890400,1,0
5.888895400,0,0
5.888900600,1,0
5.888905600,0,0
5.888906000,0,1
5.888910800,1,1
5.888915800,0,1
5.888920900,1,1
5.888926000,0,1
5.888931100,1,1
5.888936200,0,1
5.888941300,1,1
5.888946400,0,1
5.888947400,0,0
5.888951500,1,0
5.888957700,1,1
5.889028500,1,0
5.889034500,0,0
5.889035700,0,1
5.889039700,1,1
5.889044700,0,1
5.889045700,0,0
5.889049900,1,0
5.889054900,0,0
5.889056100,0,1
5.889060100,1,1
5.889065100,0,1
5.889066100,0,0
5.889070200,1,0
5.889075300,0,0
5.889080400,1,0
5.889085500,0,0
5.889090600,1,0
5.889095600,0,0
5.889100800,1,0
5.889105800,0,0
5.889111000,1,0
5.889116000,0,0
5.889121200,1,0
5.889126200,0,0
5.889126600,0,1
5.889131400,1,1
5.889136400,0,1
5.889137400,0,0
5.889141500,1,0
5.889146600,0,0
5.889151700,1,0
5.889156800,0,0
5.889158000,0,1
5.889161900,1,1
5.889166900,0,1
5.889172100,1,1
5.889177100,0,1
5.889182300,1,1
5.889187300,0,1
5.889188300,0,0
5.889192500,1,0
5.889197500,0,0
5.889202700,1,0
5.889207700,0,0
5.889212800,1,0
5.889217900,0,0
5.889218300,0,1
5.889223000,1,1
5.889230100,1,0
5.889236100,0,0
5.889237200,0,1
5.889241200,1,1
5.889246200,0,1
5.889247200,0,0
5.889251400,1,0
5.889256400,0,0
5.889257600,0,1
5.889261600,1,1
5.889266600,0,1
5.889267600,0,0
5.889271800,1,0
5.889276800,0,0
5.889281900,1,0
5.889287000,0,0
5.889292100,1,0
5.889297200,0,0
5.889302300,1,0
5.889307300,0,0
5.889308600,0,1
5.889312500,1,1
5.889317500,0,1
5.889317800,0,0
5.889322700,1,0
5.889327700,0,0
5.889328100,0,1
5.889332900,1,1
5.889337900,0,1
5.889343100,1,1
5.889348100,0,1
5.889348300,0,0
5.889353200,1,0
5.889358300,0,0
5.889358700,0,1
5.889363400,1,1
5.889368500,0,1
5.889373600,1,1
5.889378600,0,1
5.889378900,0,0
5.889383800,1,0
5.889388800,0,0
5.889394000,1,0
5.889399000,0,0
5.889404200,1,0
5.889409200,0,0
5.889409600,0,1
5.889414400,1,1
5.889419400,0,1
5.889420400,0,0
5.889424500,1,0
5.889430800,1,1
5.889500600,1,0
5.889506600,0,0
5.889507700,0,1
5.889511700,1,1
5.889516800,0,1
5.889517800,0,0
5.889521900,1,0
5.889526900,0,0
5.889528100,0,1
5.889532100,1,1
5.889537100,0,1
5.889538100,0,0
5.889542300,1,0
5.889547300,0,0
5.889552500,1,0
5.889557500,0,0
5.889562600,1,0
5.889567700,0,0
5.889572800,1,0
5.889577900,0,0
5.889583000,1,0
5.889588100,0,0
5.889593200,1,0
5.889598200,0,0
5.889598700,0,1
5.889603400,1,1
5.889608400,0,1
5.889609400,0,0
5.889613600,1,0
5.889618600,0,0
5.889623800,1,0
5.889628800,0,0
5.889630000,0,1
5.889633900,1,1
5.889639000,0,1
5.889644100,1,1
5.889649200,0,1
5.889654300,1,1
5.889659300,0,1
5.889660300,0,0
5.889664500,1,0
5.889669500,0,0
5.889670700,0,1
5.889674700,1,1
5.889679700,0,1
5.889679900,0,0
5.889684900,1,0
5.889689900,0,0
5.889690300,0,1
5.889695100,1,1
5.889702100,1,0
5.889708100,0,0
5.889709300,0,1
5.889713200,1,1
5.889718300,0,1
5.889719300,0,0
5.889723400,1,0
5.889728500,0,0
5.889729600,0,1
5.889733600,1,1
5.889738600,0,1
5.889739600,0,0
5.889743800,1,0
5.889748800,0,0
5.889754000,1,0
5.889759000,0,0
5.889764200,1,0
5.889769200,0,0
5.889774300,1,0
5.889779400,0,0
5.889780600,0,1
5.889784500,1,1
5.889789600,0,1
5.889789800,0,0
5.889794700,1,0
5.889799800,0,0
5.889804900,1,0
5.889809900,0,0
5.889810300,0,1
5.889815100,1,1
5.889820100,0,1
5.889820400,0,0
5.889825300,1,0
5.889830300,0,0
5.889830700,0,1
5.889835500,1,1
5.889840500,0,1
5.889845600,1,1
5.889850700,0,1
5.889855800,1,1
5.889860900,0,1
5.889861100,0,0
5.889866000,1,0
5.889871000,0,0
5.889871400,0,1
5.889876200,1,1
5.889881200,0,1
5.889886400,1,1
5.889891400,0,1
5.889892400,0,0
5.889896600,1,0
5.889902800,1,1
5.889972600,1,0
5.889978600,0,0
5.889979800,0,1
5.889983700,1,1
5.889988800,0,1
5.889989800,0,0
5.889993900,1,0
5.889999000,0,0
5.890000200,0,1
5.890004100,1,1
5.890009200,0,1
5.890010200,0,0
5.890014300,1,0
5.890019300,0,0
5.890024500,1,0
5.890029500,0,0
5.890034700,1,0
5.890039700,0,0
5.890044900,1,0
5.890049900,0,0
5.890055000,1,0
5.890060100,0,0
5.890065200,1,0
5.890070300,0,0
5.890070700,0,1
5.890075400,1,1
5.890080500,0,1
5.890081500,0,0
5.890085600,1,0
5.890090600,0,0
5.890095800,1,0
5.890100800,0,0
5.890102000,0,1
5.890106000,1,1
5.890111000,0,1
5.890116200,1,1
5.890121200,0,1
5.890126300,1,1
5.890131400,0,1
5.890136500,1,1
5.890141600,0,1
5.890142600,0,0
5.890146700,1,0
5.890151700,0,0
5.890156900,1,0
5.890161900,0,0
5.890162300,0,1
5.890167100,1,1
5.890174100,1,0
5.890180100,0,0
5.890181300,0,1
5.890185300,1,1
5.890190300,0,1
5.890191300,0,0
5.890195500,1,0
5.890200500,0,0
5.890201700,0,1
5.890205600,1,1
5.890210700,0,1
5.890211700,0,0
5.890215800,1,0
5.890220900,0,0
5.890226000,1,0
5.890231000,0,0
5.890236200,1,0
5.890241200,0,0
5.890246400,1,0
5.890251400,0,0
5.890252600,0,1
5.890256600,1,1
5.890261600,0,1
5.890261800,0,0
5.890266800,1,0
5.890271800,0,0
5.890272200,0,1
5.890276900,1,1
5.890282000,0,1
5.890287100,1,1
5.890292200,0,1
5.890292400,0,0
5.890297300,1,0
5.890302300,0,0
5.890307500,1,0
5.890312500,0,0
5.890317700,1,0
5.890322700,0,0
5.890323100,0,1
5.890327900,1,1
5.890332900,0,1
5.890333100,0,0
5.890338000,1,0
5.890343100,0,0
5.890348200,1,0
5.890353300,0,0
5.890353700,0,1
5.890358400,1,1
5.890363400,0,1
5.890364400,0,0
5.890368600,1,0
5.890374800,1,1
5.890436600,1,0
5.890442600,0,0
5.890443800,0,1
5.890447800,1,1
5.890452800,0,1
5.890453800,0,0
5.890458000,1,0
5.890463000,0,0
5.890464200,0,1
5.890468200,1,1
5.890473200,0,1
5.890474200,0,0
5.890478300,1,0
5.890483400,0,0
5.890488500,1,0
5.890493600,0,0
5.890498700,1,0
5.890503700,0,0
5.890508900,1,0
5.890513900,0,0
5.890519100,1,0
5.890524100,0,0
5.890529300,1,0
5.890534300,0,0
5.890534700,0,1
5.890539500,1,1
5.890544500,0,1
5.890545500,0,0
5.890549600,1,0
5.890554700,0,0
5.890559800,1,0
5.890564900,0,0
5.890566100,0,1
5.890570000,1,1
5.890575000,0,1
5.890580200,1,1
5.890585200,0,1
5.890590400,1,1
5.890595400,0,1
5.890600600,1,1
5.890605600,0,1
5.890610700,1,1
5.890615800,0,1
5.890616000,0,0
5.890620900,1,0
5.890626000,0,0
5.890626300,0,1
5.890631100,1,1
5.890638200,1,0
5.890644200,0,0
5.890645300,0,1
5.890649300,1,1
5.890654300,0,1
5.890655300,0,0
5.890659500,1,0
5.890664500,0,0
5.890665700,0,1
5.890669700,1,1
5.890674700,0,1
5.890675700,0,0
5.890679900,1,0
5.890684900,0,0
5.890690000,1,0
5.890695100,0,0
5.890700200,1,0
5.890705300,0,0
5.890710400,1,0
5.890715400,0,0
5.890716700,0,1
5.890720600,1,1
5.890725600,0,1
5.890725900,0,0
5.890730800,1,0
5.890735800,0,0
5.890741000,1,0
5.890746000,0,0
5.890751200,1,0
5.890756200,0,0
5.890761300,1,0
5.890766400,0,0
5.890771500,1,0
5.890776600,0,0
5.890781700,1,0
5.890786700,0,0
5.890791900,1,0
5.890796900,0,0
5.890802100,1,0
5.890807100,0,0
5.890807500,0,1
5.890812300,1,1
5.890817300,0,1
5.890822400,1,1
5.890827500,0,1
5.890828500,0,0
5.890832600,1,0
5.890838800,1,1
5.890910700,1,0
5.890916700,0,0
5.890917800,0,1
5.890921800,1,1
5.890926900,0,1
5.890927900,0,0
5.890932000,1,0
5.890937000,0,0
5.890938200,0,1
5.890942200,1,1
5.890947200,0,1
5.890948200,0,0
5.890952400,1,0
5.890957400,0,0
5.890962600,1,0
5.890967600,0,0
5.890972700,1,0
5.890977800,0,0
5.890982900,1,0
5.890988000,0,0
5.890993100,1,0
5.890998100,0,0
5.891003300,1,0
5.891008300,0,0
5.891008700,0,1
5.891013500,1,1
5.891018500,0,1
5.891019500,0,0
5.891023700,1,0
5.891028700,0,0
5.891029900,0,1
5.891033900,1,1
5.891038900,0,1
5.891039900,0,0
5.891044000,1,0
5.891049100,0,0
5.891054200,1,0
5.891059300,0,0
5.891064400,1,0
5.891069400,0,0
5.891074600,1,0
5.891079600,0,0
5.891084800,1,0
5.891089800,0,0
5.891095000,1,0
5.891100000,0,0
5.891100400,0,1
5.891105100,1,1
5.891112200,1,0
5.891118200,0,0
5.891119400,0,1
5.891123300,1,1
5.891128400,0,1
5.891129400,0,0
5.891133500,1,0
5.891138600,0,0
5.891139700,0,1
5.891143700,1,1
5.891148700,0,1
5.891149700,0,0
5.891153900,1,0
5.891158900,0,0
5.891164100,1,0
5.891169100,0,0
5.891174300,1,0
5.891179300,0,0
5.891184400,1,0
5.891189500,0,0
5.891190700,0,1
5.891194600,1,1
5.891199700,0,1
5.891199900,0,0
5.891204800,1,0
5.891209800,0,0
5.891215000,1,0
5.891220000,0,0
5.891220400,0,1
5.891225200,1,1
5.891230200,0,1
5.891235400,1,1
5.891240400,0,1
5.891245600,1,1
5.891250600,0,1
5.891255700,1,1
5.891260800,0,1
5.891261000,0,0
5.891265900,1,0
5.891271000,0,0
5.891276100,1,0
5.891281100,0,0
5.891286300,1,0
5.891291300,0,0
5.891291700,0,1
5.891296500,1,1
5.891301500,0,1
5.891302500,0,0
5.891306700,1,0
5.891312900,1,1
5.891379700,1,0
5.891385700,0,0
5.891386900,0,1
5.891390800,1,1
5.891395900,0,1
5.891396900,0,0
5.891401000,1,0
5.891406100,0,0
5.891407200,0,1
5.891411200,1,1
5.891416300,0,1
5.891417300,0,0
5.891421400,1,0
5.891426400,0,0
5.891431600,1,0
5.891436600,0,0
5.891441800,1,0
5.891446800,0,0
5.891452000,1,0
5.891457000,0,0
5.891462100,1,0
5.891467200,0,0
5.891472300,1,0
5.891477400,0,0
5.891477800,0,1
5.891482500,1,1
5.891487500,0,1
5.891488500,0,0
5.891492700,1,0
5.891497700,0,0
5.891498900,0,1
5.891502900,1,1
5.891507900,0,1
5.891508900,0,0
5.891513100,1,0
5.891518100,0,0
5.891523300,1,0
5.891528300,0,0
5.891533400,1,0
5.891538500,0,0
5.891543600,1,0
5.891548700,0,0
5.891549900,0,1
5.891553800,1,1
5.891558800,0,1
5.891559100,0,0
5.891564000,1,0
5.891569000,0,0
5.891569400,0,1
5.891574200,1,1
5.891581200,1,0
5.891587200,0,0
5.891588400,0,1
5.891592400,1,1
5.891597400,0,1
5.891598400,0,0
5.891602500,1,0
5.891607600,0,0
5.891608800,0,1
5.891612700,1,1
5.891617800,0,1
5.891618800,0,0
5.891622900,1,0
5.891628000,0,0
5.891633100,1,0
5.891638100,0,0
5.891643300,1,0
5.891648300,0,0
5.891653500,1,0
5.891658500,0,0
5.891659700,0,1
5.891663700,1,1
5.891668700,0,1
5.891668900,0,0
5.891673800,1,0
5.891678900,0,0
5.891679300,0,1
5.891684000,1,1
5.891689100,0,1
5.891689300,0,0
5.891694200,1,0
5.891699300,0,0
5.891704400,1,0
5.891709400,0,0
5.891714600,1,0
5.891719600,0,0
5.891724800,1,0
5.891729800,0,0
5.891735000,1,0
5.891740000,0,0
5.891745100,1,0
5.891750200,0,0
5.891755300,1,0
5.891760400,0,0
5.891760800,0,1
5.891765500,1,1
5.891770500,0,1
5.891771500,0,0
5.891775700,1,0
5.891781900,1,1
5.891853700,1,0
5.891859700,0,0
5.891860900,0,1
5.891864900,1,1
5.891869900,0,1
5.891870900,0,0
5.891875100,1,0
5.891880100,0,0
5.891881300,0,1
5.891885200,1,1
5.891890300,0,1
5.891891300,0,0
5.891895400,1,0
5.891900500,0,0
5.891905600,1,0
5.891910700,0,0
5.891915800,1,0
5.891920800,0,0
5.891926000,1,0
5.891931000,0,0
5.891936200,1,0
5.891941200,0,0
5.891946400,1,0
5.891951400,0,0
5.891951800,0,1
5.891956500,1,1
5.891961600,0,1
5.891962600,0,0
5.891966700,1,0
5.891971800,0,0
5.891973000,0,1
5.891976900,1,1
5.891982000,0,1
5.891983000,0,0
5.891987100,1,0
5.891992100,0,0
5.891997300,1,0
5.892002300,0,0
5.892007500,1,0
5.892012500,0,0
5.892013700,0,1
5.892017700,1,1
5.892022700,0,1
5.892023700,0,0
5.892027800,1,0
5.892032900,0,0
5.892038000,1,0
5.892043100,0,0
5.892043500,0,1
5.892048200,1,1
5.892055200,1,0
5.892061200,0,0
5.892062400,0,1
5.892066400,1,1
5.892071400,0,1
5.892072400,0,0
5.892076600,1,0
5.892081600,0,0
5.892082800,0,1
5.892086800,1,1
5.892091800,0,1
5.892092800,0,0
5.892097000,1,0
5.892102000,0,0
5.892107100,1,0
5.892112200,0,0
5.892117300,1,0
5.892122400,0,0
5.892127500,1,0
5.892132500,0,0
5.892133800,0,1
5.892137700,1,1
5.892142700,0,1
5.892143000,0,0
5.892147900,1,0
5.892152900,0,0
5.892158100,1,0
5.892163100,0,0
5.892168300,1,0
5.892173300,0,0
5.892178400,1,0
5.892183500,0,0
5.892188600,1,0
5.892193700,0,0
5.892198800,1,0
5.892203800,0,0
5.892209000,1,0
5.892214000,0,0
5.892219200,1,0
5.892224200,0,0
5.892229400,1,0
5.892234400,0,0
5.892234800,0,1
5.892239500,1,1
5.892244600,0,1
5.892245600,0,0
5.892249700,1,0
5.892255900,1,1
5.892322800,1,0
5.892328800,0,0
5.892329900,0,1
5.892333900,1,1
5.892338900,0,1
5.892339900,0,0
5.892344100,1,0
5.892349100,0,0
5.892350300,0,1
5.892354300,1,1
5.892359300,0,1
5.892360300,0,0
5.892364500,1,0
5.892369500,0,0
5.892374700,1,0
5.892379700,0,0
5.892384800,1,0
5.892389900,0,0
5.892395000,1,0
5.892400100,0,0
5.892405200,1,0
5.892410200,0,0
5.892415400,1,0
5.892420400,0,0
5.892420800,0,1
5.892425600,1,1
5.892430600,0,1
5.892431600,0,0
5.892435800,1,0
5.892440800,0,0
5.892442000,0,1
5.892445900,1,1
5.892451000,0,1
5.892452000,0,0
5.892456100,1,0
5.892461200,0,0
5.892466300,1,0
5.892471400,0,0
5.892476500,1,0
5.892481500,0,0
5.892482800,0,1
5.892486700,1,1
5.892491700,0,1
5.892496900,1,1
5.892501900,0,1
5.892502100,0,0
5.892507100,1,0
5.892512100,0,0
5.892512500,0,1
5.892517200,1,1
5.892524300,1,0
5.892530300,0,0
5.892531500,0,1
5.892535400,1,1
5.892540500,0,1
5.892541500,0,0
5.892545600,1,0
5.892550600,0,0
5.892551800,0,1
5.892555800,1,1
5.892560800,0,1
5.892561800,0,0
5.892566000,1,0
5.892571000,0,0
5.892576200,1,0
5.892581200,0,0
5.892586400,1,0
5.892591400,0,0
5.892596500,1,0
5.892601600,0,0
5.892602800,0,1
5.892606700,1,1
5.892611800,0,1
5.892612000,0,0
5.892616900,1,0
5.892621900,0,0
5.892627100,1,0
5.892632100,0,0
5.892632500,0,1
5.892637300,1,1
5.892642300,0,1
5.892647500,1,1
5.892652500,0,1
5.892652700,0,0
5.892657700,1,0
5.892662700,0,0
5.892663100,0,1
5.892667800,1,1
5.892672900,0,1
5.892673100,0,0
5.892678000,1,0
5.892683100,0,0
5.892688200,1,0
5.892693200,0,0
5.892698400,1,0
5.892703400,0,0
5.892703800,0,1
5.892708600,1,1
5.892713600,0,1
5.892714600,0,0
5.892718800,1,0
5.892725000,1,1
5.892796800,1,0
5.892802800,0,0
5.892804000,0,1
5.892807900,1,1
5.892813000,0,1
5.892814000,0,0
5.892818100,1,0
5.892823200,0,0
5.892824300,0,1
5.892828300,1,1
5.892833300,0,1
5.892834400,0,0
5.892838500,1,0
5.892843500,0,0
5.892848700,1,0
5.892853700,0,0
5.892858900,1,0
5.892863900,0,0
5.892869100,1,0
5.892874100,0,0
5.892879200,1,0
5.892884300,0,0
5.892889400,1,0
5.892894500,0,0
5.892894900,0,1
5.892899600,1,1
5.892904600,0,1
5.892905600,0,0
5.892909800,1,0
5.892914800,0,0
5.892916000,0,1
5.892920000,1,1
5.892925000,0,1
5.892926000,0,0
5.892930200,1,0
5.892935200,0,0
5.892940400,1,0
5.892945400,0,0
5.892950500,1,0
5.892955600,0,0
5.892956800,0,1
5.892960700,1,1
5.892965800,0,1
5.892970900,1,1
5.892975900,0,1
5.892976200,0,0
5.892981100,1,0
5.892986100,0,0
5.892986500,0,1
5.892991300,1,1
5.892998300,1,0
5.893004300,0,0
5.893005500,0,1
5.893009400,1,1
5.893014500,0,1
5.893015500,0,0
5.893019600,1,0
5.893024700,0,0
5.893025900,0,1
5.893029800,1,1
5.893034900,0,1
5.893035900,0,0
5.893040000,1,0
5.893045100,0,0
5.893050200,1,0
5.893055200,0,0
5.893060400,1,0
5.893065400,0,0
5.893070600,1,0
5.893075600,0,0
5.893076800,0,1
5.893080800,1,1
5.893085800,0,1
5.893086000,0,0
5.893090900,1,0
5.893096000,0,0
5.893101100,1,0
5.893106200,0,0
5.893106600,0,1
5.893111300,1,1
5.893116300,0,1
5.893121500,1,1
5.893126500,0,1
5.893126800,0,0
5.893131700,1,0
5.893136700,0,0
5.893137100,0,1
5.893141900,1,1
5.893146900,0,1
5.893147100,0,0
5.893152100,1,0
5.893157100,0,0
5.893162200,1,0
5.893167300,0,0
5.893172400,1,0
5.893177500,0,0
5.893177900,0,1
5.893182600,1,1
5.893187600,0,1
5.893188600,0,0
5.893192800,1,0
5.893199000,1,1
5.893262800,1,0
5.893268800,0,0
5.893270000,0,1
5.893274000,1,1
5.893279000,0,1
5.893280000,0,0
5.893284200,1,0
5.893289200,0,0
5.893290400,0,1
5.893294300,1,1
5.893299400,0,1
5.893300400,0,0
5.893304500,1,0
5.893309600,0,0
5.893314700,1,0
5.893319800,0,0
5.893324900,1,0
5.893329900,0,0
5.893335100,1,0
5.893340100,0,0
5.893345300,1,0
5.893350300,0,0
5.893355500,1,0
5.893360500,0,0
5.893360900,0,1
5.893365600,1,1
5.893370700,0,1
5.893371700,0,0
5.893375800,1,0
5.893380900,0,0
5.893382100,0,1
5.893386000,1,1
5.893391000,0,1
5.893392000,0,0
5.893396200,1,0
5.893401200,0,0
5.893406400,1,0
5.893411400,0,0
5.893416600,1,0
5.893421600,0,0
5.893422800,0,1
5.893426800,1,1
5.893431800,0,1
5.893436900,1,1
5.893442000,0,1
5.893442200,0,0
5.893447100,1,0
5.893452200,0,0
5.893452500,0,1
5.893457300,1,1
5.893464300,1,0
5.893470300,0,0
5.893471500,0,1
5.893475500,1,1
5.893480500,0,1
5.893481500,0,0
5.893485700,1,0
5.893490700,0,0
5.893491900,0,1
5.893495900,1,1
5.893500900,0,1
5.893501900,0,0
5.893506100,1,0
5.893511100,0,0
5.893516200,1,0
5.893521300,0,0
5.893526400,1,0
5.893531500,0,0
5.893536600,1,0
5.893541600,0,0
5.893542900,0,1
5.893546800,1,1
5.893551800,0,1
5.893552100,0,0
5.893557000,1,0
5.893562000,0,0
5.893567200,1,0
5.893572200,0,0
5.893572600,0,1
5.893577300,1,1
5.893582400,0,1
5.893587500,1,1
5.893592600,0,1
5.893592800,0,0
5.893597700,1,0
5.893602700,0,0
5.893603100,0,1
5.893607900,1,1
5.893612900,0,1
5.893613200,0,0
5.893618100,1,0
5.893623100,0,0
5.893628300,1,0
5.893633300,0,0
5.893638500,1,0
5.893643500,0,0
5.893643900,0,1
5.893648600,1,1
5.893653700,0,1
5.893654700,0,0
5.893658800,1,0
5.893665000,1,1
5.893734900,1,0
5.893740900,0,0
5.893742000,0,1
5.893746000,1,1
5.893751000,0,1
5.893752000,0,0
5.893756200,1,0
5.893761200,0,0
5.893762400,0,1
5.893766400,1,1
5.893771400,0,1
5.893772400,0,0
5.893776600,1,0
5.893781600,0,0
5.893786800,1,0
5.893791800,0,0
5.893796900,1,0
5.893802000,0,0
5.893807100,1,0
5.893812200,0,0
5.893817300,1,0
5.893822300,0,0
5.893827500,1,0
5.893832500,0,0
5.893832900,0,1
5.893837700,1,1
5.893842700,0,1
5.893843700,0,0
5.893847900,1,0
5.893852900,0,0
5.893854100,0,1
5.893858000,1,1
5.893863100,0,1
5.893864100,0,0
5.893868200,1,0
5.893873300,0,0
5.893878400,1,0
5.893883500,0,0
5.893884700,0,1
5.893888600,1,1
5.893893600,0,1
5.893894600,0,0
5.893898800,1,0
5.893903800,0,0
5.893909000,1,0
5.893914000,0,0
5.893919200,1,0
5.893924200,0,0
5.893924600,0,1
5.893929300,1,1
5.893936400,1,0
5.893942400,0,0
5.893943600,0,1
5.893947500,1,1
5.893952600,0,1
5.893953600,0,0
5.893957700,1,0
5.893962700,0,0
5.893963900,0,1
5.893967900,1,1
5.893972900,0,1
5.893973900,0,0
5.893978100,1,0
5.893983100,0,0
5.893988300,1,0
5.893993300,0,0
5.893998500,1,0
5.894003500,0,0
5.894008600,1,0
5.894013700,0,0
5.894014900,0,1
5.894018800,1,1
5.894023900,0,1
5.894024100,0,0
5.894029000,1,0
5.894034000,0,0
5.894039200,1,0
5.894044200,0,0
5.894049400,1,0
5.894054400,0,0
5.894059600,1,0
5.894064600,0,0
5.894065000,0,1
5.894069700,1,1
5.894074800,0,1
5.894079900,1,1
5.894085000,0,1
5.894085200,0,0
5.894090100,1,0
5.894095200,0,0
5.894095500,0,1
5.894100300,1,1
5.894105300,0,1
5.894105600,0,0
5.894110500,1,0
5.894115500,0,0
5.894115900,0,1
5.894120700,1,1
5.894125700,0,1
5.894126700,0,0
5.894130900,1,0
5.894137100,1,1
5.894200900,1,0
5.894206900,0,0
5.894208100,0,1
5.894212000,1,1
5.894217100,0,1
5.894218100,0,0
5.894222200,1,0
5.894227300,0,0
5.894228400,0,1
5.894232400,1,1
5.894237400,0,1
5.894238400,0,0
5.894242600,1,0
5.894247600,0,0
5.894252800,1,0
5.894257800,0,0
5.894263000,1,0
5.894268000,0,0
5.894273200,1,0
5.894278200,0,0
5.894283300,1,0
5.894288400,0,0
5.894293500,1,0
5.894298600,0,0
5.894299000,0,1
5.894303700,1,1
5.894308700,0,1
5.894309700,0,0
5.894313900,1,0
5.894318900,0,0
5.894320100,0,1
5.894324100,1,1
5.894329100,0,1
5.894330100,0,0
5.894334300,1,0
5.894339300,0,0
5.894344500,1,0
5.894349500,0,0
5.894354600,1,0
5.894359700,0,0
5.894360900,0,1
5.894364800,1,1
5.894369900,0,1
5.894375000,1,1
5.894380000,0,1
5.894380300,0,0
5.894385200,1,0
5.894390200,0,0
5.894390600,0,1
5.894395400,1,1
5.894402400,1,0
5.894408400,0,0
5.894409600,0,1
5.894413500,1,1
5.894418600,0,1
5.894419600,0,0
5.894423700,1,0
5.894428800,0,0
5.894430000,0,1
5.894433900,1,1
5.894439000,0,1
5.894440000,0,0
5.894444100,1,0
5.894449100,0,0
5.894454300,1,0
5.894459300,0,0
5.894464500,1,0
5.894469500,0,0
5.894474700,1,0
5.894479700,0,0
5.894480900,0,1
5.894484900,1,1
5.894489900,0,1
5.894490100,0,0
5.894495000,1,0
5.894500100,0,0
5.894505200,1,0
5.894510300,0,0
5.894510700,0,1
5.894515400,1,1
5.894520400,0,1
5.894525600,1,1
5.894530600,0,1
5.894530900,0,0
5.894535800,1,0
5.894540800,0,0
5.894541200,0,1
5.894546000,1,1
5.894551000,0,1
5.894551200,0,0
5.894556200,1,0
5.894561200,0,0
5.894566300,1,0
5.894571400,0,0
5.894576500,1,0
5.894581600,0,0
5.894582000,0,1
5.894586700,1,1
5.894591700,0,1
5.894592700,0,0
5.894596900,1,0
5.894603100,1,1
5.894665900,1,0
5.894671900,0,0
5.894673100,0,1
5.894677000,1,1
5.894682100,0,1
5.894683100,0,0
5.894687300,1,0
5.894692300,0,0
5.894693500,0,1
5.894697400,1,1
5.894702500,0,1
5.894703500,0,0
5.894707600,1,0
5.894712700,0,0
5.894717800,1,0
5.894722800,0,0
5.894728000,1,0
5.894733000,0,0
5.894738200,1,0
5.894743200,0,0
5.894748400,1,0
5.894753400,0,0
5.894758600,1,0
5.894763600,0,0
5.894764000,0,1
5.894768700,1,1
5.894773800,0,1
5.894774800,0,0
5.894778900,1,0
5.894784000,0,0
5.894785100,0,1
5.894789100,1,1
5.894794100,0,1
5.894795100,0,0
5.894799300,1,0
5.894804300,0,0
5.894809500,1,0
5.894814500,0,0
5.894815700,0,1
5.894819700,1,1
5.894824700,0,1
5.894825700,0,0
5.894829900,1,0
5.894834900,0,0
5.894840000,1,0
5.894845100,0,0
5.894850200,1,0
5.894855300,0,0
5.894855700,0,1
5.894860400,1,1
5.894867400,1,0
5.894873400,0,0
5.894874600,0,1
5.894878600,1,1
5.894883600,0,1
5.894884600,0,0
5.894888800,1,0
5.894893800,0,0
5.894895000,0,1
5.894899000,1,1
5.894904000,0,1
5.894905000,0,0
5.894909100,1,0
5.894914200,0,0
5.894919300,1,0
5.894924400,0,0
5.894929500,1,0
5.894934600,0,0
5.894939700,1,0
5.894944700,0,0
5.894946000,0,1
5.894949900,1,1
5.894954900,0,1
5.894955200,0,0
5.894960100,1,0
5.894965100,0,0
5.894970300,1,0
5.894975300,0,0
5.894980400,1,0
5.894985500,0,0
5.894990600,1,0
5.894995700,0,0
5.894996100,0,1
5.895000800,1,1
5.895005800,0,1
5.895011000,1,1
5.895016000,0,1
5.895016300,0,0
5.895021200,1,0
5.895026200,0,0
5.895026600,0,1
5.895031400,1,1
5.895036400,0,1
5.895036600,0,0
5.895041600,1,0
5.895046600,0,0
5.895047000,0,1
5.895051700,1,1
5.895056800,0,1
5.895057800,0,0
5.895061900,1,0
5.895068100,1,1
5.895139000,1,0
5.895145000,0,0
5.895146100,0,1
5.895150100,1,1
5.895155100,0,1
5.895156100,0,0
5.895160300,1,0
5.895165300,0,0
5.895166500,0,1
5.895170500,1,1
5.895175500,0,1
5.895176500,0,0
5.895180700,1,0
5.895185700,0,0
5.895190800,1,0
5.895195900,0,0
5.895201000,1,0
5.895206100,0,0
5.895211200,1,0
5.895216300,0,0
5.895221400,1,0
5.895226400,0,0
5.895231600,1,0
5.895236600,0,0
5.895237000,0,1
5.895241800,1,1
5.895246800,0,1
5.895247800,0,0
5.895252000,1,0
5.895257000,0,0
5.895258200,0,1
5.895262100,1,1
5.895267200,0,1
5.895268200,0,0
5.895272300,1,0
5.895277400,0,0
5.895282500,1,0
5.895287500,0,0
5.895292700,1,0
5.895297700,0,0
5.895298900,0,1
5.895302900,1,1
5.895307900,0,1
5.895313100,1,1
5.895318100,0,1
5.895318300,0,0
5.895323300,1,0
5.895328300,0,0
5.895328700,0,1
5.895333400,1,1
5.895340500,1,0
5.895346500,0,0
5.895347600,0,1
5.895351600,1,1
5.895356700,0,1
5.895357700,0,0
5.895361800,1,0
5.895366800,0,0
5.895368000,0,1
5.895372000,1,1
5.895377000,0,1
5.895378000,0,0
5.895382200,1,0
5.895387200,0,0
5.895392400,1,0
5.895397400,0,0
5.895402600,1,0
5.895407600,0,0
5.895412700,1,0
5.895417800,0,0
5.895419000,0,1
5.895422900,1,1
5.895428000,0,1
5.895428200,0,0
5.895433100,1,0
5.895438100,0,0
5.895443300,1,0
5.895448300,0,0
5.895448700,0,1
5.895453500,1,1
5.895458500,0,1
5.895463700,1,1
5.895468700,0,1
5.895468900,0,0
5.895473800,1,0
5.895478900,0,0
5.895479300,0,1
5.895484000,1,1
5.895489100,0,1
5.895489300,0,0
5.895494200,1,0
5.895499200,0,0
5.895504400,1,0
5.895509400,0,0
5.895514600,1,0
5.895519600,0,0
5.895520000,0,1
5.895524800,1,1
5.895529800,0,1
5.895530800,0,0
5.895535000,1,0
5.895541200,1,1
5.895605000,1,0
5.895611000,0,0
5.895612100,0,1
5.895616100,1,1
5.895621200,0,1
5.895622200,0,0
5.895626300,1,0
5.895631400,0,0
5.895632500,0,1
5.895636500,1,1
5.895641500,0,1
5.895642500,0,0
5.895646700,1,0
5.895651700,0,0
5.895656900,1,0
5.895661900,0,0
5.895667100,1,0
5.895672100,0,0
5.895677300,1,0
5.895682300,0,0
5.895687400,1,0
5.895692500,0,0
5.895697600,1,0
5.895702700,0,0
5.895703100,0,1
5.895707800,1,1
5.895712800,0,1
5.895713800,0,0
5.895718000,1,0
5.895723000,0,0
5.895724200,0,1
5.895728200,1,1
5.895733200,0,1
5.895734200,0,0
5.895738400,1,0
5.895743400,0,0
5.895748500,1,0
5.895753600,0,0
5.895758700,1,0
5.895763800,0,0
5.895765000,0,1
5.895768900,1,1
5.895773900,0,1
5.895779100,1,1
5.895784100,0,1
5.895784400,0,0
5.895789300,1,0
5.895794300,0,0
5.895794700,0,1
5.895799500,1,1
5.895806500,1,0
5.895812500,0,0
5.895813700,0,1
5.895817600,1,1
5.895822700,0,1
5.895823700,0,0
5.895827800,1,0
5.895832900,0,0
5.895834100,0,1
5.895838000,1,1
5.895843100,0,1
5.895844100,0,0
5.895848200,1,0
5.895853200,0,0
5.895858400,1,0
5.895863400,0,0
5.895868600,1,0
5.895873600,0,0
5.895878800,1,0
5.895883800,0,0
5.895885000,0,1
5.895889000,1,1
5.895894000,0,1
5.895894200,0,0
5.895899100,1,0
5.895904200,0,0
5.895909300,1,0
5.895914400,0,0
5.895914800,0,1
5.895919500,1,1
5.895924500,0,1
5.895929700,1,1
5.895934700,0,1
5.895935000,0,0
5.895939900,1,0
5.895944900,0,0
5.895945300,0,1
5.895950100,1,1
5.895955100,0,1
5.895955300,0,0
5.895960200,1,0
5.895965300,0,0
5.895970400,1,0
5.895975500,0,0
5.895980600,1,0
5.895985700,0,0
5.895986100,0,1
5.895990800,1,1
5.895995800,0,1
5.895996800,0,0
5.896001000,1,0
5.896007200,1,1
5.896079000,1,0
5.896085000,0,0
5.896086200,0,1
5.896090100,1,1
5.896095200,0,1
5.896096200,0,0
5.896100300,1,0
5.896105400,0,0
5.896106600,0,1
5.896110500,1,1
5.896115600,0,1
5.896116600,0,0
5.896120700,1,0
5.896125800,0,0
5.896130900,1,0
5.896135900,0,0
5.896141100,1,0
5.896146100,0,0
5.896151300,1,0
5.896156300,0,0
5.896161500,1,0
5.896166500,0,0
5.896171700,1,0
5.896176700,0,0
5.896177100,0,1
5.896181800,1,1
5.896186900,0,1
5.896187900,0,0
5.896192000,1,0
5.896197100,0,0
5.896198200,0,1
5.896202200,1,1
5.896207200,0,1
5.896208200,0,0
5.896212400,1,0
5.896217400,0,0
5.896222600,1,0
5.896227600,0,0
5.896232800,1,0
5.896237800,0,0
5.896239000,0,1
5.896242900,1,1
5.896248000,0,1
5.896253100,1,1
5.896258200,0,1
5.896258400,0,0
5.896263300,1,0
5.896268400,0,0
5.896268700,0,1
5.896273500,1,1
5.896280500,1,0
5.896286500,0,0
5.896287700,0,1
5.896291700,1,1
5.896296700,0,1
5.896297700,0,0
5.896301900,1,0
5.896306900,0,0
5.896308100,0,1
5.896312100,1,1
5.896317100,0,1
5.896318100,0,0
5.896322200,1,0
5.896327300,0,0
5.896332400,1,0
5.896337500,0,0
5.896342600,1,0
5.896347600,0,0
5.896352800,1,0
5.896357800,0,0
5.896359000,0,1
5.896363000,1,1
5.896368000,0,1
5.896368200,0,0
5.896373200,1,0
5.896378200,0,0
5.896383400,1,0
5.896388400,0,0
5.896388800,0,1
5.896393500,1,1
5.896398600,0,1
5.896403700,1,1
5.896408800,0,1
5.896409000,0,0
5.896413900,1,0
5.896418900,0,0
5.896419300,0,1
5.896424100,1,1
5.896429100,0,1
5.896429400,0,0
5.896434300,1,0
5.896439300,0,0
5.896444500,1,0
5.896449500,0,0
5.896454700,1,0
5.896459700,0,0
5.896460100,0,1
5.896464800,1,1
5.896469900,0,1
5.896470900,0,0
5.896475000,1,0
5.896481200,1,1
5.896550100,1,0
5.896556100,0,0
5.896557200,0,1
5.896561200,1,1
5.896566200,0,1
5.896567200,0,0
5.896571400,1,0
5.896576400,0,0
5.896577600,0,1
5.896581600,1,1
5.896586600,0,1
5.896587600,0,0
5.896591800,1,0
5.896596800,0,0
5.896601900,1,0
5.896607000,0,0
5.896612100,1,0
5.896617200,0,0
5.896622300,1,0
5.896627300,0,0
5.896632500,1,0
5.896637500,0,0
5.896642700,1,0
5.896647700,0,0
5.896648100,0,1
5.896652900,1,1
5.896657900,0,1
5.896658900,0,0
5.896663100,1,0
5.896668100,0,0
5.896673200,1,0
5.896678300,0,0
5.896683400,1,0
5.896688500,0,0
5.896693600,1,0
5.896698600,0,0
5.896699900,0,1
5.896703800,1,1
5.896708800,0,1
5.896709800,0,0
5.896714000,1,0
5.896719000,0,0
5.896724200,1,0
5.896729200,0,0
5.896734400,1,0
5.896739400,0,0
5.896739800,0,1
5.896744500,1,1
5.896751600,1,0
5.896757600,0,0
5.896758700,0,1
5.896762700,1,1
5.896767800,0,1
5.896768800,0,0
5.896772900,1,0
5.896777900,0,0
5.896779100,0,1
5.896783100,1,1
5.896788100,0,1
5.896789100,0,0
5.896793300,1,0
5.896798300,0,0
5.896803500,1,0
5.896808500,0,0
5.896813600,1,0
5.896818700,0,0
5.896823800,1,0
5.896828900,0,0
5.896830100,0,1
5.896834000,1,1
5.896839000,0,1
5.896839300,0,0
5.896844200,1,0
5.896849200,0,0
5.896854400,1,0
5.896859400,0,0
5.896859800,0,1
5.896864600,1,1
5.896869600,0,1
5.896869800,0,0
5.896874800,1,0
5.896879800,0,0
5.896884900,1,0
5.896890000,0,0
5.896895100,1,0
5.896900200,0,0
5.896900600,0,1
5.896905300,1,1
5.896910300,0,1
5.896915500,1,1
5.896920500,0,1
5.896920800,0,0
5.896925700,1,0
5.896930700,0,0
5.896931100,0,1
5.896935900,1,1
5.896940900,0,1
5.896941900,0,0
5.896946100,1,0
5.896952300,1,1
7.945727400,1,0
7.945733400,0,0
7.945734600,0,1
7.945738600,1,1
7.945743600,0,1
7.945744600,0,0
7.945748800,1,0
7.945753800,0,0
7.945755000,0,1
7.945759000,1,1
7.945764000,0,1
7.945765000,0,0
7.945769200,1,0
7.945774200,0,0
7.945779300,1,0
7.945784400,0,0
7.945789500,1,0
7.945794600,0,0
7.945799700,1,0
7.945804700,0,0
7.945809900,1,0
7.945814900,0,0
7.945820100,1,0
7.945825100,0,0
7.945825500,0,1
7.946742100,0,0
7.946746300,1,0
7.946751300,0,0
7.946756500,1,0
7.946761500,0,0
7.946766600,1,0
7.946771700,0,0
7.946776800,1,0
7.946781800,0,0
7.946787000,1,0
7.946792000,0,0
7.946797200,1,0
7.946802200,0,0
7.946807400,1,0
7.946812400,0,0
7.946817600,1,0
7.946822600,0,0
7.946827700,1,0
7.946832800,0,0
7.946833200,0,1
7.947739000,1,1
7.947745900,1,0
7.947751900,0,0
7.947753100,0,1
7.947757100,1,1
7.947762100,0,1
7.947763100,0,0
7.947767300,1,0
7.947772300,0,0
7.947773500,0,1
7.947777500,1,1
7.947782500,0,1
7.947783500,0,0
7.947787700,1,0
7.947792700,0,0
7.947797800,1,0
7.947802900,0,0
7.947808000,1,0
7.947813100,0,0
7.947818200,1,0
7.947823200,0,0
7.947824500,0,1
7.947828400,1,1
7.947833400,0,1
7.947833700,0,0
7.947838600,1,0
7.947843600,0,0
7.948760800,1,0
7.948765800,0,0
7.948771000,1,0
7.948776000,0,0
7.948781100,1,0
7.948786200,0,0
7.948791300,1,0
7.948796300,0,0
7.948801500,1,0
7.948806500,0,0
7.948811700,1,0
7.948816700,0,0
7.948821900,1,0
7.948826900,0,0
7.948832100,1,0
7.948837100,0,0
7.948837500,0,1
7.949764300,1,1
7.949769300,0,1
7.949770300,0,0
7.949774400,1,0
7.949780600,1,1
7.950707400,1,0
7.950713400,0,0
7.950714600,0,1
7.950718600,1,1
7.950723600,0,1
7.950724600,0,0
7.950728800,1,0
7.950733800,0,0
7.950735000,0,1
7.950739000,1,1
7.950744000,0,1
7.950745000,0,0
7.950749100,1,0
7.950754200,0,0
7.950759300,1,0
7.950764400,0,0
7.950769500,1,0
7.950774500,0,0
7.950779700,1,0
7.950784700,0,0
7.950789900,1,0
7.950794900,0,0
7.950800100,1,0
7.950805100,0,0
7.950805500,0,1
7.951719100,0,0
7.951723300,1,0
7.951728300,0,0
7.951733400,1,0
7.951738500,0,0
7.951743600,1,0
7.951748600,0,0
7.951753800,1,0
7.951758800,0,0
7.951764000,1,0
7.951769000,0,0
7.951774200,1,0
7.951779200,0,0
7.951784400,1,0
7.951789400,0,0
7.951794500,1,0
7.951799600,0,0
7.951804700,1,0
7.951809800,0,0
7.951810200,0,1
7.952713900,1,1
7.952720900,1,0
7.952726900,0,0
7.952728100,0,1
7.952732100,1,1
7.952737100,0,1
7.952738100,0,0
7.952742300,1,0
7.952747300,0,0
7.952748500,0,1
7.952752500,1,1
7.952757500,0,1
7.952758500,0,0
7.952762600,1,0
7.952767700,0,0
7.952772800,1,0
7.952777900,0,0
7.952783000,1,0
7.952788000,0,0
7.952793200,1,0
7.952798200,0,0
7.952799400,0,1
7.952803400,1,1
7.952808400,0,1
7.952808600,0,0
7.952813600,1,0
7.952818600,0,0
7.953736800,1,0
7.953741800,0,0
7.953746900,1,0
7.953752000,0,0
7.953757100,1,0
7.953762100,0,0
7.953767300,1,0
7.953772300,0,0
7.953777500,1,0
7.953782500,0,0
7.953787700,1,0
7.953792700,0,0
7.953797900,1,0
7.953802900,0,0
7.953808000,1,0
7.953813100,0,0
7.953818200,1,0
7.953823300,0,0
7.953826500,0,1
7.953828400,1,1
7.953833400,0,1
7.953838600,1,1
7.953843600,0,1
7.953848800,1,1
7.953853800,0,1
7.953859000,1,1
7.953864000,0,1
7.953869100,1,1
7.953874200,0,1
7.953879300,1,1
7.953884400,0,1
7.953889500,1,1
7.953894500,0,1
7.953899700,1,1
7.953904700,0,1
7.953905700,0,0
7.953909900,1,0
7.953914900,0,0
7.953918100,0,1
7.953920100,1,1
7.953925100,0,1
7.953930300,1,1
7.953935300,0,1
7.953940400,1,1
7.953945500,0,1
7.953950600,1,1
7.953955700,0,1
7.953960800,1,1
7.953965800,0,1
7.953971000,1,1
7.953976000,0,1
7.953981200,1,1
7.953986200,0,1
7.953991400,1,1
7.953996400,0,1
7.953997400,0,0
7.954001600,1,0
7.954006600,0,0
7.954009800,0,1
7.954011700,1,1
7.954016800,0,1
7.954021900,1,1
7.954027000,0,1
7.954032100,1,1
7.954037100,0,1
7.954042300,1,1
7.954047300,0,1
7.954052500,1,1
7.954057500,0,1
7.954062700,1,1
7.954067700,0,1
7.954072800,1,1
7.954077900,0,1
7.954083000,1,1
7.954088100,0,1
7.954089100,0,0
7.954093200,1,0
7.954098300,0,0
7.954101400,0,1
7.954103400,1,1
7.954108400,0,1
7.954113600,1,1
7.954118600,0,1
7.954123800,1,1
7.954128800,0,1
7.954134000,1,1
7.954139000,0,1
7.954144100,1,1
7.954149200,0,1
7.954154300,1,1
7.954159400,0,1
7.954164500,1,1
7.954169500,0,1
7.954174700,1,1
7.954179700,0,1
7.954180700,0,0
7.954184900,1,0
7.954189900,0,0
7.954193100,0,1
7.954195100,1,1
7.954200100,0,1
7.954205300,1,1
7.954210300,0,1
7.954215400,1,1
7.954220500,0,1
7.954225600,1,1
7.954230700,0,1
7.954235800,1,1
7.954240800,0,1
7.954246000,1,1
7.954251000,0,1
7.954256200,1,1
7.954261200,0,1
7.954266400,1,1
7.954271400,0,1
7.954272400,0,0
7.954276500,1,0
7.954281600,0,0
7.954284800,0,1
7.954286700,1,1
7.954291800,0,1
7.954296900,1,1
7.954302000,0,1
7.954307100,1,1
7.954312100,0,1
7.954317300,1,1
7.954322300,0,1
7.954327500,1,1
7.954332500,0,1
7.954337700,1,1
7.954342700,0,1
7.954347800,1,1
7.954352900,0,1
7.954358000,1,1
7.954363100,0,1
7.954364100,0,0
7.954368200,1,0
7.954373200,0,0
7.954378400,1,0
7.954383400,0,0
7.954388600,1,0
7.954393600,0,0
7.954398800,1,0
7.954403800,0,0
7.954409000,1,0
7.954414000,0,0
7.954419100,1,0
7.954424200,0,0
7.954429300,1,0
7.954434400,0,0
7.954439500,1,0
7.954444500,0,0
7.954449700,1,0
7.954454700,0,0
7.954459900,1,0
7.954464900,0,0
7.954470100,1,0
7.954475100,0,0
7.954480300,1,0
7.954485300,0,0
7.954490400,1,0
7.954495500,0,0
7.954500600,1,0
7.954505700,0,0
7.954510800,1,0
7.954515800,0,0
7.954516300,0,1
7.954521000,1,1
7.954526000,0,1
7.954531200,1,1
7.954536200,0,1
7.954536400,0,0
7.954541400,1,0
7.954546400,0,0
7.954551500,1,0
7.954556600,0,0
7.954559800,0,1
7.954561700,1,1
7.954566800,0,1
7.954567000,0,0
7.954571900,1,0
7.954576900,0,0
7.954577300,0,1
7.954582100,1,1
7.954587100,0,1
7.954592300,1,1
7.954597300,0,1
7.954597600,0,0
7.954602500,1,0
7.954607500,0,0
7.954612700,1,0
7.954617700,0,0
7.954618100,0,1
7.954622800,1,1
7.954627900,0,1
7.954633000,1,1
7.954638100,0,1
7.954639100,0,0
7.954643200,1,0
7.954648200,0,0
7.954651400,0,1
7.954653400,1,1
7.954658400,0,1
7.954663600,1,1
7.954668600,0,1
7.954673800,1,1
7.954678800,0,1
7.954679000,0,0
7.954684000,1,0
7.954689000,0,0
7.954694100,1,0
7.954699200,0,0
7.954704300,1,0
7.954709400,0,0
7.954714500,1,0
7.954719500,0,0
7.954720000,0,1
7.954724700,1,1
7.954729700,0,1
7.954730700,0,0
7.954734900,1,0
7.954739900,0,0
7.954745100,1,0
7.954750100,0,0
7.954755200,1,0
7.954760300,0,0
7.954765400,1,0
7.954770500,0,0
7.954770900,0,1
7.954775600,1,1
7.954780700,0,1
7.954780900,0,0
7.954785800,1,0
7.954790800,0,0
7.954791200,0,1
7.954796000,1,1
7.954801000,0,1
7.954806200,1,1
7.954811200,0,1
7.954811400,0,0
7.954816400,1,0
7.954821400,0,0
7.954826500,1,0
7.954831600,0,0
7.954836700,1,0
7.954841800,0,0
7.954842200,0,1
7.954846900,1,1
7.954851900,0,1
7.954857100,1,1
7.954862100,0,1
7.954867300,1,1
7.954872300,0,1
7.954877500,1,1
7.954882500,0,1
7.954882700,0,0
7.954887700,1,0
7.954892700,0,0
7.954897800,1,0
7.954902900,0,0
7.954903300,0,1
7.954908000,1,1
7.954913100,0,1
7.954914100,0,0
7.954918200,1,0
7.954923200,0,0
7.954928400,1,0
7.954933400,0,0
7.954933800,0,1
7.954938600,1,1
7.954943600,0,1
7.954943800,0,0
7.954948800,1,0
7.954953800,0,0
7.954954200,0,1
7.954958900,1,1
7.954964000,0,1
7.954964200,0,0
7.954969100,1,0
7.954974200,0,0
7.954974600,0,1
7.954979300,1,1
7.954984400,0,1
7.954989500,1,1
7.954994500,0,1
7.954994800,0,0
7.954999700,1,0
7.955004700,0,0
7.955009900,1,0
7.955014900,0,0
7.955020100,1,0
7.955025100,0,0
7.955030200,1,0
7.955035300,0,0
7.955040400,1,0
7.955045500,0,0
7.955050600,1,0
7.955055600,0,0
7.955060800,1,0
7.955065800,0,0
7.955071000,1,0
7.955076000,0,0
7.955076400,0,1
7.955081200,1,1
7.955086200,0,1
7.955086400,0,0
7.955091400,1,0
7.955096400,0,0
7.955101500,1,0
7.955106600,0,0
7.955111700,1,0
7.955116800,0,0
7.955121900,1,0
7.955126900,0,0
7.955132100,1,0
7.955137100,0,0
7.955142300,1,0
7.955147300,0,0
7.955152500,1,0
7.955157500,0,0
7.955162700,1,0
7.955167700,0,0
7.955172800,1,0
7.955177900,0,0
7.955183000,1,0
7.955188100,0,0
7.955188500,0,1
7.956631000,0,0
7.956635200,1,0
7.956640200,0,0
7.956645400,1,0
7.956650400,0,0
7.956655600,1,0
7.956660600,0,0
7.956665800,1,0
7.956670800,0,0
7.956675900,1,0
7.956681000,0,0
7.956681400,0,1
7.956686100,1,1
7.956691100,0,1
7.956691400,0,0
7.956696300,1,0
7.956701300,0,0
7.956701700,0,1
7.956706500,1,1
7.956711500,0,1
7.956716700,1,1
7.956721700,0,1
7.956722700,0,0
7.956726900,1,0
7.956731900,0,0
7.956737000,1,0
7.956742100,0,0
7.956747200,1,0
7.956752300,0,0
7.956757400,1,0
7.956762400,0,0
7.956762900,0,1
7.956767600,1,1
7.956772600,0,1
7.956777800,1,1
7.956782800,0,1
7.956788000,1,1
7.956793000,0,1
7.956798200,1,1
7.956803200,0,1
7.956808300,1,1
7.956813400,0,1
7.956814400,0,0
7.956818500,1,0
7.956823600,0,0
7.956828700,1,0
7.956833700,0,0
7.956838900,1,0
7.956843900,0,0
7.956849100,1,0
7.956854100,0,0
7.956859300,1,0
7.956864300,0,0
7.956869500,1,0
7.956874500,0,0
7.956879600,1,0
7.956884700,0,0
7.956889800,1,0
7.956894900,0,0
7.956895300,0,1
7.956900000,1,1
7.956905000,0,1
7.956906000,0,0
7.956910200,1,0
7.956915200,0,0
7.956920400,1,0
7.956925400,0,0
7.956930600,1,0
7.956935600,0,0
7.956940700,1,0
7.956945800,0,0
7.956950900,1,0
7.956956000,0,0
7.956961100,1,0
7.956966100,0,0
7.956971300,1,0
7.956976300,0,0
7.956976800,0,1
7.956981500,1,1
7.956986500,0,1
7.956991700,1,1
7.956996700,0,1
7.956997700,0,0
7.957001900,1,0
7.957006900,0,0
7.957010100,0,1
7.957012000,1,1
7.957017100,0,1
7.957017300,0,0
7.957022200,1,0
7.957027300,0,0
7.957032400,1,0
7.957037400,0,0
7.957042600,1,0
7.957047600,0,0
7.957052800,1,0
7.957057800,0,0
7.957063000,1,0
7.957068000,0,0
7.957073200,1,0
7.957078200,0,0
7.957083300,1,0
7.957088400,0,0
7.957093500,1,0
7.957098600,0,0
7.957103700,1,0
7.957108700,0,0
7.957113900,1,0
7.957118900,0,0
7.957119300,0,1
7.957124100,1,1
7.957129100,0,1
7.957129300,0,0
7.957134300,1,0
7.957139300,0,0
7.957144400,1,0
7.957149500,0,0
7.957154600,1,0
7.957159700,0,0
7.957160100,0,1
7.957164800,1,1
7.957169800,0,1
7.957170100,0,0
7.957175000,1,0
7.957180000,0,0
7.957185200,1,0
7.957190200,0,0
7.957195400,1,0
7.957200400,0,0
7.957205600,1,0
7.957210600,0,0
7.957215700,1,0
7.957220800,0,0
7.957221200,0,1
7.957225900,1,1
7.957231000,0,1
7.957231200,0,0
7.957236100,1,0
7.957241100,0,0
7.957246300,1,0
7.957251300,0,0
7.957251700,0,1
7.957256500,1,1
7.957261500,0,1
7.957266700,1,1
7.957271700,0,1
7.957272700,0,0
7.957276900,1,0
7.957281900,0,0
7.957287000,1,0
7.957292100,0,0
7.957292500,0,1
7.957297200,1,1
7.957302300,0,1
7.957307400,1,1
7.957312400,0,1
7.957317600,1,1
7.957322600,0,1
7.957327800,1,1
7.957332800,0,1
7.957333000,0,0
7.957338000,1,0
7.957343000,0,0
7.957348100,1,0
7.957353200,0,0
7.957358300,1,0
7.957363400,0,0
7.957368500,1,0
7.957373500,0,0
7.957378700,1,0
7.957383700,0,0
7.957388900,1,0
7.957393900,0,0
7.957394300,0,1
7.957399100,1,1
7.957404100,0,1
7.957404300,0,0
7.957409300,1,0
7.957414300,0,0
7.957414700,0,1
7.957419400,1,1
7.957424500,0,1
7.957424700,0,0
7.957429600,1,0
7.957434700,0,0
7.957435100,0,1
7.957439800,1,1
7.957444800,0,1
7.957445100,0,0
7.957450000,1,0
7.957455000,0,0
7.957460200,1,0
7.957465200,0,0
7.957470400,1,0
7.957475400,0,0
7.957475800,0,1
7.957480600,1,1
7.957485600,0,1
7.957490700,1,1
7.957495800,0,1
7.957496000,0,0
7.957500900,1,0
7.957506000,0,0
7.957506300,0,1
7.957511100,1,1
7.957516100,0,1
7.957516400,0,0
7.957521300,1,0
7.957526300,0,0
7.957526700,0,1
7.957531500,1,1
7.957536500,0,1
7.957536700,0,0
7.957541700,1,0
7.957546700,0,0
7.957551800,1,0
7.957556900,0,0
7.957562000,1,0
7.957567100,0,0
7.957567500,0,1
7.957572200,1,1
7.957577300,0,1
7.957582400,1,1
7.957587400,0,1
7.957592600,1,1
7.957597600,0,1
7.957597900,0,0
7.957602800,1,0
7.957607800,0,0
7.957608200,0,1
7.957613000,1,1
7.957618000,0,1
7.957618200,0,0
7.957623100,1,0
7.957628200,0,0
7.957628600,0,1
7.957633300,1,1
7.957638400,0,1
7.957639400,0,0
7.957643500,1,0
7.957648500,0,0
7.957651700,0,1
7.957653700,1,1
7.957658700,0,1
7.957659000,0,0
7.957663900,1,0
7.957668900,0,0
7.957669300,0,1
7.957674100,1,1
7.957679100,0,1
7.957679300,0,0
7.957684300,1,0
7.957689300,0,0
7.957694400,1,0
7.957699500,0,0
7.957699900,0,1
7.957704600,1,1
7.957709700,0,1
7.957709900,0,0
7.957714800,1,0
7.957719800,0,0
7.957725000,1,0
7.957730000,0,0
7.957735200,1,0
7.957740200,0,0
7.957745400,1,0
7.957750400,0,0
7.957750800,0,1
7.957755500,1,1
7.957760600,0,1
7.957760800,0,0
7.957765700,1,0
7.957770800,0,0
7.957771200,0,1
7.957775900,1,1
7.957781000,0,1
7.957781200,0,0
7.957786100,1,0
7.957791100,0,0
7.957791500,0,1
7.957796300,1,1
7.957801300,0,1
7.957806500,1,1
7.957811500,0,1
7.957811700,0,0
7.957816700,1,0
7.957821700,0,0
7.957826800,1,0
7.957831900,0,0
7.957837000,1,0
7.957842100,0,0
7.957842500,0,1
7.957847200,1,1
7.957852200,0,1
7.957852500,0,0
7.957857400,1,0
7.957862400,0,0
7.957862800,0,1
7.957867600,1,1
7.957872600,0,1
7.957872900,0,0
7.957877800,1,0
7.957882800,0,0
7.957888000,1,0
7.957893000,0,0
7.957893400,0,1
7.957898100,1,1
7.957903200,0,1
7.957903400,0,0
7.957908300,1,0
7.957913400,0,0
7.957918500,1,0
7.957923500,0,0
7.957926800,0,1
7.957928700,1,1
7.957933700,0,1
7.957934000,0,0
7.957938900,1,0
7.957943900,0,0
7.957949100,1,0
7.957954100,0,0
7.957954500,0,1
7.957959300,1,1
7.957964300,0,1
7.957969400,1,1
7.957974500,0,1
7.957979600,1,1
7.957984700,0,1
7.957984900,0,0
7.957989800,1,0
7.957994800,0,0
7.958000000,1,0
7.958005000,0,0
7.958010200,1,0
7.958015200,0,0
7.958020400,1,0
7.958025400,0,0
7.958030500,1,0
7.958035600,0,0
7.958036000,0,1
7.958040700,1,1
7.958045800,0,1
7.958046000,0,0
7.958050900,1,0
7.958056000,0,0
7.958061100,1,0
7.958066100,0,0
7.958066500,0,1
7.958071300,1,1
7.958076300,0,1
7.958081500,1,1
7.958086500,0,1
7.958091700,1,1
7.958096700,0,1
7.959546700,0,0
7.959550900,1,0
7.959555900,0,0
7.959561000,1,0
7.959566000,0,0
7.959571200,1,0
7.959576200,0,0
7.959581400,1,0
7.959586400,0,0
7.959591600,1,0
7.959596600,0,0
7.959597000,0,1
7.959601800,1,1
7.959606800,0,1
7.959607000,0,0
7.959611900,1,0
7.959617000,0,0
7.959617400,0,1
7.959622100,1,1
7.959627200,0,1
7.959632300,1,1
7.959637300,0,1
7.959638300,0,0
7.959642500,1,0
7.959647500,0,0
7.959652700,1,0
7.959657700,0,0
7.959658100,0,1
7.959662900,1,1
7.959667900,0,1
7.959668100,0,0
7.959673000,1,0
7.959678100,0,0
7.959678500,0,1
7.959683200,1,1
7.959688300,0,1
7.959688500,0,0
7.959693400,1,0
7.959698500,0,0
7.959703600,1,0
7.959708600,0,0
7.959713800,1,0
7.959718800,0,0
7.959724000,1,0
7.959729000,0,0
7.959734200,1,0
7.959739200,0,0
7.959744300,1,0
7.959749400,0,0
7.959749800,0,1
7.959754500,1,1
7.959759600,0,1
7.959759800,0,0
7.959764700,1,0
7.959769700,0,0
7.959770100,0,1
7.959774900,1,1
7.959779900,0,1
7.959780200,0,0
7.959785100,1,0
7.959790100,0,0
7.959790500,0,1
7.959795300,1,1
7.959800300,0,1
7.959800500,0,0
7.959805500,1,0
7.959810500,0,0
7.959815600,1,0
7.959820700,0,0
7.959825800,1,0
7.959830900,0,0
7.959834100,0,1
7.959836000,1,1
7.959841000,0,1
7.959841300,0,0
7.959846200,1,0
7.959851200,0,0
7.959851600,0,1
7.959856400,1,1
7.959861400,0,1
7.959866600,1,1
7.959871600,0,1
7.959876700,1,1
7.959881800,0,1
7.959886900,1,1
7.959892000,0,1
7.959892200,0,0
7.959897100,1,0
7.959902200,0,0
7.959902500,0,1
7.959907300,1,1
7.959912300,0,1
7.959913300,0,0
7.959917500,1,0
7.959922500,0,0
7.959925700,0,1
7.959927700,1,1
7.959932700,0,1
7.959937900,1,1
7.959942900,0,1
7.959948000,1,1
7.959953100,0,1
7.959953300,0,0
7.959958200,1,0
7.959963300,0,0
7.959963600,0,1
7.959968400,1,1
7.959973400,0,1
7.959978600,1,1
7.959983600,0,1
7.959988800,1,1
7.959993800,0,1
7.959999000,1,1
7.960004000,0,1
7.960005000,0,0
7.960009200,1,0
7.960014200,0,0
7.960019300,1,0
7.960024400,0,0
7.960029500,1,0
7.960034600,0,0
7.960039700,1,0
7.960044700,0,0
7.960049900,1,0
7.960054900,0,0
7.960060100,1,0
7.960065100,0,0
7.960070300,1,0
7.960075300,0,0
7.960080500,1,0
7.960085500,0,0
7.960090600,1,0
7.960095700,0,0
7.960100800,1,0
7.960105900,0,0
7.960109100,0,1
7.960111000,1,1
7.960116000,0,1
7.960121200,1,1
7.960126200,0,1
7.960126500,0,0
7.960131400,1,0
7.960136400,0,0
7.960136800,0,1
7.960141600,1,1
7.960146600,0,1
7.960146800,0,0
7.960151700,1,0
7.960156800,0,0
7.960161900,1,0
7.960167000,0,0
7.960172100,1,0
7.960177200,0,0
7.960177600,0,1
7.960182300,1,1
7.960187300,0,1
7.960188300,0,0
7.960192500,1,0
7.960197500,0,0
7.960200700,0,1
7.960202700,1,1
7.960207700,0,1
7.960212900,1,1
7.960217900,0,1
7.960218100,0,0
7.960223000,1,0
7.960228100,0,0
7.960233200,1,0
7.960238300,0,0
7.960238700,0,1
7.960243400,1,1
7.960248400,0,1
7.960253600,1,1
7.960258600,0,1
7.960263800,1,1
7.960268800,0,1
7.960274000,1,1
7.960279000,0,1
7.960280000,0,0
7.960284200,1,0
7.960289200,0,0
7.960292400,0,1
7.960294300,1,1
7.960299400,0,1
7.960299600,0,0
7.960304500,1,0
7.960309600,0,0
7.960314700,1,0
7.960319700,0,0
7.960324900,1,0
7.960329900,0,0
7.960335100,1,0
7.960340100,0,0
7.960345300,1,0
7.960350300,0,0
7.960355500,1,0
7.960360500,0,0
7.960360900,0,1
7.960365600,1,1
7.960370700,0,1
7.960371700,0,0
7.960375800,1,0
7.960380900,0,0
7.960384000,0,1
7.960386000,1,1
7.960391000,0,1
7.960391300,0,0
7.960396200,1,0
7.960401200,0,0
7.960406400,1,0
7.960411400,0,0
7.960416600,1,0
7.960421600,0,0
7.960426700,1,0
7.960431800,0,0
7.960436900,1,0
7.960442000,0,0
7.960447100,1,0
7.960452100,0,0
7.960457300,1,0
7.960462300,0,0
7.960467500,1,0
7.960472500,0,0
7.960475700,0,1
7.960477700,1,1
7.960482700,0,1
7.960482900,0,0
7.960487900,1,0
7.960492900,0,0
7.960498000,1,0
7.960503100,0,0
7.960508200,1,0
7.960513300,0,0
7.960518400,1,0
7.960523400,0,0
7.960528600,1,0
7.960533600,0,0
7.960538800,1,0
7.960543800,0,0
7.960544200,0,1
7.960549000,1,1
7.960554000,0,1
7.960555000,0,0
7.960559200,1,0
7.960564200,0,0
7.960567400,0,1
7.960569300,1,1
7.960574400,0,1
7.960579500,1,1
7.960584600,0,1
7.960584800,0,0
7.960589700,1,0
7.960594700,0,0
7.960599900,1,0
7.960604900,0,0
7.960610100,1,0
7.960615100,0,0
7.960620300,1,0
7.960625300,0,0
7.960630400,1,0
7.960635500,0,0
7.960640600,1,0
7.960645700,0,0
7.960650800,1,0
7.960655800,0,0
7.960659100,0,1
7.960661000,1,1
7.960666000,0,1
7.960666300,0,0
7.960671200,1,0
7.960676200,0,0
7.960681400,1,0
7.960686400,0,0
7.960691600,1,0
7.960696600,0,0
7.960701700,1,0
7.960706800,0,0
7.960711900,1,0
7.960717000,0,0
7.960722100,1,0
7.960727100,0,0
7.960727600,0,1
7.960732300,1,1
7.960737300,0,1
7.960738300,0,0
7.960742500,1,0
7.960747500,0,0
7.960752700,1,0
7.960757700,0,0
7.960758100,0,1
7.960762900,1,1
7.960767900,0,1
7.960768100,0,0
7.960773000,1,0
7.960778100,0,0
7.960783200,1,0
7.960788300,0,0
7.960793400,1,0
7.960798400,0,0
7.960803600,1,0
7.960808600,0,0
7.960813800,1,0
7.960818800,0,0
7.960824000,1,0
7.960829000,0,0
7.960834100,1,0
7.960839200,0,0
7.960842400,0,1
7.960844300,1,1
7.960849400,0,1
7.960849600,0,0
7.960854500,1,0
7.960859600,0,0
7.960864700,1,0
7.960869700,0,0
7.960874900,1,0
7.960879900,0,0
7.960885100,1,0
7.960890100,0,0
7.960895300,1,0
7.960900300,0,0
7.960905400,1,0
7.960910500,0,0
7.960910900,0,1
7.960915600,1,1
7.960920700,0,1
7.960921700,0,0
7.960925800,1,0
7.960930800,0,0
7.960936000,1,0
7.960941000,0,0
7.960946200,1,0
7.960951200,0,0
7.960956400,1,0
7.960961400,0,0
7.960966600,1,0
7.960971600,0,0
7.960976700,1,0
7.960981800,0,0
7.960986900,1,0
7.960992000,0,0
7.960997100,1,0
7.961002100,0,0
7.961007300,1,0
7.961012300,0,0
7.961012700,0,1
7.962431300,0,0
7.962435500,1,0
7.962440500,0,0
7.962443700,0,1
7.962445700,1,1
7.962450700,0,1
7.962450900,0,0
7.962455800,1,0
7.962460900,0,0
7.962466000,1,0
7.962471100,0,0
7.962471500,0,1
7.962476200,1,1
7.962481200,0,1
7.962481500,0,0
7.962486400,1,0
7.962491400,0,0
7.962491800,0,1
7.962496600,1,1
7.962501600,0,1
7.962501800,0,0
7.962506800,1,0
7.962511800,0,0
7.962512200,0,1
7.962516900,1,1
7.962522000,0,1
7.962523000,0,0
7.962527100,1,0
7.962532200,0,0
7.962537300,1,0
7.962542300,0,0
7.962547500,1,0
7.962552500,0,0
7.962557700,1,0
7.962562700,0,0
7.962567900,1,0
7.962572900,0,0
7.962578100,1,0
7.962583100,0,0
7.962588200,1,0
7.962593300,0,0
7.962598400,1,0
7.962603500,0,0
7.962608600,1,0
7.962613600,0,0
7.962618800,1,0
7.962623800,0,0
7.962627000,0,1
7.962629000,1,1
7.962634000,0,1
7.962634200,0,0
7.962639200,1,0
7.962644200,0,0
7.962644600,0,1
7.962649400,1,1
7.962654400,0,1
7.962659500,1,1
7.962664600,0,1
7.962664800,0,0
7.962669700,1,0
7.962674800,0,0
7.962679900,1,0
7.962684900,0,0
7.962685300,0,1
7.962690100,1,1
7.962695100,0,1
7.962700300,1,1
7.962705300,0,1
7.962706300,0,0
7.962710500,1,0
7.962715500,0,0
7.962720600,1,0
7.962725700,0,0
7.962730800,1,0
7.962735900,0,0
7.962741000,1,0
7.962746000,0,0
7.962751200,1,0
7.962756200,0,0
7.962761400,1,0
7.962766400,0,0
7.962771600,1,0
7.962776600,0,0
7.962781800,1,0
7.962786800,0,0
7.962791900,1,0
7.962797000,0,0
7.962802100,1,0
7.962807200,0,0
7.962812300,1,0
7.962817300,0,0
7.962817800,0,1
7.962822500,1,1
7.962827500,0,1
7.962832700,1,1
7.962837700,0,1
7.962842900,1,1
7.962847900,0,1
7.962848100,0,0
7.962853100,1,0
7.962858100,0,0
7.962863200,1,0
7.962868300,0,0
7.962873400,1,0
7.962878500,0,0
7.962878900,0,1
7.962883600,1,1
7.962888600,0,1
7.962889600,0,0
7.962893800,1,0
7.962898800,0,0
7.962904000,1,0
7.962909000,0,0
7.962909400,0,1
7.962914200,1,1
7.962919200,0,1
7.962919400,0,0
7.962924300,1,0
7.962929400,0,0
7.962934500,1,0
7.962939600,0,0
7.962940000,0,1
7.962944700,1,1
7.962949800,0,1
7.962954900,1,1
7.962959900,0,1
7.962965100,1,1
7.962970100,0,1
7.962975300,1,1
7.962980300,0,1
7.962981300,0,0
7.962985500,1,0
7.962990500,0,0
7.962995600,1,0
7.963000700,0,0
7.963005800,1,0
7.963010900,0,0
7.963011300,0,1
7.963016000,1,1
7.963021000,0,1
7.963026200,1,1
7.963031200,0,1
7.963036400,1,1
7.963041400,0,1
7.963046600,1,1
7.963051600,0,1
7.963051800,0,0
7.963056800,1,0
7.963061800,0,0
7.963066900,1,0
7.963072000,0,0
7.963077100,1,0
7.963082200,0,0
7.963085400,0,1
7.963087300,1,1
7.963092300,0,1
7.963092600,0,0
7.963097500,1,0
7.963102500,0,0
7.963107700,1,0
7.963112700,0,0
7.963117900,1,0
7.963122900,0,0
7.963128100,1,0
7.963133100,0,0
7.963133500,0,1
7.963138200,1,1
7.963143300,0,1
7.963148400,1,1
7.963153500,0,1
7.963158600,1,1
7.963163600,0,1
7.963164600,0,0
7.963168800,1,0
7.963173800,0,0
7.963177000,0,1
7.963179000,1,1
7.963184000,0,1
7.963184200,0,0
7.963189200,1,0
7.963194200,0,0
7.963199300,1,0
7.963204400,0,0
7.963209500,1,0
7.963214600,0,0
7.963219700,1,0
7.963224700,0,0
7.963229900,1,0
7.963234900,0,0
7.963240100,1,0
7.963245100,0,0
7.963250300,1,0
7.963255300,0,0
7.963260500,1,0
7.963265500,0,0
7.963268700,0,1
7.963270600,1,1
7.963275700,0,1
7.963275900,0,0
7.963280800,1,0
7.963285900,0,0
7.963286300,0,1
7.963291000,1,1
7.963296000,0,1
7.963296300,0,0
7.963301200,1,0
7.963306200,0,0
7.963311400,1,0
7.963316400,0,0
7.963321600,1,0
7.963326600,0,0
7.963331800,1,0
7.963336800,0,0
7.963341900,1,0
7.963347000,0,0
7.963352100,1,0
7.963357200,0,0
7.963362300,1,0
7.963367300,0,0
7.963367800,0,1
7.963372500,1,1
7.963377500,0,1
7.963382700,1,1
7.963387700,0,1
7.963392900,1,1
7.963397900,0,1
7.963398100,0,0
7.963403000,1,0
7.963408100,0,0
7.963413200,1,0
7.963418300,0,0
7.963423400,1,0
7.963428500,0,0
7.963433600,1,0
7.963438600,0,0
7.963443800,1,0
7.963448800,0,0
7.963454000,1,0
7.963459000,0,0
7.963464200,1,0
7.963469200,0,0
7.963469600,0,1
7.963474300,1,1
7.963479400,0,1
7.963484500,1,1
7.963489600,0,1
7.963494700,1,1
7.963499700,0,1
7.963500000,0,0
7.963504900,1,0
7.963509900,0,0
7.963515100,1,0
7.963520100,0,0
7.963525300,1,0
7.963530300,0,0
7.963535500,1,0
7.963540500,0,0
7.963545600,1,0
7.963550700,0,0
7.963551100,0,1
7.963555800,1,1
7.963560900,0,1
7.963561100,0,0
7.963566000,1,0
7.963571000,0,0
7.963576200,1,0
7.963581200,0,0
7.963581600,0,1
7.963586400,1,1
7.963591400,0,1
7.963596600,1,1
7.963601600,0,1
7.963601800,0,0
7.963606700,1,0
7.963611800,0,0
7.963612200,0,1
7.963616900,1,1
7.963622000,0,1
7.963623000,0,0
7.963627100,1,0
7.963632200,0,0
7.963637300,1,0
7.963642300,0,0
7.963642700,0,1
7.963647500,1,1
7.963652500,0,1
7.963652800,0,0
7.963657700,1,0
7.963662700,0,0
7.963667900,1,0
7.963672900,0,0
7.963678000,1,0
7.963683100,0,0
7.963688200,1,0
7.963693300,0,0
7.963698400,1,0
7.963703400,0,0
7.963708600,1,0
7.963713600,0,0
7.963718800,1,0
7.963723800,0,0
7.963729000,1,0
7.963734000,0,0
7.963739200,1,0
7.963744200,0,0
7.963744600,0,1
7.963749300,1,1
7.963754400,0,1
7.963759500,1,1
7.963764600,0,1
7.963764800,0,0
7.963769700,1,0
7.963774700,0,0
7.963779900,1,0
7.963784900,0,0
7.963790100,1,0
7.963795100,0,0
7.963800300,1,0
7.963805300,0,0
7.963810500,1,0
7.963815500,0,0
7.963820600,1,0
7.963825700,0,0
7.963830800,1,0
7.963835900,0,0
7.963836300,0,1
7.963841000,1,1
7.963846000,0,1
7.963846300,0,0
7.963851200,1,0
7.963856200,0,0
7.963861400,1,0
7.963866400,0,0
7.963871600,1,0
7.963876600,0,0
7.963881700,1,0
7.963886800,0,0
7.963891900,1,0
7.963897000,0,0
7.963897400,0,1
7.965325000,0,0
7.965329100,1,0
7.965334100,0,0
7.965337300,0,1
7.965339300,1,1
7.965344300,0,1
7.965349500,1,1
7.965354500,0,1
7.965359700,1,1
7.965364700,0,1
7.965369800,1,1
7.965374900,0,1
7.965380000,1,1
7.965385100,0,1
7.965385300,0,0
7.965390200,1,0
7.965395200,0,0
7.965400400,1,0
7.965405400,0,0
7.965410600,1,0
7.965415600,0,0
7.965420800,1,0
7.965425800,0,0
7.965431000,1,0
7.965436000,0,0
7.965441100,1,0
7.965446200,0,0
7.965451300,1,0
7.965456400,0,0
7.965461500,1,0
7.965466500,0,0
7.965467000,0,1
7.965471700,1,1
7.965476700,0,1
7.965481900,1,1
7.965486900,0,1
7.965487100,0,0
7.965492100,1,0
7.965497100,0,0
7.965502200,1,0
7.965507300,0,0
7.965512400,1,0
7.965517500,0,0
7.965522600,1,0
7.965527700,0,0
7.965528100,0,1
7.965532800,1,1
7.965537800,0,1
7.965538100,0,0
7.965543000,1,0
7.965548000,0,0
7.965548400,0,1
7.965553200,1,1
7.965558200,0,1
7.965563400,1,1
7.965568400,0,1
7.965568600,0,0
7.965573500,1,0
7.965578600,0,0
7.965583700,1,0
7.965588800,0,0
7.965593900,1,0
7.965598900,0,0
7.965604100,1,0
7.965609100,0,0
7.965612300,0,1
7.965614300,1,1
7.965619300,0,1
7.965624500,1,1
7.965629500,0,1
7.965629700,0,0
7.965634700,1,0
7.965639700,0,0
7.965644800,1,0
7.965649900,0,0
7.965655000,1,0
7.965660100,0,0
7.965665200,1,0
7.965670200,0,0
7.965670700,0,1
7.965675400,1,1
7.965680400,0,1
7.965680700,0,0
7.965685600,1,0
7.965690600,0,0
7.965695800,1,0
7.965700800,0,0
7.965706000,1,0
7.965711000,0,0
7.965716100,1,0
7.965721200,0,0
7.965726300,1,0
7.965731400,0,0
7.965731800,0,1
7.965736500,1,1
7.965741500,0,1
7.965741800,0,0
7.965746700,1,0
7.965751700,0,0
7.965756900,1,0
7.965761900,0,0
7.965767100,1,0
7.965772100,0,0
7.965777200,1,0
7.965782300,0,0
7.965787400,1,0
7.965792500,0,0
7.965797600,1,0
7.965802600,0,0
7.965807800,1,0
7.965812800,0,0
7.965818000,1,0
7.965823000,0,0
7.965828200,1,0
7.965833200,0,0
7.965838400,1,0
7.965843400,0,0
7.965848500,1,0
7.965853600,0,0
7.965858700,1,0
7.965863800,0,0
7.965868900,1,0
7.965873900,0,0
7.965879100,1,0
7.965884100,0,0
7.965889300,1,0
7.965894300,0,0
7.965899500,1,0
7.965904500,0,0
7.965909700,1,0
7.965914700,0,0
7.965919800,1,0
7.965924900,0,0
7.965930000,1,0
7.965935100,0,0
7.965940200,1,0
7.965945200,0,0
7.965950400,1,0
7.965955400,0,0
7.965960600,1,0
7.965965600,0,0
7.965970800,1,0
7.965975800,0,0
7.965980900,1,0
7.965986000,0,0
7.965991100,1,0
7.965996200,0,0
7.966001300,1,0
7.966006300,0,0
7.966006800,0,1
7.966011500,1,1
7.966016500,0,1
7.966021700,1,1
7.966026700,0,1
7.966027000,0,0
7.966031900,1,0
7.966036900,0,0
7.966037300,0,1
7.966042100,1,1
7.966047100,0,1
7.966047300,0,0
7.966052200,1,0
7.966057300,0,0
7.966062400,1,0
7.966067500,0,0
7.966072600,1,0
7.966077600,0,0
7.966082800,1,0
7.966087800,0,0
7.966093000,1,0
7.966098000,0,0
7.966103200,1,0
7.966108200,0,0
7.966113400,1,0
7.966118400,0,0
7.966123500,1,0
7.966128600,0,0
7.966129000,0,1
7.966133700,1,1
7.966138800,0,1
7.966139000,0,0
7.966143900,1,0
7.966148900,0,0
7.966154100,1,0
7.966159100,0,0
7.966164300,1,0
7.966169300,0,0
7.966174500,1,0
7.966179500,0,0
7.966179900,0,1
7.966184600,1,1
7.966189700,0,1
7.966194800,1,1
7.966199900,0,1
7.966205000,1,1
7.966210100,0,1
7.966210300,0,0
7.966215200,1,0
7.966220200,0,0
7.966220600,0,1
7.966225400,1,1
7.966230400,0,1
7.966230700,0,0
7.966235600,1,0
7.966240600,0,0
7.966245800,1,0
7.966250800,0,0
7.966254000,0,1
7.966255900,1,1
7.966261000,0,1
7.966261200,0,0
7.966266100,1,0
7.966271200,0,0
7.966276300,1,0
7.966281300,0,0
7.966286500,1,0
7.966291500,0,0
7.966296700,1,0
7.966301700,0,0
7.966306900,1,0
7.966311900,0,0
7.966317100,1,0
7.966322100,0,0
7.966327200,1,0
7.966332300,0,0
7.966337400,1,0
7.966342500,0,0
7.966347600,1,0
7.966352600,0,0
7.966357800,1,0
7.966362800,0,0
7.966368000,1,0
7.966373000,0,0
7.966373400,0,1
7.966378200,1,1
7.966383200,0,1
7.966388300,1,1
7.966393400,0,1
7.966393600,0,0
7.966398500,1,0
7.966403600,0,0
7.966408700,1,0
7.966413800,0,0
7.966418900,1,0
7.966423900,0,0
7.966429100,1,0
7.966434100,0,0
7.966439300,1,0
7.966444300,0,0
7.966444700,0,1
7.966449500,1,1
7.966454500,0,1
7.966459600,1,1
7.966464700,0,1
7.966469800,1,1
7.966474900,0,1
7.966475100,0,0
7.966480000,1,0
7.966485000,0,0
7.966490200,1,0
7.966495200,0,0
7.966500400,1,0
7.966505400,0,0
7.966505800,0,1
7.966510600,1,1
7.966515600,0,1
7.966516600,0,0
7.966520800,1,0
7.966525800,0,0
7.966530900,1,0
7.966536000,0,0
7.966541100,1,0
7.966546200,0,0
7.966546600,0,1
7.966551300,1,1
7.966556300,0,1
7.966561500,1,1
7.966566500,0,1
7.966571700,1,1
7.966576700,0,1
7.966577000,0,0
7.966581900,1,0
7.966586900,0,0
7.966592100,1,0
7.966597100,0,0
7.966602200,1,0
7.966607300,0,0
7.966612400,1,0
7.966617500,0,0
7.966622600,1,0
7.966627600,0,0
7.966632800,1,0
7.966637800,0,0
7.966638200,0,1
7.966643000,1,1
7.966648000,0,1
7.966648200,0,0
7.966653200,1,0
7.966658200,0,0
7.966658600,0,1
7.966663300,1,1
7.966668400,0,1
7.966673500,1,1
7.966678600,0,1
7.966678800,0,0
7.966683700,1,0
7.966688700,0,0
7.966689100,0,1
7.966693900,1,1
7.966698900,0,1
7.966699900,0,0
7.966704100,1,0
7.966709100,0,0
7.966714300,1,0
7.966719300,0,0
7.966719700,0,1
7.966724500,1,1
7.966729500,0,1
7.966729700,0,0
7.966734600,1,0
7.966739700,0,0
7.966744800,1,0
7.966749900,0,0
7.966755000,1,0
7.966760000,0,0
7.966765200,1,0
7.966770200,0,0
7.966775400,1,0
7.966780400,0,0
7.966785600,1,0
7.966790600,0,0
7.966791000,0,1
7.968243600,0,0
7.968247800,1,0
7.968252800,0,0
7.968257900,1,0
7.968263000,0,0
7.968263400,0,1
7.968268100,1,1
7.968273100,0,1
7.968273400,0,0
7.968278300,1,0
7.968283300,0,0
7.968283700,0,1
7.968288500,1,1
7.968293500,0,1
7.968298700,1,1
7.968303700,0,1
7.968303900,0,0
7.968308800,1,0
7.968313900,0,0
7.968319000,1,0
7.968324100,0,0
7.968329200,1,0
7.968334300,0,0
7.968339400,1,0
7.968344400,0,0
7.968349600,1,0
7.968354600,0,0
7.968359800,1,0
7.968364800,0,0
7.968365200,0,1
7.968370000,1,1
7.968375000,0,1
7.968375200,0,0
7.968380100,1,0
7.968385200,0,0
7.968385600,0,1
7.968390300,1,1
7.968395400,0,1
7.968400500,1,1
7.968405500,0,1
7.968405800,0,0
7.968410700,1,0
7.968415700,0,0
7.968420900,1,0
7.968425900,0,0
7.968431100,1,0
7.968436100,0,0
7.968441300,1,0
7.968446300,0,0
7.968446700,0,1
7.968451400,1,1
7.968456500,0,1
7.968456700,0,0
7.968461600,1,0
7.968466700,0,0
7.968471800,1,0
7.968476800,0,0
7.968482000,1,0
7.968487000,0,0
7.968487400,0,1
7.968492200,1,1
7.968497200,0,1
7.968497400,0,0
7.968502400,1,0
7.968507400,0,0
7.968507800,0,1
7.968512500,1,1
7.968517600,0,1
7.968518600,0,0
7.968522700,1,0
7.968527800,0,0
7.968532900,1,0
7.968538000,0,0
7.968543100,1,0
7.968548100,0,0
7.968553300,1,0
7.968558300,0,0
7.968563500,1,0
7.968568500,0,0
7.968573700,1,0
7.968578700,0,0
7.968583800,1,0
7.968588900,0,0
7.968594000,1,0
7.968599100,0,0
7.968604200,1,0
7.968609200,0,0
7.968614400,1,0
7.968619400,0,0
7.968624600,1,0
7.968629600,0,0
7.968630000,0,1
7.968634800,1,1
7.968639800,0,1
7.968640000,0,0
7.968645000,1,0
7.968650000,0,0
7.968650400,0,1
7.968655100,1,1
7.968660200,0,1
7.968665300,1,1
7.968670400,0,1
7.968670600,0,0
7.968675500,1,0
7.968680500,0,0
7.968685700,1,0
7.968690700,0,0
7.968695900,1,0
7.968700900,0,0
7.968706100,1,0
7.968711100,0,0
7.968714300,0,1
7.968716300,1,1
7.968721300,0,1
7.968726400,1,1
7.968731500,0,1
7.968731700,0,0
7.968736600,1,0
7.968741700,0,0
7.968746800,1,0
7.968751800,0,0
7.968757000,1,0
7.968762000,0,0
7.968767200,1,0
7.968772200,0,0
7.968772600,0,1
7.968777400,1,1
7.968782400,0,1
7.968782600,0,0
7.968787500,1,0
7.968792600,0,0
7.968797700,1,0
7.968802800,0,0
7.968807900,1,0
7.968812900,0,0
7.968818100,1,0
7.968823100,0,0
7.968828300,1,0
7.968833300,0,0
7.968833700,0,1
7.968838500,1,1
7.968843500,0,1
7.968843700,0,0
7.968848700,1,0
7.968853700,0,0
7.968858800,1,0
7.968863900,0,0
7.968869000,1,0
7.968874100,0,0
7.968879200,1,0
7.968884200,0,0
7.968889400,1,0
7.968894400,0,0
7.968899600,1,0
7.968904600,0,0
7.968909800,1,0
7.968914800,0,0
7.968920000,1,0
7.968925000,0,0
7.968930100,1,0
7.968935200,0,0
7.968940300,1,0
7.968945400,0,0
7.968950500,1,0
7.968955500,0,0
7.968960700,1,0
7.968965700,0,0
7.968970900,1,0
7.968975900,0,0
7.968981100,1,0
7.968986100,0,0
7.968991200,1,0
7.968996300,0,0
7.969001400,1,0
7.969006500,0,0
7.969011600,1,0
7.969016700,0,0
7.969021800,1,0
7.969026800,0,0
7.969032000,1,0
7.969037000,0,0
7.969042200,1,0
7.969047200,0,0
7.969052400,1,0
7.969057400,0,0
7.969062500,1,0
7.969067600,0,0
7.969072700,1,0
7.969077800,0,0
7.969082900,1,0
7.969087900,0,0
7.969093100,1,0
7.969098100,0,0
7.969103300,1,0
7.969108300,0,0
7.969108700,0,1
7.969113500,1,1
7.969118500,0,1
7.969123700,1,1
7.969128700,0,1
7.969133800,1,1
7.969138900,0,1
7.969144000,1,1
7.969149100,0,1
7.969149300,0,0
7.969154200,1,0
7.969159200,0,0
7.969164400,1,0
7.969169400,0,0
7.969174600,1,0
7.969179600,0,0
7.969184800,1,0
7.969189800,0,0
7.969195000,1,0
7.969200000,0,0
7.969205100,1,0
7.969210200,0,0
7.969215300,1,0
7.969220400,0,0
7.969225500,1,0
7.969230500,0,0
7.969235700,1,0
7.969240700,0,0
7.969245900,1,0
7.969250900,0,0
7.969256100,1,0
7.969261100,0,0
7.969266200,1,0
7.969271300,0,0
7.969276400,1,0
7.969281500,0,0
7.969286600,1,0
7.969291600,0,0
7.969296800,1,0
7.969301800,0,0
7.969307000,1,0
7.969312000,0,0
7.969317200,1,0
7.969322200,0,0
7.969327400,1,0
7.969332400,0,0
7.969337500,1,0
7.969342600,0,0
7.969347700,1,0
7.969352800,0,0
7.969357900,1,0
7.969362900,0,0
7.969368100,1,0
7.969373100,0,0
7.969378300,1,0
7.969383300,0,0
7.969388500,1,0
7.969393500,0,0
7.969398700,1,0
7.969403700,0,0
7.969408800,1,0
7.969413900,0,0
7.969419000,1,0
7.969424100,0,0
7.969429200,1,0
7.969434200,0,0
7.969439400,1,0
7.969444400,0,0
7.969447600,0,1
7.969449600,1,1
7.969454600,0,1
7.969459800,1,1
7.969464800,0,1
7.969469900,1,1
7.969475000,0,1
7.969480100,1,1
7.969485200,0,1
7.969490300,1,1
7.969495400,0,1
7.969500500,1,1
7.969505500,0,1
7.969505800,0,0
7.969510700,1,0
7.969515700,0,0
7.969520900,1,0
7.969525900,0,0
7.969531100,1,0
7.969536100,0,0
7.969541200,1,0
7.969546300,0,0
7.969551400,1,0
7.969556500,0,0
7.969561600,1,0
7.969566600,0,0
7.969571800,1,0
7.969576800,0,0
7.969582000,1,0
7.969587000,0,0
7.969592200,1,0
7.969597200,0,0
7.969602400,1,0
7.969607400,0,0
7.969612500,1,0
7.969617600,0,0
7.969622700,1,0
7.969627800,0,0
7.969632900,1,0
7.969637900,0,0
7.969638400,0,1
7.969643100,1,1
7.969648100,0,1
7.969648400,0,0
7.969653300,1,0
7.969658300,0,0
7.969663500,1,0
7.969668500,0,0
7.969673700,1,0
7.969678700,0,0
7.969683800,1,0
7.969688900,0,0
7.969694000,1,0
7.969699100,0,0
7.969699500,0,1
7.969704200,1,1
7.969709200,0,1
7.971146200,0,0
7.971150400,1,0
7.971155400,0,0
7.971160600,1,0
7.971165600,0,0
7.971166000,0,1
7.971170700,1,1
7.971175800,0,1
7.971176000,0,0
7.971180900,1,0
7.971186000,0,0
7.971186400,0,1
7.971191100,1,1
7.971196100,0,1
7.971196400,0,0
7.971201300,1,0
7.971206300,0,0
7.971211500,1,0
7.971216500,0,0
7.971216900,0,1
7.971221700,1,1
7.971226700,0,1
7.971231900,1,1
7.971236900,0,1
7.971237900,0,0
7.971242000,1,0
7.971247100,0,0
7.971252200,1,0
7.971257300,0,0
7.971257700,0,1
7.971262400,1,1
7.971267400,0,1
7.971267700,0,0
7.971272600,1,0
7.971277600,0,0
7.971278000,0,1
7.971282800,1,1
7.971287800,0,1
7.971288000,0,0
7.971293000,1,0
7.971298000,0,0
7.971298400,0,1
7.971303200,1,1
7.971308200,0,1
7.971308400,0,0
7.971313300,1,0
7.971318400,0,0
7.971318800,0,1
7.971323500,1,1
7.971328600,0,1
7.971329600,0,0
7.971333700,1,0
7.971338700,0,0
7.971343900,1,0
7.971348900,0,0
7.971349300,0,1
7.971354100,1,1
7.971359100,0,1
7.971359300,0,0
7.971364300,1,0
7.971369300,0,0
7.971369700,0,1
7.971374400,1,1
7.971379500,0,1
7.971379700,0,0
7.971384600,1,0
7.971389700,0,0
7.971394800,1,0
7.971399800,0,0
7.971400300,0,1
7.971405000,1,1
7.971410000,0,1
7.971415200,1,1
7.971420200,0,1
7.971421200,0,0
7.971425400,1,0
7.971430400,0,0
7.971435600,1,0
7.971440600,0,0
7.971445700,1,0
7.971450800,0,0
7.971451200,0,1
7.971455900,1,1
7.971461000,0,1
7.971461200,0,0
7.971466100,1,0
7.971471100,0,0
7.971476300,1,0
7.971481300,0,0
7.971486500,1,0
7.971491500,0,0
7.971496700,1,0
7.971501700,0,0
7.971506900,1,0
7.971511900,0,0
7.971517000,1,0
7.971522100,0,0
7.971527200,1,0
7.971532300,0,0
7.971532700,0,1
7.971537400,1,1
7.971542400,0,1
7.971542700,0,0
7.971547600,1,0
7.971552600,0,0
7.971553000,0,1
7.971557800,1,1
7.971562800,0,1
7.971568000,1,1
7.971573000,0,1
7.971573200,0,0
7.971578100,1,0
7.971583200,0,0
7.971588300,1,0
7.971593400,0,0
7.971598500,1,0
7.971603600,0,0
7.971608700,1,0
7.971613700,0,0
7.971618900,1,0
7.971623900,0,0
7.971624300,0,1
7.971629100,1,1
7.971634100,0,1
7.971634300,0,0
7.971639300,1,0
7.971644300,0,0
7.971649400,1,0
7.971654500,0,0
7.971659600,1,0
7.971664700,0,0
7.971665100,0,1
7.971669800,1,1
7.971674800,0,1
7.971680000,1,1
7.971685000,0,1
7.971690200,1,1
7.971695200,0,1
7.971696200,0,0
7.971700400,1,0
7.971705400,0,0
7.971710600,1,0
7.971715600,0,0
7.971720700,1,0
7.971725800,0,0
7.971726200,0,1
7.971730900,1,1
7.971736000,0,1
7.971741100,1,1
7.971746100,0,1
7.971746400,0,0
7.971751300,1,0
7.971756300,0,0
7.971761500,1,0
7.971766500,0,0
7.971771700,1,0
7.971776700,0,0
7.971777100,0,1
7.971781800,1,1
7.971786900,0,1
7.971787900,0,0
7.971792000,1,0
7.971797100,0,0
7.971802200,1,0
7.971807300,0,0
7.971812400,1,0
7.971817400,0,0
7.971817900,0,1
7.971822600,1,1
7.971827600,0,1
7.971832800,1,1
7.971837800,0,1
7.971838000,0,0
7.971843000,1,0
7.971848000,0,0
7.971848400,0,1
7.971853100,1,1
7.971858200,0,1
7.971863300,1,1
7.971868400,0,1
7.971868600,0,0
7.971873500,1,0
7.971878500,0,0
7.971883700,1,0
7.971888700,0,0
7.971893900,1,0
7.971898900,0,0
7.971899300,0,1
7.971904100,1,1
7.971909100,0,1
7.971909300,0,0
7.971914300,1,0
7.971919300,0,0
7.971924400,1,0
7.971929500,0,0
7.971934600,1,0
7.971939700,0,0
7.971944800,1,0
7.971949800,0,0
7.971955000,1,0
7.971960000,0,0
7.971960500,0,1
7.971965200,1,1
7.971970200,0,1
7.971971200,0,0
7.971975400,1,0
7.971980400,0,0
7.971985600,1,0
7.971990600,0,0
7.971995700,1,0
7.972000800,0,0
7.972005900,1,0
7.972011000,0,0
7.972016100,1,0
7.972021100,0,0
7.972021600,0,1
7.972026300,1,1
7.972031300,0,1
7.972031600,0,0
7.972036500,1,0
7.972041500,0,0
7.972041900,0,1
7.972046700,1,1
7.972051700,0,1
7.972051900,0,0
7.972056800,1,0
7.972061900,0,0
7.972067000,1,0
7.972072100,0,0
7.972077200,1,0
7.972082200,0,0
7.972087400,1,0
7.972092400,0,0
7.972092900,0,1
7.972097600,1,1
7.972102600,0,1
7.972102900,0,0
7.972107800,1,0
7.972112800,0,0
7.972118000,1,0
7.972123000,0,0
7.972128100,1,0
7.972133200,0,0
7.972138300,1,0
7.972143400,0,0
7.972148500,1,0
7.972153500,0,0
7.972158700,1,0
7.972163700,0,0
7.972168900,1,0
7.972173900,0,0
7.972179100,1,0
7.972184100,0,0
7.972184500,0,1
7.972189300,1,1
7.972194300,0,1
7.972194500,0,0
7.972199400,1,0
7.972204500,0,0
7.972209600,1,0
7.972214700,0,0
7.972219800,1,0
7.972224800,0,0
7.972230000,1,0
7.972235000,0,0
7.972240200,1,0
7.972245200,0,0
7.972250400,1,0
7.972255400,0,0
7.972260500,1,0
7.972265600,0,0
7.972270700,1,0
7.972275800,0,0
7.972280900,1,0
7.972286000,0,0
7.972291100,1,0
7.972296100,0,0
7.972301300,1,0
7.972306300,0,0
7.972311500,1,0
7.972316500,0,0
7.972321700,1,0
7.972326700,0,0
7.972331800,1,0
7.972336900,0,0
7.972342000,1,0
7.972347100,0,0
7.972352200,1,0
7.972357200,0,0
7.972362400,1,0
7.972367400,0,0
7.972372600,1,0
7.972377600,0,0
7.972382800,1,0
7.972387800,0,0
7.972393000,1,0
7.972398000,0,0
7.972403100,1,0
7.972408200,0,0
7.972413300,1,0
7.972418400,0,0
7.972423500,1,0
7.972428500,0,0
7.972433700,1,0
7.972438700,0,0
7.972443900,1,0
7.972448900,0,0
7.972454100,1,0
7.972459100,0,0
7.972464300,1,0
7.972469300,0,0
7.972474400,1,0
7.972479500,0,0
7.972484600,1,0
7.972489700,0,0
7.972494800,1,0
7.972499800,0,0
7.972505000,1,0
7.972510000,0,0
7.972515200,1,0
7.972520200,0,0
7.972525400,1,0
7.972530400,0,0
7.972533600,0,1
7.972535500,1,1
7.972540600,0,1
7.972545700,1,1
7.972550800,0,1
7.972555900,1,1
7.972560900,0,1
7.972566100,1,1
7.972571100,0,1
7.972576300,1,1
7.972581300,0,1
7.972586500,1,1
7.972591500,0,1
7.972591700,0,0
7.972596700,1,0
7.972601700,0,0
7.972602100,0,1
7.972606800,1,1
7.972611900,0,1
7.974043900,0,0
7.974048100,1,0
7.974053000,0,0
7.974058200,1,0
7.974063200,0,0
7.974068400,1,0
7.974073400,0,0
7.974078600,1,0
7.974083600,0,0
7.974088800,1,0
7.974093800,0,0
7.974098900,1,0
7.974104000,0,0
7.974109100,1,0
7.974114200,0,0
7.974119300,1,0
7.974124300,0,0
7.974129500,1,0
7.974134500,0,0
7.974139700,1,0
7.974144700,0,0
7.974149900,1,0
7.974154900,0,0
7.974160000,1,0
7.974165100,0,0
7.974165500,0,1
7.974170200,1,1
7.974175300,0,1
7.974180400,1,1
7.974185400,0,1
7.974190600,1,1
7.974195600,0,1
7.974200800,1,1
7.974205800,0,1
7.974206100,0,0
7.974211000,1,0
7.974216000,0,0
7.974221200,1,0
7.974226200,0,0
7.974231300,1,0
7.974236400,0,0
7.974239600,0,1
7.974241500,1,1
7.974246600,0,1
7.974246800,0,0
7.974251700,1,0
7.974256700,0,0
7.974261900,1,0
7.974266900,0,0
7.974267300,0,1
7.974272100,1,1
7.974277100,0,1
7.974277400,0,0
7.974282300,1,0
7.974287300,0,0
7.974292500,1,0
7.974297500,0,0
7.974302600,1,0
7.974307700,0,0
7.974312800,1,0
7.974317900,0,0
7.974323000,1,0
7.974328000,0,0
7.974333200,1,0
7.974338200,0,0
7.974343400,1,0
7.974348400,0,0
7.974353600,1,0
7.974358600,0,0
7.974359000,0,1
7.974363700,1,1
7.974368800,0,1
7.974373900,1,1
7.974379000,0,1
7.974384100,1,1
7.974389200,0,1
7.974394300,1,1
7.974399300,0,1
7.974399600,0,0
7.974404500,1,0
7.974409500,0,0
7.974414700,1,0
7.974419700,0,0
7.974422900,0,1
7.974424900,1,1
7.974429900,0,1
7.974430100,0,0
7.974435000,1,0
7.974440100,0,0
7.974440500,0,1
7.974445200,1,1
7.974450300,0,1
7.974455400,1,1
7.974460400,0,1
7.974460700,0,0
7.974465600,1,0
7.974470600,0,0
7.974471000,0,1
7.974475800,1,1
7.974480800,0,1
7.974481100,0,0
7.974486000,1,0
7.974491000,0,0
7.974496200,1,0
7.974501200,0,0
7.974506300,1,0
7.974511400,0,0
7.974516500,1,0
7.974521600,0,0
7.974526700,1,0
7.974531700,0,0
7.974532200,0,1
7.974536900,1,1
7.974541900,0,1
7.974547100,1,1
7.974552100,0,1
7.974557300,1,1
7.974562300,0,1
7.974567500,1,1
7.974572500,0,1
7.974572700,0,0
7.974577600,1,0
7.974582700,0,0
7.974587800,1,0
7.974592900,0,0
7.974598000,1,0
7.974603000,0,0
7.974608200,1,0
7.974613200,0,0
7.974618400,1,0
7.974623400,0,0
7.974628600,1,0
7.974633600,0,0
7.974638700,1,0
7.974643800,0,0
7.974648900,1,0
7.974654000,0,0
7.974659100,1,0
7.974664100,0,0
7.974669300,1,0
7.974674300,0,0
7.974679500,1,0
7.974684500,0,0
7.974689700,1,0
7.974694700,0,0
7.974699900,1,0
7.974704900,0,0
7.974710000,1,0
7.974715100,0,0
7.974720200,1,0
7.974725300,0,0
7.974730400,1,0
7.974735400,0,0
7.974735900,0,1
7.974740600,1,1
7.974745600,0,1
7.974745900,0,0
7.974750800,1,0
7.974755800,0,0
7.974756200,0,1
7.974761000,1,1
7.974766000,0,1
7.974766200,0,0
7.974771200,1,0
7.974776200,0,0
7.974781300,1,0
7.974786400,0,0
7.974791500,1,0
7.974796600,0,0
7.974801700,1,0
7.974806700,0,0
7.974807200,0,1
7.974811900,1,1
7.974816900,0,1
7.974817200,0,0
7.974822100,1,0
7.974827100,0,0
7.974832300,1,0
7.974837300,0,0
7.974842400,1,0
7.974847500,0,0
7.974852600,1,0
7.974857700,0,0
7.974862800,1,0
7.974867900,0,0
7.974873000,1,0
7.974878000,0,0
7.974883200,1,0
7.974888200,0,0
7.974893400,1,0
7.974898400,0,0
7.974898800,0,1
7.974903600,1,1
7.974908600,0,1
7.974908800,0,0
7.974913700,1,0
7.974918800,0,0
7.974923900,1,0
7.974929000,0,0
7.974934100,1,0
7.974939100,0,0
7.974944300,1,0
7.974949300,0,0
7.974954500,1,0
7.974959500,0,0
7.974964700,1,0
7.974969700,0,0
7.974974900,1,0
7.974979900,0,0
7.974985000,1,0
7.974990100,0,0
7.974990500,0,1
7.974995200,1,1
7.975000300,0,1
7.975000500,0,0
7.975005400,1,0
7.975010400,0,0
7.975015600,1,0
7.975020600,0,0
7.975025800,1,0
7.975030800,0,0
7.975036000,1,0
7.975041000,0,0
7.975046200,1,0
7.975051200,0,0
7.975056300,1,0
7.975061400,0,0
7.975066500,1,0
7.975071600,0,0
7.975076700,1,0
7.975081700,0,0
7.975082200,0,1
7.975086900,1,1
7.975091900,0,1
7.975092200,0,0
7.975097100,1,0
7.975102100,0,0
7.975107300,1,0
7.975112300,0,0
7.975117400,1,0
7.975122500,0,0
7.975127600,1,0
7.975132700,0,0
7.975137800,1,0
7.975142800,0,0
7.975148000,1,0
7.975153000,0,0
7.975158200,1,0
7.975163200,0,0
7.975168400,1,0
7.975173400,0,0
7.975173800,0,1
7.975178600,1,1
7.975183600,0,1
7.975183800,0,0
7.975188700,1,0
7.975193800,0,0
7.975198900,1,0
7.975204000,0,0
7.975209100,1,0
7.975214100,0,0
7.975219300,1,0
7.975224300,0,0
7.975229500,1,0
7.975234500,0,0
7.975239700,1,0
7.975244700,0,0
7.975249900,1,0
7.975254900,0,0
7.975260000,1,0
7.975265100,0,0
7.975265500,0,1
7.975270200,1,1
7.975275300,0,1
7.975275500,0,0
7.975280400,1,0
7.975285400,0,0
7.975290600,1,0
7.975295600,0,0
7.975300800,1,0
7.975305800,0,0
7.975311000,1,0
7.975316000,0,0
7.975321100,1,0
7.975326200,0,0
7.975331300,1,0
7.975336400,0,0
7.975341500,1,0
7.975346500,0,0
7.975351700,1,0
7.975356700,0,0
7.975361900,1,0
7.975366900,0,0
7.975372100,1,0
7.975377100,0,0
7.975382300,1,0
7.975387300,0,0
7.975392400,1,0
7.975397500,0,0
7.975402600,1,0
7.975407700,0,0
7.975408100,0,1
7.975412800,1,1
7.975417800,0,1
7.975418800,0,0
7.975423000,1,0
7.975428000,0,0
7.975433200,1,0
7.975438200,0,0
7.975438600,0,1
7.975443400,1,1
7.975448400,0,1
7.975448600,0,0
7.975453600,1,0
7.975458600,0,0
7.975459000,0,1
7.975463700,1,1
7.975468800,0,1
7.975469000,0,0
7.975473900,1,0
7.975479000,0,0
7.975479300,0,1
7.975484100,1,1
7.975489100,0,1
7.975489400,0,0
7.975494300,1,0
7.975499300,0,0
7.975499700,0,1
7.975504500,1,1
7.975509500,0,1
7.976922700,1,1
7.976927700,0,1
7.976928700,0,0
7.976932900,1,0
7.976939000,1,1
7.977868900,1,0
7.977874900,0,0
7.977876000,0,1
7.977880000,1,1
7.977885000,0,1
7.977886000,0,0
7.977890200,1,0
7.977895200,0,0
7.977896400,0,1
7.977900400,1,1
7.977905400,0,1
7.977906400,0,0
7.977910600,1,0
7.977915600,0,0
7.977920800,1,0
7.977925800,0,0
7.977930900,1,0
7.977936000,0,0
7.977941100,1,0
7.977946200,0,0
7.977951300,1,0
7.977956300,0,0
7.977961500,1,0
7.977966500,0,0
7.977966900,0,1
7.978878700,1,1
7.978883700,0,1
7.978884700,0,0
7.978888900,1,0
7.978893900,0,0
7.978899000,1,0
7.978904100,0,0
7.978909200,1,0
7.978914300,0,0
7.978919400,1,0
7.978924400,0,0
7.978929600,1,0
7.978934600,0,0
7.978939800,1,0
7.978944800,0,0
7.978950000,1,0
7.978955000,0,0
7.978960100,1,0
7.978965200,0,0
7.978965600,0,1
7.979861400,1,1
7.979868400,1,0
7.979874400,0,0
7.979875500,0,1
7.979879500,1,1
7.979884500,0,1
7.979885500,0,0
7.979889700,1,0
7.979894700,0,0
7.979895900,0,1
7.979899900,1,1
7.979904900,0,1
7.979905900,0,0
7.979910100,1,0
7.979915100,0,0
7.979920200,1,0
7.979925300,0,0
7.979930400,1,0
7.979935500,0,0
7.979940600,1,0
7.979945600,0,0
7.979946900,0,1
7.979950800,1,1
7.979955800,0,1
7.979956100,0,0
7.979961000,1,0
7.979966000,0,0
7.980873200,1,0
7.980878200,0,0
7.980883400,1,0
7.980888400,0,0
7.980893500,1,0
7.980898600,0,0
7.980903700,1,0
7.980908800,0,0
7.980913900,1,0
7.980918900,0,0
7.980924100,1,0
7.980929100,0,0
7.980929500,0,1
7.980934300,1,1
7.980939300,0,1
7.980939500,0,0
7.980944500,1,0
7.980949500,0,0
7.980954600,1,0
7.980959700,0,0
7.980964800,1,0
7.980969900,0,0
7.980975000,1,0
7.980980000,0,0
7.980985200,1,0
7.980990200,0,0
7.980995400,1,0
7.981000400,0,0
7.981005600,1,0
7.981010600,0,0
7.981015800,1,0
7.981020800,0,0
7.981021200,0,1
7.981025900,1,1
7.981031000,0,1
7.981036100,1,1
7.981041200,0,1
7.981042200,0,0
7.981046300,1,0
7.981051300,0,0
7.981056500,1,0
7.981061500,0,0
7.981066700,1,0
7.981071700,0,0
7.981072100,0,1
7.981076900,1,1
7.981081900,0,1
7.981082100,0,0
7.981087100,1,0
7.981092100,0,0
7.981092500,0,1
7.981097200,1,1
7.981102300,0,1
7.981107400,1,1
7.981112500,0,1
7.981112700,0,0
7.981117600,1,0
7.981122600,0,0
7.981127800,1,0
7.981132800,0,0
7.981138000,1,0
7.981143000,0,0
7.981146200,0,1
7.981148200,1,1
7.981153200,0,1
7.981158300,1,1
7.981163400,0,1
7.981168500,1,1
7.981173600,0,1
7.981178700,1,1
7.981183700,0,1
7.981184000,0,0
7.981188900,1,0
7.981193900,0,0
7.981199100,1,0
7.981204100,0,0
7.981209300,1,0
7.981214300,0,0
7.981214700,0,1
7.981219500,1,1
7.981224500,0,1
7.981225500,0,0
7.981229600,1,0
7.981234700,0,0
7.981239800,1,0
7.981244900,0,0
7.981245300,0,1
7.981250000,1,1
7.981255000,0,1
7.981255300,0,0
7.981260200,1,0
7.981265200,0,0
7.981270400,1,0
7.981275400,0,0
7.981280600,1,0
7.981285600,0,0
7.981286000,0,1
7.981290800,1,1
7.981295800,0,1
7.981300900,1,1
7.981306000,0,1
7.981306200,0,0
7.981311100,1,0
7.981316200,0,0
7.981321300,1,0
7.981326300,0,0
7.981331500,1,0
7.981336500,0,0
7.981341700,1,0
7.981346700,0,0
7.981351900,1,0
7.981356900,0,0
7.981357300,0,1
7.981362000,1,1
7.981367100,0,1
7.981367300,0,0
7.981372200,1,0
7.981377300,0,0
7.981382400,1,0
7.981387400,0,0
7.981392600,1,0
7.981397600,0,0
7.981402800,1,0
7.981407800,0,0
7.981413000,1,0
7.981418000,0,0
7.981423200,1,0
7.981428200,0,0
7.981433300,1,0
7.981438400,0,0
7.981443500,1,0
7.981448600,0,0
7.981453700,1,0
7.981458700,0,0
7.981463900,1,0
7.981468900,0,0
7.981469400,0,1
7.981474100,1,1
7.981479100,0,1
7.981479400,0,0
7.981484300,1,0
7.981489300,0,0
7.981489700,0,1
7.981494500,1,1
7.981499500,0,1
7.981500500,0,0
7.981504600,1,0
7.981509700,0,0
7.981514800,1,0
7.981519900,0,0
7.981525000,1,0
7.981530000,0,0
7.981535200,1,0
7.981540200,0,0
7.981545400,1,0
7.981550400,0,0
7.981555600,1,0
7.981560600,0,0
7.981561000,0,1
7.981565700,1,1
7.981570800,0,1
7.981571000,0,0
7.981575900,1,0
7.981581000,0,0
7.981586100,1,0
7.981591200,0,0
7.981596300,1,0
7.981601300,0,0
7.981606500,1,0
7.981611500,0,0
7.981616700,1,0
7.981621700,0,0
7.981626900,1,0
7.981631900,0,0
7.981637000,1,0
7.981642100,0,0
7.981647200,1,0
7.981652300,0,0
7.981657400,1,0
7.981662400,0,0
7.981662900,0,1
7.981667600,1,1
7.981672600,0,1
7.981677800,1,1
7.981682800,0,1
7.981683800,0,0
7.981688000,1,0
7.981693000,0,0
7.981698200,1,0
7.981703200,0,0
7.981708300,1,0
7.981713400,0,0
7.981713800,0,1
7.981718500,1,1
7.981723600,0,1
7.981728700,1,1
7.981733700,0,1
7.981738900,1,1
7.981743900,0,1
7.981749100,1,1
7.981754100,0,1
7.981759300,1,1
7.981764300,0,1
7.981769400,1,1
7.981774500,0,1
7.981775500,0,0
7.981779600,1,0
7.981784700,0,0
7.981789800,1,0
7.981794900,0,0
7.981795300,0,1
7.981800000,1,1
7.981805000,0,1
7.981805300,0,0
7.981810200,1,0
7.981815200,0,0
7.981820400,1,0
7.981825400,0,0
7.981825800,0,1
7.981830600,1,1
7.981835600,0,1
7.981840700,1,1
7.981845800,0,1
7.981850900,1,1
7.981856000,0,1
7.981856200,0,0
7.981861100,1,0
7.981866100,0,0
7.981871300,1,0
7.981876300,0,0
7.981881500,1,0
7.981886500,0,0
7.981891700,1,0
7.981896700,0,0
7.981897100,0,1
7.981901900,1,1
7.981906900,0,1
7.981907100,0,0
7.981912000,1,0
7.981917100,0,0
7.981922200,1,0
7.981927300,0,0
7.981932400,1,0
7.981937400,0,0
7.981937900,0,1
7.981942600,1,1
7.981947600,0,1
7.981952800,1,1
7.981957800,0,1
7.981958800,0,0
7.981963000,1,0
7.981968000,0,0
7.981973200,1,0
7.981978200,0,0
7.981983300,1,0
7.981988400,0,0
7.981993500,1,0
7.981998600,0,0
7.982003700,1,0
7.982008700,0,0
7.982009200,0,1
7.982013900,1,1
7.982018900,0,1
7.982019200,0,0
7.982024100,1,0
7.982029100,0,0
7.982034300,1,0
7.982039300,0,0
7.982039700,0,1
7.982044400,1,1
7.982049500,0,1
7.982050500,0,0
7.982054600,1,0
7.982059700,0,0
7.982064800,1,0
7.982069800,0,0
7.982075000,1,0
7.982080000,0,0
7.982085200,1,0
7.982090200,0,0
7.982090600,0,1
7.982095400,1,1
7.982100400,0,1
7.982100600,0,0
7.982105600,1,0
7.982110600,0,0
7.982111000,0,1
7.982115700,1,1
7.982120800,0,1
7.982125900,1,1
7.982131000,0,1
7.982136100,1,1
7.982141100,0,1
7.982142100,0,0
7.982146300,1,0
7.982151300,0,0
7.982156500,1,0
7.982161500,0,0
7.982166700,1,0
7.982171700,0,0
7.982176900,1,0
7.982181900,0,0
7.982187000,1,0
7.982192100,0,0
7.982197200,1,0
7.982202300,0,0
7.982202700,0,1
7.982207400,1,1
7.982212400,0,1
7.982217600,1,1
7.982222600,0,1
7.982227800,1,1
7.982232800,0,1
7.982233800,0,0
7.982238000,1,0
7.982243000,0,0
7.982246200,0,1
7.982248100,1,1
7.982253200,0,1
7.982253400,0,0
7.982258300,1,0
7.982263400,0,0
7.982268500,1,0
7.982273600,0,0
7.982278700,1,0
7.982283700,0,0
7.982288900,1,0
7.982293900,0,0
7.982299100,1,0
7.982304100,0,0
7.982304500,0,1
7.982309300,1,1
7.982314300,0,1
7.982319400,1,1
7.982324500,0,1
7.983766500,0,0
7.983770700,1,0
7.983775600,0,0
7.983780800,1,0
7.983785800,0,0
7.983791000,1,0
7.983796000,0,0
7.983801200,1,0
7.983806200,0,0
7.983811400,1,0
7.983816400,0,0
7.983821500,1,0
7.983826600,0,0
7.983831700,1,0
7.983836800,0,0
7.983841900,1,0
7.983846900,0,0
7.983847400,0,1
7.983852100,1,1
7.983857100,0,1
7.983858100,0,0
7.983862300,1,0
7.983867300,0,0
7.983872500,1,0
7.983877500,0,0
7.983882700,1,0
7.983887700,0,0
7.983892800,1,0
7.983897900,0,0
7.983903000,1,0
7.983908100,0,0
7.983913200,1,0
7.983918200,0,0
7.983923400,1,0
7.983928400,0,0
7.983933600,1,0
7.983938600,0,0
7.983943800,1,0
7.983948800,0,0
7.983953900,1,0
7.983959000,0,0
7.983964100,1,0
7.983969200,0,0
7.983974300,1,0
7.983979300,0,0
7.983984500,1,0
7.983989500,0,0
7.983994700,1,0
7.983999700,0,0
7.984004900,1,0
7.984009900,0,0
7.984015100,1,0
7.984020100,0,0
7.984025200,1,0
7.984030300,0,0
7.984035400,1,0
7.984040500,0,0
7.984045600,1,0
7.984050600,0,0
7.984055800,1,0
7.984060800,0,0
7.984061300,0,1
7.984066000,1,1
7.984071000,0,1
7.984076200,1,1
7.984081200,0,1
7.984081400,0,0
7.984086400,1,0
7.984091400,0,0
7.984096500,1,0
7.984101600,0,0
7.984102000,0,1
7.984106700,1,1
7.984111800,0,1
7.984116900,1,1
7.984121900,0,1
7.984127100,1,1
7.984132100,0,1
7.984133100,0,0
7.984137300,1,0
7.984142300,0,0
7.984147500,1,0
7.984152500,0,0
7.984157600,1,0
7.984162700,0,0
7.984167800,1,0
7.984172900,0,0
7.984178000,1,0
7.984183100,0,0
7.984188200,1,0
7.984193200,0,0
7.984198400,1,0
7.984203400,0,0
7.984203800,0,1
7.984208600,1,1
7.984213600,0,1
7.984218800,1,1
7.984223800,0,1
7.984224800,0,0
7.984228900,1,0
7.984234000,0,0
7.984239100,1,0
7.984244200,0,0
7.984249300,1,0
7.984254300,0,0
7.984259500,1,0
7.984264500,0,0
7.984269700,1,0
7.984274700,0,0
7.984275100,0,1
7.984279900,1,1
7.984284900,0,1
7.984290100,1,1
7.984295100,0,1
7.984295300,0,0
7.984300200,1,0
7.984305300,0,0
7.984310400,1,0
7.984315500,0,0
7.984320600,1,0
7.984325600,0,0
7.984330800,1,0
7.984335800,0,0
7.984341000,1,0
7.984346000,0,0
7.984351200,1,0
7.984356200,0,0
7.984361400,1,0
7.984366400,0,0
7.984371500,1,0
7.984376600,0,0
7.984381700,1,0
7.984386800,0,0
7.984391900,1,0
7.984396900,0,0
7.984402100,1,0
7.984407100,0,0
7.984412300,1,0
7.984417300,0,0
7.984422500,1,0
7.984427500,0,0
7.984432600,1,0
7.984437700,0,0
7.984442800,1,0
7.984447900,0,0
7.984448300,0,1
7.984453000,1,1
7.984458000,0,1
7.984458300,0,0
7.984463200,1,0
7.984468200,0,0
7.984473400,1,0
7.984478400,0,0
7.984483600,1,0
7.984488600,0,0
7.984493800,1,0
7.984498800,0,0
7.984503900,1,0
7.984509000,0,0
7.984514100,1,0
7.984519200,0,0
7.984524300,1,0
7.984529300,0,0
7.984534500,1,0
7.984539500,0,0
7.984544700,1,0
7.984549700,0,0
7.984554900,1,0
7.984559900,0,0
7.984565100,1,0
7.984570100,0,0
7.984575200,1,0
7.984580300,0,0
7.984585400,1,0
7.984590500,0,0
7.984595600,1,0
7.984600600,0,0
7.984605800,1,0
7.984610800,0,0
7.984616000,1,0
7.984621000,0,0
7.984626200,1,0
7.984631200,0,0
7.984636300,1,0
7.984641400,0,0
7.984646500,1,0
7.984651600,0,0
7.984656700,1,0
7.984661700,0,0
7.984666900,1,0
7.984671900,0,0
7.984677100,1,0
7.984682100,0,0
7.984687300,1,0
7.984692300,0,0
7.984697500,1,0
7.984702500,0,0
7.984707600,1,0
7.984712700,0,0
7.984713100,0,1
7.984717800,1,1
7.984722900,0,1
7.984728000,1,1
7.984733000,0,1
7.984738200,1,1
7.984743200,0,1
7.984748400,1,1
7.984753400,0,1
7.984753700,0,0
7.984758600,1,0
7.984763600,0,0
7.984768800,1,0
7.984773800,0,0
7.984778900,1,0
7.984784000,0,0
7.984789100,1,0
7.984794200,0,0
7.984794600,0,1
7.984799300,1,1
7.984804300,0,1
7.984809500,1,1
7.984814500,0,1
7.984814800,0,0
7.984819700,1,0
7.984824700,0,0
7.984829900,1,0
7.984834900,0,0
7.984835300,0,1
7.984840000,1,1
7.984845100,0,1
7.984850200,1,1
7.984855300,0,1
7.984860400,1,1
7.984865500,0,1
7.984866500,0,0
7.984870600,1,0
7.984875600,0,0
7.984878800,0,1
7.984880800,1,1
7.984885800,0,1
7.984891000,1,1
7.984896000,0,1
7.984896200,0,0
7.984901200,1,0
7.984906200,0,0
7.984906600,0,1
7.984911300,1,1
7.984916400,0,1
7.984921500,1,1
7.984926600,0,1
7.984926800,0,0
7.984931700,1,0
7.984936700,0,0
7.984941900,1,0
7.984946900,0,0
7.984952100,1,0
7.984957100,0,0
7.984962300,1,0
7.984967300,0,0
7.984972500,1,0
7.984977500,0,0
7.984977900,0,1
7.984982600,1,1
7.984987700,0,1
7.984987900,0,0
7.984992800,1,0
7.984997900,0,0
7.984998300,0,1
7.985003000,1,1
7.985008000,0,1
7.985013200,1,1
7.985018200,0,1
7.985023400,1,1
7.985028400,0,1
7.985028700,0,0
7.985033600,1,0
7.985038600,0,0
7.985039000,0,1
7.985043700,1,1
7.985048800,0,1
7.985049800,0,0
7.985053900,1,0
7.985059000,0,0
7.985062200,0,1
7.985064100,1,1
7.985069200,0,1
7.985074300,1,1
7.985079300,0,1
7.985079600,0,0
7.985084500,1,0
7.985089500,0,0
7.985094700,1,0
7.985099700,0,0
7.985104900,1,0
7.985109900,0,0
7.985110300,0,1
7.985115000,1,1
7.985120100,0,1
7.985120300,0,0
7.985125200,1,0
7.985130300,0,0
7.985135400,1,0
7.985140400,0,0
7.985145600,1,0
7.985150600,0,0
7.985155800,1,0
7.985160800,0,0
7.985166000,1,0
7.985171000,0,0
7.985176200,1,0
7.985181200,0,0
7.985186300,1,0
7.985191400,0,0
7.985196500,1,0
7.985201600,0,0
7.985206700,1,0
7.985211700,0,0
7.985216900,1,0
7.985221900,0,0
7.985222400,0,1
7.985227100,1,1
7.985232100,0,1
7.986651100,0,0
7.986655300,1,0
7.986660300,0,0
7.986665500,1,0
7.986670500,0,0
7.986670900,0,1
7.986675600,1,1
7.986680700,0,1
7.986685800,1,1
7.986690800,0,1
7.986696000,1,1
7.986701000,0,1
7.986706200,1,1
7.986711200,0,1
7.986711400,0,0
7.986716400,1,0
7.986721400,0,0
7.986726500,1,0
7.986731600,0,0
7.986736700,1,0
7.986741800,0,0
7.986746900,1,0
7.986751900,0,0
7.986755200,0,1
7.986757100,1,1
7.986762100,0,1
7.986762400,0,0
7.986767300,1,0
7.986772300,0,0
7.986777500,1,0
7.986782500,0,0
7.986787700,1,0
7.986792700,0,0
7.986797800,1,0
7.986802900,0,0
7.986808000,1,0
7.986813100,0,0
7.986818200,1,0
7.986823200,0,0
7.986828400,1,0
7.986833400,0,0
7.986838600,1,0
7.986843600,0,0
7.986848800,1,0
7.986853800,0,0
7.986859000,1,0
7.986864000,0,0
7.986869100,1,0
7.986874200,0,0
7.986879300,1,0
7.986884400,0,0
7.986889500,1,0
7.986894500,0,0
7.986899700,1,0
7.986904700,0,0
7.986909900,1,0
7.986914900,0,0
7.986920100,1,0
7.986925100,0,0
7.986930200,1,0
7.986935300,0,0
7.986940400,1,0
7.986945500,0,0
7.986945900,0,1
7.986950600,1,1
7.986955700,0,1
7.986960800,1,1
7.986965800,0,1
7.986966100,0,0
7.986971000,1,0
7.986976000,0,0
7.986976400,0,1
7.986981200,1,1
7.986986200,0,1
7.986986400,0,0
7.986991400,1,0
7.986996400,0,0
7.987001500,1,0
7.987006600,0,0
7.987011700,1,0
7.987016800,0,0
7.987021900,1,0
7.987026900,0,0
7.987032100,1,0
7.987037100,0,0
7.987042300,1,0
7.987047300,0,0
7.987052500,1,0
7.987057500,0,0
7.987057900,0,1
7.987062700,1,1
7.987067700,0,1
7.987072800,1,1
7.987077900,0,1
7.987078100,0,0
7.987083000,1,0
7.987088100,0,0
7.987088400,0,1
7.987093200,1,1
7.987098200,0,1
7.987098500,0,0
7.987103400,1,0
7.987108400,0,0
7.987113600,1,0
7.987118600,0,0
7.987123800,1,0
7.987128800,0,0
7.987134000,1,0
7.987139000,0,0
7.987144100,1,0
7.987149200,0,0
7.987154300,1,0
7.987159400,0,0
7.987164500,1,0
7.987169500,0,0
7.987174700,1,0
7.987179700,0,0
7.987184900,1,0
7.987189900,0,0
7.987195100,1,0
7.987200100,0,0
7.987205200,1,0
7.987210300,0,0
7.987215400,1,0
7.987220500,0,0
7.987225600,1,0
7.987230600,0,0
7.987235800,1,0
7.987240800,0,0
7.987246000,1,0
7.987251000,0,0
7.987256200,1,0
7.987261200,0,0
7.987266400,1,0
7.987271400,0,0
7.987276500,1,0
7.987281600,0,0
7.987286700,1,0
7.987291800,0,0
7.987296900,1,0
7.987301900,0,0
7.987307100,1,0
7.987312100,0,0
7.987317300,1,0
7.987322300,0,0
7.987327500,1,0
7.987332500,0,0
7.987337700,1,0
7.987342700,0,0
7.987347800,1,0
7.987352900,0,0
7.987358000,1,0
7.987363100,0,0
7.987368200,1,0
7.987373200,0,0
7.987373700,0,1
7.987378400,1,1
7.987383400,0,1
7.987384400,0,0
7.987388600,1,0
7.987393600,0,0
7.987398800,1,0
7.987403800,0,0
7.987408900,1,0
7.987414000,0,0
7.987419100,1,0
7.987424200,0,0
7.987429300,1,0
7.987434300,0,0
7.987439500,1,0
7.987444500,0,0
7.987449700,1,0
7.987454700,0,0
7.987459900,1,0
7.987464900,0,0
7.987465300,0,1
7.987470100,1,1
7.987475100,0,1
7.987476100,0,0
7.987480200,1,0
7.987485300,0,0
7.987490400,1,0
7.987495500,0,0
7.987500600,1,0
7.987505600,0,0
7.987506100,0,1
7.987510800,1,1
7.987515800,0,1
7.987521000,1,1
7.987526000,0,1
7.987531200,1,1
7.987536200,0,1
7.987541400,1,1
7.987546400,0,1
7.987546600,0,0
7.987551500,1,0
7.987556600,0,0
7.987561700,1,0
7.987566800,0,0
7.987571900,1,0
7.987576900,0,0
7.987580200,0,1
7.987582100,1,1
7.987587100,0,1
7.987587400,0,0
7.987592300,1,0
7.987597300,0,0
7.987602500,1,0
7.987607500,0,0
7.987607900,0,1
7.987612600,1,1
7.987617700,0,1
7.987617900,0,0
7.987622800,1,0
7.987627900,0,0
7.987633000,1,0
7.987638100,0,0
7.987643200,1,0
7.987648200,0,0
7.987653400,1,0
7.987658400,0,0
7.987663600,1,0
7.987668600,0,0
7.987671800,0,1
7.987673800,1,1
7.987678800,0,1
7.987683900,1,1
7.987689000,0,1
7.987694100,1,1
7.987699200,0,1
7.987699400,0,0
7.987704300,1,0
7.987709300,0,0
7.987714500,1,0
7.987719500,0,0
7.987719900,0,1
7.987724700,1,1
7.987729700,0,1
7.987734900,1,1
7.987739900,0,1
7.987740100,0,0
7.987745100,1,0
7.987750100,0,0
7.987755200,1,0
7.987760300,0,0
7.987765400,1,0
7.987770500,0,0
7.987775600,1,0
7.987780600,0,0
7.987785800,1,0
7.987790800,0,0
7.987796000,1,0
7.987801000,0,0
7.987806200,1,0
7.987811200,0,0
7.987811600,0,1
7.987816400,1,1
7.987821400,0,1
7.987821600,0,0
7.987826500,1,0
7.987831600,0,0
7.987836700,1,0
7.987841800,0,0
7.987846900,1,0
7.987851900,0,0
7.987857100,1,0
7.987862100,0,0
7.987862500,0,1
7.987867300,1,1
7.987872300,0,1
7.987877500,1,1
7.987882500,0,1
7.987887600,1,1
7.987892700,0,1
7.987892900,0,0
7.987897800,1,0
7.987902900,0,0
7.987903200,0,1
7.987908000,1,1
7.987913000,0,1
7.987913300,0,0
7.987918200,1,0
7.987923200,0,0
7.987928400,1,0
7.987933400,0,0
7.987938600,1,0
7.987943600,0,0
7.987946800,0,1
7.987948800,1,1
7.987953800,0,1
7.987954000,0,0
7.987958900,1,0
7.987964000,0,0
7.987969100,1,0
7.987974200,0,0
7.987979300,1,0
7.987984300,0,0
7.987989500,1,0
7.987994500,0,0
7.987999700,1,0
7.988004700,0,0
7.988009900,1,0
7.988014900,0,0
7.988020100,1,0
7.988025100,0,0
7.988030200,1,0
7.988035300,0,0
7.988038500,0,1
7.988040400,1,1
7.988045500,0,1
7.988050600,1,1
7.988055600,0,1
7.988055900,0,0
7.988060800,1,0
7.988065800,0,0
7.988066200,0,1
7.988071000,1,1
7.988076000,0,1
7.988076200,0,0
7.988081200,1,0
7.988086200,0,0
7.988091300,1,0
7.988096400,0,0
7.988101500,1,0
7.988106600,0,0
7.988111700,1,0
7.988116800,0,0
7.988117200,0,1
7.989591700,0,0
7.989595900,1,0
7.989600900,0,0
7.989606100,1,0
7.989611100,0,0
7.989611500,0,1
7.989616300,1,1
7.989621300,0,1
7.989626400,1,1
7.989631500,0,1
7.989636600,1,1
7.989641700,0,1
7.989641900,0,0
7.989646800,1,0
7.989651800,0,0
7.989657000,1,0
7.989662000,0,0
7.989662400,0,1
7.989667200,1,1
7.989672200,0,1
7.989672500,0,0
7.989677400,1,0
7.989682400,0,0
7.989687600,1,0
7.989692600,0,0
7.989697700,1,0
7.989702800,0,0
7.989707900,1,0
7.989713000,0,0
7.989713400,0,1
7.989718100,1,1
7.989723100,0,1
7.989728300,1,1
7.989733300,0,1
7.989738500,1,1
7.989743500,0,1
7.989743700,0,0
7.989748700,1,0
7.989753700,0,0
7.989758900,1,0
7.989763900,0,0
7.989769000,1,0
7.989774100,0,0
7.989779200,1,0
7.989784300,0,0
7.989789400,1,0
7.989794400,0,0
7.989799600,1,0
7.989804600,0,0
7.989805000,0,1
7.989809800,1,1
7.989814800,0,1
7.989815000,0,0
7.989820000,1,0
7.989825000,0,0
7.989825400,0,1
7.989830100,1,1
7.989835200,0,1
7.989840300,1,1
7.989845400,0,1
7.989845600,0,0
7.989850500,1,0
7.989855500,0,0
7.989855900,0,1
7.989860700,1,1
7.989865700,0,1
7.989866700,0,0
7.989870900,1,0
7.989875900,0,0
7.989881100,1,0
7.989886100,0,0
7.989886500,0,1
7.989891300,1,1
7.989896300,0,1
7.989896500,0,0
7.989901400,1,0
7.989906500,0,0
7.989911600,1,0
7.989916700,0,0
7.989921800,1,0
7.989926800,0,0
7.989932000,1,0
7.989937000,0,0
7.989942200,1,0
7.989947200,0,0
7.989952400,1,0
7.989957400,0,0
7.989962600,1,0
7.989967600,0,0
7.989972700,1,0
7.989977800,0,0
7.989982900,1,0
7.989988000,0,0
7.989993100,1,0
7.989998100,0,0
7.989998600,0,1
7.990003300,1,1
7.990008300,0,1
7.990008600,0,0
7.990013500,1,0
7.990018500,0,0
7.990023700,1,0
7.990028700,0,0
7.990033800,1,0
7.990038900,0,0
7.990044000,1,0
7.990049100,0,0
7.990054200,1,0
7.990059200,0,0
7.990064400,1,0
7.990069400,0,0
7.990074600,1,0
7.990079600,0,0
7.990080000,0,1
7.990084800,1,1
7.990089800,0,1
7.990090000,0,0
7.990095000,1,0
7.990100000,0,0
7.990100400,0,1
7.990105100,1,1
7.990110200,0,1
7.990115300,1,1
7.990120400,0,1
7.990120600,0,0
7.990125500,1,0
7.990130500,0,0
7.990135700,1,0
7.990140700,0,0
7.990145900,1,0
7.990150900,0,0
7.990156100,1,0
7.990161100,0,0
7.990161500,0,1
7.990166300,1,1
7.990171300,0,1
7.990171500,0,0
7.990176400,1,0
7.990181500,0,0
7.990186600,1,0
7.990191700,0,0
7.990196800,1,0
7.990201800,0,0
7.990202300,0,1
7.990207000,1,1
7.990212000,0,1
7.990212300,0,0
7.990217200,1,0
7.990222200,0,0
7.990222600,0,1
7.990227400,1,1
7.990232400,0,1
7.990233400,0,0
7.990237500,1,0
7.990242600,0,0
7.990245800,0,1
7.990247700,1,1
7.990252800,0,1
7.990253000,0,0
7.990257900,1,0
7.990263000,0,0
7.990268100,1,0
7.990273100,0,0
7.990278300,1,0
7.990283300,0,0
7.990288500,1,0
7.990293500,0,0
7.990298700,1,0
7.990303700,0,0
7.990308800,1,0
7.990313900,0,0
7.990319000,1,0
7.990324100,0,0
7.990329200,1,0
7.990334200,0,0
7.990339400,1,0
7.990344400,0,0
7.990344900,0,1
7.990349600,1,1
7.990354600,0,1
7.990354900,0,0
7.990359800,1,0
7.990364800,0,0
7.990365200,0,1
7.990370000,1,1
7.990375000,0,1
7.990380100,1,1
7.990385200,0,1
7.990385400,0,0
7.990390300,1,0
7.990395400,0,0
7.990400500,1,0
7.990405500,0,0
7.990410700,1,0
7.990415700,0,0
7.990420900,1,0
7.990425900,0,0
7.990429100,0,1
7.990431100,1,1
7.990436100,0,1
7.990441200,1,1
7.990446300,0,1
7.990446500,0,0
7.990451400,1,0
7.990456500,0,0
7.990461600,1,0
7.990466700,0,0
7.990471800,1,0
7.990476800,0,0
7.990482000,1,0
7.990487000,0,0
7.990487400,0,1
7.990492200,1,1
7.990497200,0,1
7.990497400,0,0
7.990502400,1,0
7.990507400,0,0
7.990512500,1,0
7.990517600,0,0
7.990522700,1,0
7.990527800,0,0
7.990532900,1,0
7.990537900,0,0
7.990543100,1,0
7.990548100,0,0
7.990548600,0,1
7.990553300,1,1
7.990558300,0,1
7.990558600,0,0
7.990563500,1,0
7.990568500,0,0
7.990573700,1,0
7.990578700,0,0
7.990583800,1,0
7.990588900,0,0
7.990594000,1,0
7.990599100,0,0
7.990604200,1,0
7.990609200,0,0
7.990614400,1,0
7.990619400,0,0
7.990624600,1,0
7.990629600,0,0
7.990634800,1,0
7.990639800,0,0
7.990645000,1,0
7.990650000,0,0
7.990655100,1,0
7.990660200,0,0
7.990665300,1,0
7.990670400,0,0
7.990675500,1,0
7.990680500,0,0
7.990685700,1,0
7.990690700,0,0
7.990695900,1,0
7.990700900,0,0
7.990706100,1,0
7.990711100,0,0
7.990716200,1,0
7.990721300,0,0
7.990726400,1,0
7.990731500,0,0
7.990736600,1,0
7.990741600,0,0
7.990746800,1,0
7.990751800,0,0
7.990757000,1,0
7.990762000,0,0
7.990767200,1,0
7.990772200,0,0
7.990777400,1,0
7.990782400,0,0
7.990787500,1,0
7.990792600,0,0
7.990797700,1,0
7.990802800,0,0
7.990807900,1,0
7.990812900,0,0
7.990818100,1,0
7.990823100,0,0
7.990823600,0,1
7.990828300,1,1
7.990833300,0,1
7.990838500,1,1
7.990843500,0,1
7.990848700,1,1
7.990853700,0,1
7.990858800,1,1
7.990863900,0,1
7.990864100,0,0
7.990869000,1,0
7.990874100,0,0
7.990879200,1,0
7.990884200,0,0
7.990889400,1,0
7.990894400,0,0
7.990899600,1,0
7.990904600,0,0
7.990909800,1,0
7.990914800,0,0
7.990919900,1,0
7.990925000,0,0
7.990930100,1,0
7.990935200,0,0
7.990935600,0,1
7.990940300,1,1
7.990945400,0,1
7.990945600,0,0
7.990950500,1,0
7.990955500,0,0
7.990960700,1,0
7.990965700,0,0
7.990970900,1,0
7.990975900,0,0
7.990981100,1,0
7.990986100,0,0
7.990986500,0,1
7.990991200,1,1
7.990996300,0,1
7.991001400,1,1
7.991006500,0,1
7.991011600,1,1
7.991016600,0,1
7.991016900,0,0
7.991021800,1,0
7.991026800,0,0
7.991027200,0,1
7.991032000,1,1
7.991037000,0,1
7.991037300,0,0
7.991042200,1,0
7.991047200,0,0
7.991052400,1,0
7.991057400,0,0
7.991057800,0,1
7.992491400,0,0
7.992495600,1,0
7.992500600,0,0
7.992503700,0,1
7.992505700,1,1
7.992510700,0,1
7.992511000,0,0
7.992515900,1,0
7.992520900,0,0
7.992526100,1,0
7.992531100,0,0
7.992536300,1,0
7.992541300,0,0
7.992546500,1,0
7.992551500,0,0
7.992556600,1,0
7.992561700,0,0
7.992566800,1,0
7.992571900,0,0
7.992577000,1,0
7.992582000,0,0
7.992587200,1,0
7.992592200,0,0
7.992597400,1,0
7.992602400,0,0
7.992607600,1,0
7.992612600,0,0
7.992617700,1,0
7.992622800,0,0
7.992623200,0,1
7.992627900,1,1
7.992633000,0,1
7.992638100,1,1
7.992643100,0,1
7.992643400,0,0
7.992648300,1,0
7.992653300,0,0
7.992658500,1,0
7.992663500,0,0
7.992668700,1,0
7.992673700,0,0
7.992678900,1,0
7.992683900,0,0
7.992689000,1,0
7.992694100,0,0
7.992694500,0,1
7.992699200,1,1
7.992704300,0,1
7.992709400,1,1
7.992714400,0,1
7.992719600,1,1
7.992724600,0,1
7.992724900,0,0
7.992729800,1,0
7.992734800,0,0
7.992740000,1,0
7.992745000,0,0
7.992750200,1,0
7.992755200,0,0
7.992755600,0,1
7.992760300,1,1
7.992765400,0,1
7.992766400,0,0
7.992770500,1,0
7.992775600,0,0
7.992780700,1,0
7.992785700,0,0
7.992790900,1,0
7.992795900,0,0
7.992796300,0,1
7.992801100,1,1
7.992806100,0,1
7.992811300,1,1
7.992816300,0,1
7.992821400,1,1
7.992826500,0,1
7.992826700,0,0
7.992831600,1,0
7.992836700,0,0
7.992841800,1,0
7.992846800,0,0
7.992852000,1,0
7.992857000,0,0
7.992862200,1,0
7.992867200,0,0
7.992872400,1,0
7.992877400,0,0
7.992882600,1,0
7.992887600,0,0
7.992888000,0,1
7.992892700,1,1
7.992897800,0,1
7.992898000,0,0
7.992902900,1,0
7.992908000,0,0
7.992908400,0,1
7.992913100,1,1
7.992918100,0,1
7.992923300,1,1
7.992928300,0,1
7.992928600,0,0
7.992933500,1,0
7.992938500,0,0
7.992938900,0,1
7.992943700,1,1
7.992948700,0,1
7.992949700,0,0
7.992953900,1,0
7.992958900,0,0
7.992964000,1,0
7.992969100,0,0
7.992969500,0,1
7.992974200,1,1
7.992979300,0,1
7.992979500,0,0
7.992984400,1,0
7.992989400,0,0
7.992994600,1,0
7.992999600,0,0
7.993004800,1,0
7.993009800,0,0
7.993015000,1,0
7.993020000,0,0
7.993025200,1,0
7.993030200,0,0
7.993035300,1,0
7.993040400,0,0
7.993045500,1,0
7.993050600,0,0
7.993055700,1,0
7.993060700,0,0
7.993061200,0,1
7.993065900,1,1
7.993070900,0,1
7.993071200,0,0
7.993076100,1,0
7.993081100,0,0
7.993081500,0,1
7.993086300,1,1
7.993091300,0,1
7.993096400,1,1
7.993101500,0,1
7.993101700,0,0
7.993106600,1,0
7.993111700,0,0
7.993116800,1,0
7.993121800,0,0
7.993127000,1,0
7.993132000,0,0
7.993137200,1,0
7.993142200,0,0
7.993147400,1,0
7.993152400,0,0
7.993157600,1,0
7.993162600,0,0
7.993163000,0,1
7.993167700,1,1
7.993172800,0,1
7.993173000,0,0
7.993177900,1,0
7.993183000,0,0
7.993183400,0,1
7.993188100,1,1
7.993193100,0,1
7.993198300,1,1
7.993203300,0,1
7.993203600,0,0
7.993208500,1,0
7.993213500,0,0
7.993218700,1,0
7.993223700,0,0
7.993228900,1,0
7.993233900,0,0
7.993239000,1,0
7.993244100,0,0
7.993244500,0,1
7.993249200,1,1
7.993254300,0,1
7.993254500,0,0
7.993259400,1,0
7.993264400,0,0
7.993269600,1,0
7.993274600,0,0
7.993279800,1,0
7.993284800,0,0
7.993285200,0,1
7.993290000,1,1
7.993295000,0,1
7.993295200,0,0
7.993300100,1,0
7.993305200,0,0
7.993305600,0,1
7.993310300,1,1
7.993315400,0,1
7.993316400,0,0
7.993320500,1,0
7.993325500,0,0
7.993330700,1,0
7.993335700,0,0
7.993340900,1,0
7.993345900,0,0
7.993351100,1,0
7.993356100,0,0
7.993361300,1,0
7.993366300,0,0
7.993371400,1,0
7.993376500,0,0
7.993381600,1,0
7.993386700,0,0
7.993391800,1,0
7.993396800,0,0
7.993402000,1,0
7.993407000,0,0
7.993412200,1,0
7.993417200,0,0
7.993422400,1,0
7.993427400,0,0
7.993427800,0,1
7.993432600,1,1
7.993437600,0,1
7.993437800,0,0
7.993442700,1,0
7.993447800,0,0
7.993448200,0,1
7.993452900,1,1
7.993458000,0,1
7.993463100,1,1
7.993468100,0,1
7.993468400,0,0
7.993473300,1,0
7.993478300,0,0
7.993483500,1,0
7.993488500,0,0
7.993493700,1,0
7.993498700,0,0
7.993503800,1,0
7.993508900,0,0
7.993512100,0,1
7.993514000,1,1
7.993519100,0,1
7.993524200,1,1
7.993529200,0,1
7.993529500,0,0
7.993534400,1,0
7.993539400,0,0
7.993544600,1,0
7.993549600,0,0
7.993554800,1,0
7.993559800,0,0
7.993565000,1,0
7.993570000,0,0
7.993570400,0,1
7.993575100,1,1
7.993580200,0,1
7.993580400,0,0
7.993585300,1,0
7.993590400,0,0
7.993595500,1,0
7.993600500,0,0
7.993605700,1,0
7.993610700,0,0
7.993615900,1,0
7.993620900,0,0
7.993626100,1,0
7.993631100,0,0
7.993631500,0,1
7.993636300,1,1
7.993641300,0,1
7.993641500,0,0
7.993646400,1,0
7.993651500,0,0
7.993656600,1,0
7.993661700,0,0
7.993666800,1,0
7.993671800,0,0
7.993677000,1,0
7.993682000,0,0
7.993687200,1,0
7.993692200,0,0
7.993697400,1,0
7.993702400,0,0
7.993707500,1,0
7.993712600,0,0
7.993717700,1,0
7.993722800,0,0
7.993727900,1,0
7.993733000,0,0
7.993738100,1,0
7.993743100,0,0
7.993748300,1,0
7.993753300,0,0
7.993758500,1,0
7.993763500,0,0
7.993768700,1,0
7.993773700,0,0
7.993778800,1,0
7.993783900,0,0
7.993789000,1,0
7.993794100,0,0
7.993799200,1,0
7.993804200,0,0
7.993809400,1,0
7.993814400,0,0
7.993819600,1,0
7.993824600,0,0
7.993829800,1,0
7.993834800,0,0
7.993840000,1,0
7.993845000,0,0
7.993850100,1,0
7.993855200,0,0
7.993860300,1,0
7.993865400,0,0
7.993870500,1,0
7.993875500,0,0
7.993880700,1,0
7.993885700,0,0
7.993890900,1,0
7.993895900,0,0
7.993901100,1,0
7.993906100,0,0
7.993906500,0,1
7.993911200,1,1
7.993916300,0,1
7.993921400,1,1
7.993926500,0,1
7.993931600,1,1
7.993936700,0,1
7.993941800,1,1
7.993946800,0,1
7.993947100,0,0
7.993952000,1,0
7.993957000,0,0
7.993957400,0,1
7.995404000,0,0
7.995408200,1,0
7.995413200,0,0
7.995418400,1,0
7.995423400,0,0
7.995428500,1,0
7.995433600,0,0
7.995438700,1,0
7.995443700,0,0
7.995448900,1,0
7.995453900,0,0
7.995459100,1,0
7.995464100,0,0
7.995469300,1,0
7.995474300,0,0
7.995479500,1,0
7.995484500,0,0
7.995489600,1,0
7.995494700,0,0
7.995499800,1,0
7.995504900,0,0
7.995510000,1,0
7.995515000,0,0
7.995520200,1,0
7.995525200,0,0
7.995530400,1,0
7.995535400,0,0
7.995540600,1,0
7.995545600,0,0
7.995550800,1,0
7.995555800,0,0
7.995560900,1,0
7.995566000,0,0
7.995571100,1,0
7.995576200,0,0
7.995581300,1,0
7.995586300,0,0
7.995591500,1,0
7.995596500,0,0
7.995601700,1,0
7.995606700,0,0
7.995611900,1,0
7.995616900,0,0
7.995622000,1,0
7.995627100,0,0
7.995632200,1,0
7.995637300,0,0
7.995642400,1,0
7.995647500,0,0
7.995652600,1,0
7.995657600,0,0
7.995662800,1,0
7.995667800,0,0
7.995673000,1,0
7.995678000,0,0
7.995683200,1,0
7.995688200,0,0
7.995693300,1,0
7.995698400,0,0
7.995703500,1,0
7.995708600,0,0
7.995713700,1,0
7.995718700,0,0
7.995723900,1,0
7.995728900,0,0
7.995734100,1,0
7.995739100,0,0
7.995744300,1,0
7.995749300,0,0
7.995754500,1,0
7.995759500,0,0
7.995764600,1,0
7.995769700,0,0
7.995774800,1,0
7.995779900,0,0
7.995785000,1,0
7.995790000,0,0
7.995795200,1,0
7.995800200,0,0
7.995805400,1,0
7.995810400,0,0
7.995815600,1,0
7.995820600,0,0
7.995825800,1,0
7.995830800,0,0
7.995835900,1,0
7.995841000,0,0
7.995846100,1,0
7.995851200,0,0
7.995856300,1,0
7.995861300,0,0
7.995866500,1,0
7.995871500,0,0
7.995876700,1,0
7.995881700,0,0
7.995886900,1,0
7.995891900,0,0
7.995897000,1,0
7.995902100,0,0
7.995907200,1,0
7.995912300,0,0
7.995917400,1,0
7.995922400,0,0
7.995927600,1,0
7.995932600,0,0
7.995937800,1,0
7.995942800,0,0
7.995948000,1,0
7.995953000,0,0
7.995958200,1,0
7.995963200,0,0
7.995968300,1,0
7.995973400,0,0
7.995978500,1,0
7.995983600,0,0
7.995988700,1,0
7.995993700,0,0
7.995998900,1,0
7.996003900,0,0
7.996009100,1,0
7.996014100,0,0
7.996019300,1,0
7.996024300,0,0
7.996029500,1,0
7.996034500,0,0
7.996039600,1,0
7.996044700,0,0
7.996049800,1,0
7.996054900,0,0
7.996060000,1,0
7.996065000,0,0
7.996070200,1,0
7.996075200,0,0
7.996080400,1,0
7.996085400,0,0
7.996090600,1,0
7.996095600,0,0
7.996100700,1,0
7.996105800,0,0
7.996110900,1,0
7.996116000,0,0
7.996121100,1,0
7.996126100,0,0
7.996131300,1,0
7.996136300,0,0
7.996141500,1,0
7.996146500,0,0
7.996151700,1,0
7.996156700,0,0
7.996161900,1,0
7.996166900,0,0
7.996172000,1,0
7.996177100,0,0
7.996182200,1,0
7.996187300,0,0
7.996192400,1,0
7.996197400,0,0
7.996202600,1,0
7.996207600,0,0
7.996212800,1,0
7.996217800,0,0
7.996223000,1,0
7.996228000,0,0
7.996233200,1,0
7.996238200,0,0
7.996243300,1,0
7.996248400,0,0
7.996253500,1,0
7.996258600,0,0
7.996263700,1,0
7.996268700,0,0
7.996273900,1,0
7.996278900,0,0
7.996284100,1,0
7.996289100,0,0
7.996294300,1,0
7.996299300,0,0
7.996304400,1,0
7.996309500,0,0
7.996314600,1,0
7.996319700,0,0
7.996324800,1,0
7.996329900,0,0
7.996335000,1,0
7.996340000,0,0
7.996345200,1,0
7.996350200,0,0
7.996355400,1,0
7.996360400,0,0
7.996365600,1,0
7.996370600,0,0
7.996375700,1,0
7.996380800,0,0
7.996385900,1,0
7.996391000,0,0
7.996396100,1,0
7.996401100,0,0
7.996406300,1,0
7.996411300,0,0
7.996416500,1,0
7.996421500,0,0
7.996426700,1,0
7.996431700,0,0
7.996436900,1,0
7.996441900,0,0
7.996447000,1,0
7.996452100,0,0
7.996457200,1,0
7.996462300,0,0
7.996467400,1,0
7.996472400,0,0
7.996477600,1,0
7.996482600,0,0
7.996487800,1,0
7.996492800,0,0
7.996498000,1,0
7.996503000,0,0
7.996508200,1,0
7.996513200,0,0
7.996518300,1,0
7.996523400,0,0
7.996528500,1,0
7.996533600,0,0
7.996538700,1,0
7.996543700,0,0
7.996548900,1,0
7.996553900,0,0
7.996559100,1,0
7.996564100,0,0
7.996569300,1,0
7.996574300,0,0
7.996579400,1,0
7.996584500,0,0
7.996589600,1,0
7.996594700,0,0
7.996599800,1,0
7.996604800,0,0
7.996610000,1,0
7.996615000,0,0
7.996620200,1,0
7.996625200,0,0
7.996630400,1,0
7.996635400,0,0
7.996640600,1,0
7.996645600,0,0
7.996650700,1,0
7.996655800,0,0
7.996660900,1,0
7.996666000,0,0
7.996671100,1,0
7.996676100,0,0
7.996681300,1,0
7.996686300,0,0
7.996691500,1,0
7.996696500,0,0
7.996701700,1,0
7.996706700,0,0
7.996711900,1,0
7.996716900,0,0
7.996722000,1,0
7.996727100,0,0
7.996732200,1,0
7.996737300,0,0
7.996742400,1,0
7.996747400,0,0
7.996752600,1,0
7.996757600,0,0
7.996762800,1,0
7.996767800,0,0
7.996773000,1,0
7.996778000,0,0
7.996783100,1,0
7.996788200,0,0
7.996793300,1,0
7.996798400,0,0
7.996803500,1,0
7.996808500,0,0
7.996813700,1,0
7.996818700,0,0
7.996823900,1,0
7.996828900,0,0
7.996834100,1,0
7.996839100,0,0
7.996844300,1,0
7.996849300,0,0
7.996854400,1,0
7.996859500,0,0
7.996864600,1,0
7.996869700,0,0
7.996870100,0,1
7.998302600,0,0
7.998306800,1,0
7.998311800,0,0
7.998317000,1,0
7.998322000,0,0
7.998327200,1,0
7.998332200,0,0
7.998337400,1,0
7.998342400,0,0
7.998347500,1,0
7.998352600,0,0
7.998357700,1,0
7.998362800,0,0
7.998367900,1,0
7.998372900,0,0
7.998378100,1,0
7.998383100,0,0
7.998388300,1,0
7.998393300,0,0
7.998398500,1,0
7.998403500,0,0
7.998408600,1,0
7.998413700,0,0
7.998418800,1,0
7.998423900,0,0
7.998429000,1,0
7.998434100,0,0
7.998439200,1,0
7.998444200,0,0
7.998449400,1,0
7.998454400,0,0
7.998459600,1,0
7.998464600,0,0
7.998469800,1,0
7.998474800,0,0
7.998479900,1,0
7.998485000,0,0
7.998490100,1,0
7.998495200,0,0
7.998500300,1,0
7.998505300,0,0
7.998510500,1,0
7.998515500,0,0
7.998520700,1,0
7.998525700,0,0
7.998530900,1,0
7.998535900,0,0
7.998541100,1,0
7.998546100,0,0
7.998551200,1,0
7.998556300,0,0
7.998561400,1,0
7.998566500,0,0
7.998571600,1,0
7.998576600,0,0
7.998581800,1,0
7.998586800,0,0
7.998592000,1,0
7.998597000,0,0
7.998602200,1,0
7.998607200,0,0
7.998612400,1,0
7.998617400,0,0
7.998622500,1,0
7.998627600,0,0
7.998632700,1,0
7.998637800,0,0
7.998642900,1,0
7.998647900,0,0
7.998653100,1,0
7.998658100,0,0
7.998663300,1,0
7.998668300,0,0
7.998673500,1,0
7.998678500,0,0
7.998683600,1,0
7.998688700,0,0
7.998693800,1,0
7.998698900,0,0
7.998704000,1,0
7.998709000,0,0
7.998714200,1,0
7.998719200,0,0
7.998724400,1,0
7.998729400,0,0
7.998734600,1,0
7.998739600,0,0
7.998744800,1,0
7.998749800,0,0
7.998754900,1,0
7.998760000,0,0
7.998765100,1,0
7.998770200,0,0
7.998775300,1,0
7.998780300,0,0
7.998785500,1,0
7.998790500,0,0
7.998795700,1,0
7.998800700,0,0
7.998805900,1,0
7.998810900,0,0
7.998816100,1,0
7.998821100,0,0
7.998826200,1,0
7.998831300,0,0
7.998836400,1,0
7.998841500,0,0
7.998846600,1,0
7.998851600,0,0
7.998856800,1,0
7.998861800,0,0
7.998867000,1,0
7.998872000,0,0
7.998877200,1,0
7.998882200,0,0
7.998887300,1,0
7.998892400,0,0
7.998897500,1,0
7.998902600,0,0
7.998907700,1,0
7.998912700,0,0
7.998917900,1,0
7.998922900,0,0
7.998928100,1,0
7.998933100,0,0
7.998938300,1,0
7.998943300,0,0
7.998948500,1,0
7.998953500,0,0
7.998958600,1,0
7.998963700,0,0
7.998968800,1,0
7.998973900,0,0
7.998979000,1,0
7.998984000,0,0
7.998989200,1,0
7.998994200,0,0
7.998999400,1,0
7.999004400,0,0
7.999009600,1,0
7.999014600,0,0
7.999019800,1,0
7.999024800,0,0
7.999029900,1,0
7.999035000,0,0
7.999040100,1,0
7.999045200,0,0
7.999050300,1,0
7.999055300,0,0
7.999060500,1,0
7.999065500,0,0
7.999070700,1,0
7.999075700,0,0
7.999080900,1,0
7.999085900,0,0
7.999091000,1,0
7.999096100,0,0
7.999101200,1,0
7.999106300,0,0
7.999111400,1,0
7.999116500,0,0
7.999121600,1,0
7.999126600,0,0
7.999131800,1,0
7.999136800,0,0
7.999142000,1,0
7.999147000,0,0
7.999152200,1,0
7.999157200,0,0
7.999162300,1,0
7.999167400,0,0
7.999172500,1,0
7.999177600,0,0
7.999182700,1,0
7.999187700,0,0
7.999192900,1,0
7.999197900,0,0
7.999203100,1,0
7.999208100,0,0
7.999213300,1,0
7.999218300,0,0
7.999223500,1,0
7.999228500,0,0
7.999233600,1,0
7.999238700,0,0
7.999243800,1,0
7.999248900,0,0
7.999254000,1,0
7.999259000,0,0
7.999264200,1,0
7.999269200,0,0
7.999274400,1,0
7.999279400,0,0
7.999284600,1,0
7.999289600,0,0
7.999294800,1,0
7.999299800,0,0
7.999304900,1,0
7.999310000,0,0
7.999315100,1,0
7.999320200,0,0
7.999325300,1,0
7.999330300,0,0
7.999335500,1,0
7.999340500,0,0
7.999345700,1,0
7.999350700,0,0
7.999355900,1,0
7.999360900,0,0
7.999366000,1,0
7.999371100,0,0
7.999376200,1,0
7.999381300,0,0
7.999386400,1,0
7.999391400,0,0
7.999396600,1,0
7.999401600,0,0
7.999406800,1,0
7.999411800,0,0
7.999417000,1,0
7.999422000,0,0
7.999427200,1,0
7.999432200,0,0
7.999437300,1,0
7.999442400,0,0
7.999447500,1,0
7.999452600,0,0
7.999457700,1,0
7.999462700,0,0
7.999467900,1,0
7.999472900,0,0
7.999478100,1,0
7.999483100,0,0
7.999488300,1,0
7.999493300,0,0
7.999498500,1,0
7.999503500,0,0
7.999508600,1,0
7.999513700,0,0
7.999518800,1,0
7.999523900,0,0
7.999529000,1,0
7.999534000,0,0
7.999539200,1,0
7.999544200,0,0
7.999549400,1,0
7.999554400,0,0
7.999559600,1,0
7.999564600,0,0
7.999569700,1,0
7.999574800,0,0
7.999579900,1,0
7.999585000,0,0
7.999590100,1,0
7.999595200,0,0
7.999600300,1,0
7.999605300,0,0
7.999610500,1,0
7.999615500,0,0
7.999620700,1,0
7.999625700,0,0
7.999630900,1,0
7.999635900,0,0
7.999641000,1,0
7.999646100,0,0
7.999651200,1,0
7.999656300,0,0
7.999661400,1,0
7.999666400,0,0
7.999671600,1,0
7.999676600,0,0
7.999681800,1,0
7.999686800,0,0
7.999692000,1,0
7.999697000,0,0
7.999702200,1,0
7.999707200,0,0
7.999712300,1,0
7.999717400,0,0
7.999722500,1,0
7.999727600,0,0
7.999732700,1,0
7.999737700,0,0
7.999742900,1,0
7.999747900,0,0
7.999753100,1,0
7.999758100,0,0
7.999763300,1,0
7.999768300,0,0
7.999768700,0,1
8.001199300,0,0
8.001203500,1,0
8.001208500,0,0
8.001213600,1,0
8.001218700,0,0
8.001223800,1,0
8.001228800,0,0
8.001234000,1,0
8.001239000,0,0
8.001244200,1,0
8.001249200,0,0
8.001254400,1,0
8.001259400,0,0
8.001264500,1,0
8.001269600,0,0
8.001274700,1,0
8.001279800,0,0
8.001284900,1,0
8.001289900,0,0
8.001295100,1,0
8.001300100,0,0
8.001305300,1,0
8.001310300,0,0
8.001315500,1,0
8.001320500,0,0
8.001325700,1,0
8.001330700,0,0
8.001335800,1,0
8.001340900,0,0
8.001346000,1,0
8.001351100,0,0
8.001356200,1,0
8.001361200,0,0
8.001366400,1,0
8.001371400,0,0
8.001376600,1,0
8.001381600,0,0
8.001386800,1,0
8.001391800,0,0
8.001397000,1,0
8.001402000,0,0
8.001407100,1,0
8.001412200,0,0
8.001417300,1,0
8.001422400,0,0
8.001427500,1,0
8.001432500,0,0
8.001437700,1,0
8.001442700,0,0
8.001447900,1,0
8.001452900,0,0
8.001458100,1,0
8.001463100,0,0
8.001468200,1,0
8.001473300,0,0
8.001478400,1,0
8.001483500,0,0
8.001488600,1,0
8.001493600,0,0
8.001498800,1,0
8.001503800,0,0
8.001509000,1,0
8.001514000,0,0
8.001519200,1,0
8.001524200,0,0
8.001529400,1,0
8.001534400,0,0
8.001539500,1,0
8.001544600,0,0
8.001549700,1,0
8.001554800,0,0
8.001559900,1,0
8.001564900,0,0
8.001570100,1,0
8.001575100,0,0
8.001580300,1,0
8.001585300,0,0
8.001590500,1,0
8.001595500,0,0
8.001600700,1,0
8.001605700,0,0
8.001610800,1,0
8.001615900,0,0
8.001621000,1,0
8.001626100,0,0
8.001631200,1,0
8.001636200,0,0
8.001641400,1,0
8.001646400,0,0
8.001651600,1,0
8.001656600,0,0
8.001661800,1,0
8.001666800,0,0
8.001671900,1,0
8.001677000,0,0
8.001682100,1,0
8.001687200,0,0
8.001692300,1,0
8.001697400,0,0
8.001702500,1,0
8.001707500,0,0
8.001712700,1,0
8.001717700,0,0
8.001722900,1,0
8.001727900,0,0
8.001733100,1,0
8.001738100,0,0
8.001743200,1,0
8.001748300,0,0
8.001753400,1,0
8.001758500,0,0
8.001763600,1,0
8.001768600,0,0
8.001773800,1,0
8.001778800,0,0
8.001784000,1,0
8.001789000,0,0
8.001794200,1,0
8.001799200,0,0
8.001804400,1,0
8.001809400,0,0
8.001814500,1,0
8.001819600,0,0
8.001824700,1,0
8.001829800,0,0
8.001834900,1,0
8.001839900,0,0
8.001845100,1,0
8.001850100,0,0
8.001855300,1,0
8.001860300,0,0
8.001865500,1,0
8.001870500,0,0
8.001875700,1,0
8.001880700,0,0
8.001885800,1,0
8.001890900,0,0
8.001896000,1,0
8.001901100,0,0
8.001906200,1,0
8.001911200,0,0
8.001916400,1,0
8.001921400,0,0
8.001926600,1,0
8.001931600,0,0
8.001936800,1,0
8.001941800,0,0
8.001946900,1,0
8.001952000,0,0
8.001957100,1,0
8.001962200,0,0
8.001967300,1,0
8.001972300,0,0
8.001977500,1,0
8.001982500,0,0
8.001987700,1,0
8.001992700,0,0
8.001997900,1,0
8.002002900,0,0
8.002008100,1,0
8.002013100,0,0
8.002018200,1,0
8.002023300,0,0
8.002028400,1,0
8.002033500,0,0
8.002038600,1,0
8.002043600,0,0
8.002048800,1,0
8.002053800,0,0
8.002059000,1,0
8.002064000,0,0
8.002069200,1,0
8.002074200,0,0
8.002079400,1,0
8.002084400,0,0
8.002089500,1,0
8.002094600,0,0
8.002099700,1,0
8.002104800,0,0
8.002109900,1,0
8.002114900,0,0
8.002120100,1,0
8.002125100,0,0
8.002130300,1,0
8.002135300,0,0
8.002140500,1,0
8.002145500,0,0
8.002150600,1,0
8.002155700,0,0
8.002160800,1,0
8.002165900,0,0
8.002171000,1,0
8.002176000,0,0
8.002181200,1,0
8.002186200,0,0
8.002191400,1,0
8.002196400,0,0
8.002201600,1,0
8.002206600,0,0
8.002211800,1,0
8.002216800,0,0
8.002221900,1,0
8.002227000,0,0
8.002232100,1,0
8.002237200,0,0
8.002242300,1,0
8.002247300,0,0
8.002252500,1,0
8.002257500,0,0
8.002262700,1,0
8.002267700,0,0
8.002272900,1,0
8.002277900,0,0
8.002283100,1,0
8.002288100,0,0
8.002293200,1,0
8.002298300,0,0
8.002303400,1,0
8.002308500,0,0
8.002313600,1,0
8.002318600,0,0
8.002323800,1,0
8.002328800,0,0
8.002334000,1,0
8.002339000,0,0
8.002344200,1,0
8.002349200,0,0
8.002354300,1,0
8.002359400,0,0
8.002364500,1,0
8.002369600,0,0
8.002374700,1,0
8.002379800,0,0
8.002384900,1,0
8.002389900,0,0
8.002395100,1,0
8.002400100,0,0
8.002405300,1,0
8.002410300,0,0
8.002415500,1,0
8.002420500,0,0
8.002425600,1,0
8.002430700,0,0
8.002435800,1,0
8.002440900,0,0
8.002446000,1,0
8.002451000,0,0
8.002456200,1,0
8.002461200,0,0
8.002466400,1,0
8.002471400,0,0
8.002476600,1,0
8.002481600,0,0
8.002486800,1,0
8.002491800,0,0
8.002496900,1,0
8.002502000,0,0
8.002507100,1,0
8.002512200,0,0
8.002517300,1,0
8.002522300,0,0
8.002527500,1,0
8.002532500,0,0
8.002537700,1,0
8.002542700,0,0
8.002547900,1,0
8.002552900,0,0
8.002558100,1,0
8.002563100,0,0
8.002568200,1,0
8.002573300,0,0
8.002578400,1,0
8.002583500,0,0
8.002588600,1,0
8.002593600,0,0
8.002594100,0,1
8.002598800,1,1
8.002603800,0,1
8.002609000,1,1
8.002614000,0,1
8.002619200,1,1
8.002624200,0,1
8.002624400,0,0
8.002629300,1,0
8.002634400,0,0
8.002639500,1,0
8.002644600,0,0
8.002649700,1,0
8.002654700,0,0
8.002655200,0,1
8.002659900,1,1
8.002664900,0,1
8.004084100,1,1
8.004089100,0,1
8.004090100,0,0
8.004094300,1,0
8.004100500,1,1
8.058479700,1,0
8.058485700,0,0
8.058486900,0,1
8.058490800,1,1
8.058495900,0,1
8.058496900,0,0
8.058501100,1,0
8.058506100,0,0
8.058507300,0,1
8.058511200,1,1
8.058516300,0,1
8.058517300,0,0
8.058521400,1,0
8.058526500,0,0
8.058527700,0,1
8.058531600,1,1
8.058536700,0,1
8.058537700,0,0
8.058541800,1,0
8.058546800,0,0
8.058552000,1,0
8.058557000,0,0
8.058562200,1,0
8.058567200,0,0
8.058572400,1,0
8.058577400,0,0
8.058582500,1,0
8.058587600,0,0
8.058592700,1,0
8.058597800,0,0
8.058599000,0,1
8.058602900,1,1
8.058607900,0,1
8.058608900,0,0
8.058613100,1,0
8.058618100,0,0
8.058623300,1,0
8.058628300,0,0
8.058633500,1,0
8.058638500,0,0
8.058643700,1,0
8.058648700,0,0
8.058653800,1,0
8.058658900,0,0
8.058664000,1,0
8.058669100,0,0
8.058674200,1,0
8.058679200,0,0
8.058684400,1,0
8.058689400,0,0
8.058694600,1,0
8.058699600,0,0
8.058704800,1,0
8.058709800,0,0
8.058715000,1,0
8.058720000,0,0
8.058725100,1,0
8.058730200,0,0
8.058735300,1,0
8.058740400,0,0
8.058745500,1,0
8.058750500,0,0
8.058755700,1,0
8.058760700,0,0
8.058765900,1,0
8.058772100,1,1
8.061457900,1,0
8.061463900,0,0
8.061465000,0,1
8.061469000,1,1
8.061474100,0,1
8.061475100,0,0
8.061479200,1,0
8.061484300,0,0
8.061485400,0,1
8.061489400,1,1
8.061494400,0,1
8.061495400,0,0
8.061499600,1,0
8.061504600,0,0
8.061505800,0,1
8.061509800,1,1
8.061514800,0,1
8.061515800,0,0
8.061520000,1,0
8.061525000,0,0
8.061530100,1,0
8.061535200,0,0
8.061540300,1,0
8.061545400,0,0
8.061550500,1,0
8.061555500,0,0
8.061560700,1,0
8.061565700,0,0
8.061570900,1,0
8.061575900,0,0
8.061577100,0,1
8.061581100,1,1
8.061586100,0,1
8.061587100,0,0
8.061591300,1,0
8.061596300,0,0
8.061601400,1,0
8.061606500,0,0
8.061611600,1,0
8.061616700,0,0
8.061621800,1,0
8.061626800,0,0
8.061632000,1,0
8.061637000,0,0
8.061642200,1,0
8.061647200,0,0
8.061652400,1,0
8.061657400,0,0
8.061662600,1,0
8.061667600,0,0
8.061672700,1,0
8.061677800,0,0
8.061682900,1,0
8.061688000,0,0
8.061693100,1,0
8.061698100,0,0
8.061703300,1,0
8.061708300,0,0
8.061713500,1,0
8.061718500,0,0
8.061723700,1,0
8.061728700,0,0
8.061733800,1,0
8.061738900,0,0
8.061744000,1,0
8.061750300,1,1
8.062612100,1,0
8.062618100,0,0
8.062619200,0,1
8.062623200,1,1
8.062628200,0,1
8.062629200,0,0
8.062633400,1,0
8.062638400,0,0
8.062639600,0,1
8.062643600,1,1
8.062648600,0,1
8.062649600,0,0
8.062653800,1,0
8.062658800,0,0
8.062660000,0,1
8.062663900,1,1
8.062669000,0,1
8.062670000,0,0
8.062674100,1,0
8.062679200,0,0
8.062684300,1,0
8.062689300,0,0
8.062694500,1,0
8.062699500,0,0
8.062704700,1,0
8.062709700,0,0
8.062714900,1,0
8.062719900,0,0
8.062725100,1,0
8.062730100,0,0
8.062731300,0,1
8.062735200,1,1
8.062740300,0,1
8.062741300,0,0
8.062745400,1,0
8.062750500,0,0
8.062755600,1,0
8.062760600,0,0
8.062765800,1,0
8.062770800,0,0
8.062776000,1,0
8.062781000,0,0
8.062786200,1,0
8.062791200,0,0
8.062796400,1,0
8.062801400,0,0
8.062806500,1,0
8.062811600,0,0
8.062816700,1,0
8.062821800,0,0
8.062826900,1,0
8.062831900,0,0
8.062837100,1,0
8.062842100,0,0
8.062847300,1,0
8.062852300,0,0
8.062857500,1,0
8.062862500,0,0
8.062867600,1,0
8.062872700,0,0
8.062877800,1,0
8.062882900,0,0
8.062888000,1,0
8.062893100,0,0
8.062898200,1,0
8.062904400,1,1
8.299032800,1,0
8.299038800,0,0
8.299040000,0,1
8.299043900,1,1
8.299049000,0,1
8.299050000,0,0
8.299054100,1,0
8.299059200,0,0
8.299060300,0,1
8.299064300,1,1
8.299069300,0,1
8.299070300,0,0
8.299074500,1,0
8.299079500,0,0
8.299080700,0,1
8.299084700,1,1
8.299089700,0,1
8.299090700,0,0
8.299094900,1,0
8.299099900,0,0
8.299105100,1,0
8.299110100,0,0
8.299115200,1,0
8.299120300,0,0
8.299125400,1,0
8.299130500,0,0
8.299135600,1,0
8.299140600,0,0
8.299145800,1,0
8.299150800,0,0
8.299152000,0,1
8.299156000,1,1
8.299161000,0,1
8.299162000,0,0
8.299166200,1,0
8.299171200,0,0
8.299176400,1,0
8.299181400,0,0
8.299186500,1,0
8.299191600,0,0
8.299196700,1,0
8.299201800,0,0
8.299206900,1,0
8.299211900,0,0
8.299217100,1,0
8.299222100,0,0
8.299227300,1,0
8.299232300,0,0
8.299237500,1,0
8.299242500,0,0
8.299247600,1,0
8.299252700,0,0
8.299257800,1,0
8.299262900,0,0
8.299268000,1,0
8.299273100,0,0
8.299278200,1,0
8.299283200,0,0
8.299288400,1,0
8.299293400,0,0
8.299298600,1,0
8.299303600,0,0
8.299308800,1,0
8.299313800,0,0
8.299318900,1,0
8.299325200,1,1
8.307688900,1,0
8.307694900,0,0
8.307696000,0,1
8.307700000,1,1
8.307705100,0,1
8.307706100,0,0
8.307710200,1,0
8.307715300,0,0
8.307716400,0,1
8.307720400,1,1
8.307725400,0,1
8.307726400,0,0
8.307730600,1,0
8.307735600,0,0
8.307736800,0,1
8.307740800,1,1
8.307745800,0,1
8.307746800,0,0
8.307751000,1,0
8.307756000,0,0
8.307761200,1,0
8.307766200,0,0
8.307771300,1,0
8.307776400,0,0
8.307781500,1,0
8.307786600,0,0
8.307791700,1,0
8.307796700,0,0
8.307801900,1,0
8.307806900,0,0
8.307808100,0,1
8.307812100,1,1
8.307817100,0,1
8.307818100,0,0
8.307822300,1,0
8.307827300,0,0
8.307832500,1,0
8.307837500,0,0
8.307842600,1,0
8.307847700,0,0
8.307852800,1,0
8.307857900,0,0
8.307863000,1,0
8.307868000,0,0
8.307873200,1,0
8.307878200,0,0
8.307883400,1,0
8.307888400,0,0
8.307893600,1,0
8.307898600,0,0
8.307903700,1,0
8.307908800,0,0
8.307913900,1,0
8.307919000,0,0
8.307924100,1,0
8.307929100,0,0
8.307934300,1,0
8.307939300,0,0
8.307944500,1,0
8.307949500,0,0
8.307954700,1,0
8.307959700,0,0
8.307964900,1,0
8.307969900,0,0
8.307975000,1,0
8.307981300,1,1
10.559104200,1,0
10.559110200,0,0
10.559111400,0,1
10.559115300,1,1
10.559120400,0,1
10.559121400,0,0
10.559125500,1,0
10.559130600,0,0
10.559131800,0,1
10.559135700,1,1
10.559140800,0,1
10.559141800,0,0
10.559145900,1,0
10.559151000,0,0
10.559152100,0,1
10.559156100,1,1
10.559161100,0,1
10.559162100,0,0
10.559166300,1,0
10.559171300,0,0
10.559176500,1,0
10.559181500,0,0
10.559186700,1,0
10.559191700,0,0
10.559196900,1,0
10.559201900,0,0
10.559207000,1,0
10.559212100,0,0
10.559217200,1,0
10.559222300,0,0
10.559223500,0,1
10.559227400,1,1
10.559232400,0,1
10.559233400,0,0
10.559237600,1,0
10.559242600,0,0
10.559247800,1,0
10.559252800,0,0
10.559258000,1,0
10.559263000,0,0
10.559268100,1,0
10.559273200,0,0
10.559278300,1,0
10.559283400,0,0
10.559288500,1,0
10.559293600,0,0
10.559298700,1,0
10.559303700,0,0
10.559308900,1,0
10.559313900,0,0
10.559319100,1,0
10.559324100,0,0
10.559329300,1,0
10.559334300,0,0
10.559339400,1,0
10.559344500,0,0
10.559349600,1,0
10.559354700,0,0
10.559355900,0,1
10.559359800,1,1
10.559364800,0,1
10.559370000,1,1
10.559375000,0,1
10.559375500,0,0
10.559380200,1,0
10.559385200,0,0
10.559390400,1,0
10.559396600,1,1
10.563982400,1,0
10.563988400,0,0
10.563989500,0,1
10.563993500,1,1
10.563998500,0,1
10.563999500,0,0
10.564003700,1,0
10.564008700,0,0
10.564009900,0,1
10.564013900,1,1
10.564018900,0,1
10.564019900,0,0
10.564024100,1,0
10.564029100,0,0
10.564030300,0,1
10.564034200,1,1
10.564039300,0,1
10.564040300,0,0
10.564044400,1,0
10.564049500,0,0
10.564054600,1,0
10.564059700,0,0
10.564064800,1,0
10.564069800,0,0
10.564075000,1,0
10.564080000,0,0
10.564085200,1,0
10.564090200,0,0
10.564095400,1,0
10.564100400,0,0
10.564101600,0,1
10.564105500,1,1
10.564110600,0,1
10.564111600,0,0
10.564115700,1,0
10.564120800,0,0
10.564125900,1,0
10.564130900,0,0
10.564136100,1,0
10.564141100,0,0
10.564146300,1,0
10.564151300,0,0
10.564152500,0,1
10.564156500,1,1
10.564161500,0,1
10.564161900,0,0
10.564166700,1,0
10.564171700,0,0
10.564172300,0,1
10.564176800,1,1
10.564183900,1,0
10.564189900,0,0
10.564191100,0,1
10.564195000,1,1
10.564200100,0,1
10.564201100,0,0
10.564205200,1,0
10.564210200,0,0
10.564211400,0,1
10.564215400,1,1
10.564220400,0,1
10.564221400,0,0
10.564225600,1,0
10.564230600,0,0
10.564231800,0,1
10.564235800,1,1
10.564240800,0,1
10.564241800,0,0
10.564246000,1,0
10.564251000,0,0
10.564256100,1,0
10.564261200,0,0
10.564262400,0,1
10.564266300,1,1
10.564271400,0,1
10.564271800,0,0
10.564276500,1,0
10.564281500,0,0
10.564286700,1,0
10.564291700,0,0
10.564296900,1,0
10.564301900,0,0
10.564307100,1,0
10.564312100,0,0
10.564317200,1,0
10.564322300,0,0
10.564327400,1,0
10.564332500,0,0
10.564337600,1,0
10.564342700,0,0
10.564347800,1,0
10.564352800,0,0
10.564358000,1,0
10.564363000,0,0
10.564363600,0,1
10.564368200,1,1
10.564373200,0,1
10.564374200,0,0
10.564378400,1,0
10.564384600,1,1
10.564472400,1,0
10.564478400,0,0
10.564479600,0,1
10.564483500,1,1
10.564488600,0,1
10.564489600,0,0
10.564493700,1,0
10.564498800,0,0
10.564499900,0,1
10.564503900,1,1
10.564508900,0,1
10.564509900,0,0
10.564514100,1,0
10.564519100,0,0
10.564520300,0,1
10.564524300,1,1
10.564529300,0,1
10.564530300,0,0
10.564534500,1,0
10.564539500,0,0
10.564544700,1,0
10.564549700,0,0
10.564554800,1,0
10.564559900,0,0
10.564565000,1,0
10.564570100,0,0
10.564575200,1,0
10.564580200,0,0
10.564585400,1,0
10.564590400,0,0
10.564591600,0,1
10.564595600,1,1
10.564600600,0,1
10.564601600,0,0
10.564605800,1,0
10.564610800,0,0
10.564616000,1,0
10.564621000,0,0
10.564626100,1,0
10.564631200,0,0
10.564636300,1,0
10.564641400,0,0
10.564646500,1,0
10.564651500,0,0
10.564656700,1,0
10.564661700,0,0
10.564666900,1,0
10.564671900,0,0
10.564677100,1,0
10.564682100,0,0
10.564687200,1,0
10.564692300,0,0
10.564697400,1,0
10.564702500,0,0
10.564707600,1,0
10.564712600,0,0
10.564717800,1,0
10.564722800,0,0
10.564724000,0,1
10.564728000,1,1
10.564733000,0,1
10.564738200,1,1
10.564743200,0,1
10.564743600,0,0
10.564748400,1,0
10.564753400,0,0
10.564758500,1,0
10.564764800,1,1
10.565739600,1,0
10.565745600,0,0
10.565746700,0,1
10.565750700,1,1
10.565755700,0,1
10.565756700,0,0
10.565760900,1,0
10.565765900,0,0
10.565767100,0,1
10.565771100,1,1
10.565776100,0,1
10.565777100,0,0
10.565781300,1,0
10.565786300,0,0
10.565787500,0,1
10.565791500,1,1
10.565796500,0,1
10.565797500,0,0
10.565801600,1,0
10.565806700,0,0
10.565811800,1,0
10.565816900,0,0
10.565822000,1,0
10.565827000,0,0
10.565832200,1,0
10.565837200,0,0
10.565842400,1,0
10.565847400,0,0
10.565852600,1,0
10.565857600,0,0
10.565858800,0,1
10.565862800,1,1
10.565867800,0,1
10.565868800,0,0
10.565872900,1,0
10.565878000,0,0
10.565883100,1,0
10.565888200,0,0
10.565893300,1,0
10.565898300,0,0
10.565903500,1,0
10.565908500,0,0
10.565909700,0,1
10.565913700,1,1
10.565918700,0,1
10.565919100,0,0
10.565923900,1,0
10.565928900,0,0
10.565929500,0,1
10.565934000,1,1
10.565941100,1,0
10.565947100,0,0
10.565948300,0,1
10.565952200,1,1
10.565957300,0,1
10.565958300,0,0
10.565962400,1,0
10.565967400,0,0
10.565968600,0,1
10.565972600,1,1
10.565977600,0,1
10.565978600,0,0
10.565982800,1,0
10.565987800,0,0
10.565989000,0,1
10.565993000,1,1
10.565998000,0,1
10.565999000,0,0
10.566003200,1,0
10.566008200,0,0
10.566013300,1,0
10.566018400,0,0
10.566019600,0,1
10.566023500,1,1
10.566028600,0,1
10.566029000,0,0
10.566033700,1,0
10.566038700,0,0
10.566043900,1,0
10.566048900,0,0
10.566054100,1,0
10.566059100,0,0
10.566064300,1,0
10.566069300,0,0
10.566074500,1,0
10.566079500,0,0
10.566084600,1,0
10.566089700,0,0
10.566094800,1,0
10.566099900,0,0
10.566105000,1,0
10.566110000,0,0
10.566115200,1,0
10.566120200,0,0
10.566120900,0,1
10.566125400,1,1
10.566130400,0,1
10.566131400,0,0
10.566135600,1,0
10.566141800,1,1
10.566220600,1,0
10.566226600,0,0
10.566227800,0,1
10.566231700,1,1
10.566236800,0,1
10.566237800,0,0
10.566241900,1,0
10.566247000,0,0
10.566248100,0,1
10.566252100,1,1
10.566257100,0,1
10.566258100,0,0
10.566262300,1,0
10.566267300,0,0
10.566268500,0,1
10.566272500,1,1
10.566277500,0,1
10.566278500,0,0
10.566282700,1,0
10.566287700,0,0
10.566292900,1,0
10.566297900,0,0
10.566303000,1,0
10.566308100,0,0
10.566313200,1,0
10.566318300,0,0
10.566323400,1,0
10.566328400,0,0
10.566333600,1,0
10.566338600,0,0
10.566339800,0,1
10.566343800,1,1
10.566348800,0,1
10.566349800,0,0
10.566354000,1,0
10.566359000,0,0
10.566364200,1,0
10.566369200,0,0
10.566374300,1,0
10.566379400,0,0
10.566384500,1,0
10.566389600,0,0
10.566394700,1,0
10.566399700,0,0
10.566404900,1,0
10.566409900,0,0
10.566415100,1,0
10.566420100,0,0
10.566425300,1,0
10.566430300,0,0
10.566435500,1,0
10.566440500,0,0
10.566445600,1,0
10.566450700,0,0
10.566455800,1,0
10.566460900,0,0
10.566466000,1,0
10.566471000,0,0
10.566472300,0,1
10.566476200,1,1
10.566481200,0,1
10.566486400,1,1
10.566491400,0,1
10.566491800,0,0
10.566496600,1,0
10.566501600,0,0
10.566506700,1,0
10.566513000,1,1
10.567496800,1,0
10.567502800,0,0
10.567503900,0,1
10.567507900,1,1
10.567513000,0,1
10.567514000,0,0
10.567518100,1,0
10.567523100,0,0
10.567524300,0,1
10.567528300,1,1
10.567533300,0,1
10.567534300,0,0
10.567538500,1,0
10.567543500,0,0
10.567544700,0,1
10.567548700,1,1
10.567553700,0,1
10.567554700,0,0
10.567558800,1,0
10.567563900,0,0
10.567569000,1,0
10.567574100,0,0
10.567579200,1,0
10.567584200,0,0
10.567589400,1,0
10.567594400,0,0
10.567599600,1,0
10.567604600,0,0
10.567609800,1,0
10.567614800,0,0
10.567616000,0,1
10.567620000,1,1
10.567625000,0,1
10.567626000,0,0
10.567630100,1,0
10.567635200,0,0
10.567640300,1,0
10.567645400,0,0
10.567650500,1,0
10.567655500,0,0
10.567660700,1,0
10.567665700,0,0
10.567666900,0,1
10.567670900,1,1
10.567675900,0,1
10.567676300,0,0
10.567681100,1,0
10.567686100,0,0
10.567686700,0,1
10.567691300,1,1
10.567698300,1,0
10.567704300,0,0
10.567705500,0,1
10.567709400,1,1
10.567714500,0,1
10.567715500,0,0
10.567719600,1,0
10.567724700,0,0
10.567725800,0,1
10.567729800,1,1
10.567734800,0,1
10.567735800,0,0
10.567740000,1,0
10.567745000,0,0
10.567746200,0,1
10.567750200,1,1
10.567755200,0,1
10.567756200,0,0
10.567760400,1,0
10.567765400,0,0
10.567770500,1,0
10.567775600,0,0
10.567776800,0,1
10.567780700,1,1
10.567785800,0,1
10.567786200,0,0
10.567790900,1,0
10.567795900,0,0
10.567801100,1,0
10.567806100,0,0
10.567811300,1,0
10.567816300,0,0
10.567821500,1,0
10.567826500,0,0
10.567831700,1,0
10.567836700,0,0
10.567841800,1,0
10.567846900,0,0
10.567852000,1,0
10.567857100,0,0
10.567862200,1,0
10.567867200,0,0
10.567872400,1,0
10.567877400,0,0
10.567878000,0,1
10.567882600,1,1
10.567887600,0,1
10.567888600,0,0
10.567892800,1,0
10.567899000,1,1
10.567977800,1,0
10.567983800,0,0
10.567985000,0,1
10.567988900,1,1
10.567994000,0,1
10.567995000,0,0
10.567999100,1,0
10.568004200,0,0
10.568005400,0,1
10.568009300,1,1
10.568014400,0,1
10.568015400,0,0
10.568019500,1,0
10.568024500,0,0
10.568025700,0,1
10.568029700,1,1
10.568034700,0,1
10.568035700,0,0
10.568039900,1,0
10.568044900,0,0
10.568050100,1,0
10.568055100,0,0
10.568060200,1,0
10.568065300,0,0
10.568070400,1,0
10.568075500,0,0
10.568080600,1,0
10.568085700,0,0
10.568090800,1,0
10.568095800,0,0
10.568097100,0,1
10.568101000,1,1
10.568106000,0,1
10.568107000,0,0
10.568111200,1,0
10.568116200,0,0
10.568121400,1,0
10.568126400,0,0
10.568131500,1,0
10.568136600,0,0
10.568141700,1,0
10.568146800,0,0
10.568151900,1,0
10.568156900,0,0
10.568162100,1,0
10.568167100,0,0
10.568172300,1,0
10.568177300,0,0
10.568182500,1,0
10.568187500,0,0
10.568192700,1,0
10.568197700,0,0
10.568202800,1,0
10.568207900,0,0
10.568213000,1,0
10.568218100,0,0
10.568223200,1,0
10.568228200,0,0
10.568229500,0,1
10.568233400,1,1
10.568238400,0,1
10.568243600,1,1
10.568248600,0,1
10.568249100,0,0
10.568253800,1,0
10.568258800,0,0
10.568264000,1,0
10.568270200,1,1
10.569211000,1,0
10.569217000,0,0
10.569218100,0,1
10.569222100,1,1
10.569227200,0,1
10.569228200,0,0
10.569232300,1,0
10.569237300,0,0
10.569238500,0,1
10.569242500,1,1
10.569247500,0,1
10.569248500,0,0
10.569252700,1,0
10.569257700,0,0
10.569258900,0,1
10.569262900,1,1
10.569267900,0,1
10.569268900,0,0
10.569273100,1,0
10.569278100,0,0
10.569283200,1,0
10.569288300,0,0
10.569293400,1,0
10.569298500,0,0
10.569303600,1,0
10.569308600,0,0
10.569313800,1,0
10.569318800,0,0
10.569324000,1,0
10.569329000,0,0
10.569330200,0,1
10.569334200,1,1
10.569339200,0,1
10.569340200,0,0
10.569344300,1,0
10.569349400,0,0
10.569354500,1,0
10.569359600,0,0
10.569364700,1,0
10.569369700,0,0
10.569374900,1,0
10.569379900,0,0
10.569381100,0,1
10.569385100,1,1
10.569390100,0,1
10.569390600,0,0
10.569395300,1,0
10.569400300,0,0
10.569400900,0,1
10.569405500,1,1
10.569412500,1,0
10.569418500,0,0
10.569419700,0,1
10.569423600,1,1
10.569428700,0,1
10.569429700,0,0
10.569433800,1,0
10.569438900,0,0
10.569440000,0,1
10.569444000,1,1
10.569449000,0,1
10.569450000,0,0
10.569454200,1,0
10.569459200,0,0
10.569460400,0,1
10.569464400,1,1
10.569469400,0,1
10.569470400,0,0
10.569474600,1,0
10.569479600,0,0
10.569484800,1,0
10.569489800,0,0
10.569491000,0,1
10.569494900,1,1
10.569500000,0,1
10.569500400,0,0
10.569505100,1,0
10.569510200,0,0
10.569515300,1,0
10.569520300,0,0
10.569525500,1,0
10.569530500,0,0
10.569535700,1,0
10.569540700,0,0
10.569545900,1,0
10.569550900,0,0
10.569556000,1,0
10.569561100,0,0
10.569566200,1,0
10.569571300,0,0
10.569576400,1,0
10.569581400,0,0
10.569586600,1,0
10.569591600,0,0
10.569592300,0,1
10.569596800,1,1
10.569601800,0,1
10.569602800,0,0
10.569607000,1,0
10.569613200,1,1
10.570480000,1,0
10.570486000,0,0
10.570487200,0,1
10.570491100,1,1
10.570496200,0,1
10.570497200,0,0
10.570501300,1,0
10.570506400,0,0
10.570507500,0,1
10.570511500,1,1
10.570516600,0,1
10.570517600,0,0
10.570521700,1,0
10.570526700,0,0
10.570527900,0,1
10.570531900,1,1
10.570536900,0,1
10.570537900,0,0
10.570542100,1,0
10.570547100,0,0
10.570552300,1,0
10.570557300,0,0
10.570562400,1,0
10.570567500,0,0
10.570570700,0,1
10.570572600,1,1
10.570577700,0,1
10.570578700,0,0
10.570582800,1,0
10.570587800,0,0
10.570593000,1,0
10.570598000,0,0
10.570599200,0,1
10.570603200,1,1
10.570608200,0,1
10.570609200,0,0
10.570613400,1,0
10.570618400,0,0
10.570623600,1,0
10.570628600,0,0
10.570633700,1,0
10.570638800,0,0
10.570643900,1,0
10.570649000,0,0
10.570654100,1,0
10.570659100,0,0
10.570662400,0,1
10.570664300,1,1
10.570669300,0,1
10.570670300,0,0
10.570674500,1,0
10.570680700,1,1
10.571654500,1,0
10.571660500,0,0
10.571661700,0,1
10.571665600,1,1
10.571670700,0,1
10.571671700,0,0
10.571675800,1,0
10.571680900,0,0
10.571682100,0,1
10.571686000,1,1
10.571691100,0,1
10.571692100,0,0
10.571696200,1,0
10.571701200,0,0
10.571702400,0,1
10.571706400,1,1
10.571711400,0,1
10.571712400,0,0
10.571716600,1,0
10.571721600,0,0
10.571726800,1,0
10.571731800,0,0
10.571737000,1,0
10.571742000,0,0
10.571747100,1,0
10.571752200,0,0
10.571757300,1,0
10.571762400,0,0
10.571767500,1,0
10.571772500,0,0
10.571773800,0,1
10.571777700,1,1
10.571782700,0,1
10.571783700,0,0
10.571787900,1,0
10.571792900,0,0
10.571798100,1,0
10.571803100,0,0
10.571808300,1,0
10.571813300,0,0
10.571818400,1,0
10.571823500,0,0
10.571824700,0,1
10.571828600,1,1
10.571833600,0,1
10.571834100,0,0
10.571838800,1,0
10.571843800,0,0
10.571844400,0,1
10.571849000,1,1
10.571856000,1,0
10.571862000,0,0
10.571863200,0,1
10.571867200,1,1
10.571872200,0,1
10.571873200,0,0
10.571877400,1,0
10.571882400,0,0
10.571883600,0,1
10.571887500,1,1
10.571892600,0,1
10.571893600,0,0
10.571897700,1,0
10.571902800,0,0
10.571903900,0,1
10.571907900,1,1
10.571912900,0,1
10.571913900,0,0
10.571918100,1,0
10.571923100,0,0
10.571928300,1,0
10.571933300,0,0
10.571934500,0,1
10.571938500,1,1
10.571943500,0,1
10.571943900,0,0
10.571948700,1,0
10.571953700,0,0
10.571958800,1,0
10.571963900,0,0
10.571969000,1,0
10.571974100,0,0
10.571979200,1,0
10.571984200,0,0
10.571989400,1,0
10.571994400,0,0
10.571999600,1,0
10.572004600,0,0
10.572009800,1,0
10.572014800,0,0
10.572020000,1,0
10.572025000,0,0
10.572030100,1,0
10.572035200,0,0
10.572035800,0,1
10.572040300,1,1
10.572045400,0,1
10.572046400,0,0
10.572050500,1,0
10.572056700,1,1
10.572127500,1,0
10.572133500,0,0
10.572134700,0,1
10.572138700,1,1
10.572143700,0,1
10.572144700,0,0
10.572148900,1,0
10.572153900,0,0
10.572155100,0,1
10.572159100,1,1
10.572164100,0,1
10.572165100,0,0
10.572169200,1,0
10.572174300,0,0
10.572175500,0,1
10.572179400,1,1
10.572184500,0,1
10.572185500,0,0
10.572189600,1,0
10.572194600,0,0
10.572199800,1,0
10.572204800,0,0
10.572210000,1,0
10.572215000,0,0
10.572220200,1,0
10.572225200,0,0
10.572230400,1,0
10.572235400,0,0
10.572240500,1,0
10.572245600,0,0
10.572246800,0,1
10.572250700,1,1
10.572255800,0,1
10.572256800,0,0
10.572260900,1,0
10.572265900,0,0
10.572271100,1,0
10.572276100,0,0
10.572281300,1,0
10.572286300,0,0
10.572291500,1,0
10.572296500,0,0
10.572301700,1,0
10.572306700,0,0
10.572311800,1,0
10.572316900,0,0
10.572322000,1,0
10.572327100,0,0
10.572332200,1,0
10.572337200,0,0
10.572342400,1,0
10.572347400,0,0
10.572352600,1,0
10.572357600,0,0
10.572362800,1,0
10.572367800,0,0
10.572372900,1,0
10.572378000,0,0
10.572379200,0,1
10.572383100,1,1
10.572388200,0,1
10.572393300,1,1
10.572398300,0,1
10.572398800,0,0
10.572403500,1,0
10.572408500,0,0
10.572413700,1,0
10.572419900,1,1
10.573360700,1,0
10.573366700,0,0
10.573367900,0,1
10.573371800,1,1
10.573376900,0,1
10.573377900,0,0
10.573382000,1,0
10.573387100,0,0
10.573388300,0,1
10.573392200,1,1
10.573397300,0,1
10.573398300,0,0
10.573402400,1,0
10.573407400,0,0
10.573408600,0,1
10.573412600,1,1
10.573417600,0,1
10.573418600,0,0
10.573422800,1,0
10.573427800,0,0
10.573433000,1,0
10.573438000,0,0
10.573443200,1,0
10.573448200,0,0
10.573453300,1,0
10.573458400,0,0
10.573463500,1,0
10.573468600,0,0
10.573473700,1,0
10.573478700,0,0
10.573480000,0,1
10.573483900,1,1
10.573488900,0,1
10.573489900,0,0
10.573494100,1,0
10.573499100,0,0
10.573504300,1,0
10.573509300,0,0
10.573514500,1,0
10.573519500,0,0
10.573524600,1,0
10.573529700,0,0
10.573530900,0,1
10.573534800,1,1
10.573539900,0,1
10.573540300,0,0
10.573545000,1,0
10.573550000,0,0
10.573550600,0,1
10.573555200,1,1
10.573562200,1,0
10.573568200,0,0
10.573569400,0,1
10.573573400,1,1
10.573578400,0,1
10.573579400,0,0
10.573583600,1,0
10.573588600,0,0
10.573589800,0,1
10.573593700,1,1
10.573598800,0,1
10.573599800,0,0
10.573603900,1,0
10.573609000,0,0
10.573610200,0,1
10.573614100,1,1
10.573619200,0,1
10.573620200,0,0
10.573624300,1,0
10.573629300,0,0
10.573634500,1,0
10.573639500,0,0
10.573640700,0,1
10.573644700,1,1
10.573649700,0,1
10.573650100,0,0
10.573654900,1,0
10.573659900,0,0
10.573665000,1,0
10.573670100,0,0
10.573675200,1,0
10.573680300,0,0
10.573685400,1,0
10.573690400,0,0
10.573695600,1,0
10.573700600,0,0
10.573705800,1,0
10.573710800,0,0
10.573716000,1,0
10.573721000,0,0
10.573726200,1,0
10.573731200,0,0
10.573736300,1,0
10.573741400,0,0
10.573742000,0,1
10.573746500,1,1
10.573751600,0,1
10.573752600,0,0
10.573756700,1,0
10.573762900,1,1
10.573842700,1,0
10.573848700,0,0
10.573849900,0,1
10.573853900,1,1
10.573858900,0,1
10.573859900,0,0
10.573864100,1,0
10.573869100,0,0
10.573870300,0,1
10.573874300,1,1
10.573879300,0,1
10.573880300,0,0
10.573884500,1,0
10.573889500,0,0
10.573890700,0,1
10.573894600,1,1
10.573899700,0,1
10.573900700,0,0
10.573904800,1,0
10.573909900,0,0
10.573915000,1,0
10.573920000,0,0
10.573925200,1,0
10.573930200,0,0
10.573935400,1,0
10.573940400,0,0
10.573945600,1,0
10.573950600,0,0
10.573955700,1,0
10.573960800,0,0
10.573962000,0,1
10.573965900,1,1
10.573971000,0,1
10.573972000,0,0
10.573976100,1,0
10.573981100,0,0
10.573986300,1,0
10.573991300,0,0
10.573996500,1,0
10.574001500,0,0
10.574006700,1,0
10.574011700,0,0
10.574016900,1,0
10.574021900,0,0
10.574027000,1,0
10.574032100,0,0
10.574037200,1,0
10.574042300,0,0
10.574047400,1,0
10.574052400,0,0
10.574057600,1,0
10.574062600,0,0
10.574067800,1,0
10.574072800,0,0
10.574078000,1,0
10.574083000,0,0
10.574088200,1,0
10.574093200,0,0
10.574094400,0,1
10.574098300,1,1
10.574103400,0,1
10.574108500,1,1
10.574113600,0,1
10.574113900,0,0
10.574118700,1,0
10.574123700,0,0
10.574128900,1,0
10.574135100,1,1
10.575170900,1,0
10.575176900,0,0
10.575178100,0,1
10.575182000,1,1
10.575187100,0,1
10.575188100,0,0
10.575192200,1,0
10.575197300,0,0
10.575198500,0,1
10.575202400,1,1
10.575207500,0,1
10.575208500,0,0
10.575212600,1,0
10.575217700,0,0
10.575218800,0,1
10.575222800,1,1
10.575227800,0,1
10.575228800,0,0
10.575233000,1,0
10.575238000,0,0
10.575243200,1,0
10.575248200,0,0
10.575253400,1,0
10.575258400,0,0
10.575263500,1,0
10.575268600,0,0
10.575273700,1,0
10.575278800,0,0
10.575283900,1,0
10.575288900,0,0
10.575290200,0,1
10.575294100,1,1
10.575299100,0,1
10.575300100,0,0
10.575304300,1,0
10.575309300,0,0
10.575314500,1,0
10.575319500,0,0
10.575324700,1,0
10.575329700,0,0
10.575334800,1,0
10.575339900,0,0
10.575341100,0,1
10.575345000,1,1
10.575350100,0,1
10.575350500,0,0
10.575355200,1,0
10.575360200,0,0
10.575360800,0,1
10.575365400,1,1
10.575372400,1,0
10.575378400,0,0
10.575379600,0,1
10.575383600,1,1
10.575388600,0,1
10.575389600,0,0
10.575393800,1,0
10.575398800,0,0
10.575400000,0,1
10.575404000,1,1
10.575409000,0,1
10.575410000,0,0
10.575414100,1,0
10.575419200,0,0
10.575420400,0,1
10.575424300,1,1
10.575429400,0,1
10.575430400,0,0
10.575434500,1,0
10.575439500,0,0
10.575444700,1,0
10.575449700,0,0
10.575450900,0,1
10.575454900,1,1
10.575459900,0,1
10.575460300,0,0
10.575465100,1,0
10.575470100,0,0
10.575475200,1,0
10.575480300,0,0
10.575485400,1,0
10.575490500,0,0
10.575495600,1,0
10.575500700,0,0
10.575505800,1,0
10.575510800,0,0
10.575516000,1,0
10.575521000,0,0
10.575526200,1,0
10.575531200,0,0
10.575536400,1,0
10.575541400,0,0
10.575546500,1,0
10.575551600,0,0
10.575552200,0,1
10.575556700,1,1
10.575561800,0,1
10.575562800,0,0
10.575566900,1,0
10.575573100,1,1
10.575652900,1,0
10.575658900,0,0
10.575660100,0,1
10.575664100,1,1
10.575669100,0,1
10.575670100,0,0
10.575674300,1,0
10.575679300,0,0
10.575680500,0,1
10.575684500,1,1
10.575689500,0,1
10.575690500,0,0
10.575694700,1,0
10.575699700,0,0
10.575700900,0,1
10.575704800,1,1
10.575709900,0,1
10.575710900,0,0
10.575715000,1,0
10.575720100,0,0
10.575725200,1,0
10.575730200,0,0
10.575735400,1,0
10.575740400,0,0
10.575745600,1,0
10.575750600,0,0
10.575755800,1,0
10.575760800,0,0
10.575766000,1,0
10.575771000,0,0
10.575772200,0,1
10.575776100,1,1
10.575781200,0,1
10.575782200,0,0
10.575786300,1,0
10.575791400,0,0
10.575796500,1,0
10.575801500,0,0
10.575806700,1,0
10.575811700,0,0
10.575816900,1,0
10.575821900,0,0
10.575827100,1,0
10.575832100,0,0
10.575837200,1,0
10.575842300,0,0
10.575847400,1,0
10.575852500,0,0
10.575857600,1,0
10.575862600,0,0
10.575867800,1,0
10.575872800,0,0
10.575878000,1,0
10.575883000,0,0
10.575888200,1,0
10.575893200,0,0
10.575898400,1,0
10.575903400,0,0
10.575904600,0,1
10.575908500,1,1
10.575913600,0,1
10.575918700,1,1
10.575923800,0,1
10.575924200,0,0
10.575928900,1,0
10.575933900,0,0
10.575939100,1,0
10.575945300,1,1
10.577895100,1,0
10.577901100,0,0
10.577902300,0,1
10.577906200,1,1
10.577911300,0,1
10.577912300,0,0
10.577916400,1,0
10.577921500,0,0
10.577922700,0,1
10.577926600,1,1
10.577931700,0,1
10.577932700,0,0
10.577936800,1,0
10.577941800,0,0
10.577943000,0,1
10.577947000,1,1
10.577952000,0,1
10.577953000,0,0
10.577957200,1,0
10.577962200,0,0
10.577967400,1,0
10.577972400,0,0
10.577977600,1,0
10.577982600,0,0
10.577987700,1,0
10.577992800,0,0
10.577997900,1,0
10.578003000,0,0
10.578008100,1,0
10.578013100,0,0
10.578014400,0,1
10.578018300,1,1
10.578023300,0,1
10.578024300,0,0
10.578028500,1,0
10.578033500,0,0
10.578038700,1,0
10.578043700,0,0
10.578048900,1,0
10.578053900,0,0
10.578059000,1,0
10.578064100,0,0
10.578065300,0,1
10.578069200,1,1
10.578074300,0,1
10.578074600,0,0
10.578079400,1,0
10.578084400,0,0
10.578085000,0,1
10.578089600,1,1
10.578096600,1,0
10.578102600,0,0
10.578103800,0,1
10.578107800,1,1
10.578112800,0,1
10.578113800,0,0
10.578118000,1,0
10.578123000,0,0
10.578124200,0,1
10.578128100,1,1
10.578133200,0,1
10.578134200,0,0
10.578138300,1,0
10.578143400,0,0
10.578144600,0,1
10.578148500,1,1
10.578153600,0,1
10.578154600,0,0
10.578158700,1,0
10.578163700,0,0
10.578168900,1,0
10.578173900,0,0
10.578175100,0,1
10.578179100,1,1
10.578184100,0,1
10.578184500,0,0
10.578189300,1,0
10.578194300,0,0
10.578199400,1,0
10.578204500,0,0
10.578209600,1,0
10.578214700,0,0
10.578219800,1,0
10.578224800,0,0
10.578230000,1,0
10.578235000,0,0
10.578240200,1,0
10.578245200,0,0
10.578250400,1,0
10.578255400,0,0
10.578260600,1,0
10.578265600,0,0
10.578270700,1,0
10.578275800,0,0
10.578276400,0,1
10.578280900,1,1
10.578286000,0,1
10.578287000,0,0
10.578291100,1,0
10.578297300,1,1
10.578369100,1,0
10.578375100,0,0
10.578376300,0,1
10.578380300,1,1
10.578385300,0,1
10.578386300,0,0
10.578390500,1,0
10.578395500,0,0
10.578396700,0,1
10.578400700,1,1
10.578405700,0,1
10.578406700,0,0
10.578410800,1,0
10.578415900,0,0
10.578417100,0,1
10.578421000,1,1
10.578426100,0,1
10.578427100,0,0
10.578431200,1,0
10.578436300,0,0
10.578441400,1,0
10.578446400,0,0
10.578451600,1,0
10.578456600,0,0
10.578461800,1,0
10.578466800,0,0
10.578472000,1,0
10.578477000,0,0
10.578482100,1,0
10.578487200,0,0
10.578488400,0,1
10.578492300,1,1
10.578497400,0,1
10.578498400,0,0
10.578502500,1,0
10.578507500,0,0
10.578512700,1,0
10.578517700,0,0
10.578522900,1,0
10.578527900,0,0
10.578533100,1,0
10.578538100,0,0
10.578543300,1,0
10.578548300,0,0
10.578553400,1,0
10.578558500,0,0
10.578563600,1,0
10.578568700,0,0
10.578573800,1,0
10.578578800,0,0
10.578584000,1,0
10.578589000,0,0
10.578594200,1,0
10.578599200,0,0
10.578604400,1,0
10.578609400,0,0
10.578614600,1,0
10.578619600,0,0
10.578620800,0,1
10.578624700,1,1
10.578629800,0,1
10.578634900,1,1
10.578640000,0,1
10.578640400,0,0
10.578645100,1,0
10.578650100,0,0
10.578655300,1,0
10.578661500,1,1
10.579603300,1,0
10.579609300,0,0
10.579610500,0,1
10.579614400,1,1
10.579619500,0,1
10.579620500,0,0
10.579624600,1,0
10.579629700,0,0
10.579630900,0,1
10.579634800,1,1
10.579639900,0,1
10.579640900,0,0
10.579645000,1,0
10.579650100,0,0
10.579651200,0,1
10.579655200,1,1
10.579660200,0,1
10.579661200,0,0
10.579665400,1,0
10.579670400,0,0
10.579675600,1,0
10.579680600,0,0
10.579685800,1,0
10.579690800,0,0
10.579695900,1,0
10.579701000,0,0
10.579706100,1,0
10.579711200,0,0
10.579716300,1,0
10.579721300,0,0
10.579722600,0,1
10.579726500,1,1
10.579731500,0,1
10.579732500,0,0
10.579736700,1,0
10.579741700,0,0
10.579746900,1,0
10.579751900,0,0
10.579757100,1,0
10.579762100,0,0
10.579767200,1,0
10.579772300,0,0
10.579773500,0,1
10.579777400,1,1
10.579782500,0,1
10.579782900,0,0
10.579787600,1,0
10.579792600,0,0
10.579793200,0,1
10.579797800,1,1
10.579804800,1,0
10.579810800,0,0
10.579812000,0,1
10.579816000,1,1
10.579821000,0,1
10.579822000,0,0
10.579826200,1,0
10.579831200,0,0
10.579832400,0,1
10.579836300,1,1
10.579841400,0,1
10.579842400,0,0
10.579846500,1,0
10.579851600,0,0
10.579852800,0,1
10.579856700,1,1
10.579861800,0,1
10.579862800,0,0
10.579866900,1,0
10.579871900,0,0
10.579877100,1,0
10.579882100,0,0
10.579883300,0,1
10.579887300,1,1
10.579892300,0,1
10.579892700,0,0
10.579897500,1,0
10.579902500,0,0
10.579907600,1,0
10.579912700,0,0
10.579917800,1,0
10.579922900,0,0
10.579928000,1,0
10.579933100,0,0
10.579938200,1,0
10.579943200,0,0
10.579948400,1,0
10.579953400,0,0
10.579958600,1,0
10.579963600,0,0
10.579968800,1,0
10.579973800,0,0
10.579978900,1,0
10.579984000,0,0
10.579984600,0,1
10.579989100,1,1
10.579994200,0,1
10.579995200,0,0
10.579999300,1,0
10.580005500,1,1
10.580077300,1,0
10.580083300,0,0
10.580084500,0,1
10.580088500,1,1
10.580093500,0,1
10.580094500,0,0
10.580098700,1,0
10.580103700,0,0
10.580104900,0,1
10.580108900,1,1
10.580113900,0,1
10.580114900,0,0
10.580119100,1,0
10.580124100,0,0
10.580125300,0,1
10.580129200,1,1
10.580134300,0,1
10.580135300,0,0
10.580139400,1,0
10.580144500,0,0
10.580149600,1,0
10.580154600,0,0
10.580159800,1,0
10.580164800,0,0
10.580170000,1,0
10.580175000,0,0
10.580180200,1,0
10.580185200,0,0
10.580190400,1,0
10.580195400,0,0
10.580196600,0,1
10.580200500,1,1
10.580205600,0,1
10.580206600,0,0
10.580210700,1,0
10.580215800,0,0
10.580220900,1,0
10.580225900,0,0
10.580231100,1,0
10.580236100,0,0
10.580241300,1,0
10.580246300,0,0
10.580251500,1,0
10.580256500,0,0
10.580261600,1,0
10.580266700,0,0
10.580271800,1,0
10.580276900,0,0
10.580282000,1,0
10.580287000,0,0
10.580292200,1,0
10.580297200,0,0
10.580302400,1,0
10.580307400,0,0
10.580312600,1,0
10.580317600,0,0
10.580322800,1,0
10.580327800,0,0
10.580329000,0,1
10.580332900,1,1
10.580338000,0,1
10.580343100,1,1
10.580348200,0,1
10.580348600,0,0
10.580353300,1,0
10.580358300,0,0
10.580363500,1,0
10.580369700,1,1
10.581311500,1,0
10.581317500,0,0
10.581318700,0,1
10.581322600,1,1
10.581327700,0,1
10.581328700,0,0
10.581332800,1,0
10.581337900,0,0
10.581339100,0,1
10.581343000,1,1
10.581348100,0,1
10.581349100,0,0
10.581353200,1,0
10.581358300,0,0
10.581359400,0,1
10.581363400,1,1
10.581368400,0,1
10.581369400,0,0
10.581373600,1,0
10.581378600,0,0
10.581383800,1,0
10.581388800,0,0
10.581394000,1,0
10.581399000,0,0
10.581404200,1,0
10.581409200,0,0
10.581414300,1,0
10.581419400,0,0
10.581424500,1,0
10.581429600,0,0
10.581430800,0,1
10.581434700,1,1
10.581439700,0,1
10.581440700,0,0
10.581444900,1,0
10.581449900,0,0
10.581455100,1,0
10.581460100,0,0
10.581465300,1,0
10.581470300,0,0
10.581475400,1,0
10.581480500,0,0
10.581481700,0,1
10.581485600,1,1
10.581490700,0,1
10.581491100,0,0
10.581495800,1,0
10.581500800,0,0
10.581501500,0,1
10.581506000,1,1
10.581513000,1,0
10.581519000,0,0
10.581520200,0,1
10.581524200,1,1
10.581529200,0,1
10.581530200,0,0
10.581534400,1,0
10.581539400,0,0
10.581540600,0,1
10.581544600,1,1
10.581549600,0,1
10.581550600,0,0
10.581554700,1,0
10.581559800,0,0
10.581561000,0,1
10.581564900,1,1
10.581570000,0,1
10.581571000,0,0
10.581575100,1,0
10.581580100,0,0
10.581585300,1,0
10.581590300,0,0
10.581591500,0,1
10.581595500,1,1
10.581600500,0,1
10.581600900,0,0
10.581605700,1,0
10.581610700,0,0
10.581615900,1,0
10.581620900,0,0
10.581626000,1,0
10.581631100,0,0
10.581636200,1,0
10.581641300,0,0
10.581646400,1,0
10.581651400,0,0
10.581656600,1,0
10.581661600,0,0
10.581666800,1,0
10.581671800,0,0
10.581677000,1,0
10.581682000,0,0
10.581687200,1,0
10.581692200,0,0
10.581692800,0,1
10.581697300,1,1
10.581702400,0,1
10.581703400,0,0
10.581707500,1,0
10.581713700,1,1
10.581793600,1,0
10.581799600,0,0
10.581800700,0,1
10.581804700,1,1
10.581809700,0,1
10.581810700,0,0
10.581814900,1,0
10.581819900,0,0
10.581821100,0,1
10.581825100,1,1
10.581830100,0,1
10.581831100,0,0
10.581835300,1,0
10.581840300,0,0
10.581841500,0,1
10.581845400,1,1
10.581850500,0,1
10.581851500,0,0
10.581855600,1,0
10.581860700,0,0
10.581865800,1,0
10.581870800,0,0
10.581876000,1,0
10.581881000,0,0
10.581886200,1,0
10.581891200,0,0
10.581896400,1,0
10.581901400,0,0
10.581906600,1,0
10.581911600,0,0
10.581912800,0,1
10.581916700,1,1
10.581921800,0,1
10.581922800,0,0
10.581926900,1,0
10.581932000,0,0
10.581937100,1,0
10.581942100,0,0
10.581947300,1,0
10.581952300,0,0
10.581957500,1,0
10.581962500,0,0
10.581967700,1,0
10.581972700,0,0
10.581977900,1,0
10.581982900,0,0
10.581988000,1,0
10.581993100,0,0
10.581998200,1,0
10.582003300,0,0
10.582008400,1,0
10.582013400,0,0
10.582018600,1,0
10.582023600,0,0
10.582028800,1,0
10.582033800,0,0
10.582039000,1,0
10.582044000,0,0
10.582045200,0,1
10.582049100,1,1
10.582054200,0,1
10.582059300,1,1
10.582064400,0,1
10.582064800,0,0
10.582069500,1,0
10.582074500,0,0
10.582079700,1,0
10.582085900,1,1
10.583027700,1,0
10.583033700,0,0
10.583034900,0,1
10.583038800,1,1
10.583043900,0,1
10.583044900,0,0
10.583049100,1,0
10.583054100,0,0
10.583055300,0,1
10.583059200,1,1
10.583064300,0,1
10.583065300,0,0
10.583069400,1,0
10.583074500,0,0
10.583075700,0,1
10.583079600,1,1
10.583084600,0,1
10.583085600,0,0
10.583089800,1,0
10.583094800,0,0
10.583100000,1,0
10.583105000,0,0
10.583110200,1,0
10.583115200,0,0
10.583120400,1,0
10.583125400,0,0
10.583130500,1,0
10.583135600,0,0
10.583140700,1,0
10.583145800,0,0
10.583147000,0,1
10.583150900,1,1
10.583155900,0,1
10.583156900,0,0
10.583161100,1,0
10.583166100,0,0
10.583171300,1,0
10.583176300,0,0
10.583181500,1,0
10.583186500,0,0
10.583191700,1,0
10.583196700,0,0
10.583197900,0,1
10.583201800,1,1
10.583206900,0,1
10.583207300,0,0
10.583212000,1,0
10.583217100,0,0
10.583217600,0,1
10.583222200,1,1
10.583229200,1,0
10.583235200,0,0
10.583236400,0,1
10.583240400,1,1
10.583245400,0,1
10.583246400,0,0
10.583250600,1,0
10.583255600,0,0
10.583256800,0,1
10.583260800,1,1
10.583265800,0,1
10.583266800,0,0
10.583270900,1,0
10.583276000,0,0
10.583277200,0,1
10.583281100,1,1
10.583286200,0,1
10.583287200,0,0
10.583291300,1,0
10.583296400,0,0
10.583301500,1,0
10.583306500,0,0
10.583307700,0,1
10.583311700,1,1
10.583316700,0,1
10.583317100,0,0
10.583321900,1,0
10.583326900,0,0
10.583332100,1,0
10.583337100,0,0
10.583342200,1,0
10.583347300,0,0
10.583352400,1,0
10.583357500,0,0
10.583362600,1,0
10.583367600,0,0
10.583372800,1,0
10.583377800,0,0
10.583383000,1,0
10.583388000,0,0
10.583393200,1,0
10.583398200,0,0
10.583403400,1,0
10.583408400,0,0
10.583409000,0,1
10.583413500,1,1
10.583418600,0,1
10.583419600,0,0
10.583423700,1,0
10.583429900,1,1
10.584402700,1,0
10.584408700,0,0
10.584409900,0,1
10.584413900,1,1
10.584418900,0,1
10.584419900,0,0
10.584424100,1,0
10.584429100,0,0
10.584430300,0,1
10.584434300,1,1
10.584439300,0,1
10.584440300,0,0
10.584444500,1,0
10.584449500,0,0
10.584450700,0,1
10.584454600,1,1
10.584459700,0,1
10.584460700,0,0
10.584464800,1,0
10.584469900,0,0
10.584475000,1,0
10.584480000,0,0
10.584485200,1,0
10.584490200,0,0
10.584495400,1,0
10.584500400,0,0
10.584505600,1,0
10.584510600,0,0
10.584515800,1,0
10.584520800,0,0
10.584522000,0,1
10.584525900,1,1
10.584531000,0,1
10.584532000,0,0
10.584536100,1,0
10.584541200,0,0
10.584546300,1,0
10.584551300,0,0
10.584556500,1,0
10.584561500,0,0
10.584566700,1,0
10.584571700,0,0
10.584576900,1,0
10.584581900,0,0
10.584587000,1,0
10.584592100,0,0
10.584597200,1,0
10.584602300,0,0
10.584607400,1,0
10.584612400,0,0
10.584617600,1,0
10.584622600,0,0
10.584627800,1,0
10.584632800,0,0
10.584638000,1,0
10.584643000,0,0
10.584648200,1,0
10.584653200,0,0
10.584654400,0,1
10.584658300,1,1
10.584663400,0,1
10.584668500,1,1
10.584673600,0,1
10.584674000,0,0
10.584678700,1,0
10.584683700,0,0
10.584688900,1,0
10.584695100,1,1
10.585669900,1,0
10.585675900,0,0
10.585677100,0,1
10.585681000,1,1
10.585686100,0,1
10.585687100,0,0
10.585691200,1,0
10.585696300,0,0
10.585697500,0,1
10.585701400,1,1
10.585706500,0,1
10.585707500,0,0
10.585711600,1,0
10.585716700,0,0
10.585717800,0,1
10.585721800,1,1
10.585726800,0,1
10.585727800,0,0
10.585732000,1,0
10.585737000,0,0
10.585742200,1,0
10.585747200,0,0
10.585752400,1,0
10.585757400,0,0
10.585762600,1,0
10.585767600,0,0
10.585772700,1,0
10.585777800,0,0
10.585782900,1,0
10.585788000,0,0
10.585789200,0,1
10.585793100,1,1
10.585798100,0,1
10.585799100,0,0
10.585803300,1,0
10.585808300,0,0
10.585813500,1,0
10.585818500,0,0
10.585823700,1,0
10.585828700,0,0
10.585833900,1,0
10.585838900,0,0
10.585840100,0,1
10.585844000,1,1
10.585849100,0,1
10.585849500,0,0
10.585854200,1,0
10.585859300,0,0
10.585859800,0,1
10.585864400,1,1
10.585871400,1,0
10.585877400,0,0
10.585878600,0,1
10.585882600,1,1
10.585887600,0,1
10.585888600,0,0
10.585892800,1,0
10.585897800,0,0
10.585899000,0,1
10.585903000,1,1
10.585908000,0,1
10.585909000,0,0
10.585913100,1,0
10.585918200,0,0
10.585919400,0,1
10.585923300,1,1
10.585928400,0,1
10.585929400,0,0
10.585933500,1,0
10.585938500,0,0
10.585943700,1,0
10.585948700,0,0
10.585949900,0,1
10.585953900,1,1
10.585958900,0,1
10.585959300,0,0
10.585964100,1,0
10.585969100,0,0
10.585974300,1,0
10.585979300,0,0
10.585984400,1,0
10.585989500,0,0
10.585994600,1,0
10.585999700,0,0
10.586004800,1,0
10.586009800,0,0
10.586015000,1,0
10.586020000,0,0
10.586025200,1,0
10.586030200,0,0
10.586035400,1,0
10.586040400,0,0
10.586041000,0,1
10.586045500,1,1
10.586050600,0,1
10.586055700,1,1
10.586060800,0,1
10.586061800,0,0
10.586065900,1,0
10.586072100,1,1
15.616901500,1,0
15.616907500,0,0
15.616908700,0,1
15.616912600,1,1
15.616917700,0,1
15.616918700,0,0
15.616922800,1,0
15.616927900,0,0
15.616929100,0,1
15.616933000,1,1
15.616938100,0,1
15.616939100,0,0
15.616943200,1,0
15.616948200,0,0
15.616949400,0,1
15.616953400,1,1
15.616958400,0,1
15.616959400,0,0
15.616963600,1,0
15.616968600,0,0
15.616973800,1,0
15.616978800,0,0
15.616983900,1,0
15.616989000,0,0
15.616994100,1,0
15.616999200,0,0
15.617004300,1,0
15.617009400,0,0
15.617010600,0,1
15.617014500,1,1
15.617019500,0,1
15.617020500,0,0
15.617024700,1,0
15.617029700,0,0
15.617034900,1,0
15.617039900,0,0
15.617045100,1,0
15.617050100,0,0
15.617055200,1,0
15.617060300,0,0
15.617065400,1,0
15.617070500,0,0
15.617075600,1,0
15.617080600,0,0
15.617085800,1,0
15.617090800,0,0
15.617091500,0,1
15.617096000,1,1
15.617103000,1,0
15.617109000,0,0
15.617110200,0,1
15.617114200,1,1
15.617119200,0,1
15.617120200,0,0
15.617124400,1,0
15.617129400,0,0
15.617130600,0,1
15.617134500,1,1
15.617139600,0,1
15.617140600,0,0
15.617144700,1,0
15.617149800,0,0
15.617150900,0,1
15.617154900,1,1
15.617159900,0,1
15.617160900,0,0
15.617165100,1,0
15.617170100,0,0
15.617175300,1,0
15.617180300,0,0
15.617181500,0,1
15.617185500,1,1
15.617190500,0,1
15.617190900,0,0
15.617195700,1,0
15.617200700,0,0
15.617205800,1,0
15.617210900,0,0
15.617216000,1,0
15.617221100,0,0
15.617226200,1,0
15.617231200,0,0
15.617236400,1,0
15.617241400,0,0
15.617242100,0,1
15.617246600,1,1
15.617251600,0,1
15.617256800,1,1
15.617261800,0,1
15.617266900,1,1
15.617272000,0,1
15.617277100,1,1
15.617282200,0,1
15.617287300,1,1
15.617292300,0,1
15.617293300,0,0
15.617297500,1,0
15.617303700,1,1
15.617364500,1,0
15.617370500,0,0
15.617371700,0,1
15.617375700,1,1
15.617380700,0,1
15.617381700,0,0
15.617385900,1,0
15.617390900,0,0
15.617392100,0,1
15.617396100,1,1
15.617401100,0,1
15.617402100,0,0
15.617406200,1,0
15.617411300,0,0
15.617412500,0,1
15.617416400,1,1
15.617421500,0,1
15.617422500,0,0
15.617426600,1,0
15.617431600,0,0
15.617436800,1,0
15.617441800,0,0
15.617447000,1,0
15.617452000,0,0
15.617457200,1,0
15.617462200,0,0
15.617467400,1,0
15.617472400,0,0
15.617473600,0,1
15.617477500,1,1
15.617482600,0,1
15.617483600,0,0
15.617487700,1,0
15.617492800,0,0
15.617493900,0,1
15.617497900,1,1
15.617502900,0,1
15.617503900,0,0
15.617508100,1,0
15.617513100,0,0
15.617518300,1,0
15.617523300,0,0
15.617528500,1,0
15.617533500,0,0
15.617538600,1,0
15.617543700,0,0
15.617548800,1,0
15.617553900,0,0
15.617554500,0,1
15.617559000,1,1
15.617566000,1,0
15.617572000,0,0
15.617573200,0,1
15.617577200,1,1
15.617582200,0,1
15.617583200,0,0
15.617587400,1,0
15.617592400,0,0
15.617593600,0,1
15.617597600,1,1
15.617602600,0,1
15.617603600,0,0
15.617607800,1,0
15.617612800,0,0
15.617614000,0,1
15.617617900,1,1
15.617623000,0,1
15.617624000,0,0
15.617628100,1,0
15.617633200,0,0
15.617638300,1,0
15.617643300,0,0
15.617644500,0,1
15.617648500,1,1
15.617653500,0,1
15.617653900,0,0
15.617658700,1,0
15.617663700,0,0
15.617664300,0,1
15.617668900,1,1
15.617673900,0,1
15.617679100,1,1
15.617684100,0,1
15.617689200,1,1
15.617694300,0,1
15.617699400,1,1
15.617704500,0,1
15.617709600,1,1
15.617714600,0,1
15.617719800,1,1
15.617724800,0,1
15.617730000,1,1
15.617735000,0,1
15.617740200,1,1
15.617745200,0,1
15.617746200,0,0
15.617750300,1,0
15.617755400,0,0
15.617758600,0,1
15.617760500,1,1
15.617765600,0,1
15.617770700,1,1
15.617775800,0,1
15.617780900,1,1
15.617785900,0,1
15.617791100,1,1
15.617796100,0,1
15.617801300,1,1
15.617806300,0,1
15.617811500,1,1
15.617816500,0,1
15.617821600,1,1
15.617826700,0,1
15.617831800,1,1
15.617836900,0,1
15.617837900,0,0
15.617842000,1,0
15.617847000,0,0
15.617850200,0,1
15.617852200,1,1
15.617857200,0,1
15.617862400,1,1
15.617867400,0,1
15.617872600,1,1
15.617877600,0,1
15.617882800,1,1
15.617887800,0,1
15.617892900,1,1
15.617898000,0,1
15.617903100,1,1
15.617908200,0,1
15.617913300,1,1
15.617918300,0,1
15.617923500,1,1
15.617928500,0,1
15.617929500,0,0
15.617933700,1,0
15.617938700,0,0
15.617941900,0,1
15.617943900,1,1
15.617948900,0,1
15.617954000,1,1
15.617959100,0,1
15.617964200,1,1
15.617969300,0,1
15.617974400,1,1
15.617979500,0,1
15.617984600,1,1
15.617989600,0,1
15.617994800,1,1
15.617999800,0,1
15.618005000,1,1
15.618010000,0,1
15.618015200,1,1
15.618020200,0,1
15.618021200,0,0
15.618025300,1,0
15.618030400,0,0
15.618033600,0,1
15.618035500,1,1
15.618040600,0,1
15.618045700,1,1
15.618050700,0,1
15.618055900,1,1
15.618060900,0,1
15.618066100,1,1
15.618071100,0,1
15.618076300,1,1
15.618081300,0,1
15.618086500,1,1
15.618091500,0,1
15.618096600,1,1
15.618101700,0,1
15.618106800,1,1
15.618111900,0,1
15.618112900,0,0
15.618117000,1,0
15.618122000,0,0
15.618125200,0,1
15.618127200,1,1
15.618132200,0,1
15.618137400,1,1
15.618142400,0,1
15.618147600,1,1
15.618152600,0,1
15.618157800,1,1
15.618162800,0,1
15.618167900,1,1
15.618173000,0,1
15.618178100,1,1
15.618183200,0,1
15.618188300,1,1
15.618193300,0,1
15.618198500,1,1
15.618203500,0,1
15.618208700,1,1
15.618213700,0,1
15.618214700,0,0
15.618218900,1,0
15.618225100,1,1
15.715606000,1,0
15.715612000,0,0
15.715613100,0,1
15.715617100,1,1
15.715622200,0,1
15.715623200,0,0
15.715627300,1,0
15.715632400,0,0
15.715633500,0,1
15.715637500,1,1
15.715642500,0,1
15.715643500,0,0
15.715647700,1,0
15.715652700,0,0
15.715653900,0,1
15.715657900,1,1
15.715662900,0,1
15.715663900,0,0
15.715668100,1,0
15.715673100,0,0
15.715678200,1,0
15.715683300,0,0
15.715688400,1,0
15.715693500,0,0
15.715698600,1,0
15.715703600,0,0
15.715708800,1,0
15.715713800,0,0
15.715715000,0,1
15.715719000,1,1
15.715724000,0,1
15.715725000,0,0
15.715729200,1,0
15.715734200,0,0
15.715739400,1,0
15.715744400,0,0
15.715749500,1,0
15.715754600,0,0
15.715759700,1,0
15.715764800,0,0
15.715769900,1,0
15.715774900,0,0
15.715780100,1,0
15.715785100,0,0
15.715790300,1,0
15.715795300,0,0
15.715796000,0,1
15.715800500,1,1
15.715807500,1,0
15.715813500,0,0
15.715814700,0,1
15.715818600,1,1
15.715823700,0,1
15.715824700,0,0
15.715828800,1,0
15.715833900,0,0
15.715835100,0,1
15.715839000,1,1
15.715844100,0,1
15.715845100,0,0
15.715849200,1,0
15.715854200,0,0
15.715855400,0,1
15.715859400,1,1
15.715864400,0,1
15.715865400,0,0
15.715869600,1,0
15.715874600,0,0
15.715879800,1,0
15.715884800,0,0
15.715886000,0,1
15.715889900,1,1
15.715895000,0,1
15.715895400,0,0
15.715900100,1,0
15.715905200,0,0
15.715910300,1,0
15.715915300,0,0
15.715920500,1,0
15.715925500,0,0
15.715930700,1,0
15.715935700,0,0
15.715940900,1,0
15.715945900,0,0
15.715946500,0,1
15.715951100,1,1
15.715956100,0,1
15.715961200,1,1
15.715966300,0,1
15.715971400,1,1
15.715976500,0,1
15.715981600,1,1
15.715986600,0,1
15.715991800,1,1
15.715996800,0,1
15.715997800,0,0
15.716002000,1,0
15.716008200,1,1
15.716077000,1,0
15.716083000,0,0
15.716084200,0,1
15.716088100,1,1
15.716093200,0,1
15.716094200,0,0
15.716098300,1,0
15.716103400,0,0
15.716104600,0,1
15.716108500,1,1
15.716113600,0,1
15.716114600,0,0
15.716118700,1,0
15.716123800,0,0
15.716124900,0,1
15.716128900,1,1
15.716133900,0,1
15.716134900,0,0
15.716139100,1,0
15.716144100,0,0
15.716149300,1,0
15.716154300,0,0
15.716159500,1,0
15.716164500,0,0
15.716169600,1,0
15.716174700,0,0
15.716179800,1,0
15.716184900,0,0
15.716186100,0,1
15.716190000,1,1
15.716195000,0,1
15.716196000,0,0
15.716200200,1,0
15.716205200,0,0
15.716206400,0,1
15.716210400,1,1
15.716215400,0,1
15.716216400,0,0
15.716220600,1,0
15.716225600,0,0
15.716230800,1,0
15.716235800,0,0
15.716240900,1,0
15.716246000,0,0
15.716251100,1,0
15.716256200,0,0
15.716261300,1,0
15.716266300,0,0
15.716267000,0,1
15.716271500,1,1
15.716278500,1,0
15.716284500,0,0
15.716285700,0,1
15.716289700,1,1
15.716294700,0,1
15.716295700,0,0
15.716299900,1,0
15.716304900,0,0
15.716306100,0,1
15.716310100,1,1
15.716315100,0,1
15.716316100,0,0
15.716320200,1,0
15.716325300,0,0
15.716326500,0,1
15.716330400,1,1
15.716335500,0,1
15.716336500,0,0
15.716340600,1,0
15.716345600,0,0
15.716350800,1,0
15.716355800,0,0
15.716357000,0,1
15.716361000,1,1
15.716366000,0,1
15.716366400,0,0
15.716371200,1,0
15.716376200,0,0
15.716381400,1,0
15.716386400,0,0
15.716391500,1,0
15.716396600,0,0
15.716401700,1,0
15.716406800,0,0
15.716411900,1,0
15.716416900,0,0
15.716422100,1,0
15.716427100,0,0
15.716432300,1,0
15.716437300,0,0
15.716442500,1,0
15.716447500,0,0
15.716452600,1,0
15.716457700,0,0
15.716462800,1,0
15.716467900,0,0
15.716471100,0,1
15.716473000,1,1
15.716478000,0,1
15.716478500,0,0
15.716483200,1,0
15.716488200,0,0
15.716493400,1,0
15.716498400,0,0
15.716503600,1,0
15.716508600,0,0
15.716513800,1,0
15.716518800,0,0
15.716523900,1,0
15.716529000,0,0
15.716534100,1,0
15.716539200,0,0
15.716544300,1,0
15.716549300,0,0
15.716554500,1,0
15.716559500,0,0
15.716564700,1,0
15.716569700,0,0
15.716574900,1,0
15.716579900,0,0
15.716585100,1,0
15.716590100,0,0
15.716595200,1,0
15.716600300,0,0
15.716605400,1,0
15.716610500,0,0
15.716615600,1,0
15.716620600,0,0
15.716625800,1,0
15.716630800,0,0
15.716636000,1,0
15.716641000,0,0
15.716646200,1,0
15.716651200,0,0
15.716654400,0,1
15.716656300,1,1
15.716661400,0,1
15.716661800,0,0
15.716666500,1,0
15.716671600,0,0
15.716676700,1,0
15.716681700,0,0
15.716686900,1,0
15.716691900,0,0
15.716697100,1,0
15.716702100,0,0
15.716707300,1,0
15.716712300,0,0
15.716717500,1,0
15.716722500,0,0
15.716727600,1,0
15.716732700,0,0
15.716737800,1,0
15.716742900,0,0
15.716748000,1,0
15.716753000,0,0
15.716758200,1,0
15.716763200,0,0
15.716768400,1,0
15.716773400,0,0
15.716778600,1,0
15.716783600,0,0
15.716788800,1,0
15.716793800,0,0
15.716798900,1,0
15.716804000,0,0
15.716809100,1,0
15.716814200,0,0
15.716819300,1,0
15.716824300,0,0
15.716829500,1,0
15.716834500,0,0
15.716837700,0,1
15.716839700,1,1
15.716844700,0,1
15.716845100,0,0
15.716849900,1,0
15.716854900,0,0
15.716860000,1,0
15.716865100,0,0
15.716870200,1,0
15.716875300,0,0
15.716880400,1,0
15.716885500,0,0
15.716890600,1,0
15.716895600,0,0
15.716900800,1,0
15.716905800,0,0
15.716911000,1,0
15.716916000,0,0
15.716916600,0,1
15.716921200,1,1
15.716926200,0,1
15.716927200,0,0
15.716931300,1,0
15.716937600,1,1
15.815266500,1,0
15.815272500,0,0
15.815273600,0,1
15.815277600,1,1
15.815282600,0,1
15.815283600,0,0
15.815287800,1,0
15.815292800,0,0
15.815294000,0,1
15.815298000,1,1
15.815303000,0,1
15.815304000,0,0
15.815308200,1,0
15.815313200,0,0
15.815314400,0,1
15.815318300,1,1
15.815323400,0,1
15.815324400,0,0
15.815328500,1,0
15.815333600,0,0
15.815338700,1,0
15.815343800,0,0
15.815348900,1,0
15.815353900,0,0
15.815359100,1,0
15.815364100,0,0
15.815369300,1,0
15.815374300,0,0
15.815375500,0,1
15.815379500,1,1
15.815384500,0,1
15.815385500,0,0
15.815389600,1,0
15.815394700,0,0
15.815399800,1,0
15.815404900,0,0
15.815410000,1,0
15.815415000,0,0
15.815420200,1,0
15.815425200,0,0
15.815430400,1,0
15.815435400,0,0
15.815440600,1,0
15.815445600,0,0
15.815450800,1,0
15.815455800,0,0
15.815456400,0,1
15.815460900,1,1
15.815468000,1,0
15.815474000,0,0
15.815475200,0,1
15.815479100,1,1
15.815484200,0,1
15.815485200,0,0
15.815489300,1,0
15.815494300,0,0
15.815495500,0,1
15.815499500,1,1
15.815504500,0,1
15.815505500,0,0
15.815509700,1,0
15.815514700,0,0
15.815515900,0,1
15.815519900,1,1
15.815524900,0,1
15.815525900,0,0
15.815530000,1,0
15.815535100,0,0
15.815540200,1,0
15.815545300,0,0
15.815546500,0,1
15.815550400,1,1
15.815555500,0,1
15.815555900,0,0
15.815560600,1,0
15.815565600,0,0
15.815570800,1,0
15.815575800,0,0
15.815581000,1,0
15.815586000,0,0
15.815591200,1,0
15.815596200,0,0
15.815601300,1,0
15.815606400,0,0
15.815607000,0,1
15.815611500,1,1
15.815616600,0,1
15.815621700,1,1
15.815626700,0,1
15.815631900,1,1
15.815636900,0,1
15.815642100,1,1
15.815647100,0,1
15.815652300,1,1
15.815657300,0,1
15.815658300,0,0
15.815662500,1,0
15.815668700,1,1
15.815729500,1,0
15.815735500,0,0
15.815736600,0,1
15.815740600,1,1
15.815745700,0,1
15.815746700,0,0
15.815750800,1,0
15.815755900,0,0
15.815757000,0,1
15.815761000,1,1
15.815766000,0,1
15.815767000,0,0
15.815771200,1,0
15.815776200,0,0
15.815777400,0,1
15.815781400,1,1
15.815786400,0,1
15.815787400,0,0
15.815791600,1,0
15.815796600,0,0
15.815801800,1,0
15.815806800,0,0
15.815811900,1,0
15.815817000,0,0
15.815822100,1,0
15.815827200,0,0
15.815832300,1,0
15.815837300,0,0
15.815838600,0,1
15.815842500,1,1
15.815847500,0,1
15.815848500,0,0
15.815852700,1,0
15.815857700,0,0
15.815858900,0,1
15.815862900,1,1
15.815867900,0,1
15.815868900,0,0
15.815873000,1,0
15.815878100,0,0
15.815883200,1,0
15.815888300,0,0
15.815893400,1,0
15.815898400,0,0
15.815903600,1,0
15.815908600,0,0
15.815913800,1,0
15.815918800,0,0
15.815919400,0,1
15.815924000,1,1
15.815931000,1,0
15.815937000,0,0
15.815938200,0,1
15.815942100,1,1
15.815947200,0,1
15.815948200,0,0
15.815952300,1,0
15.815957400,0,0
15.815958600,0,1
15.815962500,1,1
15.815967600,0,1
15.815968600,0,0
15.815972700,1,0
15.815977700,0,0
15.815978900,0,1
15.815982900,1,1
15.815987900,0,1
15.815988900,0,0
15.815993100,1,0
15.815998100,0,0
15.816003300,1,0
15.816008300,0,0
15.816009500,0,1
15.816013500,1,1
15.816018500,0,1
15.816018900,0,0
15.816023600,1,0
15.816028700,0,0
15.816033800,1,0
15.816038900,0,0
15.816044000,1,0
15.816049000,0,0
15.816054200,1,0
15.816059200,0,0
15.816064400,1,0
15.816069400,0,0
15.816074600,1,0
15.816079600,0,0
15.816084800,1,0
15.816089800,0,0
15.816094900,1,0
15.816100000,0,0
15.816105100,1,0
15.816110200,0,0
15.816115300,1,0
15.816120300,0,0
15.816123600,0,1
15.816125500,1,1
15.816130500,0,1
15.816131000,0,0
15.816135700,1,0
15.816140700,0,0
15.816145900,1,0
15.816150900,0,0
15.816156000,1,0
15.816161100,0,0
15.816166200,1,0
15.816171300,0,0
15.816176400,1,0
15.816181400,0,0
15.816186600,1,0
15.816191600,0,0
15.816196800,1,0
15.816201800,0,0
15.816207000,1,0
15.816212000,0,0
15.816217200,1,0
15.816222200,0,0
15.816227300,1,0
15.816232400,0,0
15.816237500,1,0
15.816242600,0,0
15.816247700,1,0
15.816252700,0,0
15.816257900,1,0
15.816262900,0,0
15.816268100,1,0
15.816273100,0,0
15.816278300,1,0
15.816283300,0,0
15.816288500,1,0
15.816293500,0,0
15.816298600,1,0
15.816303700,0,0
15.816306900,0,1
15.816308800,1,1
15.816313900,0,1
15.816314200,0,0
15.816319000,1,0
15.816324000,0,0
15.816329200,1,0
15.816334200,0,0
15.816339400,1,0
15.816344400,0,0
15.816349600,1,0
15.816354600,0,0
15.816359700,1,0
15.816364800,0,0
15.816369900,1,0
15.816375000,0,0
15.816380100,1,0
15.816385100,0,0
15.816390300,1,0
15.816395300,0,0
15.816400500,1,0
15.816405500,0,0
15.816410700,1,0
15.816415700,0,0
15.816420900,1,0
15.816425900,0,0
15.816431000,1,0
15.816436100,0,0
15.816441200,1,0
15.816446300,0,0
15.816451400,1,0
15.816456400,0,0
15.816461600,1,0
15.816466600,0,0
15.816471800,1,0
15.816476800,0,0
15.816482000,1,0
15.816487000,0,0
15.816490200,0,1
15.816492200,1,1
15.816497200,0,1
15.816497600,0,0
15.816502300,1,0
15.816507400,0,0
15.816512500,1,0
15.816517600,0,0
15.816522700,1,0
15.816527700,0,0
15.816532900,1,0
15.816537900,0,0
15.816543100,1,0
15.816548100,0,0
15.816553300,1,0
15.816558300,0,0
15.816563400,1,0
15.816568500,0,0
15.816569100,0,1
15.816573600,1,1
15.816578700,0,1
15.816579700,0,0
15.816583800,1,0
15.816590000,1,1
15.914039900,1,0
15.914045900,0,0
15.914047100,0,1
15.914051100,1,1
15.914056100,0,1
15.914057100,0,0
15.914061300,1,0
15.914066300,0,0
15.914067500,0,1
15.914071500,1,1
15.914076500,0,1
15.914077500,0,0
15.914081600,1,0
15.914086700,0,0
15.914087900,0,1
15.914091800,1,1
15.914096900,0,1
15.914097900,0,0
15.914102000,1,0
15.914107000,0,0
15.914112200,1,0
15.914117200,0,0
15.914122400,1,0
15.914127400,0,0
15.914132600,1,0
15.914137600,0,0
15.914142800,1,0
15.914147800,0,0
15.914149000,0,1
15.914152900,1,1
15.914158000,0,1
15.914159000,0,0
15.914163100,1,0
15.914168200,0,0
15.914173300,1,0
15.914178300,0,0
15.914183500,1,0
15.914188500,0,0
15.914193700,1,0
15.914198700,0,0
15.914203900,1,0
15.914208900,0,0
15.914214100,1,0
15.914219100,0,0
15.914224200,1,0
15.914229300,0,0
15.914229900,0,1
15.914234400,1,1
15.914241500,1,0
15.914247500,0,0
15.914248600,0,1
15.914252600,1,1
15.914257600,0,1
15.914258600,0,0
15.914262800,1,0
15.914267800,0,0
15.914269000,0,1
15.914273000,1,1
15.914278000,0,1
15.914279000,0,0
15.914283200,1,0
15.914288200,0,0
15.914289400,0,1
15.914293300,1,1
15.914298400,0,1
15.914299400,0,0
15.914303500,1,0
15.914308600,0,0
15.914313700,1,0
15.914318700,0,0
15.914320000,0,1
15.914323900,1,1
15.914328900,0,1
15.914329400,0,0
15.914334100,1,0
15.914339100,0,0
15.914344300,1,0
15.914349300,0,0
15.914354500,1,0
15.914359500,0,0
15.914364600,1,0
15.914369700,0,0
15.914374800,1,0
15.914379900,0,0
15.914380500,0,1
15.914385000,1,1
15.914390000,0,1
15.914395200,1,1
15.914400200,0,1
15.914405400,1,1
15.914410400,0,1
15.914415600,1,1
15.914420600,0,1
15.914425800,1,1
15.914430800,0,1
15.914431800,0,0
15.914435900,1,0
15.914442100,1,1
15.914503000,1,0
15.914509000,0,0
15.914510100,0,1
15.914514100,1,1
15.914519200,0,1
15.914520200,0,0
15.914524300,1,0
15.914529300,0,0
15.914530500,0,1
15.914534500,1,1
15.914539500,0,1
15.914540500,0,0
15.914544700,1,0
15.914549700,0,0
15.914550900,0,1
15.914554900,1,1
15.914559900,0,1
15.914560900,0,0
15.914565000,1,0
15.914570100,0,0
15.914575200,1,0
15.914580300,0,0
15.914585400,1,0
15.914590500,0,0
15.914595600,1,0
15.914600600,0,0
15.914605800,1,0
15.914610800,0,0
15.914612000,0,1
15.914616000,1,1
15.914621000,0,1
15.914622000,0,0
15.914626200,1,0
15.914631200,0,0
15.914632400,0,1
15.914636300,1,1
15.914641400,0,1
15.914642400,0,0
15.914646500,1,0
15.914651600,0,0
15.914656700,1,0
15.914661700,0,0
15.914666900,1,0
15.914671900,0,0
15.914677100,1,0
15.914682100,0,0
15.914687300,1,0
15.914692300,0,0
15.914693000,0,1
15.914697500,1,1
15.914704500,1,0
15.914710500,0,0
15.914711700,0,1
15.914715600,1,1
15.914720700,0,1
15.914721700,0,0
15.914725800,1,0
15.914730900,0,0
15.914732000,0,1
15.914736000,1,1
15.914741000,0,1
15.914742000,0,0
15.914746200,1,0
15.914751200,0,0
15.914752400,0,1
15.914756400,1,1
15.914761400,0,1
15.914762400,0,0
15.914766600,1,0
15.914771600,0,0
15.914776800,1,0
15.914781800,0,0
15.914783000,0,1
15.914786900,1,1
15.914792000,0,1
15.914792400,0,0
15.914797100,1,0
15.914802200,0,0
15.914807300,1,0
15.914812300,0,0
15.914817500,1,0
15.914822500,0,0
15.914827700,1,0
15.914832700,0,0
15.914837900,1,0
15.914842900,0,0
15.914848000,1,0
15.914853100,0,0
15.914858200,1,0
15.914863300,0,0
15.914868400,1,0
15.914873400,0,0
15.914878600,1,0
15.914883600,0,0
15.914888800,1,0
15.914893800,0,0
15.914897000,0,1
15.914899000,1,1
15.914904000,0,1
15.914904400,0,0
15.914909200,1,0
15.914914200,0,0
15.914919300,1,0
15.914924400,0,0
15.914929500,1,0
15.914934600,0,0
15.914939700,1,0
15.914944700,0,0
15.914949900,1,0
15.914954900,0,0
15.914960100,1,0
15.914965100,0,0
15.914970300,1,0
15.914975300,0,0
15.914980500,1,0
15.914985500,0,0
15.914990600,1,0
15.914995700,0,0
15.915000800,1,0
15.915005900,0,0
15.915011000,1,0
15.915016000,0,0
15.915021200,1,0
15.915026200,0,0
15.915031400,1,0
15.915036400,0,0
15.915041600,1,0
15.915046600,0,0
15.915051700,1,0
15.915056800,0,0
15.915061900,1,0
15.915067000,0,0
15.915072100,1,0
15.915077100,0,0
15.915080400,0,1
15.915082300,1,1
15.915087300,0,1
15.915087800,0,0
15.915092500,1,0
15.915097500,0,0
15.915102700,1,0
15.915107700,0,0
15.915112900,1,0
15.915117900,0,0
15.915123000,1,0
15.915128100,0,0
15.915133200,1,0
15.915138300,0,0
15.915143400,1,0
15.915148400,0,0
15.915153600,1,0
15.915158600,0,0
15.915163800,1,0
15.915168800,0,0
15.915174000,1,0
15.915179000,0,0
15.915184200,1,0
15.915189200,0,0
15.915194300,1,0
15.915199400,0,0
15.915204500,1,0
15.915209600,0,0
15.915214700,1,0
15.915219700,0,0
15.915224900,1,0
15.915229900,0,0
15.915235100,1,0
15.915240100,0,0
15.915245300,1,0
15.915250300,0,0
15.915255500,1,0
15.915260500,0,0
15.915263700,0,1
15.915265600,1,1
15.915270700,0,1
15.915271100,0,0
15.915275800,1,0
15.915280900,0,0
15.915286000,1,0
15.915291000,0,0
15.915296200,1,0
15.915301200,0,0
15.915306400,1,0
15.915311400,0,0
15.915316600,1,0
15.915321600,0,0
15.915326700,1,0
15.915331800,0,0
15.915336900,1,0
15.915342000,0,0
15.915342600,0,1
15.915347100,1,1
15.915352100,0,1
15.915353100,0,0
15.915357300,1,0
15.915363500,1,1
16.012781400,1,0
16.012787400,0,0
16.012788600,0,1
16.012792500,1,1
16.012797600,0,1
16.012798600,0,0
16.012802700,1,0
16.012807800,0,0
16.012809000,0,1
16.012812900,1,1
16.012818000,0,1
16.012819000,0,0
16.012823100,1,0
16.012828200,0,0
16.012829300,0,1
16.012833300,1,1
16.012838300,0,1
16.012839300,0,0
16.012843500,1,0
16.012848500,0,0
16.012853700,1,0
16.012858700,0,0
16.012863900,1,0
16.012868900,0,0
16.012874100,1,0
16.012879100,0,0
16.012884200,1,0
16.012889300,0,0
16.012890500,0,1
16.012894400,1,1
16.012899500,0,1
16.012900500,0,0
16.012904600,1,0
16.012909600,0,0
16.012914800,1,0
16.012919800,0,0
16.012925000,1,0
16.012930000,0,0
16.012935200,1,0
16.012940200,0,0
16.012945400,1,0
16.012950400,0,0
16.012955500,1,0
16.012960600,0,0
16.012965700,1,0
16.012970800,0,0
16.012971400,0,1
16.012975900,1,1
16.012982900,1,0
16.012988900,0,0
16.012990100,0,1
16.012994100,1,1
16.012999100,0,1
16.013000100,0,0
16.013004300,1,0
16.013009300,0,0
16.013010500,0,1
16.013014500,1,1
16.013019500,0,1
16.013020500,0,0
16.013024600,1,0
16.013029700,0,0
16.013030900,0,1
16.013034800,1,1
16.013039900,0,1
16.013040900,0,0
16.013045000,1,0
16.013050000,0,0
16.013055200,1,0
16.013060200,0,0
16.013061400,0,1
16.013065400,1,1
16.013070400,0,1
16.013070800,0,0
16.013075600,1,0
16.013080600,0,0
16.013085800,1,0
16.013090800,0,0
16.013095900,1,0
16.013101000,0,0
16.013106100,1,0
16.013111200,0,0
16.013116300,1,0
16.013121300,0,0
16.013122000,0,1
16.013126500,1,1
16.013131500,0,1
16.013136700,1,1
16.013141700,0,1
16.013146900,1,1
16.013151900,0,1
16.013157100,1,1
16.013162100,0,1
16.013167200,1,1
16.013172300,0,1
16.013173300,0,0
16.013177400,1,0
16.013183600,1,1
16.013244500,1,0
16.013250500,0,0
16.013251600,0,1
16.013255600,1,1
16.013260600,0,1
16.013261600,0,0
16.013265800,1,0
16.013270800,0,0
16.013272000,0,1
16.013276000,1,1
16.013281000,0,1
16.013282000,0,0
16.013286200,1,0
16.013291200,0,0
16.013292400,0,1
16.013296300,1,1
16.013301400,0,1
16.013302400,0,0
16.013306500,1,0
16.013311600,0,0
16.013316700,1,0
16.013321700,0,0
16.013326900,1,0
16.013331900,0,0
16.013337100,1,0
16.013342100,0,0
16.013347300,1,0
16.013352300,0,0
16.013353500,0,1
16.013357500,1,1
16.013362500,0,1
16.013363500,0,0
16.013367600,1,0
16.013372700,0,0
16.013373900,0,1
16.013377800,1,1
16.013382900,0,1
16.013383900,0,0
16.013388000,1,0
16.013393000,0,0
16.013398200,1,0
16.013403200,0,0
16.013408400,1,0
16.013413400,0,0
16.013418600,1,0
16.013423600,0,0
16.013428800,1,0
16.013433800,0,0
16.013434400,0,1
16.013438900,1,1
16.013446000,1,0
16.013452000,0,0
16.013453200,0,1
16.013457100,1,1
16.013462200,0,1
16.013463200,0,0
16.013467300,1,0
16.013472300,0,0
16.013473500,0,1
16.013477500,1,1
16.013482500,0,1
16.013483500,0,0
16.013487700,1,0
16.013492700,0,0
16.013493900,0,1
16.013497900,1,1
16.013502900,0,1
16.013503900,0,0
16.013508000,1,0
16.013513100,0,0
16.013518200,1,0
16.013523300,0,0
16.013524500,0,1
16.013528400,1,1
16.013533500,0,1
16.013533900,0,0
16.013538600,1,0
16.013543600,0,0
16.013548800,1,0
16.013553800,0,0
16.013559000,1,0
16.013564000,0,0
16.013569200,1,0
16.013574200,0,0
16.013579300,1,0
16.013584400,0,0
16.013589500,1,0
16.013594600,0,0
16.013599700,1,0
16.013604700,0,0
16.013609900,1,0
16.013614900,0,0
16.013620100,1,0
16.013625100,0,0
16.013630300,1,0
16.013635300,0,0
16.013638500,0,1
16.013640500,1,1
16.013645500,0,1
16.013645900,0,0
16.013650600,1,0
16.013655700,0,0
16.013660800,1,0
16.013665900,0,0
16.013671000,1,0
16.013676000,0,0
16.013681200,1,0
16.013686200,0,0
16.013691400,1,0
16.013696400,0,0
16.013701600,1,0
16.013706600,0,0
16.013711800,1,0
16.013716800,0,0
16.013721900,1,0
16.013727000,0,0
16.013732100,1,0
16.013737200,0,0
16.013742300,1,0
16.013747300,0,0
16.013752500,1,0
16.013757500,0,0
16.013762700,1,0
16.013767700,0,0
16.013772900,1,0
16.013777900,0,0
16.013783000,1,0
16.013788100,0,0
16.013793200,1,0
16.013798300,0,0
16.013803400,1,0
16.013808400,0,0
16.013813600,1,0
16.013818600,0,0
16.013821900,0,1
16.013823800,1,1
16.013828800,0,1
16.013829300,0,0
16.013834000,1,0
16.013839000,0,0
16.013844200,1,0
16.013849200,0,0
16.013854300,1,0
16.013859400,0,0
16.013864500,1,0
16.013869600,0,0
16.013874700,1,0
16.013879700,0,0
16.013884900,1,0
16.013889900,0,0
16.013895100,1,0
16.013900100,0,0
16.013905300,1,0
16.013910300,0,0
16.013915500,1,0
16.013920500,0,0
16.013925600,1,0
16.013930700,0,0
16.013935800,1,0
16.013940900,0,0
16.013946000,1,0
16.013951000,0,0
16.013956200,1,0
16.013961200,0,0
16.013966400,1,0
16.013971400,0,0
16.013976600,1,0
16.013981600,0,0
16.013986700,1,0
16.013991800,0,0
16.013996900,1,0
16.014002000,0,0
16.014005200,0,1
16.014007100,1,1
16.014012100,0,1
16.014012600,0,0
16.014017300,1,0
16.014022300,0,0
16.014027500,1,0
16.014032500,0,0
16.014037700,1,0
16.014042700,0,0
16.014047900,1,0
16.014052900,0,0
16.014058000,1,0
16.014063100,0,0
16.014068200,1,0
16.014073300,0,0
16.014078400,1,0
16.014083400,0,0
16.014084000,0,1
16.014088600,1,1
16.014093600,0,1
16.014094600,0,0
16.014098800,1,0
16.014105000,1,1
16.112437900,1,0
16.112443900,0,0
16.112445100,0,1
16.112449000,1,1
16.112454100,0,1
16.112455100,0,0
16.112459200,1,0
16.112464300,0,0
16.112465400,0,1
16.112469400,1,1
16.112474500,0,1
16.112475500,0,0
16.112479600,1,0
16.112484600,0,0
16.112485800,0,1
16.112489800,1,1
16.112494800,0,1
16.112495800,0,0
16.112500000,1,0
16.112505000,0,0
16.112510200,1,0
16.112515200,0,0
16.112520300,1,0
16.112525400,0,0
16.112530500,1,0
16.112535600,0,0
16.112540700,1,0
16.112545700,0,0
16.112547000,0,1
16.112550900,1,1
16.112555900,0,1
16.112556900,0,0
16.112561100,1,0
16.112566100,0,0
16.112571300,1,0
16.112576300,0,0
16.112581500,1,0
16.112586500,0,0
16.112591600,1,0
16.112596700,0,0
16.112601800,1,0
16.112606900,0,0
16.112612000,1,0
16.112617000,0,0
16.112622200,1,0
16.112627200,0,0
16.112627900,0,1
16.112632400,1,1
16.112639400,1,0
16.112645400,0,0
16.112646600,0,1
16.112650600,1,1
16.112655600,0,1
16.112656600,0,0
16.112660700,1,0
16.112665800,0,0
16.112667000,0,1
16.112670900,1,1
16.112676000,0,1
16.112677000,0,0
16.112681100,1,0
16.112686200,0,0
16.112687300,0,1
16.112691300,1,1
16.112696300,0,1
16.112697300,0,0
16.112701500,1,0
16.112706500,0,0
16.112711700,1,0
16.112716700,0,0
16.112717900,0,1
16.112721900,1,1
16.112726900,0,1
16.112727300,0,0
16.112732000,1,0
16.112737100,0,0
16.112742200,1,0
16.112747300,0,0
16.112752400,1,0
16.112757400,0,0
16.112762600,1,0
16.112767600,0,0
16.112772800,1,0
16.112777800,0,0
16.112778500,0,1
16.112783000,1,1
16.112788000,0,1
16.112793200,1,1
16.112798200,0,1
16.112803300,1,1
16.112808400,0,1
16.112813500,1,1
16.112818600,0,1
16.112823700,1,1
16.112828700,0,1
16.112829700,0,0
16.112833900,1,0
16.112840100,1,1
16.112900900,1,0
16.112906900,0,0
16.112908100,0,1
16.112912100,1,1
16.112917100,0,1
16.112918100,0,0
16.112922300,1,0
16.112927300,0,0
16.112928500,0,1
16.112932400,1,1
16.112937500,0,1
16.112938500,0,0
16.112942600,1,0
16.112947700,0,0
16.112948900,0,1
16.112952800,1,1
16.112957900,0,1
16.112958900,0,0
16.112963000,1,0
16.112968000,0,0
16.112973200,1,0
16.112978200,0,0
16.112983400,1,0
16.112988400,0,0
16.112993600,1,0
16.112998600,0,0
16.113003700,1,0
16.113008800,0,0
16.113010000,0,1
16.113013900,1,1
16.113019000,0,1
16.113020000,0,0
16.113024100,1,0
16.113029200,0,0
16.113030300,0,1
16.113034300,1,1
16.113039300,0,1
16.113040300,0,0
16.113044500,1,0
16.113049500,0,0
16.113054700,1,0
16.113059700,0,0
16.113064900,1,0
16.113069900,0,0
16.113075000,1,0
16.113080100,0,0
16.113085200,1,0
16.113090300,0,0
16.113090900,0,1
16.113095400,1,1
16.113102400,1,0
16.113108400,0,0
16.113109600,0,1
16.113113600,1,1
16.113118600,0,1
16.113119600,0,0
16.113123800,1,0
16.113128800,0,0
16.113130000,0,1
16.113134000,1,1
16.113139000,0,1
16.113140000,0,0
16.113144200,1,0
16.113149200,0,0
16.113150400,0,1
16.113154300,1,1
16.113159400,0,1
16.113160400,0,0
16.113164500,1,0
16.113169600,0,0
16.113174700,1,0
16.113179700,0,0
16.113180900,0,1
16.113184900,1,1
16.113189900,0,1
16.113190300,0,0
16.113195100,1,0
16.113200100,0,0
16.113205300,1,0
16.113210300,0,0
16.113215500,1,0
16.113220500,0,0
16.113225600,1,0
16.113230700,0,0
16.113235800,1,0
16.113240900,0,0
16.113246000,1,0
16.113251000,0,0
16.113256200,1,0
16.113261200,0,0
16.113266400,1,0
16.113271400,0,0
16.113276600,1,0
16.113281600,0,0
16.113286700,1,0
16.113291800,0,0
16.113295000,0,1
16.113296900,1,1
16.113302000,0,1
16.113302400,0,0
16.113307100,1,0
16.113312100,0,0
16.113317300,1,0
16.113322300,0,0
16.113327500,1,0
16.113332500,0,0
16.113337700,1,0
16.113342700,0,0
16.113347900,1,0
16.113352900,0,0
16.113358000,1,0
16.113363100,0,0
16.113368200,1,0
16.113373300,0,0
16.113378400,1,0
16.113383400,0,0
16.113388600,1,0
16.113393600,0,0
16.113398800,1,0
16.113403800,0,0
16.113409000,1,0
16.113414000,0,0
16.113419200,1,0
16.113424200,0,0
16.113429300,1,0
16.113434400,0,0
16.113439500,1,0
16.113444600,0,0
16.113449700,1,0
16.113454700,0,0
16.113459900,1,0
16.113464900,0,0
16.113470100,1,0
16.113475100,0,0
16.113478300,0,1
16.113480300,1,1
16.113485300,0,1
16.113485700,0,0
16.113490400,1,0
16.113495500,0,0
16.113500600,1,0
16.113505700,0,0
16.113510800,1,0
16.113515800,0,0
16.113521000,1,0
16.113526000,0,0
16.113531200,1,0
16.113536200,0,0
16.113541400,1,0
16.113546400,0,0
16.113551600,1,0
16.113556600,0,0
16.113561700,1,0
16.113566800,0,0
16.113571900,1,0
16.113577000,0,0
16.113582100,1,0
16.113587100,0,0
16.113592300,1,0
16.113597300,0,0
16.113602500,1,0
16.113607500,0,0
16.113612700,1,0
16.113617700,0,0
16.113622900,1,0
16.113627900,0,0
16.113633000,1,0
16.113638100,0,0
16.113643200,1,0
16.113648300,0,0
16.113653400,1,0
16.113658400,0,0
16.113661700,0,1
16.113663600,1,1
16.113668600,0,1
16.113669000,0,0
16.113673800,1,0
16.113678800,0,0
16.113684000,1,0
16.113689000,0,0
16.113694100,1,0
16.113699200,0,0
16.113704300,1,0
16.113709400,0,0
16.113714500,1,0
16.113719600,0,0
16.113724700,1,0
16.113729700,0,0
16.113734900,1,0
16.113739900,0,0
16.113740500,0,1
16.113745100,1,1
16.113750100,0,1
16.113751100,0,0
16.113755300,1,0
16.113761500,1,1
16.211157400,1,0
16.211163400,0,0
16.211164500,0,1
16.211168500,1,1
16.211173600,0,1
16.211174600,0,0
16.211178700,1,0
16.211183800,0,0
16.211184900,0,1
16.211188900,1,1
16.211193900,0,1
16.211194900,0,0
16.211199100,1,0
16.211204100,0,0
16.211205300,0,1
16.211209300,1,1
16.211214300,0,1
16.211215300,0,0
16.211219500,1,0
16.211224500,0,0
16.211229600,1,0
16.211234700,0,0
16.211239800,1,0
16.211244900,0,0
16.211250000,1,0
16.211255000,0,0
16.211260200,1,0
16.211265200,0,0
16.211266400,0,1
16.211270400,1,1
16.211275400,0,1
16.211276400,0,0
16.211280600,1,0
16.211285600,0,0
16.211290800,1,0
16.211295800,0,0
16.211300900,1,0
16.211306000,0,0
16.211311100,1,0
16.211316200,0,0
16.211321300,1,0
16.211326300,0,0
16.211331500,1,0
16.211336500,0,0
16.211341700,1,0
16.211346700,0,0
16.211347400,0,1
16.211351900,1,1
16.211358900,1,0
16.211364900,0,0
16.211366100,0,1
16.211370000,1,1
16.211375100,0,1
16.211376100,0,0
16.211380200,1,0
16.211385300,0,0
16.211386500,0,1
16.211390400,1,1
16.211395500,0,1
16.211396500,0,0
16.211400600,1,0
16.211405600,0,0
16.211406800,0,1
16.211410800,1,1
16.211415800,0,1
16.211416800,0,0
16.211421000,1,0
16.211426000,0,0
16.211431200,1,0
16.211436200,0,0
16.211437400,0,1
16.211441300,1,1
16.211446400,0,1
16.211446800,0,0
16.211451500,1,0
16.211456600,0,0
16.211461700,1,0
16.211466700,0,0
16.211471900,1,0
16.211476900,0,0
16.211482100,1,0
16.211487100,0,0
16.211492300,1,0
16.211497300,0,0
16.211497900,0,1
16.211502500,1,1
16.211507500,0,1
16.211512600,1,1
16.211517700,0,1
16.211522800,1,1
16.211527900,0,1
16.211533000,1,1
16.211538000,0,1
16.211543200,1,1
16.211548200,0,1
16.211549200,0,0
16.211553400,1,0
16.211559600,1,1
16.211628400,1,0
16.211634400,0,0
16.211635600,0,1
16.211639500,1,1
16.211644600,0,1
16.211645600,0,0
16.211649700,1,0
16.211654800,0,0
16.211656000,0,1
16.211659900,1,1
16.211665000,0,1
16.211666000,0,0
16.211670100,1,0
16.211675200,0,0
16.211676300,0,1
16.211680300,1,1
16.211685300,0,1
16.211686300,0,0
16.211690500,1,0
16.211695500,0,0
16.211700700,1,0
16.211705700,0,0
16.211710900,1,0
16.211715900,0,0
16.211721000,1,0
16.211726100,0,0
16.211731200,1,0
16.211736300,0,0
16.211737500,0,1
16.211741400,1,1
16.211746500,0,1
16.211747400,0,0
16.211751600,1,0
16.211756600,0,0
16.211757800,0,1
16.211761800,1,1
16.211766800,0,1
16.211767800,0,0
16.211772000,1,0
16.211777000,0,0
16.211782200,1,0
16.211787200,0,0
16.211792300,1,0
16.211797400,0,0
16.211802500,1,0
16.211807600,0,0
16.211812700,1,0
16.211817700,0,0
16.211818400,0,1
16.211822900,1,1
16.211829900,1,0
16.211835900,0,0
16.211837100,0,1
16.211841100,1,1
16.211846100,0,1
16.211847100,0,0
16.211851300,1,0
16.211856300,0,0
16.211857500,0,1
16.211861500,1,1
16.211866500,0,1
16.211867500,0,0
16.211871600,1,0
16.211876700,0,0
16.211877900,0,1
16.211881800,1,1
16.211886900,0,1
16.211887900,0,0
16.211892000,1,0
16.211897000,0,0
16.211902200,1,0
16.211907200,0,0
16.211908400,0,1
16.211912400,1,1
16.211917400,0,1
16.211917800,0,0
16.211922600,1,0
16.211927600,0,0
16.211932800,1,0
16.211937800,0,0
16.211942900,1,0
16.211948000,0,0
16.211953100,1,0
16.211958200,0,0
16.211963300,1,0
16.211968300,0,0
16.211973500,1,0
16.211978500,0,0
16.211983700,1,0
16.211988700,0,0
16.211993900,1,0
16.211998900,0,0
16.212004000,1,0
16.212009100,0,0
16.212014200,1,0
16.212019300,0,0
16.212022500,0,1
16.212024400,1,1
16.212029400,0,1
16.212029900,0,0
16.212034600,1,0
16.212039600,0,0
16.212044800,1,0
16.212049800,0,0
16.212055000,1,0
16.212060000,0,0
16.212065200,1,0
16.212070200,0,0
16.212075300,1,0
16.212080400,0,0
16.212085500,1,0
16.212090600,0,0
16.212095700,1,0
16.212100700,0,0
16.212105900,1,0
16.212110900,0,0
16.212116100,1,0
16.212121100,0,0
16.212126300,1,0
16.212131300,0,0
16.212136500,1,0
16.212141500,0,0
16.212146600,1,0
16.212151700,0,0
16.212156800,1,0
16.212161900,0,0
16.212167000,1,0
16.212172000,0,0
16.212177200,1,0
16.212182200,0,0
16.212187400,1,0
16.212192400,0,0
16.212197600,1,0
16.212202600,0,0
16.212205800,0,1
16.212207700,1,1
16.212212800,0,1
16.212213200,0,0
16.212217900,1,0
16.212223000,0,0
16.212228100,1,0
16.212233100,0,0
16.212238300,1,0
16.212243300,0,0
16.212248500,1,0
16.212253500,0,0
16.212258700,1,0
16.212263700,0,0
16.212268900,1,0
16.212273900,0,0
16.212279000,1,0
16.212284100,0,0
16.212289200,1,0
16.212294300,0,0
16.212299400,1,0
16.212304400,0,0
16.212309600,1,0
16.212314600,0,0
16.212319800,1,0
16.212324800,0,0
16.212330000,1,0
16.212335000,0,0
16.212340200,1,0
16.212345200,0,0
16.212350300,1,0
16.212355400,0,0
16.212360500,1,0
16.212365600,0,0
16.212370700,1,0
16.212375700,0,0
16.212380900,1,0
16.212385900,0,0
16.212389100,0,1
16.212391100,1,1
16.212396100,0,1
16.212396500,0,0
16.212401300,1,0
16.212406300,0,0
16.212411500,1,0
16.212416500,0,0
16.212421600,1,0
16.212426700,0,0
16.212431800,1,0
16.212436900,0,0
16.212442000,1,0
16.212447000,0,0
16.212452200,1,0
16.212457200,0,0
16.212462400,1,0
16.212467400,0,0
16.212468100,0,1
16.212472600,1,1
16.212477600,0,1
16.212478600,0,0
16.212482700,1,0
16.212489000,1,1
16.309906900,1,0
16.309912900,0,0
16.309914000,0,1
16.309918000,1,1
16.309923100,0,1
16.309924100,0,0
16.309928200,1,0
16.309933200,0,0
16.309934400,0,1
16.309938400,1,1
16.309943400,0,1
16.309944400,0,0
16.309948600,1,0
16.309953600,0,0
16.309954800,0,1
16.309958800,1,1
16.309963800,0,1
16.309964800,0,0
16.309968900,1,0
16.309974000,0,0
16.309979100,1,0
16.309984200,0,0
16.309989300,1,0
16.309994300,0,0
16.309999500,1,0
16.310004500,0,0
16.310009700,1,0
16.310014700,0,0
16.310015900,0,1
16.310019900,1,1
16.310024900,0,1
16.310025900,0,0
16.310030100,1,0
16.310035100,0,0
16.310040200,1,0
16.310045300,0,0
16.310050400,1,0
16.310055500,0,0
16.310060600,1,0
16.310065600,0,0
16.310070800,1,0
16.310075800,0,0
16.310081000,1,0
16.310086000,0,0
16.310091200,1,0
16.310096200,0,0
16.310096800,0,1
16.310101400,1,1
16.310108400,1,0
16.310114400,0,0
16.310115600,0,1
16.310119500,1,1
16.310124600,0,1
16.310125600,0,0
16.310129700,1,0
16.310134800,0,0
16.310135900,0,1
16.310139900,1,1
16.310144900,0,1
16.310145900,0,0
16.310150100,1,0
16.310155100,0,0
16.310156300,0,1
16.310160300,1,1
16.310165300,0,1
16.310166300,0,0
16.310170500,1,0
16.310175500,0,0
16.310180600,1,0
16.310185700,0,0
16.310186900,0,1
16.310190800,1,1
16.310195900,0,1
16.310196300,0,0
16.310201000,1,0
16.310206100,0,0
16.310211200,1,0
16.310216200,0,0
16.310221400,1,0
16.310226400,0,0
16.310231600,1,0
16.310236600,0,0
16.310241800,1,0
16.310246800,0,0
16.310247500,0,1
16.310251900,1,1
16.310257000,0,1
16.310262100,1,1
16.310267200,0,1
16.310272300,1,1
16.310277300,0,1
16.310282500,1,1
16.310287500,0,1
16.310292700,1,1
16.310297700,0,1
16.310298700,0,0
16.310302900,1,0
16.310309100,1,1
16.310376900,1,0
16.310382900,0,0
16.310384100,0,1
16.310388000,1,1
16.310393100,0,1
16.310394100,0,0
16.310398200,1,0
16.310403300,0,0
16.310404500,0,1
16.310408400,1,1
16.310413500,0,1
16.310414500,0,0
16.310418600,1,0
16.310423600,0,0
16.310424800,0,1
16.310428800,1,1
16.310433800,0,1
16.310434800,0,0
16.310439000,1,0
16.310444000,0,0
16.310449200,1,0
16.310454200,0,0
16.310459400,1,0
16.310464400,0,0
16.310469500,1,0
16.310474600,0,0
16.310479700,1,0
16.310484800,0,0
16.310486000,0,1
16.310489900,1,1
16.310494900,0,1
16.310495900,0,0
16.310500100,1,0
16.310505100,0,0
16.310506300,0,1
16.310510300,1,1
16.310515300,0,1
16.310516300,0,0
16.310520500,1,0
16.310525500,0,0
16.310530600,1,0
16.310535700,0,0
16.310540800,1,0
16.310545900,0,0
16.310551000,1,0
16.310556000,0,0
16.310561200,1,0
16.310566200,0,0
16.310566800,0,1
16.310571400,1,1
16.310578400,1,0
16.310584400,0,0
16.310585600,0,1
16.310589600,1,1
16.310594600,0,1
16.310595600,0,0
16.310599800,1,0
16.310604800,0,0
16.310606000,0,1
16.310609900,1,1
16.310615000,0,1
16.310616000,0,0
16.310620100,1,0
16.310625200,0,0
16.310626300,0,1
16.310630300,1,1
16.310635300,0,1
16.310636300,0,0
16.310640500,1,0
16.310645500,0,0
16.310650700,1,0
16.310655700,0,0
16.310656900,0,1
16.310660900,1,1
16.310665900,0,1
16.310666300,0,0
16.310671100,1,0
16.310676100,0,0
16.310681200,1,0
16.310686300,0,0
16.310691400,1,0
16.310696500,0,0
16.310701600,1,0
16.310706600,0,0
16.310711800,1,0
16.310716800,0,0
16.310722000,1,0
16.310727000,0,0
16.310732200,1,0
16.310737200,0,0
16.310742300,1,0
16.310747400,0,0
16.310752500,1,0
16.310757600,0,0
16.310762700,1,0
16.310767700,0,0
16.310771000,0,1
16.310772900,1,1
16.310777900,0,1
16.310778300,0,0
16.310783100,1,0
16.310788100,0,0
16.310793300,1,0
16.310798300,0,0
16.310803500,1,0
16.310808500,0,0
16.310813600,1,0
16.310818700,0,0
16.310823800,1,0
16.310828900,0,0
16.310834000,1,0
16.310839000,0,0
16.310844200,1,0
16.310849200,0,0
16.310854400,1,0
16.310859400,0,0
16.310864600,1,0
16.310869600,0,0
16.310874800,1,0
16.310879800,0,0
16.310884900,1,0
16.310890000,0,0
16.310895100,1,0
16.310900200,0,0
16.310905300,1,0
16.310910300,0,0
16.310915500,1,0
16.310920500,0,0
16.310925700,1,0
16.310930700,0,0
16.310935900,1,0
16.310940900,0,0
16.310946000,1,0
16.310951100,0,0
16.310954300,0,1
16.310956200,1,1
16.310961300,0,1
16.310961700,0,0
16.310966400,1,0
16.310971500,0,0
16.310976600,1,0
16.310981600,0,0
16.310986800,1,0
16.310991800,0,0
16.310997000,1,0
16.311002000,0,0
16.311007200,1,0
16.311012200,0,0
16.311017300,1,0
16.311022400,0,0
16.311027500,1,0
16.311032600,0,0
16.311037700,1,0
16.311042700,0,0
16.311047900,1,0
16.311052900,0,0
16.311058100,1,0
16.311063100,0,0
16.311068300,1,0
16.311073300,0,0
16.311078500,1,0
16.311083500,0,0
16.311088600,1,0
16.311093700,0,0
16.311098800,1,0
16.311103900,0,0
16.311109000,1,0
16.311114000,0,0
16.311119200,1,0
16.311124200,0,0
16.311129400,1,0
16.311134400,0,0
16.311137600,0,1
16.311139600,1,1
16.311144600,0,1
16.311145000,0,0
16.311149800,1,0
16.311154800,0,0
16.311159900,1,0
16.311165000,0,0
16.311170100,1,0
16.311175200,0,0
16.311180300,1,0
16.311185300,0,0
16.311190500,1,0
16.311195500,0,0
16.311200700,1,0
16.311205700,0,0
16.311210900,1,0
16.311215900,0,0
16.311216500,0,1
16.311221000,1,1
16.311226100,0,1
16.311227100,0,0
16.311231200,1,0
16.311237500,1,1
16.409416300,1,0
16.409422300,0,0
16.409423500,0,1
16.409427500,1,1
16.409432500,0,1
16.409433500,0,0
16.409437700,1,0
16.409442700,0,0
16.409443900,0,1
16.409447900,1,1
16.409452900,0,1
16.409453900,0,0
16.409458100,1,0
16.409463100,0,0
16.409464300,0,1
16.409468200,1,1
16.409473300,0,1
16.409474300,0,0
16.409478400,1,0
16.409483500,0,0
16.409488600,1,0
16.409493600,0,0
16.409498800,1,0
16.409503800,0,0
16.409509000,1,0
16.409514000,0,0
16.409519200,1,0
16.409524200,0,0
16.409525400,0,1
16.409529400,1,1
16.409534400,0,1
16.409535400,0,0
16.409539500,1,0
16.409544600,0,0
16.409549700,1,0
16.409554800,0,0
16.409559900,1,0
16.409564900,0,0
16.409570100,1,0
16.409575100,0,0
16.409580300,1,0
16.409585300,0,0
16.409590500,1,0
16.409595500,0,0
16.409600600,1,0
16.409605700,0,0
16.409606300,0,1
16.409610800,1,1
16.409617900,1,0
16.409623900,0,0
16.409625000,0,1
16.409629000,1,1
16.409634000,0,1
16.409635000,0,0
16.409639200,1,0
16.409644200,0,0
16.409645400,0,1
16.409649400,1,1
16.409654400,0,1
16.409655400,0,0
16.409659600,1,0
16.409664600,0,0
16.409665800,0,1
16.409669800,1,1
16.409674800,0,1
16.409675800,0,0
16.409679900,1,0
16.409685000,0,0
16.409690100,1,0
16.409695200,0,0
16.409696400,0,1
16.409700300,1,1
16.409705300,0,1
16.409705700,0,0
16.409710500,1,0
16.409715500,0,0
16.409720700,1,0
16.409725700,0,0
16.409730900,1,0
16.409735900,0,0
16.409741100,1,0
16.409746100,0,0
16.409751200,1,0
16.409756300,0,0
16.409756900,0,1
16.409761400,1,1
16.409766500,0,1
16.409771600,1,1
16.409776600,0,1
16.409781800,1,1
16.409786800,0,1
16.409792000,1,1
16.409797000,0,1
16.409802200,1,1
16.409807200,0,1
16.409808200,0,0
16.409812300,1,0
16.409818600,1,1
16.409879400,1,0
16.409885400,0,0
16.409886500,0,1
16.409890500,1,1
16.409895600,0,1
16.409896600,0,0
16.409900700,1,0
16.409905800,0,0
16.409906900,0,1
16.409910900,1,1
16.409915900,0,1
16.409916900,0,0
16.409921100,1,0
16.409926100,0,0
16.409927300,0,1
16.409931300,1,1
16.409936300,0,1
16.409937300,0,0
16.409941500,1,0
16.409946500,0,0
16.409951600,1,0
16.409956700,0,0
16.409961800,1,0
16.409966900,0,0
16.409972000,1,0
16.409977000,0,0
16.409982200,1,0
16.409987200,0,0
16.409988400,0,1
16.409992400,1,1
16.409997400,0,1
16.409998400,0,0
16.410002600,1,0
16.410007600,0,0
16.410008800,0,1
16.410012800,1,1
16.410017800,0,1
16.410018800,0,0
16.410022900,1,0
16.410028000,0,0
16.410033100,1,0
16.410038200,0,0
16.410043300,1,0
16.410048300,0,0
16.410053500,1,0
16.410058500,0,0
16.410063700,1,0
16.410068700,0,0
16.410069300,0,1
16.410073900,1,1
16.410080900,1,0
16.410086900,0,0
16.410088100,0,1
16.410092000,1,1
16.410097100,0,1
16.410098100,0,0
16.410102200,1,0
16.410107300,0,0
16.410108500,0,1
16.410112400,1,1
16.410117500,0,1
16.410118500,0,0
16.410122600,1,0
16.410127600,0,0
16.410128800,0,1
16.410132800,1,1
16.410137800,0,1
16.410138800,0,0
16.410143000,1,0
16.410148000,0,0
16.410153200,1,0
16.410158200,0,0
16.410159400,0,1
16.410163300,1,1
16.410168400,0,1
16.410168800,0,0
16.410173500,1,0
16.410178600,0,0
16.410183700,1,0
16.410188700,0,0
16.410193900,1,0
16.410198900,0,0
16.410204100,1,0
16.410209100,0,0
16.410214300,1,0
16.410219300,0,0
16.410224500,1,0
16.410229500,0,0
16.410234600,1,0
16.410239700,0,0
16.410244800,1,0
16.410249900,0,0
16.410255000,1,0
16.410260000,0,0
16.410265200,1,0
16.410270200,0,0
16.410273400,0,1
16.410275400,1,1
16.410280400,0,1
16.410280800,0,0
16.410285600,1,0
16.410290600,0,0
16.410295800,1,0
16.410300800,0,0
16.410305900,1,0
16.410311000,0,0
16.410316100,1,0
16.410321200,0,0
16.410326300,1,0
16.410331300,0,0
16.410336500,1,0
16.410341500,0,0
16.410346700,1,0
16.410351700,0,0
16.410356900,1,0
16.410361900,0,0
16.410367000,1,0
16.410372100,0,0
16.410377200,1,0
16.410382300,0,0
16.410387400,1,0
16.410392400,0,0
16.410397600,1,0
16.410402600,0,0
16.410407800,1,0
16.410412800,0,0
16.410418000,1,0
16.410423000,0,0
16.410428200,1,0
16.410433200,0,0
16.410438300,1,0
16.410443400,0,0
16.410448500,1,0
16.410453600,0,0
16.410456800,0,1
16.410458700,1,1
16.410463700,0,1
16.410464200,0,0
16.410468900,1,0
16.410473900,0,0
16.410479100,1,0
16.410484100,0,0
16.410489300,1,0
16.410494300,0,0
16.410499500,1,0
16.410504500,0,0
16.410509600,1,0
16.410514700,0,0
16.410519800,1,0
16.410524900,0,0
16.410530000,1,0
16.410535000,0,0
16.410540200,1,0
16.410545200,0,0
16.410550400,1,0
16.410555400,0,0
16.410560600,1,0
16.410565600,0,0
16.410570800,1,0
16.410575800,0,0
16.410580900,1,0
16.410586000,0,0
16.410591100,1,0
16.410596200,0,0
16.410601300,1,0
16.410606300,0,0
16.410611500,1,0
16.410616500,0,0
16.410621700,1,0
16.410626700,0,0
16.410631900,1,0
16.410636900,0,0
16.410640100,0,1
16.410642000,1,1
16.410647100,0,1
16.410647500,0,0
16.410652200,1,0
16.410657300,0,0
16.410662400,1,0
16.410667400,0,0
16.410672600,1,0
16.410677600,0,0
16.410682800,1,0
16.410687800,0,0
16.410693000,1,0
16.410698000,0,0
16.410703200,1,0
16.410708200,0,0
16.410713300,1,0
16.410718400,0,0
16.410719000,0,1
16.410723500,1,1
16.410728600,0,1
16.410729600,0,0
16.410733700,1,0
16.410739900,1,1
16.508189800,1,0
16.508195800,0,0
16.508197000,0,1
16.508201000,1,1
16.508206000,0,1
16.508207000,0,0
16.508211200,1,0
16.508216200,0,0
16.508217400,0,1
16.508221400,1,1
16.508226400,0,1
16.508227400,0,0
16.508231500,1,0
16.508236600,0,0
16.508237800,0,1
16.508241700,1,1
16.508246800,0,1
16.508247800,0,0
16.508251900,1,0
16.508256900,0,0
16.508262100,1,0
16.508267100,0,0
16.508272300,1,0
16.508277300,0,0
16.508282500,1,0
16.508287500,0,0
16.508292700,1,0
16.508297700,0,0
16.508298900,0,1
16.508302800,1,1
16.508307900,0,1
16.508308900,0,0
16.508313000,1,0
16.508318100,0,0
16.508323200,1,0
16.508328200,0,0
16.508333400,1,0
16.508338400,0,0
16.508343600,1,0
16.508348600,0,0
16.508353800,1,0
16.508358800,0,0
16.508364000,1,0
16.508369000,0,0
16.508374100,1,0
16.508379200,0,0
16.508379800,0,1
16.508384300,1,1
16.508391400,1,0
16.508397400,0,0
16.508398500,0,1
16.508402500,1,1
16.508407500,0,1
16.508408500,0,0
16.508412700,1,0
16.508417700,0,0
16.508418900,0,1
16.508422900,1,1
16.508427900,0,1
16.508428900,0,0
16.508433100,1,0
16.508438100,0,0
16.508439300,0,1
16.508443200,1,1
16.508448300,0,1
16.508449300,0,0
16.508453400,1,0
16.508458500,0,0
16.508463600,1,0
16.508468600,0,0
16.508469900,0,1
16.508473800,1,1
16.508478800,0,1
16.508479300,0,0
16.508484000,1,0
16.508489000,0,0
16.508494200,1,0
16.508499200,0,0
16.508504400,1,0
16.508509400,0,0
16.508514500,1,0
16.508519600,0,0
16.508524700,1,0
16.508529800,0,0
16.508530400,0,1
16.508534900,1,1
16.508539900,0,1
16.508545100,1,1
16.508550100,0,1
16.508555300,1,1
16.508560300,0,1
16.508565500,1,1
16.508570500,0,1
16.508575700,1,1
16.508580700,0,1
16.508581700,0,0
16.508585800,1,0
16.508592000,1,1
16.508652900,1,0
16.508658900,0,0
16.508660000,0,1
16.508664000,1,1
16.508669100,0,1
16.508670100,0,0
16.508674200,1,0
16.508679200,0,0
16.508680400,0,1
16.508684400,1,1
16.508689400,0,1
16.508690400,0,0
16.508694600,1,0
16.508699600,0,0
16.508700800,0,1
16.508704800,1,1
16.508709800,0,1
16.508710800,0,0
16.508714900,1,0
16.508720000,0,0
16.508725100,1,0
16.508730200,0,0
16.508735300,1,0
16.508740300,0,0
16.508745500,1,0
16.508750500,0,0
16.508755700,1,0
16.508760700,0,0
16.508761900,0,1
16.508765900,1,1
16.508770900,0,1
16.508771900,0,0
16.508776100,1,0
16.508781100,0,0
16.508782300,0,1
16.508786200,1,1
16.508791300,0,1
16.508792300,0,0
16.508796400,1,0
16.508801500,0,0
16.508806600,1,0
16.508811600,0,0
16.508816800,1,0
16.508821800,0,0
16.508827000,1,0
16.508832000,0,0
16.508837200,1,0
16.508842200,0,0
16.508842800,0,1
16.508847400,1,1
16.508854400,1,0
16.508860400,0,0
16.508861600,0,1
16.508865500,1,1
16.508870600,0,1
16.508871600,0,0
16.508875700,1,0
16.508880800,0,0
16.508881900,0,1
16.508885900,1,1
16.508890900,0,1
16.508891900,0,0
16.508896100,1,0
16.508901100,0,0
16.508902300,0,1
16.508906300,1,1
16.508911300,0,1
16.508912300,0,0
16.508916500,1,0
16.508921500,0,0
16.508926600,1,0
16.508931700,0,0
16.508932900,0,1
16.508936800,1,1
16.508941900,0,1
16.508942300,0,0
16.508947000,1,0
16.508952100,0,0
16.508957200,1,0
16.508962200,0,0
16.508967400,1,0
16.508972400,0,0
16.508977600,1,0
16.508982600,0,0
16.508987800,1,0
16.508992800,0,0
16.508997900,1,0
16.509003000,0,0
16.509008100,1,0
16.509013200,0,0
16.509018300,1,0
16.509023300,0,0
16.509028500,1,0
16.509033500,0,0
16.509038700,1,0
16.509043700,0,0
16.509046900,0,1
16.509048900,1,1
16.509053900,0,1
16.509054400,0,0
16.509059100,1,0
16.509064100,0,0
16.509069200,1,0
16.509074300,0,0
16.509079400,1,0
16.509084500,0,0
16.509089600,1,0
16.509094600,0,0
16.509099800,1,0
16.509104800,0,0
16.509110000,1,0
16.509115000,0,0
16.509120200,1,0
16.509125200,0,0
16.509130400,1,0
16.509135400,0,0
16.509140500,1,0
16.509145600,0,0
16.509150700,1,0
16.509155800,0,0
16.509160900,1,0
16.509165900,0,0
16.509171100,1,0
16.509176100,0,0
16.509181300,1,0
16.509186300,0,0
16.509191500,1,0
16.509196500,0,0
16.509201600,1,0
16.509206700,0,0
16.509211800,1,0
16.509216900,0,0
16.509222000,1,0
16.509227000,0,0
16.509230300,0,1
16.509232200,1,1
16.509237200,0,1
16.509237600,0,0
16.509242400,1,0
16.509247400,0,0
16.509252600,1,0
16.509257600,0,0
16.509262800,1,0
16.509267800,0,0
16.509272900,1,0
16.509278000,0,0
16.509283100,1,0
16.509288200,0,0
16.509293300,1,0
16.509298300,0,0
16.509303500,1,0
16.509308500,0,0
16.509313700,1,0
16.509318700,0,0
16.509323900,1,0
16.509328900,0,0
16.509334100,1,0
16.509339100,0,0
16.509344200,1,0
16.509349300,0,0
16.509354400,1,0
16.509359500,0,0
16.509364600,1,0
16.509369600,0,0
16.509374800,1,0
16.509379800,0,0
16.509385000,1,0
16.509390000,0,0
16.509395200,1,0
16.509400200,0,0
16.509405300,1,0
16.509410400,0,0
16.509413600,0,1
16.509415500,1,1
16.509420600,0,1
16.509421000,0,0
16.509425700,1,0
16.509430700,0,0
16.509435900,1,0
16.509440900,0,0
16.509446100,1,0
16.509451100,0,0
16.509456300,1,0
16.509461300,0,0
16.509466500,1,0
16.509471500,0,0
16.509476600,1,0
16.509481700,0,0
16.509486800,1,0
16.509491900,0,0
16.509492500,0,1
16.509497000,1,1
16.509502000,0,1
16.509503000,0,0
16.509507200,1,0
16.509513400,1,1
16.607846300,1,0
16.607852300,0,0
16.607853500,0,1
16.607857400,1,1
16.607862500,0,1
16.607863500,0,0
16.607867600,1,0
16.607872700,0,0
16.607873900,0,1
16.607877800,1,1
16.607882900,0,1
16.607883900,0,0
16.607888000,1,0
16.607893100,0,0
16.607894200,0,1
16.607898200,1,1
16.607903200,0,1
16.607904200,0,0
16.607908400,1,0
16.607913400,0,0
16.607918600,1,0
16.607923600,0,0
16.607928800,1,0
16.607933800,0,0
16.607939000,1,0
16.607944000,0,0
16.607949100,1,0
16.607954200,0,0
16.607955400,0,1
16.607959300,1,1
16.607964400,0,1
16.607965300,0,0
16.607969500,1,0
16.607974500,0,0
16.607979700,1,0
16.607984700,0,0
16.607989900,1,0
16.607994900,0,0
16.608000100,1,0
16.608005100,0,0
16.608010200,1,0
16.608015300,0,0
16.608020400,1,0
16.608025500,0,0
16.608030600,1,0
16.608035600,0,0
16.608036300,0,1
16.608040800,1,1
16.608047800,1,0
16.608053800,0,0
16.608055000,0,1
16.608059000,1,1
16.608064000,0,1
16.608065000,0,0
16.608069200,1,0
16.608074200,0,0
16.608075400,0,1
16.608079400,1,1
16.608084400,0,1
16.608085400,0,0
16.608089500,1,0
16.608094600,0,0
16.608095800,0,1
16.608099700,1,1
16.608104800,0,1
16.608105800,0,0
16.608109900,1,0
16.608114900,0,0
16.608120100,1,0
16.608125100,0,0
16.608126300,0,1
16.608130300,1,1
16.608135300,0,1
16.608135800,0,0
16.608140500,1,0
16.608145500,0,0
16.608150700,1,0
16.608155700,0,0
16.608160800,1,0
16.608165900,0,0
16.608171000,1,0
16.608176100,0,0
16.608181200,1,0
16.608186200,0,0
16.608186900,0,1
16.608191400,1,1
16.608196400,0,1
16.608201600,1,1
16.608206600,0,1
16.608211800,1,1
16.608216800,0,1
16.608221900,1,1
16.608227000,0,1
16.608232100,1,1
16.608237200,0,1
16.608238200,0,0
16.608242300,1,0
16.608248500,1,1
16.608309300,1,0
16.608315300,0,0
16.608316500,0,1
16.608320500,1,1
16.608325500,0,1
16.608326500,0,0
16.608330700,1,0
16.608335700,0,0
16.608336900,0,1
16.608340900,1,1
16.608345900,0,1
16.608346900,0,0
16.608351100,1,0
16.608356100,0,0
16.608357300,0,1
16.608361200,1,1
16.608366300,0,1
16.608367300,0,0
16.608371400,1,0
16.608376500,0,0
16.608381600,1,0
16.608386600,0,0
16.608391800,1,0
16.608396800,0,0
16.608402000,1,0
16.608407000,0,0
16.608412200,1,0
16.608417200,0,0
16.608418400,0,1
16.608422400,1,1
16.608427400,0,1
16.608428400,0,0
16.608432500,1,0
16.608437600,0,0
16.608438800,0,1
16.608442700,1,1
16.608447800,0,1
16.608448800,0,0
16.608452900,1,0
16.608457900,0,0
16.608463100,1,0
16.608468100,0,0
16.608473300,1,0
16.608478300,0,0
16.608483500,1,0
16.608488500,0,0
16.608493600,1,0
16.608498700,0,0
16.608499300,0,1
16.608503800,1,1
16.608510900,1,0
16.608516900,0,0
16.608518000,0,1
16.608522000,1,1
16.608527000,0,1
16.608528000,0,0
16.608532200,1,0
16.608537200,0,0
16.608538400,0,1
16.608542400,1,1
16.608547400,0,1
16.608548400,0,0
16.608552600,1,0
16.608557600,0,0
16.608558800,0,1
16.608562800,1,1
16.608567800,0,1
16.608568800,0,0
16.608572900,1,0
16.608578000,0,0
16.608583100,1,0
16.608588200,0,0
16.608589400,0,1
16.608593300,1,1
16.608598300,0,1
16.608598700,0,0
16.608603500,1,0
16.608608500,0,0
16.608613700,1,0
16.608618700,0,0
16.608623900,1,0
16.608628900,0,0
16.608634100,1,0
16.608639100,0,0
16.608644200,1,0
16.608649300,0,0
16.608654400,1,0
16.608659500,0,0
16.608664600,1,0
16.608669600,0,0
16.608674800,1,0
16.608679800,0,0
16.608685000,1,0
16.608690000,0,0
16.608695200,1,0
16.608700200,0,0
16.608703400,0,1
16.608705300,1,1
16.608710400,0,1
16.608710800,0,0
16.608715500,1,0
16.608720600,0,0
16.608725700,1,0
16.608730800,0,0
16.608735900,1,0
16.608740900,0,0
16.608746100,1,0
16.608751100,0,0
16.608756300,1,0
16.608761300,0,0
16.608766500,1,0
16.608771500,0,0
16.608776600,1,0
16.608781700,0,0
16.608786800,1,0
16.608791900,0,0
16.608797000,1,0
16.608802000,0,0
16.608807200,1,0
16.608812200,0,0
16.608817400,1,0
16.608822400,0,0
16.608827600,1,0
16.608832600,0,0
16.608837800,1,0
16.608842800,0,0
16.608847900,1,0
16.608853000,0,0
16.608858100,1,0
16.608863200,0,0
16.608868300,1,0
16.608873300,0,0
16.608878500,1,0
16.608883500,0,0
16.608886700,0,1
16.608888700,1,1
16.608893700,0,1
16.608894100,0,0
16.608898900,1,0
16.608903900,0,0
16.608909100,1,0
16.608914100,0,0
16.608919200,1,0
16.608924300,0,0
16.608929400,1,0
16.608934500,0,0
16.608939600,1,0
16.608944600,0,0
16.608949800,1,0
16.608954800,0,0
16.608960000,1,0
16.608965000,0,0
16.608970200,1,0
16.608975200,0,0
16.608980300,1,0
16.608985400,0,0
16.608990500,1,0
16.608995600,0,0
16.609000700,1,0
16.609005700,0,0
16.609010900,1,0
16.609015900,0,0
16.609021100,1,0
16.609026100,0,0
16.609031300,1,0
16.609036300,0,0
16.609041500,1,0
16.609046500,0,0
16.609051600,1,0
16.609056700,0,0
16.609061800,1,0
16.609066900,0,0
16.609070100,0,1
16.609072000,1,1
16.609077000,0,1
16.609077400,0,0
16.609082200,1,0
16.609087200,0,0
16.609092400,1,0
16.609097400,0,0
16.609102600,1,0
16.609107600,0,0
16.609112800,1,0
16.609117800,0,0
16.609122900,1,0
16.609128000,0,0
16.609133100,1,0
16.609138200,0,0
16.609143300,1,0
16.609148300,0,0
16.609149000,0,1
16.609153500,1,1
16.609158500,0,1
16.609159500,0,0
16.609163700,1,0
16.609169900,1,1
16.706614800,1,0
16.706620800,0,0
16.706622000,0,1
16.706625900,1,1
16.706631000,0,1
16.706632000,0,0
16.706636100,1,0
16.706641200,0,0
16.706642400,0,1
16.706646300,1,1
16.706651400,0,1
16.706652400,0,0
16.706656500,1,0
16.706661500,0,0
16.706662700,0,1
16.706666700,1,1
16.706671700,0,1
16.706672700,0,0
16.706676900,1,0
16.706681900,0,0
16.706687100,1,0
16.706692100,0,0
16.706697300,1,0
16.706702300,0,0
16.706707400,1,0
16.706712500,0,0
16.706717600,1,0
16.706722700,0,0
16.706723900,0,1
16.706727800,1,1
16.706732800,0,1
16.706733800,0,0
16.706738000,1,0
16.706743000,0,0
16.706748200,1,0
16.706753200,0,0
16.706758400,1,0
16.706763400,0,0
16.706768500,1,0
16.706773600,0,0
16.706778700,1,0
16.706783800,0,0
16.706788900,1,0
16.706794000,0,0
16.706799100,1,0
16.706804100,0,0
16.706804700,0,1
16.706809300,1,1
16.706816300,1,0
16.706822300,0,0
16.706823500,0,1
16.706827500,1,1
16.706832500,0,1
16.706833500,0,0
16.706837700,1,0
16.706842700,0,0
16.706843900,0,1
16.706847800,1,1
16.706852900,0,1
16.706853900,0,0
16.706858000,1,0
16.706863100,0,0
16.706864200,0,1
16.706868200,1,1
16.706873200,0,1
16.706874200,0,0
16.706878400,1,0
16.706883400,0,0
16.706888600,1,0
16.706893600,0,0
16.706894800,0,1
16.706898800,1,1
16.706903800,0,1
16.706904200,0,0
16.706909000,1,0
16.706914000,0,0
16.706919100,1,0
16.706924200,0,0
16.706929300,1,0
16.706934400,0,0
16.706939500,1,0
16.706944500,0,0
16.706949700,1,0
16.706954700,0,0
16.706955300,0,1
16.706959900,1,1
16.706964900,0,1
16.706970100,1,1
16.706975100,0,1
16.706980300,1,1
16.706985300,0,1
16.706990400,1,1
16.706995500,0,1
16.707000600,1,1
16.707005700,0,1
16.707006700,0,0
16.707010800,1,0
16.707017000,1,1
16.707084800,1,0
16.707090800,0,0
16.707092000,0,1
16.707096000,1,1
16.707101000,0,1
16.707102000,0,0
16.707106200,1,0
16.707111200,0,0
16.707112400,0,1
16.707116400,1,1
16.707121400,0,1
16.707122400,0,0
16.707126500,1,0
16.707131600,0,0
16.707132800,0,1
16.707136700,1,1
16.707141800,0,1
16.707142800,0,0
16.707146900,1,0
16.707151900,0,0
16.707157100,1,0
16.707162100,0,0
16.707167300,1,0
16.707172300,0,0
16.707177500,1,0
16.707182500,0,0
16.707187700,1,0
16.707192700,0,0
16.707193900,0,1
16.707197800,1,1
16.707202900,0,1
16.707203900,0,0
16.707208000,1,0
16.707213100,0,0
16.707214300,0,1
16.707218200,1,1
16.707223200,0,1
16.707224200,0,0
16.707228400,1,0
16.707233400,0,0
16.707238600,1,0
16.707243600,0,0
16.707248800,1,0
16.707253800,0,0
16.707259000,1,0
16.707264000,0,0
16.707269100,1,0
16.707274200,0,0
16.707274800,0,1
16.707279300,1,1
16.707286400,1,0
16.707292400,0,0
16.707293500,0,1
16.707297500,1,1
16.707302500,0,1
16.707303500,0,0
16.707307700,1,0
16.707312700,0,0
16.707313900,0,1
16.707317900,1,1
16.707322900,0,1
16.707323900,0,0
16.707328100,1,0
16.707333100,0,0
16.707334300,0,1
16.707338200,1,1
16.707343300,0,1
16.707344300,0,0
16.707348400,1,0
16.707353500,0,0
16.707358600,1,0
16.707363600,0,0
16.707364900,0,1
16.707368800,1,1
16.707373800,0,1
16.707374200,0,0
16.707379000,1,0
16.707384000,0,0
16.707389200,1,0
16.707394200,0,0
16.707399400,1,0
16.707404400,0,0
16.707409500,1,0
16.707414600,0,0
16.707419700,1,0
16.707424800,0,0
16.707429900,1,0
16.707434900,0,0
16.707440100,1,0
16.707445100,0,0
16.707450300,1,0
16.707455300,0,0
16.707460500,1,0
16.707465500,0,0
16.707470700,1,0
16.707475700,0,0
16.707478900,0,1
16.707480800,1,1
16.707485900,0,1
16.707486300,0,0
16.707491000,1,0
16.707496100,0,0
16.707501200,1,0
16.707506200,0,0
16.707511400,1,0
16.707516400,0,0
16.707521600,1,0
16.707526600,0,0
16.707531800,1,0
16.707536800,0,0
16.707541900,1,0
16.707547000,0,0
16.707552100,1,0
16.707557200,0,0
16.707562300,1,0
16.707567400,0,0
16.707572500,1,0
16.707577500,0,0
16.707582700,1,0
16.707587700,0,0
16.707592900,1,0
16.707597900,0,0
16.707603100,1,0
16.707608100,0,0
16.707613200,1,0
16.707618300,0,0
16.707623400,1,0
16.707628500,0,0
16.707633600,1,0
16.707638600,0,0
16.707643800,1,0
16.707648800,0,0
16.707654000,1,0
16.707659000,0,0
16.707662200,0,1
16.707664200,1,1
16.707669200,0,1
16.707669600,0,0
16.707674400,1,0
16.707679400,0,0
16.707684500,1,0
16.707689600,0,0
16.707694700,1,0
16.707699800,0,0
16.707704900,1,0
16.707709900,0,0
16.707715100,1,0
16.707720100,0,0
16.707725300,1,0
16.707730300,0,0
16.707735500,1,0
16.707740500,0,0
16.707745700,1,0
16.707750700,0,0
16.707755800,1,0
16.707760900,0,0
16.707766000,1,0
16.707771100,0,0
16.707776200,1,0
16.707781200,0,0
16.707786400,1,0
16.707791400,0,0
16.707796600,1,0
16.707801600,0,0
16.707806800,1,0
16.707811800,0,0
16.707816900,1,0
16.707822000,0,0
16.707827100,1,0
16.707832200,0,0
16.707837300,1,0
16.707842300,0,0
16.707845600,0,1
16.707847500,1,1
16.707852500,0,1
16.707852900,0,0
16.707857700,1,0
16.707862700,0,0
16.707867900,1,0
16.707872900,0,0
16.707878100,1,0
16.707883100,0,0
16.707888200,1,0
16.707893300,0,0
16.707898400,1,0
16.707903500,0,0
16.707908600,1,0
16.707913600,0,0
16.707918800,1,0
16.707923800,0,0
16.707924500,0,1
16.707929000,1,1
16.707934000,0,1
16.707935000,0,0
16.707939200,1,0
16.707945400,1,1
16.805358300,1,0
16.805364300,0,0
16.805365500,0,1
16.805369400,1,1
16.805374500,0,1
16.805375500,0,0
16.805379600,1,0
16.805384700,0,0
16.805385800,0,1
16.805389800,1,1
16.805394900,0,1
16.805395900,0,0
16.805400000,1,0
16.805405000,0,0
16.805406200,0,1
16.805410200,1,1
16.805415200,0,1
16.805416200,0,0
16.805420400,1,0
16.805425400,0,0
16.805430600,1,0
16.805435600,0,0
16.805440700,1,0
16.805445800,0,0
16.805450900,1,0
16.805456000,0,0
16.805461100,1,0
16.805466100,0,0
16.805467400,0,1
16.805471300,1,1
16.805476300,0,1
16.805477300,0,0
16.805481500,1,0
16.805486500,0,0
16.805491700,1,0
16.805496700,0,0
16.805501900,1,0
16.805506900,0,0
16.805512000,1,0
16.805517100,0,0
16.805522200,1,0
16.805527300,0,0
16.805532400,1,0
16.805537400,0,0
16.805542600,1,0
16.805547600,0,0
16.805548300,0,1
16.805552800,1,1
16.805559800,1,0
16.805565800,0,0
16.805567000,0,1
16.805570900,1,1
16.805576000,0,1
16.805577000,0,0
16.805581100,1,0
16.805586200,0,0
16.805587400,0,1
16.805591300,1,1
16.805596400,0,1
16.805597400,0,0
16.805601500,1,0
16.805606600,0,0
16.805607700,0,1
16.805611700,1,1
16.805616700,0,1
16.805617700,0,0
16.805621900,1,0
16.805626900,0,0
16.805632100,1,0
16.805637100,0,0
16.805638300,0,1
16.805642300,1,1
16.805647300,0,1
16.805647700,0,0
16.805652400,1,0
16.805657500,0,0
16.805662600,1,0
16.805667700,0,0
16.805672800,1,0
16.805677800,0,0
16.805683000,1,0
16.805688000,0,0
16.805693200,1,0
16.805698200,0,0
16.805698800,0,1
16.805703400,1,1
16.805708400,0,1
16.805713600,1,1
16.805718600,0,1
16.805723700,1,1
16.805728800,0,1
16.805733900,1,1
16.805739000,0,1
16.805744100,1,1
16.805749100,0,1
16.805750100,0,0
16.805754300,1,0
16.805760500,1,1
16.805829300,1,0
16.805835300,0,0
16.805836500,0,1
16.805840500,1,1
16.805845500,0,1
16.805846500,0,0
16.805850700,1,0
16.805855700,0,0
16.805856900,0,1
16.805860800,1,1
16.805865900,0,1
16.805866900,0,0
16.805871000,1,0
16.805876100,0,0
16.805877300,0,1
16.805881200,1,1
16.805886300,0,1
16.805887300,0,0
16.805891400,1,0
16.805896400,0,0
16.805901600,1,0
16.805906600,0,0
16.805911800,1,0
16.805916800,0,0
16.805922000,1,0
16.805927000,0,0
16.805932100,1,0
16.805937200,0,0
16.805938400,0,1
16.805942300,1,1
16.805947400,0,1
16.805948400,0,0
16.805952500,1,0
16.805957500,0,0
16.805958700,0,1
16.805962700,1,1
16.805967700,0,1
16.805968700,0,0
16.805972900,1,0
16.805977900,0,0
16.805983100,1,0
16.805988100,0,0
16.805993300,1,0
16.805998300,0,0
16.806003400,1,0
16.806008500,0,0
16.806013600,1,0
16.806018700,0,0
16.806019300,0,1
16.806023800,1,1
16.806030800,1,0
16.806036800,0,0
16.806038000,0,1
16.806042000,1,1
16.806047000,0,1
16.806048000,0,0
16.806052200,1,0
16.806057200,0,0
16.806058400,0,1
16.806062400,1,1
16.806067400,0,1
16.806068400,0,0
16.806072600,1,0
16.806077600,0,0
16.806078800,0,1
16.806082700,1,1
16.806087800,0,1
16.806088800,0,0
16.806092900,1,0
16.806098000,0,0
16.806103100,1,0
16.806108100,0,0
16.806109300,0,1
16.806113300,1,1
16.806118300,0,1
16.806118700,0,0
16.806123500,1,0
16.806128500,0,0
16.806133700,1,0
16.806138700,0,0
16.806143800,1,0
16.806148900,0,0
16.806154000,1,0
16.806159100,0,0
16.806164200,1,0
16.806169300,0,0
16.806174400,1,0
16.806179400,0,0
16.806184600,1,0
16.806189600,0,0
16.806194800,1,0
16.806199800,0,0
16.806205000,1,0
16.806210000,0,0
16.806215100,1,0
16.806220200,0,0
16.806223400,0,1
16.806225300,1,1
16.806230400,0,1
16.806230800,0,0
16.806235500,1,0
16.806240500,0,0
16.806245700,1,0
16.806250700,0,0
16.806255900,1,0
16.806260900,0,0
16.806266100,1,0
16.806271100,0,0
16.806276300,1,0
16.806281300,0,0
16.806286400,1,0
16.806291500,0,0
16.806296600,1,0
16.806301700,0,0
16.806306800,1,0
16.806311800,0,0
16.806317000,1,0
16.806322000,0,0
16.806327200,1,0
16.806332200,0,0
16.806337400,1,0
16.806342400,0,0
16.806347600,1,0
16.806352600,0,0
16.806357700,1,0
16.806362800,0,0
16.806367900,1,0
16.806373000,0,0
16.806378100,1,0
16.806383100,0,0
16.806388300,1,0
16.806393300,0,0
16.806398500,1,0
16.806403500,0,0
16.806406700,0,1
16.806408700,1,1
16.806413700,0,1
16.806414100,0,0
16.806418800,1,0
16.806423900,0,0
16.806429000,1,0
16.806434100,0,0
16.806439200,1,0
16.806444200,0,0
16.806449400,1,0
16.806454400,0,0
16.806459600,1,0
16.806464600,0,0
16.806469800,1,0
16.806474800,0,0
16.806480000,1,0
16.806485000,0,0
16.806490100,1,0
16.806495200,0,0
16.806500300,1,0
16.806505400,0,0
16.806510500,1,0
16.806515500,0,0
16.806520700,1,0
16.806525700,0,0
16.806530900,1,0
16.806535900,0,0
16.806541100,1,0
16.806546100,0,0
16.806551300,1,0
16.806556300,0,0
16.806561400,1,0
16.806566500,0,0
16.806571600,1,0
16.806576700,0,0
16.806581800,1,0
16.806586800,0,0
16.806590100,0,1
16.806592000,1,1
16.806597000,0,1
16.806597400,0,0
16.806602200,1,0
16.806607200,0,0
16.806612400,1,0
16.806617400,0,0
16.806622500,1,0
16.806627600,0,0
16.806632700,1,0
16.806637800,0,0
16.806642900,1,0
16.806647900,0,0
16.806653100,1,0
16.806658100,0,0
16.806663300,1,0
16.806668300,0,0
16.806668900,0,1
16.806673500,1,1
16.806678500,0,1
16.806679500,0,0
16.806683700,1,0
16.806689900,1,1
16.905038800,1,0
16.905044800,0,0
16.905045900,0,1
16.905049900,1,1
16.905055000,0,1
16.905056000,0,0
16.905060100,1,0
16.905065100,0,0
16.905066300,0,1
16.905070300,1,1
16.905075300,0,1
16.905076300,0,0
16.905080500,1,0
16.905085500,0,0
16.905086700,0,1
16.905090700,1,1
16.905095700,0,1
16.905096700,0,0
16.905100900,1,0
16.905105900,0,0
16.905111000,1,0
16.905116100,0,0
16.905121200,1,0
16.905126300,0,0
16.905131400,1,0
16.905136400,0,0
16.905141600,1,0
16.905146600,0,0
16.905147800,0,1
16.905151800,1,1
16.905156800,0,1
16.905157800,0,0
16.905162000,1,0
16.905167000,0,0
16.905172200,1,0
16.905177200,0,0
16.905182300,1,0
16.905187400,0,0
16.905192500,1,0
16.905197600,0,0
16.905202700,1,0
16.905207700,0,0
16.905212900,1,0
16.905217900,0,0
16.905223100,1,0
16.905228100,0,0
16.905228800,0,1
16.905233300,1,1
16.905240300,1,0
16.905246300,0,0
16.905247500,0,1
16.905251400,1,1
16.905256500,0,1
16.905257500,0,0
16.905261600,1,0
16.905266700,0,0
16.905267900,0,1
16.905271800,1,1
16.905276800,0,1
16.905277800,0,0
16.905282000,1,0
16.905287000,0,0
16.905288200,0,1
16.905292200,1,1
16.905297200,0,1
16.905298200,0,0
16.905302400,1,0
16.905307400,0,0
16.905312600,1,0
16.905317600,0,0
16.905318800,0,1
16.905322700,1,1
16.905327800,0,1
16.905328200,0,0
16.905332900,1,0
16.905338000,0,0
16.905343100,1,0
16.905348100,0,0
16.905353300,1,0
16.905358300,0,0
16.905363500,1,0
16.905368500,0,0
16.905373700,1,0
16.905378700,0,0
16.905379300,0,1
16.905383900,1,1
16.905388900,0,1
16.905394000,1,1
16.905399100,0,1
16.905404200,1,1
16.905409300,0,1
16.905414400,1,1
16.905419400,0,1
16.905424600,1,1
16.905429600,0,1
16.905430600,0,0
16.905434800,1,0
16.905441000,1,1
16.905509800,1,0
16.905515800,0,0
16.905517000,0,1
16.905520900,1,1
16.905526000,0,1
16.905527000,0,0
16.905531100,1,0
16.905536200,0,0
16.905537400,0,1
16.905541300,1,1
16.905546400,0,1
16.905547400,0,0
16.905551500,1,0
16.905556600,0,0
16.905557700,0,1
16.905561700,1,1
16.905566700,0,1
16.905567700,0,0
16.905571900,1,0
16.905576900,0,0
16.905582100,1,0
16.905587100,0,0
16.905592300,1,0
16.905597300,0,0
16.905602400,1,0
16.905607500,0,0
16.905612600,1,0
16.905617700,0,0
16.905618900,0,1
16.905622800,1,1
16.905627800,0,1
16.905628800,0,0
16.905633000,1,0
16.905638000,0,0
16.905639200,0,1
16.905643200,1,1
16.905648200,0,1
16.905649200,0,0
16.905653400,1,0
16.905658400,0,0
16.905663600,1,0
16.905668600,0,0
16.905673700,1,0
16.905678800,0,0
16.905683900,1,0
16.905689000,0,0
16.905694100,1,0
16.905699100,0,0
16.905699800,0,1
16.905704300,1,1
16.905711300,1,0
16.905717300,0,0
16.905718500,0,1
16.905722500,1,1
16.905727500,0,1
16.905728500,0,0
16.905732700,1,0
16.905737700,0,0
16.905738900,0,1
16.905742800,1,1
16.905747900,0,1
16.905748900,0,0
16.905753000,1,0
16.905758100,0,0
16.905759300,0,1
16.905763200,1,1
16.905768300,0,1
16.905769300,0,0
16.905773400,1,0
16.905778400,0,0
16.905783600,1,0
16.905788600,0,0
16.905789800,0,1
16.905793800,1,1
16.905798800,0,1
16.905799200,0,0
16.905804000,1,0
16.905809000,0,0
16.905814100,1,0
16.905819200,0,0
16.905824300,1,0
16.905829400,0,0
16.905834500,1,0
16.905839500,0,0
16.905844700,1,0
16.905849700,0,0
16.905854900,1,0
16.905859900,0,0
16.905865100,1,0
16.905870100,0,0
16.905875300,1,0
16.905880300,0,0
16.905885400,1,0
16.905890500,0,0
16.905895600,1,0
16.905900700,0,0
16.905903900,0,1
16.905905800,1,1
16.905910800,0,1
16.905911300,0,0
16.905916000,1,0
16.905921000,0,0
16.905926200,1,0
16.905931200,0,0
16.905936400,1,0
16.905941400,0,0
16.905946600,1,0
16.905951600,0,0
16.905956700,1,0
16.905961800,0,0
16.905966900,1,0
16.905972000,0,0
16.905977100,1,0
16.905982100,0,0
16.905987300,1,0
16.905992300,0,0
16.905997500,1,0
16.906002500,0,0
16.906007700,1,0
16.906012700,0,0
16.906017800,1,0
16.906022900,0,0
16.906028000,1,0
16.906033100,0,0
16.906038200,1,0
16.906043200,0,0
16.906048400,1,0
16.906053400,0,0
16.906058600,1,0
16.906063600,0,0
16.906068800,1,0
16.906073800,0,0
16.906079000,1,0
16.906084000,0,0
16.906087200,0,1
16.906089100,1,1
16.906094200,0,1
16.906094600,0,0
16.906099300,1,0
16.906104400,0,0
16.906109500,1,0
16.906114500,0,0
16.906119700,1,0
16.906124700,0,0
16.906129900,1,0
16.906134900,0,0
16.906140100,1,0
16.906145100,0,0
16.906150300,1,0
16.906155300,0,0
16.906160400,1,0
16.906165500,0,0
16.906170600,1,0
16.906175700,0,0
16.906180800,1,0
16.906185800,0,0
16.906191000,1,0
16.906196000,0,0
16.906201200,1,0
16.906206200,0,0
16.906211400,1,0
16.906216400,0,0
16.906221600,1,0
16.906226600,0,0
16.906231700,1,0
16.906236800,0,0
16.906241900,1,0
16.906247000,0,0
16.906252100,1,0
16.906257100,0,0
16.906262300,1,0
16.906267300,0,0
16.906270500,0,1
16.906272500,1,1
16.906277500,0,1
16.906277900,0,0
16.906282700,1,0
16.906287700,0,0
16.906292800,1,0
16.906297900,0,0
16.906303000,1,0
16.906308100,0,0
16.906313200,1,0
16.906318200,0,0
16.906323400,1,0
16.906328400,0,0
16.906333600,1,0
16.906338600,0,0
16.906343800,1,0
16.906348800,0,0
16.906349400,0,1
16.906354000,1,1
16.906359000,0,1
16.906360000,0,0
16.906364100,1,0
16.906370400,1,1
17.003786300,1,0
17.003792300,0,0
17.003793400,0,1
17.003797400,1,1
17.003802500,0,1
17.003803500,0,0
17.003807600,1,0
17.003812600,0,0
17.003813800,0,1
17.003817800,1,1
17.003822800,0,1
17.003823800,0,0
17.003828000,1,0
17.003833000,0,0
17.003834200,0,1
17.003838200,1,1
17.003843200,0,1
17.003844200,0,0
17.003848300,1,0
17.003853400,0,0
17.003858500,1,0
17.003863600,0,0
17.003868700,1,0
17.003873700,0,0
17.003878900,1,0
17.003883900,0,0
17.003889100,1,0
17.003894100,0,0
17.003895300,0,1
17.003899300,1,1
17.003904300,0,1
17.003905300,0,0
17.003909500,1,0
17.003914500,0,0
17.003919600,1,0
17.003924700,0,0
17.003929800,1,0
17.003934900,0,0
17.003940000,1,0
17.003945000,0,0
17.003950200,1,0
17.003955200,0,0
17.003960400,1,0
17.003965400,0,0
17.003970600,1,0
17.003975600,0,0
17.003976300,0,1
17.003980800,1,1
17.003987800,1,0
17.003993800,0,0
17.003995000,0,1
17.003998900,1,1
17.004004000,0,1
17.004005000,0,0
17.004009100,1,0
17.004014200,0,0
17.004015300,0,1
17.004019300,1,1
17.004024300,0,1
17.004025300,0,0
17.004029500,1,0
17.004034500,0,0
17.004035700,0,1
17.004039700,1,1
17.004044700,0,1
17.004045700,0,0
17.004049900,1,0
17.004054900,0,0
17.004060100,1,0
17.004065100,0,0
17.004066300,0,1
17.004070200,1,1
17.004075300,0,1
17.004075700,0,0
17.004080400,1,0
17.004085500,0,0
17.004090600,1,0
17.004095600,0,0
17.004100800,1,0
17.004105800,0,0
17.004111000,1,0
17.004116000,0,0
17.004121200,1,0
17.004126200,0,0
17.004126800,0,1
17.004131300,1,1
17.004136400,0,1
17.004141500,1,1
17.004146600,0,1
17.004151700,1,1
17.004156700,0,1
17.004161900,1,1
17.004166900,0,1
17.004172100,1,1
17.004177100,0,1
17.004178100,0,0
17.004182300,1,0
17.004188500,1,1
17.004257300,1,0
17.004263300,0,0
17.004264500,0,1
17.004268400,1,1
17.004273500,0,1
17.004274500,0,0
17.004278600,1,0
17.004283700,0,0
17.004284900,0,1
17.004288800,1,1
17.004293900,0,1
17.004294900,0,0
17.004299000,1,0
17.004304000,0,0
17.004305200,0,1
17.004309200,1,1
17.004314200,0,1
17.004315200,0,0
17.004319400,1,0
17.004324400,0,0
17.004329600,1,0
17.004334600,0,0
17.004339800,1,0
17.004344800,0,0
17.004349900,1,0
17.004355000,0,0
17.004360100,1,0
17.004365200,0,0
17.004366400,0,1
17.004370300,1,1
17.004375300,0,1
17.004376300,0,0
17.004380500,1,0
17.004385500,0,0
17.004386700,0,1
17.004390700,1,1
17.004395700,0,1
17.004396700,0,0
17.004400900,1,0
17.004405900,0,0
17.004411000,1,0
17.004416100,0,0
17.004421200,1,0
17.004426300,0,0
17.004431400,1,0
17.004436400,0,0
17.004441600,1,0
17.004446600,0,0
17.004447300,0,1
17.004451800,1,1
17.004458800,1,0
17.004464800,0,0
17.004466000,0,1
17.004470000,1,1
17.004475000,0,1
17.004476000,0,0
17.004480200,1,0
17.004485200,0,0
17.004486400,0,1
17.004490300,1,1
17.004495400,0,1
17.004496400,0,0
17.004500500,1,0
17.004505600,0,0
17.004506700,0,1
17.004510700,1,1
17.004515700,0,1
17.004516700,0,0
17.004520900,1,0
17.004525900,0,0
17.004531100,1,0
17.004536100,0,0
17.004537300,0,1
17.004541300,1,1
17.004546300,0,1
17.004546700,0,0
17.004551500,1,0
17.004556500,0,0
17.004561600,1,0
17.004566700,0,0
17.004571800,1,0
17.004576900,0,0
17.004582000,1,0
17.004587000,0,0
17.004592200,1,0
17.004597200,0,0
17.004602400,1,0
17.004607400,0,0
17.004612600,1,0
17.004617600,0,0
17.004622700,1,0
17.004627800,0,0
17.004632900,1,0
17.004638000,0,0
17.004643100,1,0
17.004648100,0,0
17.004651400,0,1
17.004653300,1,1
17.004658300,0,1
17.004658800,0,0
17.004663500,1,0
17.004668500,0,0
17.004673700,1,0
17.004678700,0,0
17.004683900,1,0
17.004688900,0,0
17.004694000,1,0
17.004699100,0,0
17.004704200,1,0
17.004709300,0,0
17.004714400,1,0
17.004719400,0,0
17.004724600,1,0
17.004729600,0,0
17.004734800,1,0
17.004739800,0,0
17.004745000,1,0
17.004750000,0,0
17.004755200,1,0
17.004760200,0,0
17.004765300,1,0
17.004770400,0,0
17.004775500,1,0
17.004780600,0,0
17.004785700,1,0
17.004790700,0,0
17.004795900,1,0
17.004800900,0,0
17.004806100,1,0
17.004811100,0,0
17.004816300,1,0
17.004821300,0,0
17.004826400,1,0
17.004831500,0,0
17.004834700,0,1
17.004836600,1,1
17.004841700,0,1
17.004842100,0,0
17.004846800,1,0
17.004851900,0,0
17.004857000,1,0
17.004862000,0,0
17.004867200,1,0
17.004872200,0,0
17.004877400,1,0
17.004882400,0,0
17.004887600,1,0
17.004892600,0,0
17.004897700,1,0
17.004902800,0,0
17.004907900,1,0
17.004913000,0,0
17.004918100,1,0
17.004923100,0,0
17.004928300,1,0
17.004933300,0,0
17.004938500,1,0
17.004943500,0,0
17.004948700,1,0
17.004953700,0,0
17.004958900,1,0
17.004963900,0,0
17.004969000,1,0
17.004974100,0,0
17.004979200,1,0
17.004984300,0,0
17.004989400,1,0
17.004994400,0,0
17.004999600,1,0
17.005004600,0,0
17.005009800,1,0
17.005014800,0,0
17.005018000,0,1
17.005020000,1,1
17.005025000,0,1
17.005025400,0,0
17.005030200,1,0
17.005035200,0,0
17.005040300,1,0
17.005045400,0,0
17.005050500,1,0
17.005055600,0,0
17.005060700,1,0
17.005065700,0,0
17.005070900,1,0
17.005075900,0,0
17.005081100,1,0
17.005086100,0,0
17.005091300,1,0
17.005096300,0,0
17.005097000,0,1
17.005101400,1,1
17.005106500,0,1
17.005107500,0,0
17.005111600,1,0
17.005117900,1,1
17.102564800,1,0
17.102570800,0,0
17.102571900,0,1
17.102575900,1,1
17.102580900,0,1
17.102581900,0,0
17.102586100,1,0
17.102591100,0,0
17.102592300,0,1
17.102596300,1,1
17.102601300,0,1
17.102602300,0,0
17.102606500,1,0
17.102611500,0,0
17.102612700,0,1
17.102616700,1,1
17.102621700,0,1
17.102622700,0,0
17.102626800,1,0
17.102631900,0,0
17.102637000,1,0
17.102642100,0,0
17.102647200,1,0
17.102652200,0,0
17.102657400,1,0
17.102662400,0,0
17.102667600,1,0
17.102672600,0,0
17.102673800,0,1
17.102677800,1,1
17.102682800,0,1
17.102683800,0,0
17.102688000,1,0
17.102693000,0,0
17.102698100,1,0
17.102703200,0,0
17.102708300,1,0
17.102713400,0,0
17.102718500,1,0
17.102723500,0,0
17.102728700,1,0
17.102733700,0,0
17.102738900,1,0
17.102743900,0,0
17.102749100,1,0
17.102754100,0,0
17.102754700,0,1
17.102759200,1,1
17.102766300,1,0
17.102772300,0,0
17.102773500,0,1
17.102777400,1,1
17.102782500,0,1
17.102783500,0,0
17.102787600,1,0
17.102792600,0,0
17.102793800,0,1
17.102797800,1,1
17.102802800,0,1
17.102803800,0,0
17.102808000,1,0
17.102813000,0,0
17.102814200,0,1
17.102818200,1,1
17.102823200,0,1
17.102824200,0,0
17.102828400,1,0
17.102833400,0,0
17.102838500,1,0
17.102843600,0,0
17.102844800,0,1
17.102848700,1,1
17.102853800,0,1
17.102854100,0,0
17.102858900,1,0
17.102863900,0,0
17.102869100,1,0
17.102874100,0,0
17.102879300,1,0
17.102884300,0,0
17.102889500,1,0
17.102894500,0,0
17.102899700,1,0
17.102904700,0,0
17.102905300,0,1
17.102909800,1,1
17.102914900,0,1
17.102920000,1,1
17.102925100,0,1
17.102930200,1,1
17.102935200,0,1
17.102940400,1,1
17.102945400,0,1
17.102950600,1,1
17.102955600,0,1
17.102956600,0,0
17.102960800,1,0
17.102967000,1,1
17.103027800,1,0
17.103033800,0,0
17.103035000,0,1
17.103038900,1,1
17.103044000,0,1
17.103045000,0,0
17.103049100,1,0
17.103054200,0,0
17.103055300,0,1
17.103059300,1,1
17.103064300,0,1
17.103065300,0,0
17.103069500,1,0
17.103074500,0,0
17.103075700,0,1
17.103079700,1,1
17.103084700,0,1
17.103085700,0,0
17.103089900,1,0
17.103094900,0,0
17.103100100,1,0
17.103105100,0,0
17.103110200,1,0
17.103115300,0,0
17.103120400,1,0
17.103125500,0,0
17.103130600,1,0
17.103135600,0,0
17.103136900,0,1
17.103140800,1,1
17.103145800,0,1
17.103146800,0,0
17.103151000,1,0
17.103156000,0,0
17.103157200,0,1
17.103161200,1,1
17.103166200,0,1
17.103167200,0,0
17.103171400,1,0
17.103176400,0,0
17.103181500,1,0
17.103186600,0,0
17.103191700,1,0
17.103196800,0,0
17.103201900,1,0
17.103206900,0,0
17.103212100,1,0
17.103217100,0,0
17.103217700,0,1
17.103222300,1,1
17.103229300,1,0
17.103235300,0,0
17.103236500,0,1
17.103240400,1,1
17.103245500,0,1
17.103246500,0,0
17.103250600,1,0
17.103255700,0,0
17.103256900,0,1
17.103260800,1,1
17.103265900,0,1
17.103266900,0,0
17.103271000,1,0
17.103276100,0,0
17.103277200,0,1
17.103281200,1,1
17.103286200,0,1
17.103287200,0,0
17.103291400,1,0
17.103296400,0,0
17.103301600,1,0
17.103306600,0,0
17.103307800,0,1
17.103311800,1,1
17.103316800,0,1
17.103317200,0,0
17.103321900,1,0
17.103327000,0,0
17.103332100,1,0
17.103337200,0,0
17.103342300,1,0
17.103347300,0,0
17.103352500,1,0
17.103357500,0,0
17.103362700,1,0
17.103367700,0,0
17.103372900,1,0
17.103377900,0,0
17.103383100,1,0
17.103388100,0,0
17.103393200,1,0
17.103398300,0,0
17.103403400,1,0
17.103408500,0,0
17.103413600,1,0
17.103418600,0,0
17.103421900,0,1
17.103423800,1,1
17.103428800,0,1
17.103429200,0,0
17.103434000,1,0
17.103439000,0,0
17.103444200,1,0
17.103449200,0,0
17.103454400,1,0
17.103459400,0,0
17.103464500,1,0
17.103469600,0,0
17.103474700,1,0
17.103479800,0,0
17.103484900,1,0
17.103489900,0,0
17.103495100,1,0
17.103500100,0,0
17.103505300,1,0
17.103510300,0,0
17.103515500,1,0
17.103520500,0,0
17.103525600,1,0
17.103530700,0,0
17.103535800,1,0
17.103540900,0,0
17.103546000,1,0
17.103551000,0,0
17.103556200,1,0
17.103561200,0,0
17.103566400,1,0
17.103571400,0,0
17.103576600,1,0
17.103581600,0,0
17.103586800,1,0
17.103591800,0,0
17.103596900,1,0
17.103602000,0,0
17.103605200,0,1
17.103607100,1,1
17.103612200,0,1
17.103612600,0,0
17.103617300,1,0
17.103622300,0,0
17.103627500,1,0
17.103632500,0,0
17.103637700,1,0
17.103642700,0,0
17.103647900,1,0
17.103652900,0,0
17.103658100,1,0
17.103663100,0,0
17.103668200,1,0
17.103673300,0,0
17.103678400,1,0
17.103683500,0,0
17.103688600,1,0
17.103693600,0,0
17.103698800,1,0
17.103703800,0,0
17.103709000,1,0
17.103714000,0,0
17.103719200,1,0
17.103724200,0,0
17.103729300,1,0
17.103734400,0,0
17.103739500,1,0
17.103744600,0,0
17.103749700,1,0
17.103754700,0,0
17.103759900,1,0
17.103764900,0,0
17.103770100,1,0
17.103775100,0,0
17.103780300,1,0
17.103785300,0,0
17.103788500,0,1
17.103790500,1,1
17.103795500,0,1
17.103795900,0,0
17.103800600,1,0
17.103805700,0,0
17.103810800,1,0
17.103815900,0,0
17.103821000,1,0
17.103826000,0,0
17.103831200,1,0
17.103836200,0,0
17.103841400,1,0
17.103846400,0,0
17.103851600,1,0
17.103856600,0,0
17.103861800,1,0
17.103866800,0,0
17.103867400,0,1
17.103871900,1,1
17.103877000,0,1
17.103878000,0,0
17.103882100,1,0
17.103888300,1,1
17.202213200,1,0
17.202219200,0,0
17.202220400,0,1
17.202224400,1,1
17.202229400,0,1
17.202230400,0,0
17.202234600,1,0
17.202239600,0,0
17.202240800,0,1
17.202244800,1,1
17.202249800,0,1
17.202250800,0,0
17.202255000,1,0
17.202260000,0,0
17.202261200,0,1
17.202265100,1,1
17.202270200,0,1
17.202271200,0,0
17.202275300,1,0
17.202280400,0,0
17.202285500,1,0
17.202290500,0,0
17.202295700,1,0
17.202300700,0,0
17.202305900,1,0
17.202310900,0,0
17.202316100,1,0
17.202321100,0,0
17.202322300,0,1
17.202326200,1,1
17.202331300,0,1
17.202332300,0,0
17.202336400,1,0
17.202341500,0,0
17.202346600,1,0
17.202351700,0,0
17.202356800,1,0
17.202361800,0,0
17.202367000,1,0
17.202372000,0,0
17.202377200,1,0
17.202382200,0,0
17.202387400,1,0
17.202392400,0,0
17.202397500,1,0
17.202402600,0,0
17.202403200,0,1
17.202407700,1,1
17.202414800,1,0
17.202420800,0,0
17.202421900,0,1
17.202425900,1,1
17.202430900,0,1
17.202431900,0,0
17.202436100,1,0
17.202441100,0,0
17.202442300,0,1
17.202446300,1,1
17.202451300,0,1
17.202452300,0,0
17.202456500,1,0
17.202461500,0,0
17.202462700,0,1
17.202466700,1,1
17.202471700,0,1
17.202472700,0,0
17.202476800,1,0
17.202481900,0,0
17.202487000,1,0
17.202492100,0,0
17.202493300,0,1
17.202497200,1,1
17.202502200,0,1
17.202502700,0,0
17.202507400,1,0
17.202512400,0,0
17.202517600,1,0
17.202522600,0,0
17.202527800,1,0
17.202532800,0,0
17.202538000,1,0
17.202543000,0,0
17.202548100,1,0
17.202553200,0,0
17.202553800,0,1
17.202558300,1,1
17.202563400,0,1
17.202568500,1,1
17.202573500,0,1
17.202578700,1,1
17.202583700,0,1
17.202588900,1,1
17.202593900,0,1
17.202599100,1,1
17.202604100,0,1
17.202605100,0,0
17.202609200,1,0
17.202615500,1,1
17.202676300,1,0
17.202682300,0,0
17.202683400,0,1
17.202687400,1,1
17.202692500,0,1
17.202693500,0,0
17.202697600,1,0
17.202702600,0,0
17.202703800,0,1
17.202707800,1,1
17.202712800,0,1
17.202713800,0,0
17.202718000,1,0
17.202723000,0,0
17.202724200,0,1
17.202728200,1,1
17.202733200,0,1
17.202734200,0,0
17.202738400,1,0
17.202743400,0,0
17.202748500,1,0
17.202753600,0,0
17.202758700,1,0
17.202763800,0,0
17.202768900,1,0
17.202773900,0,0
17.202779100,1,0
17.202784100,0,0
17.202785300,0,1
17.202789300,1,1
17.202794300,0,1
17.202795300,0,0
17.202799500,1,0
17.202804500,0,0
17.202805700,0,1
17.202809700,1,1
17.202814700,0,1
17.202815700,0,0
17.202819800,1,0
17.202824900,0,0
17.202830000,1,0
17.202835100,0,0
17.202840200,1,0
17.202845200,0,0
17.202850400,1,0
17.202855400,0,0
17.202860600,1,0
17.202865600,0,0
17.202866300,0,1
17.202870800,1,1
17.202877800,1,0
17.202883800,0,0
17.202885000,0,1
17.202888900,1,1
17.202894000,0,1
17.202895000,0,0
17.202899100,1,0
17.202904200,0,0
17.202905400,0,1
17.202909300,1,1
17.202914400,0,1
17.202915400,0,0
17.202919500,1,0
17.202924500,0,0
17.202925700,0,1
17.202929700,1,1
17.202934700,0,1
17.202935700,0,0
17.202939900,1,0
17.202944900,0,0
17.202950100,1,0
17.202955100,0,0
17.202956300,0,1
17.202960200,1,1
17.202965300,0,1
17.202965700,0,0
17.202970400,1,0
17.202975500,0,0
17.202980600,1,0
17.202985600,0,0
17.202990800,1,0
17.202995800,0,0
17.203001000,1,0
17.203006000,0,0
17.203011200,1,0
17.203016200,0,0
17.203021400,1,0
17.203026400,0,0
17.203031500,1,0
17.203036600,0,0
17.203041700,1,0
17.203046800,0,0
17.203051900,1,0
17.203056900,0,0
17.203062100,1,0
17.203067100,0,0
17.203070300,0,1
17.203072300,1,1
17.203077300,0,1
17.203077800,0,0
17.203082500,1,0
17.203087500,0,0
17.203092700,1,0
17.203097700,0,0
17.203102800,1,0
17.203107900,0,0
17.203113000,1,0
17.203118100,0,0
17.203123200,1,0
17.203128200,0,0
17.203133400,1,0
17.203138400,0,0
17.203143600,1,0
17.203148600,0,0
17.203153800,1,0
17.203158800,0,0
17.203163900,1,0
17.203169000,0,0
17.203174100,1,0
17.203179200,0,0
17.203184300,1,0
17.203189300,0,0
17.203194500,1,0
17.203199500,0,0
17.203204700,1,0
17.203209700,0,0
17.203214900,1,0
17.203219900,0,0
17.203225100,1,0
17.203230100,0,0
17.203235200,1,0
17.203240300,0,0
17.203245400,1,0
17.203250500,0,0
17.203253700,0,1
17.203255600,1,1
17.203260600,0,1
17.203261100,0,0
17.203265800,1,0
17.203270800,0,0
17.203276000,1,0
17.203281000,0,0
17.203286200,1,0
17.203291200,0,0
17.203296400,1,0
17.203301400,0,0
17.203306500,1,0
17.203311600,0,0
17.203316700,1,0
17.203321800,0,0
17.203326900,1,0
17.203331900,0,0
17.203337100,1,0
17.203342100,0,0
17.203347300,1,0
17.203352300,0,0
17.203357500,1,0
17.203362500,0,0
17.203367600,1,0
17.203372700,0,0
17.203377800,1,0
17.203382900,0,0
17.203388000,1,0
17.203393000,0,0
17.203398200,1,0
17.203403200,0,0
17.203408400,1,0
17.203413400,0,0
17.203418600,1,0
17.203423600,0,0
17.203428800,1,0
17.203433800,0,0
17.203437000,0,1
17.203438900,1,1
17.203444000,0,1
17.203444400,0,0
17.203449100,1,0
17.203454200,0,0
17.203459300,1,0
17.203464300,0,0
17.203469500,1,0
17.203474500,0,0
17.203479700,1,0
17.203484700,0,0
17.203489900,1,0
17.203494900,0,0
17.203500100,1,0
17.203505100,0,0
17.203510200,1,0
17.203515300,0,0
17.203515900,0,1
17.203520400,1,1
17.203525500,0,1
17.203526500,0,0
17.203530600,1,0
17.203536800,1,1
17.300995700,1,0
17.301001700,0,0
17.301002900,0,1
17.301006900,1,1
17.301011900,0,1
17.301012900,0,0
17.301017100,1,0
17.301022100,0,0
17.301023300,0,1
17.301027300,1,1
17.301032300,0,1
17.301033300,0,0
17.301037400,1,0
17.301042500,0,0
17.301043700,0,1
17.301047600,1,1
17.301052700,0,1
17.301053700,0,0
17.301057800,1,0
17.301062900,0,0
17.301068000,1,0
17.301073000,0,0
17.301078200,1,0
17.301083200,0,0
17.301088400,1,0
17.301093400,0,0
17.301098600,1,0
17.301103600,0,0
17.301104800,0,1
17.301108700,1,1
17.301113800,0,1
17.301114800,0,0
17.301118900,1,0
17.301124000,0,0
17.301129100,1,0
17.301134100,0,0
17.301139300,1,0
17.301144300,0,0
17.301149500,1,0
17.301154500,0,0
17.301159700,1,0
17.301164700,0,0
17.301169900,1,0
17.301174900,0,0
17.301180000,1,0
17.301185100,0,0
17.301185700,0,1
17.301190200,1,1
17.301197300,1,0
17.301203300,0,0
17.301204400,0,1
17.301208400,1,1
17.301213400,0,1
17.301214400,0,0
17.301218600,1,0
17.301223600,0,0
17.301224800,0,1
17.301228800,1,1
17.301233800,0,1
17.301234800,0,0
17.301239000,1,0
17.301244000,0,0
17.301245200,0,1
17.301249100,1,1
17.301254200,0,1
17.301255200,0,0
17.301259300,1,0
17.301264400,0,0
17.301269500,1,0
17.301274600,0,0
17.301275800,0,1
17.301279700,1,1
17.301284700,0,1
17.301285200,0,0
17.301289900,1,0
17.301294900,0,0
17.301300100,1,0
17.301305100,0,0
17.301310300,1,0
17.301315300,0,0
17.301320400,1,0
17.301325500,0,0
17.301330600,1,0
17.301335700,0,0
17.301336300,0,1
17.301340800,1,1
17.301345800,0,1
17.301351000,1,1
17.301356000,0,1
17.301361200,1,1
17.301366200,0,1
17.301371400,1,1
17.301376400,0,1
17.301381600,1,1
17.301386600,0,1
17.301387600,0,0
17.301391700,1,0
17.301397900,1,1
17.301458800,1,0
17.301464800,0,0
17.301465900,0,1
17.301469900,1,1
17.301475000,0,1
17.301476000,0,0
17.301480100,1,0
17.301485100,0,0
17.301486300,0,1
17.301490300,1,1
17.301495300,0,1
17.301496300,0,0
17.301500500,1,0
17.301505500,0,0
17.301506700,0,1
17.301510700,1,1
17.301515700,0,1
17.301516700,0,0
17.301520900,1,0
17.301525900,0,0
17.301531000,1,0
17.301536100,0,0
17.301541200,1,0
17.301546300,0,0
17.301551400,1,0
17.301556400,0,0
17.301561600,1,0
17.301566600,0,0
17.301567800,0,1
17.301571800,1,1
17.301576800,0,1
17.301577800,0,0
17.301582000,1,0
17.301587000,0,0
17.301588200,0,1
17.301592100,1,1
17.301597200,0,1
17.301598200,0,0
17.301602300,1,0
17.301607400,0,0
17.301612500,1,0
17.301617500,0,0
17.301622700,1,0
17.301627700,0,0
17.301632900,1,0
17.301637900,0,0
17.301643100,1,0
17.301648100,0,0
17.301648800,0,1
17.301653300,1,1
17.301660300,1,0
17.301666300,0,0
17.301667500,0,1
17.301671400,1,1
17.301676500,0,1
17.301677500,0,0
17.301681600,1,0
17.301686700,0,0
17.301687800,0,1
17.301691800,1,1
17.301696800,0,1
17.301697800,0,0
17.301702000,1,0
17.301707000,0,0
17.301708200,0,1
17.301712200,1,1
17.301717200,0,1
17.301718200,0,0
17.301722400,1,0
17.301727400,0,0
17.301732600,1,0
17.301737600,0,0
17.301738800,0,1
17.301742700,1,1
17.301747800,0,1
17.301748200,0,0
17.301752900,1,0
17.301758000,0,0
17.301763100,1,0
17.301768100,0,0
17.301773300,1,0
17.301778300,0,0
17.301783500,1,0
17.301788500,0,0
17.301793700,1,0
17.301798700,0,0
17.301803800,1,0
17.301808900,0,0
17.301814000,1,0
17.301819100,0,0
17.301824200,1,0
17.301829300,0,0
17.301834400,1,0
17.301839400,0,0
17.301844600,1,0
17.301849600,0,0
17.301852800,0,1
17.301854800,1,1
17.301859800,0,1
17.301860200,0,0
17.301865000,1,0
17.301870000,0,0
17.301875100,1,0
17.301880200,0,0
17.301885300,1,0
17.301890400,0,0
17.301895500,1,0
17.301900500,0,0
17.301905700,1,0
17.301910700,0,0
17.301915900,1,0
17.301920900,0,0
17.301926100,1,0
17.301931100,0,0
17.301936300,1,0
17.301941300,0,0
17.301946400,1,0
17.301951500,0,0
17.301956600,1,0
17.301961700,0,0
17.301966800,1,0
17.301971800,0,0
17.301977000,1,0
17.301982000,0,0
17.301987200,1,0
17.301992200,0,0
17.301997400,1,0
17.302002400,0,0
17.302007600,1,0
17.302012600,0,0
17.302017700,1,0
17.302022800,0,0
17.302027900,1,0
17.302033000,0,0
17.302036200,0,1
17.302038100,1,1
17.302043100,0,1
17.302043600,0,0
17.302048300,1,0
17.302053300,0,0
17.302058500,1,0
17.302063500,0,0
17.302068700,1,0
17.302073700,0,0
17.302078800,1,0
17.302083900,0,0
17.302089000,1,0
17.302094100,0,0
17.302099200,1,0
17.302104200,0,0
17.302109400,1,0
17.302114400,0,0
17.302119600,1,0
17.302124600,0,0
17.302129800,1,0
17.302134800,0,0
17.302140000,1,0
17.302145000,0,0
17.302150100,1,0
17.302155200,0,0
17.302160300,1,0
17.302165400,0,0
17.302170500,1,0
17.302175500,0,0
17.302180700,1,0
17.302185700,0,0
17.302190900,1,0
17.302195900,0,0
17.302201100,1,0
17.302206100,0,0
17.302211300,1,0
17.302216300,0,0
17.302219500,0,1
17.302221400,1,1
17.302226500,0,1
17.302226900,0,0
17.302231600,1,0
17.302236700,0,0
17.302241800,1,0
17.302246800,0,0
17.302252000,1,0
17.302257000,0,0
17.302262200,1,0
17.302267200,0,0
17.302272400,1,0
17.302277400,0,0
17.302282500,1,0
17.302287600,0,0
17.302292700,1,0
17.302297800,0,0
17.302298400,0,1
17.302302900,1,1
17.302307900,0,1
17.302308900,0,0
17.302313100,1,0
17.302319300,1,1
17.399731200,1,0
17.399737200,0,0
17.399738400,0,1
17.399742400,1,1
17.399747400,0,1
17.399748400,0,0
17.399752600,1,0
17.399757600,0,0
17.399758800,0,1
17.399762800,1,1
17.399767800,0,1
17.399768800,0,0
17.399772900,1,0
17.399778000,0,0
17.399779200,0,1
17.399783100,1,1
17.399788200,0,1
17.399789200,0,0
17.399793300,1,0
17.399798300,0,0
17.399803500,1,0
17.399808500,0,0
17.399813700,1,0
17.399818700,0,0
17.399823900,1,0
17.399828900,0,0
17.399834100,1,0
17.399839100,0,0
17.399840300,0,1
17.399844200,1,1
17.399849300,0,1
17.399850300,0,0
17.399854400,1,0
17.399859500,0,0
17.399864600,1,0
17.399869600,0,0
17.399874800,1,0
17.399879800,0,0
17.399885000,1,0
17.399890000,0,0
17.399895200,1,0
17.399900200,0,0
17.399905400,1,0
17.399910400,0,0
17.399915500,1,0
17.399920600,0,0
17.399921200,0,1
17.399925700,1,1
17.399932800,1,0
17.399938800,0,0
17.399939900,0,1
17.399943900,1,1
17.399948900,0,1
17.399949900,0,0
17.399954100,1,0
17.399959100,0,0
17.399960300,0,1
17.399964300,1,1
17.399969300,0,1
17.399970300,0,0
17.399974500,1,0
17.399979500,0,0
17.399980700,0,1
17.399984600,1,1
17.399989700,0,1
17.399990700,0,0
17.399994800,1,0
17.399999900,0,0
17.400005000,1,0
17.400010000,0,0
17.400011300,0,1
17.400015200,1,1
17.400020200,0,1
17.400020600,0,0
17.400025400,1,0
17.400030400,0,0
17.400035600,1,0
17.400040600,0,0
17.400045800,1,0
17.400050800,0,0
17.400055900,1,0
17.400061000,0,0
17.400066100,1,0
17.400071200,0,0
17.400071700,0,1
17.400076300,1,1
17.400081300,0,1
17.400086500,1,1
17.400091500,0,1
17.400096700,1,1
17.400101700,0,1
17.400106900,1,1
17.400111900,0,1
17.400117100,1,1
17.400122100,0,1
17.400123100,0,0
17.400127200,1,0
17.400133400,1,1
17.400194300,1,0
17.400200300,0,0
17.400201400,0,1
17.400205400,1,1
17.400210500,0,1
17.400211500,0,0
17.400215600,1,0
17.400220600,0,0
17.400221800,0,1
17.400225800,1,1
17.400230800,0,1
17.400231800,0,0
17.400236000,1,0
17.400241000,0,0
17.400242200,0,1
17.400246200,1,1
17.400251200,0,1
17.400252200,0,0
17.400256300,1,0
17.400261400,0,0
17.400266500,1,0
17.400271600,0,0
17.400276700,1,0
17.400281700,0,0
17.400286900,1,0
17.400291900,0,0
17.400297100,1,0
17.400302100,0,0
17.400303300,0,1
17.400307300,1,1
17.400312300,0,1
17.400313300,0,0
17.400317500,1,0
17.400322500,0,0
17.400323700,0,1
17.400327600,1,1
17.400332700,0,1
17.400333700,0,0
17.400337800,1,0
17.400342900,0,0
17.400348000,1,0
17.400353000,0,0
17.400358200,1,0
17.400363200,0,0
17.400368400,1,0
17.400373400,0,0
17.400378600,1,0
17.400383600,0,0
17.400384200,0,1
17.400388800,1,1
17.400395800,1,0
17.400401800,0,0
17.400403000,0,1
17.400406900,1,1
17.400412000,0,1
17.400413000,0,0
17.400417100,1,0
17.400422200,0,0
17.400423300,0,1
17.400427300,1,1
17.400432300,0,1
17.400433300,0,0
17.400437500,1,0
17.400442500,0,0
17.400443700,0,1
17.400447700,1,1
17.400452700,0,1
17.400453700,0,0
17.400457900,1,0
17.400462900,0,0
17.400468000,1,0
17.400473100,0,0
17.400474300,0,1
17.400478200,1,1
17.400483300,0,1
17.400483700,0,0
17.400488400,1,0
17.400493500,0,0
17.400498600,1,0
17.400503600,0,0
17.400508800,1,0
17.400513800,0,0
17.400519000,1,0
17.400524000,0,0
17.400529200,1,0
17.400534200,0,0
17.400539300,1,0
17.400544400,0,0
17.400549500,1,0
17.400554600,0,0
17.400559700,1,0
17.400564700,0,0
17.400569900,1,0
17.400574900,0,0
17.400580100,1,0
17.400585100,0,0
17.400588300,0,1
17.400590300,1,1
17.400595300,0,1
17.400595700,0,0
17.400600500,1,0
17.400605500,0,0
17.400610600,1,0
17.400615700,0,0
17.400620800,1,0
17.400625900,0,0
17.400631000,1,0
17.400636000,0,0
17.400641200,1,0
17.400646200,0,0
17.400651400,1,0
17.400656400,0,0
17.400661600,1,0
17.400666600,0,0
17.400671800,1,0
17.400676800,0,0
17.400681900,1,0
17.400687000,0,0
17.400692100,1,0
17.400697200,0,0
17.400702300,1,0
17.400707300,0,0
17.400712500,1,0
17.400717500,0,0
17.400722700,1,0
17.400727700,0,0
17.400732900,1,0
17.400737900,0,0
17.400743000,1,0
17.400748100,0,0
17.400753200,1,0
17.400758300,0,0
17.400763400,1,0
17.400768400,0,0
17.400771700,0,1
17.400773600,1,1
17.400778600,0,1
17.400779000,0,0
17.400783800,1,0
17.400788800,0,0
17.400794000,1,0
17.400799000,0,0
17.400804200,1,0
17.400809200,0,0
17.400814300,1,0
17.400819400,0,0
17.400824500,1,0
17.400829600,0,0
17.400834700,1,0
17.400839700,0,0
17.400844900,1,0
17.400849900,0,0
17.400855100,1,0
17.400860100,0,0
17.400865300,1,0
17.400870300,0,0
17.400875500,1,0
17.400880500,0,0
17.400885600,1,0
17.400890700,0,0
17.400895800,1,0
17.400900900,0,0
17.400906000,1,0
17.400911000,0,0
17.400916200,1,0
17.400921200,0,0
17.400926400,1,0
17.400931400,0,0
17.400936600,1,0
17.400941600,0,0
17.400946700,1,0
17.400951800,0,0
17.400955000,0,1
17.400956900,1,1
17.400962000,0,1
17.400962400,0,0
17.400967100,1,0
17.400972100,0,0
17.400977300,1,0
17.400982300,0,0
17.400987500,1,0
17.400992500,0,0
17.400997700,1,0
17.401002700,0,0
17.401007900,1,0
17.401012900,0,0
17.401018000,1,0
17.401023100,0,0
17.401028200,1,0
17.401033300,0,0
17.401033900,0,1
17.401038400,1,1
17.401043400,0,1
17.401044400,0,0
17.401048600,1,0
17.401054800,1,1
17.499414700,1,0
17.499420700,0,0
17.499421900,0,1
17.499425800,1,1
17.499430900,0,1
17.499431900,0,0
17.499436000,1,0
17.499441100,0,0
17.499442300,0,1
17.499446200,1,1
17.499451300,0,1
17.499452300,0,0
17.499456400,1,0
17.499461500,0,0
17.499462700,0,1
17.499466600,1,1
17.499471600,0,1
17.499472600,0,0
17.499476800,1,0
17.499481800,0,0
17.499487000,1,0
17.499492000,0,0
17.499497200,1,0
17.499502200,0,0
17.499507400,1,0
17.499512400,0,0
17.499517500,1,0
17.499522600,0,0
17.499523800,0,1
17.499527700,1,1
17.499532800,0,1
17.499533800,0,0
17.499537900,1,0
17.499542900,0,0
17.499548100,1,0
17.499553100,0,0
17.499558300,1,0
17.499563300,0,0
17.499568500,1,0
17.499573500,0,0
17.499578700,1,0
17.499583700,0,0
17.499588800,1,0
17.499593900,0,0
17.499599000,1,0
17.499604100,0,0
17.499604700,0,1
17.499609200,1,1
17.499616200,1,0
17.499622200,0,0
17.499623400,0,1
17.499627400,1,1
17.499632400,0,1
17.499633400,0,0
17.499637600,1,0
17.499642600,0,0
17.499643800,0,1
17.499647800,1,1
17.499652800,0,1
17.499653800,0,0
17.499657900,1,0
17.499663000,0,0
17.499664200,0,1
17.499668100,1,1
17.499673200,0,1
17.499674200,0,0
17.499678300,1,0
17.499683300,0,0
17.499688500,1,0
17.499693500,0,0
17.499694700,0,1
17.499698700,1,1
17.499703700,0,1
17.499704100,0,0
17.499708900,1,0
17.499713900,0,0
17.499719100,1,0
17.499724100,0,0
17.499729200,1,0
17.499734300,0,0
17.499739400,1,0
17.499744500,0,0
17.499749600,1,0
17.499754600,0,0
17.499755300,0,1
17.499759800,1,1
17.499764800,0,1
17.499770000,1,1
17.499775000,0,1
17.499780200,1,1
17.499785200,0,1
17.499790400,1,1
17.499795400,0,1
17.499800500,1,1
17.499805600,0,1
17.499806600,0,0
17.499810700,1,0
17.499816900,1,1
17.499885800,1,0
17.499891800,0,0
17.499892900,0,1
17.499896900,1,1
17.499901900,0,1
17.499902900,0,0
17.499907100,1,0
17.499912100,0,0
17.499913300,0,1
17.499917300,1,1
17.499922300,0,1
17.499923300,0,0
17.499927500,1,0
17.499932500,0,0
17.499933700,0,1
17.499937600,1,1
17.499942700,0,1
17.499943700,0,0
17.499947800,1,0
17.499952900,0,0
17.499958000,1,0
17.499963100,0,0
17.499968200,1,0
17.499973200,0,0
17.499978400,1,0
17.499983400,0,0
17.499988600,1,0
17.499993600,0,0
17.499994800,0,1
17.499998800,1,1
17.500003800,0,1
17.500004800,0,0
17.500008900,1,0
17.500014000,0,0
17.500015200,0,1
17.500019100,1,1
17.500024200,0,1
17.500025200,0,0
17.500029300,1,0
17.500034300,0,0
17.500039500,1,0
17.500044500,0,0
17.500049700,1,0
17.500054700,0,0
17.500059900,1,0
17.500064900,0,0
17.500070100,1,0
17.500075100,0,0
17.500075700,0,1
17.500080200,1,1
17.500087300,1,0
17.500093300,0,0
17.500094500,0,1
17.500098400,1,1
17.500103500,0,1
17.500104500,0,0
17.500108600,1,0
17.500113600,0,0
17.500114800,0,1
17.500118800,1,1
17.500123800,0,1
17.500124800,0,0
17.500129000,1,0
17.500134000,0,0
17.500135200,0,1
17.500139200,1,1
17.500144200,0,1
17.500145200,0,0
17.500149400,1,0
17.500154400,0,0
17.500159500,1,0
17.500164600,0,0
17.500165800,0,1
17.500169700,1,1
17.500174800,0,1
17.500175200,0,0
17.500179900,1,0
17.500184900,0,0
17.500190100,1,0
17.500195100,0,0
17.500200300,1,0
17.500205300,0,0
17.500210500,1,0
17.500215500,0,0
17.500220600,1,0
17.500225700,0,0
17.500230800,1,0
17.500235900,0,0
17.500241000,1,0
17.500246000,0,0
17.500251200,1,0
17.500256200,0,0
17.500261400,1,0
17.500266400,0,0
17.500271600,1,0
17.500276600,0,0
17.500279800,0,1
17.500281800,1,1
17.500286800,0,1
17.500287200,0,0
17.500291900,1,0
17.500297000,0,0
17.500302100,1,0
17.500307200,0,0
17.500312300,1,0
17.500317300,0,0
17.500322500,1,0
17.500327500,0,0
17.500332700,1,0
17.500337700,0,0
17.500342900,1,0
17.500347900,0,0
17.500353100,1,0
17.500358100,0,0
17.500363200,1,0
17.500368300,0,0
17.500373400,1,0
17.500378500,0,0
17.500383600,1,0
17.500388600,0,0
17.500393800,1,0
17.500398800,0,0
17.500404000,1,0
17.500409000,0,0
17.500414200,1,0
17.500419200,0,0
17.500424300,1,0
17.500429400,0,0
17.500434500,1,0
17.500439600,0,0
17.500444700,1,0
17.500449700,0,0
17.500454900,1,0
17.500459900,0,0
17.500463200,0,1
17.500465100,1,1
17.500470100,0,1
17.500470500,0,0
17.500475300,1,0
17.500480300,0,0
17.500485500,1,0
17.500490500,0,0
17.500495600,1,0
17.500500700,0,0
17.500505800,1,0
17.500510900,0,0
17.500516000,1,0
17.500521000,0,0
17.500526200,1,0
17.500531200,0,0
17.500536400,1,0
17.500541400,0,0
17.500546600,1,0
17.500551600,0,0
17.500556800,1,0
17.500561800,0,0
17.500566900,1,0
17.500572000,0,0
17.500577100,1,0
17.500582200,0,0
17.500587300,1,0
17.500592300,0,0
17.500597500,1,0
17.500602500,0,0
17.500607700,1,0
17.500612700,0,0
17.500617900,1,0
17.500622900,0,0
17.500628100,1,0
17.500633100,0,0
17.500638200,1,0
17.500643300,0,0
17.500646500,0,1
17.500648400,1,1
17.500653500,0,1
17.500653900,0,0
17.500658600,1,0
17.500663600,0,0
17.500668800,1,0
17.500673800,0,0
17.500679000,1,0
17.500684000,0,0
17.500689200,1,0
17.500694200,0,0
17.500699300,1,0
17.500704400,0,0
17.500709500,1,0
17.500714600,0,0
17.500719700,1,0
17.500724700,0,0
17.500725400,0,1
17.500729900,1,1
17.500734900,0,1
17.500735900,0,0
17.500740100,1,0
17.500746300,1,1
17.598157200,1,0
17.598163200,0,0
17.598164400,0,1
17.598168300,1,1
17.598173400,0,1
17.598174400,0,0
17.598178500,1,0
17.598183600,0,0
17.598184800,0,1
17.598188700,1,1
17.598193800,0,1
17.598194800,0,0
17.598198900,1,0
17.598204000,0,0
17.598205100,0,1
17.598209100,1,1
17.598214100,0,1
17.598215100,0,0
17.598219300,1,0
17.598224300,0,0
17.598229500,1,0
17.598234500,0,0
17.598239700,1,0
17.598244700,0,0
17.598249900,1,0
17.598254900,0,0
17.598260000,1,0
17.598265100,0,0
17.598266300,0,1
17.598270200,1,1
17.598275300,0,1
17.598276300,0,0
17.598280400,1,0
17.598285400,0,0
17.598290600,1,0
17.598295600,0,0
17.598300800,1,0
17.598305800,0,0
17.598311000,1,0
17.598316000,0,0
17.598321100,1,0
17.598326200,0,0
17.598331300,1,0
17.598336400,0,0
17.598341500,1,0
17.598346500,0,0
17.598347100,0,1
17.598351700,1,1
17.598358700,1,0
17.598364700,0,0
17.598365900,0,1
17.598369900,1,1
17.598374900,0,1
17.598375900,0,0
17.598380100,1,0
17.598385100,0,0
17.598386300,0,1
17.598390300,1,1
17.598395300,0,1
17.598396300,0,0
17.598400400,1,0
17.598405500,0,0
17.598406700,0,1
17.598410600,1,1
17.598415700,0,1
17.598416700,0,0
17.598420800,1,0
17.598425800,0,0
17.598431000,1,0
17.598436000,0,0
17.598437200,0,1
17.598441200,1,1
17.598446200,0,1
17.598446600,0,0
17.598451400,1,0
17.598456400,0,0
17.598461600,1,0
17.598466600,0,0
17.598471700,1,0
17.598476800,0,0
17.598481900,1,0
17.598487000,0,0
17.598492100,1,0
17.598497100,0,0
17.598497800,0,1
17.598502300,1,1
17.598507300,0,1
17.598512500,1,1
17.598517500,0,1
17.598522700,1,1
17.598527700,0,1
17.598532800,1,1
17.598537900,0,1
17.598543000,1,1
17.598548100,0,1
17.598549100,0,0
17.598553200,1,0
17.598559400,1,1
17.598628300,1,0
17.598634300,0,0
17.598635400,0,1
17.598639400,1,1
17.598644400,0,1
17.598645400,0,0
17.598649600,1,0
17.598654600,0,0
17.598655800,0,1
17.598659800,1,1
17.598664800,0,1
17.598665800,0,0
17.598670000,1,0
17.598675000,0,0
17.598676200,0,1
17.598680100,1,1
17.598685200,0,1
17.598686200,0,0
17.598690300,1,0
17.598695400,0,0
17.598700500,1,0
17.598705500,0,0
17.598710700,1,0
17.598715700,0,0
17.598720900,1,0
17.598725900,0,0
17.598731100,1,0
17.598736100,0,0
17.598737300,0,1
17.598741300,1,1
17.598746300,0,1
17.598747300,0,0
17.598751400,1,0
17.598756500,0,0
17.598757700,0,1
17.598761600,1,1
17.598766700,0,1
17.598767700,0,0
17.598771800,1,0
17.598776800,0,0
17.598782000,1,0
17.598787000,0,0
17.598792200,1,0
17.598797200,0,0
17.598802400,1,0
17.598807400,0,0
17.598812600,1,0
17.598817600,0,0
17.598818200,0,1
17.598822700,1,1
17.598829800,1,0
17.598835800,0,0
17.598836900,0,1
17.598840900,1,1
17.598846000,0,1
17.598847000,0,0
17.598851100,1,0
17.598856100,0,0
17.598857300,0,1
17.598861300,1,1
17.598866300,0,1
17.598867300,0,0
17.598871500,1,0
17.598876500,0,0
17.598877700,0,1
17.598881700,1,1
17.598886700,0,1
17.598887700,0,0
17.598891800,1,0
17.598896900,0,0
17.598902000,1,0
17.598907100,0,0
17.598908300,0,1
17.598912200,1,1
17.598917200,0,1
17.598917700,0,0
17.598922400,1,0
17.598927400,0,0
17.598932600,1,0
17.598937600,0,0
17.598942800,1,0
17.598947800,0,0
17.598953000,1,0
17.598958000,0,0
17.598963100,1,0
17.598968200,0,0
17.598973300,1,0
17.598978400,0,0
17.598983500,1,0
17.598988500,0,0
17.598993700,1,0
17.598998700,0,0
17.599003900,1,0
17.599008900,0,0
17.599014100,1,0
17.599019100,0,0
17.599022300,0,1
17.599024300,1,1
17.599029300,0,1
17.599029700,0,0
17.599034400,1,0
17.599039500,0,0
17.599044600,1,0
17.599049700,0,0
17.599054800,1,0
17.599059800,0,0
17.599065000,1,0
17.599070000,0,0
17.599075200,1,0
17.599080200,0,0
17.599085400,1,0
17.599090400,0,0
17.599095500,1,0
17.599100600,0,0
17.599105700,1,0
17.599110800,0,0
17.599115900,1,0
17.599121000,0,0
17.599126100,1,0
17.599131100,0,0
17.599136300,1,0
17.599141300,0,0
17.599146500,1,0
17.599151500,0,0
17.599156700,1,0
17.599161700,0,0
17.599166800,1,0
17.599171900,0,0
17.599177000,1,0
17.599182100,0,0
17.599187200,1,0
17.599192200,0,0
17.599197400,1,0
17.599202400,0,0
17.599205600,0,1
17.599207600,1,1
17.599212600,0,1
17.599213100,0,0
17.599217800,1,0
17.599222800,0,0
17.599228000,1,0
17.599233000,0,0
17.599238100,1,0
17.599243200,0,0
17.599248300,1,0
17.599253400,0,0
17.599258500,1,0
17.599263500,0,0
17.599268700,1,0
17.599273700,0,0
17.599278900,1,0
17.599283900,0,0
17.599289100,1,0
17.599294100,0,0
17.599299300,1,0
17.599304300,0,0
17.599309400,1,0
17.599314500,0,0
17.599319600,1,0
17.599324700,0,0
17.599329800,1,0
17.599334800,0,0
17.599340000,1,0
17.599345000,0,0
17.599350200,1,0
17.599355200,0,0
17.599360400,1,0
17.599365400,0,0
17.599370500,1,0
17.599375600,0,0
17.599380700,1,0
17.599385800,0,0
17.599389000,0,1
17.599390900,1,1
17.599395900,0,1
17.599396400,0,0
17.599401100,1,0
17.599406100,0,0
17.599411300,1,0
17.599416300,0,0
17.599421500,1,0
17.599426500,0,0
17.599431700,1,0
17.599436700,0,0
17.599441800,1,0
17.599446900,0,0
17.599452000,1,0
17.599457100,0,0
17.599462200,1,0
17.599467200,0,0
17.599467800,0,1
17.599472400,1,1
17.599477400,0,1
17.599478400,0,0
17.599482600,1,0
17.599488800,1,1
17.696908700,1,0
17.696914700,0,0
17.696915900,0,1
17.696919800,1,1
17.696924900,0,1
17.696925900,0,0
17.696930000,1,0
17.696935100,0,0
17.696936300,0,1
17.696940200,1,1
17.696945300,0,1
17.696946300,0,0
17.696950400,1,0
17.696955500,0,0
17.696956600,0,1
17.696960600,1,1
17.696965600,0,1
17.696966600,0,0
17.696970800,1,0
17.696975800,0,0
17.696981000,1,0
17.696986000,0,0
17.696991200,1,0
17.696996200,0,0
17.697001400,1,0
17.697006400,0,0
17.697011500,1,0
17.697016600,0,0
17.697017800,0,1
17.697021700,1,1
17.697026800,0,1
17.697027800,0,0
17.697031900,1,0
17.697036900,0,0
17.697042100,1,0
17.697047100,0,0
17.697052300,1,0
17.697057300,0,0
17.697062500,1,0
17.697067500,0,0
17.697072600,1,0
17.697077700,0,0
17.697082800,1,0
17.697087900,0,0
17.697093000,1,0
17.697098000,0,0
17.697098700,0,1
17.697103200,1,1
17.697110200,1,0
17.697116200,0,0
17.697117400,0,1
17.697121400,1,1
17.697126400,0,1
17.697127400,0,0
17.697131600,1,0
17.697136600,0,0
17.697137800,0,1
17.697141800,1,1
17.697146800,0,1
17.697147800,0,0
17.697151900,1,0
17.697157000,0,0
17.697158200,0,1
17.697162100,1,1
17.697167200,0,1
17.697168200,0,0
17.697172300,1,0
17.697177300,0,0
17.697182500,1,0
17.697187500,0,0
17.697188700,0,1
17.697192700,1,1
17.697197700,0,1
17.697198100,0,0
17.697202900,1,0
17.697207900,0,0
17.697213100,1,0
17.697218100,0,0
17.697223200,1,0
17.697228300,0,0
17.697233400,1,0
17.697238500,0,0
17.697243600,1,0
17.697248600,0,0
17.697249300,0,1
17.697253800,1,1
17.697258800,0,1
17.697264000,1,1
17.697269000,0,1
17.697274200,1,1
17.697279200,0,1
17.697284300,1,1
17.697289400,0,1
17.697294500,1,1
17.697299600,0,1
17.697300600,0,0
17.697304700,1,0
17.697310900,1,1
17.697379700,1,0
17.697385700,0,0
17.697386900,0,1
17.697390900,1,1
17.697395900,0,1
17.697396900,0,0
17.697401100,1,0
17.697406100,0,0
17.697407300,0,1
17.697411300,1,1
17.697416300,0,1
17.697417300,0,0
17.697421500,1,0
17.697426500,0,0
17.697427700,0,1
17.697431600,1,1
17.697436700,0,1
17.697437700,0,0
17.697441800,1,0
17.697446900,0,0
17.697452000,1,0
17.697457000,0,0
17.697462200,1,0
17.697467200,0,0
17.697472400,1,0
17.697477400,0,0
17.697482600,1,0
17.697487600,0,0
17.697488800,0,1
17.697492800,1,1
17.697497800,0,1
17.697498800,0,0
17.697502900,1,0
17.697508000,0,0
17.697509200,0,1
17.697513100,1,1
17.697518200,0,1
17.697519200,0,0
17.697523300,1,0
17.697528300,0,0
17.697533500,1,0
17.697538500,0,0
17.697543700,1,0
17.697548700,0,0
17.697553900,1,0
17.697558900,0,0
17.697564000,1,0
17.697569100,0,0
17.697569700,0,1
17.697574200,1,1
17.697581300,1,0
17.697587300,0,0
17.697588400,0,1
17.697592400,1,1
17.697597400,0,1
17.697598400,0,0
17.697602600,1,0
17.697607600,0,0
17.697608800,0,1
17.697612800,1,1
17.697617800,0,1
17.697618800,0,0
17.697623000,1,0
17.697628000,0,0
17.697629200,0,1
17.697633200,1,1
17.697638200,0,1
17.697639200,0,0
17.697643300,1,0
17.697648400,0,0
17.697653500,1,0
17.697658600,0,0
17.697659800,0,1
17.697663700,1,1
17.697668700,0,1
17.697669200,0,0
17.697673900,1,0
17.697678900,0,0
17.697684100,1,0
17.697689100,0,0
17.697694300,1,0
17.697699300,0,0
17.697704500,1,0
17.697709500,0,0
17.697714600,1,0
17.697719700,0,0
17.697724800,1,0
17.697729900,0,0
17.697735000,1,0
17.697740000,0,0
17.697745200,1,0
17.697750200,0,0
17.697755400,1,0
17.697760400,0,0
17.697765600,1,0
17.697770600,0,0
17.697773800,0,1
17.697775700,1,1
17.697780800,0,1
17.697781200,0,0
17.697785900,1,0
17.697791000,0,0
17.697796100,1,0
17.697801200,0,0
17.697806300,1,0
17.697811300,0,0
17.697816500,1,0
17.697821500,0,0
17.697826700,1,0
17.697831700,0,0
17.697836900,1,0
17.697841900,0,0
17.697847000,1,0
17.697852100,0,0
17.697857200,1,0
17.697862300,0,0
17.697867400,1,0
17.697872400,0,0
17.697877600,1,0
17.697882600,0,0
17.697887800,1,0
17.697892800,0,0
17.697898000,1,0
17.697903000,0,0
17.697908200,1,0
17.697913200,0,0
17.697918300,1,0
17.697923400,0,0
17.697928500,1,0
17.697933600,0,0
17.697938700,1,0
17.697943700,0,0
17.697948900,1,0
17.697953900,0,0
17.697957100,0,1
17.697959100,1,1
17.697964100,0,1
17.697964500,0,0
17.697969300,1,0
17.697974300,0,0
17.697979500,1,0
17.697984500,0,0
17.697989600,1,0
17.697994700,0,0
17.697999800,1,0
17.698004900,0,0
17.698010000,1,0
17.698015000,0,0
17.698020200,1,0
17.698025200,0,0
17.698030400,1,0
17.698035400,0,0
17.698040600,1,0
17.698045600,0,0
17.698050700,1,0
17.698055800,0,0
17.698060900,1,0
17.698066000,0,0
17.698071100,1,0
17.698076100,0,0
17.698081300,1,0
17.698086300,0,0
17.698091500,1,0
17.698096500,0,0
17.698101700,1,0
17.698106700,0,0
17.698111900,1,0
17.698116900,0,0
17.698122000,1,0
17.698127100,0,0
17.698132200,1,0
17.698137300,0,0
17.698140500,0,1
17.698142400,1,1
17.698147400,0,1
17.698147900,0,0
17.698152600,1,0
17.698157600,0,0
17.698162800,1,0
17.698167800,0,0
17.698173000,1,0
17.698178000,0,0
17.698183200,1,0
17.698188200,0,0
17.698193300,1,0
17.698198400,0,0
17.698203500,1,0
17.698208600,0,0
17.698213700,1,0
17.698218700,0,0
17.698219400,0,1
17.698223900,1,1
17.698228900,0,1
17.698229900,0,0
17.698234100,1,0
17.698240300,1,1
17.796429200,1,0
17.796435200,0,0
17.796436400,0,1
17.796440300,1,1
17.796445400,0,1
17.796446400,0,0
17.796450500,1,0
17.796455600,0,0
17.796456800,0,1
17.796460700,1,1
17.796465800,0,1
17.796466800,0,0
17.796470900,1,0
17.796475900,0,0
17.796477100,0,1
17.796481100,1,1
17.796486100,0,1
17.796487100,0,0
17.796491300,1,0
17.796496300,0,0
17.796501500,1,0
17.796506500,0,0
17.796511700,1,0
17.796516700,0,0
17.796521800,1,0
17.796526900,0,0
17.796532000,1,0
17.796537100,0,0
17.796538300,0,1
17.796542200,1,1
17.796547200,0,1
17.796548200,0,0
17.796552400,1,0
17.796557400,0,0
17.796562600,1,0
17.796567600,0,0
17.796572800,1,0
17.796577800,0,0
17.796583000,1,0
17.796588000,0,0
17.796593100,1,0
17.796598200,0,0
17.796603300,1,0
17.796608400,0,0
17.796613500,1,0
17.796618500,0,0
17.796619200,0,1
17.796623700,1,1
17.796630700,1,0
17.796636700,0,0
17.796637900,0,1
17.796641900,1,1
17.796646900,0,1
17.796647900,0,0
17.796652100,1,0
17.796657100,0,0
17.796658300,0,1
17.796662200,1,1
17.796667300,0,1
17.796668300,0,0
17.796672400,1,0
17.796677500,0,0
17.796678700,0,1
17.796682600,1,1
17.796687600,0,1
17.796688600,0,0
17.796692800,1,0
17.796697800,0,0
17.796703000,1,0
17.796708000,0,0
17.796709200,0,1
17.796713200,1,1
17.796718200,0,1
17.796718700,0,0
17.796723400,1,0
17.796728400,0,0
17.796733500,1,0
17.796738600,0,0
17.796743700,1,0
17.796748800,0,0
17.796753900,1,0
17.796758900,0,0
17.796764100,1,0
17.796769100,0,0
17.796769800,0,1
17.796774300,1,1
17.796779300,0,1
17.796784500,1,1
17.796789500,0,1
17.796794700,1,1
17.796799700,0,1
17.796804800,1,1
17.796809900,0,1
17.796815000,1,1
17.796820100,0,1
17.796821100,0,0
17.796825200,1,0
17.796831400,1,1
17.796891200,1,0
17.796897200,0,0
17.796898400,0,1
17.796902400,1,1
17.796907400,0,1
17.796908400,0,0
17.796912600,1,0
17.796917600,0,0
17.796918800,0,1
17.796922800,1,1
17.796927800,0,1
17.796928800,0,0
17.796932900,1,0
17.796938000,0,0
17.796939200,0,1
17.796943100,1,1
17.796948200,0,1
17.796949200,0,0
17.796953300,1,0
17.796958300,0,0
17.796963500,1,0
17.796968500,0,0
17.796973700,1,0
17.796978700,0,0
17.796983900,1,0
17.796988900,0,0
17.796994100,1,0
17.796999100,0,0
17.797000300,0,1
17.797004200,1,1
17.797009300,0,1
17.797010300,0,0
17.797014400,1,0
17.797019500,0,0
17.797020700,0,1
17.797024600,1,1
17.797029600,0,1
17.797030600,0,0
17.797034800,1,0
17.797039800,0,0
17.797045000,1,0
17.797050000,0,0
17.797055200,1,0
17.797060200,0,0
17.797065400,1,0
17.797070400,0,0
17.797075500,1,0
17.797080600,0,0
17.797081200,0,1
17.797085700,1,1
17.797092800,1,0
17.797098800,0,0
17.797099900,0,1
17.797103900,1,1
17.797108900,0,1
17.797109900,0,0
17.797114100,1,0
17.797119100,0,0
17.797120300,0,1
17.797124300,1,1
17.797129300,0,1
17.797130300,0,0
17.797134500,1,0
17.797139500,0,0
17.797140700,0,1
17.797144600,1,1
17.797149700,0,1
17.797150700,0,0
17.797154800,1,0
17.797159900,0,0
17.797165000,1,0
17.797170100,0,0
17.797171300,0,1
17.797175200,1,1
17.797180200,0,1
17.797180700,0,0
17.797185400,1,0
17.797190400,0,0
17.797195600,1,0
17.797200600,0,0
17.797205800,1,0
17.797210800,0,0
17.797215900,1,0
17.797221000,0,0
17.797226100,1,0
17.797231200,0,0
17.797236300,1,0
17.797241300,0,0
17.797246500,1,0
17.797251500,0,0
17.797256700,1,0
17.797261700,0,0
17.797266900,1,0
17.797271900,0,0
17.797277100,1,0
17.797282100,0,0
17.797285300,0,1
17.797287200,1,1
17.797292300,0,1
17.797292700,0,0
17.797297400,1,0
17.797302500,0,0
17.797307600,1,0
17.797312600,0,0
17.797317800,1,0
17.797322800,0,0
17.797328000,1,0
17.797333000,0,0
17.797338200,1,0
17.797343200,0,0
17.797348400,1,0
17.797353400,0,0
17.797358500,1,0
17.797363600,0,0
17.797368700,1,0
17.797373800,0,0
17.797378900,1,0
17.797383900,0,0
17.797389100,1,0
17.797394100,0,0
17.797399300,1,0
17.797404300,0,0
17.797409500,1,0
17.797414500,0,0
17.797419600,1,0
17.797424700,0,0
17.797429800,1,0
17.797434900,0,0
17.797440000,1,0
17.797445000,0,0
17.797450200,1,0
17.797455200,0,0
17.797460400,1,0
17.797465400,0,0
17.797468600,0,1
17.797470600,1,1
17.797475600,0,1
17.797476000,0,0
17.797480800,1,0
17.797485800,0,0
17.797490900,1,0
17.797496000,0,0
17.797501100,1,0
17.797506200,0,0
17.797511300,1,0
17.797516300,0,0
17.797521500,1,0
17.797526500,0,0
17.797531700,1,0
17.797536700,0,0
17.797541900,1,0
17.797546900,0,0
17.797552100,1,0
17.797557100,0,0
17.797562200,1,0
17.797567300,0,0
17.797572400,1,0
17.797577500,0,0
17.797582600,1,0
17.797587600,0,0
17.797592800,1,0
17.797597800,0,0
17.797603000,1,0
17.797608000,0,0
17.797613200,1,0
17.797618200,0,0
17.797623300,1,0
17.797628400,0,0
17.797633500,1,0
17.797638600,0,0
17.797643700,1,0
17.797648800,0,0
17.797652000,0,1
17.797653900,1,1
17.797658900,0,1
17.797659400,0,0
17.797664100,1,0
17.797669100,0,0
17.797674300,1,0
17.797679300,0,0
17.797684500,1,0
17.797689500,0,0
17.797694600,1,0
17.797699700,0,0
17.797704800,1,0
17.797709900,0,0
17.797715000,1,0
17.797720000,0,0
17.797725200,1,0
17.797730200,0,0
17.797730900,0,1
17.797735400,1,1
17.797740400,0,1
17.797741400,0,0
17.797745600,1,0
17.797751800,1,1
17.895182700,1,0
17.895188700,0,0
17.895189900,0,1
17.895193800,1,1
17.895198900,0,1
17.895199900,0,0
17.895204000,1,0
17.895209100,0,0
17.895210300,0,1
17.895214200,1,1
17.895219300,0,1
17.895220300,0,0
17.895224400,1,0
17.895229400,0,0
17.895230600,0,1
17.895234600,1,1
17.895239600,0,1
17.895240600,0,0
17.895244800,1,0
17.895249800,0,0
17.895255000,1,0
17.895260000,0,0
17.895265200,1,0
17.895270200,0,0
17.895275300,1,0
17.895280400,0,0
17.895285500,1,0
17.895290600,0,0
17.895291800,0,1
17.895295700,1,1
17.895300700,0,1
17.895301700,0,0
17.895305900,1,0
17.895310900,0,0
17.895316100,1,0
17.895321100,0,0
17.895326300,1,0
17.895331300,0,0
17.895336400,1,0
17.895341500,0,0
17.895346600,1,0
17.895351700,0,0
17.895356800,1,0
17.895361900,0,0
17.895367000,1,0
17.895372000,0,0
17.895372700,0,1
17.895377200,1,1
17.895384200,1,0
17.895390200,0,0
17.895391400,0,1
17.895395400,1,1
17.895400400,0,1
17.895401400,0,0
17.895405600,1,0
17.895410600,0,0
17.895411800,0,1
17.895415700,1,1
17.895420800,0,1
17.895421800,0,0
17.895425900,1,0
17.895431000,0,0
17.895432100,0,1
17.895436100,1,1
17.895441100,0,1
17.895442100,0,0
17.895446300,1,0
17.895451300,0,0
17.895456500,1,0
17.895461500,0,0
17.895462700,0,1
17.895466700,1,1
17.895471700,0,1
17.895472100,0,0
17.895476900,1,0
17.895481900,0,0
17.895487000,1,0
17.895492100,0,0
17.895497200,1,0
17.895502300,0,0
17.895507400,1,0
17.895512400,0,0
17.895517600,1,0
17.895522600,0,0
17.895523300,0,1
17.895527800,1,1
17.895532800,0,1
17.895538000,1,1
17.895543000,0,1
17.895548100,1,1
17.895553200,0,1
17.895558300,1,1
17.895563400,0,1
17.895568500,1,1
17.895573600,0,1
17.895574600,0,0
17.895578700,1,0
17.895584900,1,1
17.895652700,1,0
17.895658700,0,0
17.895659900,0,1
17.895663900,1,1
17.895668900,0,1
17.895669900,0,0
17.895674100,1,0
17.895679100,0,0
17.895680300,0,1
17.895684300,1,1
17.895689300,0,1
17.895690300,0,0
17.895694400,1,0
17.895699500,0,0
17.895700700,0,1
17.895704600,1,1
17.895709700,0,1
17.895710700,0,0
17.895714800,1,0
17.895719800,0,0
17.895725000,1,0
17.895730000,0,0
17.895735200,1,0
17.895740200,0,0
17.895745400,1,0
17.895750400,0,0
17.895755600,1,0
17.895760600,0,0
17.895761800,0,1
17.895765700,1,1
17.895770800,0,1
17.895771800,0,0
17.895775900,1,0
17.895781000,0,0
17.895782100,0,1
17.895786100,1,1
17.895791100,0,1
17.895792100,0,0
17.895796300,1,0
17.895801300,0,0
17.895806500,1,0
17.895811500,0,0
17.895816700,1,0
17.895821700,0,0
17.895826900,1,0
17.895831900,0,0
17.895837000,1,0
17.895842100,0,0
17.895842700,0,1
17.895847200,1,1
17.895854300,1,0
17.895860300,0,0
17.895861400,0,1
17.895865400,1,1
17.895870400,0,1
17.895871400,0,0
17.895875600,1,0
17.895880600,0,0
17.895881800,0,1
17.895885800,1,1
17.895890800,0,1
17.895891800,0,0
17.895896000,1,0
17.895901000,0,0
17.895902200,0,1
17.895906100,1,1
17.895911200,0,1
17.895912200,0,0
17.895916300,1,0
17.895921400,0,0
17.895926500,1,0
17.895931500,0,0
17.895932800,0,1
17.895936700,1,1
17.895941700,0,1
17.895942200,0,0
17.895946900,1,0
17.895951900,0,0
17.895957100,1,0
17.895962100,0,0
17.895967300,1,0
17.895972300,0,0
17.895977400,1,0
17.895982500,0,0
17.895987600,1,0
17.895992700,0,0
17.895997800,1,0
17.896002800,0,0
17.896008000,1,0
17.896013000,0,0
17.896018200,1,0
17.896023200,0,0
17.896028400,1,0
17.896033400,0,0
17.896038600,1,0
17.896043600,0,0
17.896046800,0,1
17.896048700,1,1
17.896053800,0,1
17.896054200,0,0
17.896058900,1,0
17.896064000,0,0
17.896069100,1,0
17.896074100,0,0
17.896079300,1,0
17.896084300,0,0
17.896089500,1,0
17.896094500,0,0
17.896099700,1,0
17.896104700,0,0
17.896109800,1,0
17.896114900,0,0
17.896120000,1,0
17.896125100,0,0
17.896130200,1,0
17.896135300,0,0
17.896140400,1,0
17.896145400,0,0
17.896150600,1,0
17.896155600,0,0
17.896160800,1,0
17.896165800,0,0
17.896171000,1,0
17.896176000,0,0
17.896181100,1,0
17.896186200,0,0
17.896191300,1,0
17.896196400,0,0
17.896201500,1,0
17.896206500,0,0
17.896211700,1,0
17.896216700,0,0
17.896221900,1,0
17.896226900,0,0
17.896230100,0,1
17.896232100,1,1
17.896237100,0,1
17.896237500,0,0
17.896242300,1,0
17.896247300,0,0
17.896252400,1,0
17.896257500,0,0
17.896262600,1,0
17.896267700,0,0
17.896272800,1,0
17.896277800,0,0
17.896283000,1,0
17.896288000,0,0
17.896293200,1,0
17.896298200,0,0
17.896303400,1,0
17.896308400,0,0
17.896313600,1,0
17.896318600,0,0
17.896323700,1,0
17.896328800,0,0
17.896333900,1,0
17.896339000,0,0
17.896344100,1,0
17.896349100,0,0
17.896354300,1,0
17.896359300,0,0
17.896364500,1,0
17.896369500,0,0
17.896374700,1,0
17.896379700,0,0
17.896384800,1,0
17.896389900,0,0
17.896395000,1,0
17.896400100,0,0
17.896405200,1,0
17.896410200,0,0
17.896413500,0,1
17.896415400,1,1
17.896420400,0,1
17.896420900,0,0
17.896425600,1,0
17.896430600,0,0
17.896435800,1,0
17.896440800,0,0
17.896446000,1,0
17.896451000,0,0
17.896456100,1,0
17.896461200,0,0
17.896466300,1,0
17.896471400,0,0
17.896476500,1,0
17.896481500,0,0
17.896486700,1,0
17.896491700,0,0
17.896492300,0,1
17.896496900,1,1
17.896501900,0,1
17.896502900,0,0
17.896507100,1,0
17.896513300,1,1
17.993916200,1,0
17.993922200,0,0
17.993923400,0,1
17.993927300,1,1
17.993932400,0,1
17.993933400,0,0
17.993937500,1,0
17.993942600,0,0
17.993943800,0,1
17.993947700,1,1
17.993952800,0,1
17.993953800,0,0
17.993957900,1,0
17.993962900,0,0
17.993964100,0,1
17.993968100,1,1
17.993973100,0,1
17.993974100,0,0
17.993978300,1,0
17.993983300,0,0
17.993988500,1,0
17.993993500,0,0
17.993998700,1,0
17.994003700,0,0
17.994008800,1,0
17.994013900,0,0
17.994019000,1,0
17.994024100,0,0
17.994025300,0,1
17.994029200,1,1
17.994034200,0,1
17.994035200,0,0
17.994039400,1,0
17.994044400,0,0
17.994049600,1,0
17.994054600,0,0
17.994059800,1,0
17.994064800,0,0
17.994069900,1,0
17.994075000,0,0
17.994080100,1,0
17.994085200,0,0
17.994090300,1,0
17.994095300,0,0
17.994100500,1,0
17.994105500,0,0
17.994106100,0,1
17.994110700,1,1
17.994117700,1,0
17.994123700,0,0
17.994124900,0,1
17.994128900,1,1
17.994133900,0,1
17.994134900,0,0
17.994139100,1,0
17.994144100,0,0
17.994145300,0,1
17.994149200,1,1
17.994154300,0,1
17.994155300,0,0
17.994159400,1,0
17.994164500,0,0
17.994165600,0,1
17.994169600,1,1
17.994174600,0,1
17.994175600,0,0
17.994179800,1,0
17.994184800,0,0
17.994190000,1,0
17.994195000,0,0
17.994196200,0,1
17.994200200,1,1
17.994205200,0,1
17.994205600,0,0
17.994210400,1,0
17.994215400,0,0
17.994220500,1,0
17.994225600,0,0
17.994230700,1,0
17.994235800,0,0
17.994240900,1,0
17.994245900,0,0
17.994251100,1,0
17.994256100,0,0
17.994256700,0,1
17.994261300,1,1
17.994266300,0,1
17.994271500,1,1
17.994276500,0,1
17.994281600,1,1
17.994286700,0,1
17.994291800,1,1
17.994296900,0,1
17.994302000,1,1
17.994307100,0,1
17.994308100,0,0
17.994312200,1,0
17.994318400,1,1
17.994387200,1,0
17.994393200,0,0
17.994394400,0,1
17.994398400,1,1
17.994403400,0,1
17.994404400,0,0
17.994408600,1,0
17.994413600,0,0
17.994414800,0,1
17.994418800,1,1
17.994423800,0,1
17.994424800,0,0
17.994428900,1,0
17.994434000,0,0
17.994435200,0,1
17.994439100,1,1
17.994444200,0,1
17.994445200,0,0
17.994449300,1,0
17.994454300,0,0
17.994459500,1,0
17.994464500,0,0
17.994469700,1,0
17.994474700,0,0
17.994479900,1,0
17.994484900,0,0
17.994490100,1,0
17.994495100,0,0
17.994496300,0,1
17.994500200,1,1
17.994505300,0,1
17.994506300,0,0
17.994510400,1,0
17.994515500,0,0
17.994516600,0,1
17.994520600,1,1
17.994525600,0,1
17.994526600,0,0
17.994530800,1,0
17.994535800,0,0
17.994541000,1,0
17.994546000,0,0
17.994551200,1,0
17.994556200,0,0
17.994561400,1,0
17.994566400,0,0
17.994571500,1,0
17.994576600,0,0
17.994577200,0,1
17.994581700,1,1
17.994588800,1,0
17.994594800,0,0
17.994595900,0,1
17.994599900,1,1
17.994604900,0,1
17.994605900,0,0
17.994610100,1,0
17.994615100,0,0
17.994616300,0,1
17.994620300,1,1
17.994625300,0,1
17.994626300,0,0
17.994630500,1,0
17.994635500,0,0
17.994636700,0,1
17.994640600,1,1
17.994645700,0,1
17.994646700,0,0
17.994650800,1,0
17.994655900,0,0
17.994661000,1,0
17.994666000,0,0
17.994667300,0,1
17.994671200,1,1
17.994676200,0,1
17.994676700,0,0
17.994681400,1,0
17.994686400,0,0
17.994691600,1,0
17.994696600,0,0
17.994701800,1,0
17.994706800,0,0
17.994711900,1,0
17.994717000,0,0
17.994722100,1,0
17.994727200,0,0
17.994732300,1,0
17.994737300,0,0
17.994742500,1,0
17.994747500,0,0
17.994752700,1,0
17.994757700,0,0
17.994762900,1,0
17.994767900,0,0
17.994773100,1,0
17.994778100,0,0
17.994781300,0,1
17.994783200,1,1
17.994788300,0,1
17.994788700,0,0
17.994793400,1,0
17.994798500,0,0
17.994803600,1,0
17.994808600,0,0
17.994813800,1,0
17.994818800,0,0
17.994824000,1,0
17.994829000,0,0
17.994834200,1,0
17.994839200,0,0
17.994844300,1,0
17.994849400,0,0
17.994854500,1,0
17.994859600,0,0
17.994864700,1,0
17.994869700,0,0
17.994874900,1,0
17.994879900,0,0
17.994885100,1,0
17.994890100,0,0
17.994895300,1,0
17.994900300,0,0
17.994905500,1,0
17.994910500,0,0
17.994915600,1,0
17.994920700,0,0
17.994925800,1,0
17.994930900,0,0
17.994936000,1,0
17.994941000,0,0
17.994946200,1,0
17.994951200,0,0
17.994956400,1,0
17.994961400,0,0
17.994964600,0,1
17.994966600,1,1
17.994971600,0,1
17.994972000,0,0
17.994976800,1,0
17.994981800,0,0
17.994986900,1,0
17.994992000,0,0
17.994997100,1,0
17.995002200,0,0
17.995007300,1,0
17.995012300,0,0
17.995017500,1,0
17.995022500,0,0
17.995027700,1,0
17.995032700,0,0
17.995037900,1,0
17.995042900,0,0
17.995048000,1,0
17.995053100,0,0
17.995058200,1,0
17.995063300,0,0
17.995068400,1,0
17.995073500,0,0
17.995078600,1,0
17.995083600,0,0
17.995088800,1,0
17.995093800,0,0
17.995099000,1,0
17.995104000,0,0
17.995109200,1,0
17.995114200,0,0
17.995119300,1,0
17.995124400,0,0
17.995129500,1,0
17.995134600,0,0
17.995139700,1,0
17.995144700,0,0
17.995148000,0,1
17.995149900,1,1
17.995154900,0,1
17.995155400,0,0
17.995160100,1,0
17.995165100,0,0
17.995170300,1,0
17.995175300,0,0
17.995180500,1,0
17.995185500,0,0
17.995190600,1,0
17.995195700,0,0
17.995200800,1,0
17.995205900,0,0
17.995211000,1,0
17.995216000,0,0
17.995221200,1,0
17.995226200,0,0
17.995226800,0,1
17.995231400,1,1
17.995236400,0,1
17.995237400,0,0
17.995241600,1,0
17.995247800,1,1
18.093583700,1,0
18.093589700,0,0
18.093590900,0,1
18.093594800,1,1
18.093599900,0,1
18.093600900,0,0
18.093605000,1,0
18.093610100,0,0
18.093611200,0,1
18.093615200,1,1
18.093620200,0,1
18.093621200,0,0
18.093625400,1,0
18.093630400,0,0
18.093631600,0,1
18.093635600,1,1
18.093640600,0,1
18.093641600,0,0
18.093645800,1,0
18.093650800,0,0
18.093656000,1,0
18.093661000,0,0
18.093666100,1,0
18.093671200,0,0
18.093676300,1,0
18.093681400,0,0
18.093686500,1,0
18.093691500,0,0
18.093692800,0,1
18.093696700,1,1
18.093701700,0,1
18.093702700,0,0
18.093706900,1,0
18.093711900,0,0
18.093717100,1,0
18.093722100,0,0
18.093727300,1,0
18.093732300,0,0
18.093737400,1,0
18.093742500,0,0
18.093747600,1,0
18.093752700,0,0
18.093757800,1,0
18.093762800,0,0
18.093768000,1,0
18.093773000,0,0
18.093773700,0,1
18.093778200,1,1
18.093785200,1,0
18.093791200,0,0
18.093792400,0,1
18.093796300,1,1
18.093801400,0,1
18.093802400,0,0
18.093806500,1,0
18.093811600,0,0
18.093812800,0,1
18.093816700,1,1
18.093821800,0,1
18.093822800,0,0
18.093826900,1,0
18.093832000,0,0
18.093833100,0,1
18.093837100,1,1
18.093842100,0,1
18.093843100,0,0
18.093847300,1,0
18.093852300,0,0
18.093857500,1,0
18.093862500,0,0
18.093863700,0,1
18.093867700,1,1
18.093872700,0,1
18.093873100,0,0
18.093877800,1,0
18.093882900,0,0
18.093888000,1,0
18.093893100,0,0
18.093898200,1,0
18.093903200,0,0
18.093908400,1,0
18.093913400,0,0
18.093918600,1,0
18.093923600,0,0
18.093924200,0,1
18.093928800,1,1
18.093933800,0,1
18.093939000,1,1
18.093944000,0,1
18.093949100,1,1
18.093954200,0,1
18.093959300,1,1
18.093964400,0,1
18.093969500,1,1
18.093974500,0,1
18.093975500,0,0
18.093979700,1,0
18.093985900,1,1
18.094054700,1,0
18.094060700,0,0
18.094061900,0,1
18.094065900,1,1
18.094070900,0,1
18.094071900,0,0
18.094076100,1,0
18.094081100,0,0
18.094082300,0,1
18.094086200,1,1
18.094091300,0,1
18.094092300,0,0
18.094096400,1,0
18.094101500,0,0
18.094102700,0,1
18.094106600,1,1
18.094111700,0,1
18.094112700,0,0
18.094116800,1,0
18.094121800,0,0
18.094127000,1,0
18.094132000,0,0
18.094137200,1,0
18.094142200,0,0
18.094147400,1,0
18.094152400,0,0
18.094157500,1,0
18.094162600,0,0
18.094163800,0,1
18.094167700,1,1
18.094172800,0,1
18.094173800,0,0
18.094177900,1,0
18.094182900,0,0
18.094184100,0,1
18.094188100,1,1
18.094193100,0,1
18.094194100,0,0
18.094198300,1,0
18.094203300,0,0
18.094208500,1,0
18.094213500,0,0
18.094218700,1,0
18.094223700,0,0
18.094228800,1,0
18.094233900,0,0
18.094239000,1,0
18.094244100,0,0
18.094244700,0,1
18.094249200,1,1
18.094256200,1,0
18.094262200,0,0
18.094263400,0,1
18.094267400,1,1
18.094272400,0,1
18.094273400,0,0
18.094277600,1,0
18.094282600,0,0
18.094283800,0,1
18.094287800,1,1
18.094292800,0,1
18.094293800,0,0
18.094298000,1,0
18.094303000,0,0
18.094304200,0,1
18.094308100,1,1
18.094313200,0,1
18.094314200,0,0
18.094318300,1,0
18.094323400,0,0
18.094328500,1,0
18.094333500,0,0
18.094334700,0,1
18.094338700,1,1
18.094343700,0,1
18.094344100,0,0
18.094348900,1,0
18.094353900,0,0
18.094359100,1,0
18.094364100,0,0
18.094369200,1,0
18.094374300,0,0
18.094379400,1,0
18.094384500,0,0
18.094389600,1,0
18.094394600,0,0
18.094399800,1,0
18.094404800,0,0
18.094410000,1,0
18.094415000,0,0
18.094420200,1,0
18.094425200,0,0
18.094430400,1,0
18.094435400,0,0
18.094440500,1,0
18.094445600,0,0
18.094448800,0,1
18.094450700,1,1
18.094455800,0,1
18.094456200,0,0
18.094460900,1,0
18.094465900,0,0
18.094471100,1,0
18.094476100,0,0
18.094481300,1,0
18.094486300,0,0
18.094491500,1,0
18.094496500,0,0
18.094501700,1,0
18.094506700,0,0
18.094511800,1,0
18.094516900,0,0
18.094522000,1,0
18.094527100,0,0
18.094532200,1,0
18.094537200,0,0
18.094542400,1,0
18.094547400,0,0
18.094552600,1,0
18.094557600,0,0
18.094562800,1,0
18.094567800,0,0
18.094573000,1,0
18.094578000,0,0
18.094583100,1,0
18.094588200,0,0
18.094593300,1,0
18.094598400,0,0
18.094603500,1,0
18.094608500,0,0
18.094613700,1,0
18.094618700,0,0
18.094623900,1,0
18.094628900,0,0
18.094632100,0,1
18.094634100,1,1
18.094639100,0,1
18.094639500,0,0
18.094644200,1,0
18.094649300,0,0
18.094654400,1,0
18.094659500,0,0
18.094664600,1,0
18.094669600,0,0
18.094674800,1,0
18.094679800,0,0
18.094685000,1,0
18.094690000,0,0
18.094695200,1,0
18.094700200,0,0
18.094705400,1,0
18.094710400,0,0
18.094715500,1,0
18.094720600,0,0
18.094725700,1,0
18.094730800,0,0
18.094735900,1,0
18.094740900,0,0
18.094746100,1,0
18.094751100,0,0
18.094756300,1,0
18.094761300,0,0
18.094766500,1,0
18.094771500,0,0
18.094776700,1,0
18.094781700,0,0
18.094786800,1,0
18.094791900,0,0
18.094797000,1,0
18.094802100,0,0
18.094807200,1,0
18.094812200,0,0
18.094815500,0,1
18.094817400,1,1
18.094822400,0,1
18.094822800,0,0
18.094827600,1,0
18.094832600,0,0
18.094837800,1,0
18.094842800,0,0
18.094847900,1,0
18.094853000,0,0
18.094858100,1,0
18.094863200,0,0
18.094868300,1,0
18.094873300,0,0
18.094878500,1,0
18.094883500,0,0
18.094888700,1,0
18.094893700,0,0
18.094894400,0,1
18.094898900,1,1
18.094903900,0,1
18.094904900,0,0
18.094909100,1,0
18.094915300,1,1
18.192324200,1,0
18.192330200,0,0
18.192331400,0,1
18.192335300,1,1
18.192340400,0,1
18.192341400,0,0
18.192345500,1,0
18.192350600,0,0
18.192351700,0,1
18.192355700,1,1
18.192360700,0,1
18.192361700,0,0
18.192365900,1,0
18.192370900,0,0
18.192372100,0,1
18.192376100,1,1
18.192381100,0,1
18.192382100,0,0
18.192386300,1,0
18.192391300,0,0
18.192396500,1,0
18.192401500,0,0
18.192406600,1,0
18.192411700,0,0
18.192416800,1,0
18.192421900,0,0
18.192427000,1,0
18.192432000,0,0
18.192433300,0,1
18.192437200,1,1
18.192442200,0,1
18.192443200,0,0
18.192447400,1,0
18.192452400,0,0
18.192457600,1,0
18.192462600,0,0
18.192467800,1,0
18.192472800,0,0
18.192477900,1,0
18.192483000,0,0
18.192488100,1,0
18.192493200,0,0
18.192498300,1,0
18.192503300,0,0
18.192508500,1,0
18.192513500,0,0
18.192514200,0,1
18.192518700,1,1
18.192525700,1,0
18.192531700,0,0
18.192532900,0,1
18.192536800,1,1
18.192541900,0,1
18.192542900,0,0
18.192547000,1,0
18.192552100,0,0
18.192553300,0,1
18.192557200,1,1
18.192562300,0,1
18.192563300,0,0
18.192567400,1,0
18.192572500,0,0
18.192573600,0,1
18.192577600,1,1
18.192582600,0,1
18.192583600,0,0
18.192587800,1,0
18.192592800,0,0
18.192598000,1,0
18.192603000,0,0
18.192604200,0,1
18.192608200,1,1
18.192613200,0,1
18.192613600,0,0
18.192618300,1,0
18.192623400,0,0
18.192628500,1,0
18.192633600,0,0
18.192638700,1,0
18.192643700,0,0
18.192648900,1,0
18.192653900,0,0
18.192659100,1,0
18.192664100,0,0
18.192664700,0,1
18.192669300,1,1
18.192674300,0,1
18.192679500,1,1
18.192684500,0,1
18.192689600,1,1
18.192694700,0,1
18.192699800,1,1
18.192704900,0,1
18.192710000,1,1
18.192715000,0,1
18.192716000,0,0
18.192720200,1,0
18.192726400,1,1
18.192794200,1,0
18.192800200,0,0
18.192801400,0,1
18.192805400,1,1
18.192810400,0,1
18.192811400,0,0
18.192815600,1,0
18.192820600,0,0
18.192821800,0,1
18.192825700,1,1
18.192830800,0,1
18.192831800,0,0
18.192835900,1,0
18.192841000,0,0
18.192842200,0,1
18.192846100,1,1
18.192851200,0,1
18.192852200,0,0
18.192856300,1,0
18.192861300,0,0
18.192866500,1,0
18.192871500,0,0
18.192876700,1,0
18.192881700,0,0
18.192886900,1,0
18.192891900,0,0
18.192897000,1,0
18.192902100,0,0
18.192903300,0,1
18.192907200,1,1
18.192912300,0,1
18.192913300,0,0
18.192917400,1,0
18.192922400,0,0
18.192923600,0,1
18.192927600,1,1
18.192932600,0,1
18.192933600,0,0
18.192937800,1,0
18.192942800,0,0
18.192948000,1,0
18.192953000,0,0
18.192958200,1,0
18.192963200,0,0
18.192968300,1,0
18.192973400,0,0
18.192978500,1,0
18.192983600,0,0
18.192984200,0,1
18.192988700,1,1
18.192995700,1,0
18.193001700,0,0
18.193002900,0,1
18.193006900,1,1
18.193011900,0,1
18.193012900,0,0
18.193017100,1,0
18.193022100,0,0
18.193023300,0,1
18.193027300,1,1
18.193032300,0,1
18.193033300,0,0
18.193037500,1,0
18.193042500,0,0
18.193043700,0,1
18.193047600,1,1
18.193052700,0,1
18.193053700,0,0
18.193057800,1,0
18.193062900,0,0
18.193068000,1,0
18.193073000,0,0
18.193074200,0,1
18.193078200,1,1
18.193083200,0,1
18.193083700,0,0
18.193088400,1,0
18.193093400,0,0
18.193098600,1,0
18.193103600,0,0
18.193108700,1,0
18.193113800,0,0
18.193118900,1,0
18.193124000,0,0
18.193129100,1,0
18.193134100,0,0
18.193139300,1,0
18.193144300,0,0
18.193149500,1,0
18.193154500,0,0
18.193159700,1,0
18.193164700,0,0
18.193169900,1,0
18.193174900,0,0
18.193180000,1,0
18.193185100,0,0
18.193188300,0,1
18.193190200,1,1
18.193195300,0,1
18.193195700,0,0
18.193200400,1,0
18.193205400,0,0
18.193210600,1,0
18.193215600,0,0
18.193220800,1,0
18.193225800,0,0
18.193231000,1,0
18.193236000,0,0
18.193241200,1,0
18.193246200,0,0
18.193251300,1,0
18.193256400,0,0
18.193261500,1,0
18.193266600,0,0
18.193271700,1,0
18.193276700,0,0
18.193281900,1,0
18.193286900,0,0
18.193292100,1,0
18.193297100,0,0
18.193302300,1,0
18.193307300,0,0
18.193312400,1,0
18.193317500,0,0
18.193322600,1,0
18.193327700,0,0
18.193332800,1,0
18.193337900,0,0
18.193343000,1,0
18.193348000,0,0
18.193353200,1,0
18.193358200,0,0
18.193363400,1,0
18.193368400,0,0
18.193371600,0,1
18.193373600,1,1
18.193378600,0,1
18.193379000,0,0
18.193383700,1,0
18.193388800,0,0
18.193393900,1,0
18.193399000,0,0
18.193404100,1,0
18.193409100,0,0
18.193414300,1,0
18.193419300,0,0
18.193424500,1,0
18.193429500,0,0
18.193434700,1,0
18.193439700,0,0
18.193444900,1,0
18.193449900,0,0
18.193455000,1,0
18.193460100,0,0
18.193465200,1,0
18.193470300,0,0
18.193475400,1,0
18.193480400,0,0
18.193485600,1,0
18.193490600,0,0
18.193495800,1,0
18.193500800,0,0
18.193506000,1,0
18.193511000,0,0
18.193516200,1,0
18.193521200,0,0
18.193526300,1,0
18.193531400,0,0
18.193536500,1,0
18.193541600,0,0
18.193546700,1,0
18.193551700,0,0
18.193555000,0,1
18.193556900,1,1
18.193561900,0,1
18.193562400,0,0
18.193567100,1,0
18.193572100,0,0
18.193577300,1,0
18.193582300,0,0
18.193587400,1,0
18.193592500,0,0
18.193597600,1,0
18.193602700,0,0
18.193607800,1,0
18.193612800,0,0
18.193618000,1,0
18.193623000,0,0
18.193628200,1,0
18.193633200,0,0
18.193633800,0,1
18.193638400,1,1
18.193643400,0,1
18.193644400,0,0
18.193648600,1,0
18.193654800,1,1
18.291074700,1,0
18.291080700,0,0
18.291081900,0,1
18.291085800,1,1
18.291090900,0,1
18.291091900,0,0
18.291096000,1,0
18.291101100,0,0
18.291102200,0,1
18.291106200,1,1
18.291111200,0,1
18.291112200,0,0
18.291116400,1,0
18.291121400,0,0
18.291122600,0,1
18.291126600,1,1
18.291131600,0,1
18.291132600,0,0
18.291136800,1,0
18.291141800,0,0
18.291147000,1,0
18.291152000,0,0
18.291157100,1,0
18.291162200,0,0
18.291167300,1,0
18.291172400,0,0
18.291177500,1,0
18.291182500,0,0
18.291183800,0,1
18.291187700,1,1
18.291192700,0,1
18.291193700,0,0
18.291197900,1,0
18.291202900,0,0
18.291208100,1,0
18.291213100,0,0
18.291218300,1,0
18.291223300,0,0
18.291228400,1,0
18.291233500,0,0
18.291238600,1,0
18.291243700,0,0
18.291248800,1,0
18.291253800,0,0
18.291259000,1,0
18.291264000,0,0
18.291264700,0,1
18.291269200,1,1
18.291276200,1,0
18.291282200,0,0
18.291283400,0,1
18.291287300,1,1
18.291292400,0,1
18.291293400,0,0
18.291297500,1,0
18.291302600,0,0
18.291303800,0,1
18.291307700,1,1
18.291312800,0,1
18.291313800,0,0
18.291317900,1,0
18.291323000,0,0
18.291324100,0,1
18.291328100,1,1
18.291333100,0,1
18.291334100,0,0
18.291338300,1,0
18.291343300,0,0
18.291348500,1,0
18.291353500,0,0
18.291354700,0,1
18.291358700,1,1
18.291363700,0,1
18.291364100,0,0
18.291368800,1,0
18.291373900,0,0
18.291379000,1,0
18.291384100,0,0
18.291389200,1,0
18.291394200,0,0
18.291399400,1,0
18.291404400,0,0
18.291409600,1,0
18.291414600,0,0
18.291415200,0,1
18.291419800,1,1
18.291424800,0,1
18.291430000,1,1
18.291435000,0,1
18.291440100,1,1
18.291445200,0,1
18.291450300,1,1
18.291455400,0,1
18.291460500,1,1
18.291465500,0,1
18.291466500,0,0
18.291470700,1,0
18.291476900,1,1
18.291537700,1,0
18.291543700,0,0
18.291544900,0,1
18.291548900,1,1
18.291553900,0,1
18.291554900,0,0
18.291559100,1,0
18.291564100,0,0
18.291565300,0,1
18.291569200,1,1
18.291574300,0,1
18.291575300,0,0
18.291579400,1,0
18.291584500,0,0
18.291585700,0,1
18.291589600,1,1
18.291594700,0,1
18.291595700,0,0
18.291599800,1,0
18.291604800,0,0
18.291610000,1,0
18.291615000,0,0
18.291620200,1,0
18.291625200,0,0
18.291630400,1,0
18.291635400,0,0
18.291640500,1,0
18.291645600,0,0
18.291646800,0,1
18.291650700,1,1
18.291655800,0,1
18.291656800,0,0
18.291660900,1,0
18.291665900,0,0
18.291667100,0,1
18.291671100,1,1
18.291676100,0,1
18.291677100,0,0
18.291681300,1,0
18.291686300,0,0
18.291691500,1,0
18.291696500,0,0
18.291701700,1,0
18.291706700,0,0
18.291711800,1,0
18.291716900,0,0
18.291722000,1,0
18.291727100,0,0
18.291727700,0,1
18.291732200,1,1
18.291739200,1,0
18.291745200,0,0
18.291746400,0,1
18.291750400,1,1
18.291755400,0,1
18.291756400,0,0
18.291760600,1,0
18.291765600,0,0
18.291766800,0,1
18.291770800,1,1
18.291775800,0,1
18.291776800,0,0
18.291781000,1,0
18.291786000,0,0
18.291787200,0,1
18.291791100,1,1
18.291796200,0,1
18.291797200,0,0
18.291801300,1,0
18.291806400,0,0
18.291811500,1,0
18.291816500,0,0
18.291817700,0,1
18.291821700,1,1
18.291826700,0,1
18.291827200,0,0
18.291831900,1,0
18.291836900,0,0
18.291842100,1,0
18.291847100,0,0
18.291852200,1,0
18.291857300,0,0
18.291862400,1,0
18.291867500,0,0
18.291872600,1,0
18.291877700,0,0
18.291882800,1,0
18.291887800,0,0
18.291893000,1,0
18.291898000,0,0
18.291903200,1,0
18.291908200,0,0
18.291913400,1,0
18.291918400,0,0
18.291923500,1,0
18.291928600,0,0
18.291931800,0,1
18.291933700,1,1
18.291938800,0,1
18.291939200,0,0
18.291943900,1,0
18.291948900,0,0
18.291954100,1,0
18.291959100,0,0
18.291964300,1,0
18.291969300,0,0
18.291974500,1,0
18.291979500,0,0
18.291984700,1,0
18.291989700,0,0
18.291994800,1,0
18.291999900,0,0
18.292005000,1,0
18.292010100,0,0
18.292015200,1,0
18.292020200,0,0
18.292025400,1,0
18.292030400,0,0
18.292035600,1,0
18.292040600,0,0
18.292045800,1,0
18.292050800,0,0
18.292056000,1,0
18.292061000,0,0
18.292066100,1,0
18.292071200,0,0
18.292076300,1,0
18.292081400,0,0
18.292086500,1,0
18.292091500,0,0
18.292096700,1,0
18.292101700,0,0
18.292106900,1,0
18.292111900,0,0
18.292115100,0,1
18.292117100,1,1
18.292122100,0,1
18.292122500,0,0
18.292127200,1,0
18.292132300,0,0
18.292137400,1,0
18.292142500,0,0
18.292147600,1,0
18.292152600,0,0
18.292157800,1,0
18.292162800,0,0
18.292168000,1,0
18.292173000,0,0
18.292178200,1,0
18.292183200,0,0
18.292188400,1,0
18.292193400,0,0
18.292198500,1,0
18.292203600,0,0
18.292208700,1,0
18.292213800,0,0
18.292218900,1,0
18.292223900,0,0
18.292229100,1,0
18.292234100,0,0
18.292239300,1,0
18.292244300,0,0
18.292249500,1,0
18.292254500,0,0
18.292259700,1,0
18.292264700,0,0
18.292269800,1,0
18.292274900,0,0
18.292280000,1,0
18.292285100,0,0
18.292290200,1,0
18.292295200,0,0
18.292298500,0,1
18.292300400,1,1
18.292305400,0,1
18.292305900,0,0
18.292310600,1,0
18.292315600,0,0
18.292320800,1,0
18.292325800,0,0
18.292330900,1,0
18.292336000,0,0
18.292341100,1,0
18.292346200,0,0
18.292351300,1,0
18.292356300,0,0
18.292361500,1,0
18.292366500,0,0
18.292371700,1,0
18.292376700,0,0
18.292377300,0,1
18.292381900,1,1
18.292386900,0,1
18.292387900,0,0
18.292392100,1,0
18.292398300,1,1
18.390720200,1,0
18.390726200,0,0
18.390727300,0,1
18.390731300,1,1
18.390736400,0,1
18.390737400,0,0
18.390741500,1,0
18.390746600,0,0
18.390747700,0,1
18.390751700,1,1
18.390756700,0,1
18.390757700,0,0
18.390761900,1,0
18.390766900,0,0
18.390768100,0,1
18.390772100,1,1
18.390777100,0,1
18.390778100,0,0
18.390782300,1,0
18.390787300,0,0
18.390792500,1,0
18.390797500,0,0
18.390802600,1,0
18.390807700,0,0
18.390812800,1,0
18.390817900,0,0
18.390823000,1,0
18.390828000,0,0
18.390829300,0,1
18.390833200,1,1
18.390838200,0,1
18.390839200,0,0
18.390843400,1,0
18.390848400,0,0
18.390853600,1,0
18.390858600,0,0
18.390863700,1,0
18.390868800,0,0
18.390873900,1,0
18.390879000,0,0
18.390884100,1,0
18.390889100,0,0
18.390894300,1,0
18.390899300,0,0
18.390904500,1,0
18.390909500,0,0
18.390910200,0,1
18.390914700,1,1
18.390921700,1,0
18.390927700,0,0
18.390928900,0,1
18.390932800,1,1
18.390937900,0,1
18.390938900,0,0
18.390943000,1,0
18.390948100,0,0
18.390949300,0,1
18.390953200,1,1
18.390958300,0,1
18.390959300,0,0
18.390963400,1,0
18.390968400,0,0
18.390969600,0,1
18.390973600,1,1
18.390978600,0,1
18.390979600,0,0
18.390983800,1,0
18.390988800,0,0
18.390994000,1,0
18.390999000,0,0
18.391000200,0,1
18.391004200,1,1
18.391009200,0,1
18.391009600,0,0
18.391014300,1,0
18.391019400,0,0
18.391024500,1,0
18.391029600,0,0
18.391034700,1,0
18.391039700,0,0
18.391044900,1,0
18.391049900,0,0
18.391055100,1,0
18.391060100,0,0
18.391060800,0,1
18.391065300,1,1
18.391070300,0,1
18.391075400,1,1
18.391080500,0,1
18.391085600,1,1
18.391090700,0,1
18.391095800,1,1
18.391100900,0,1
18.391106000,1,1
18.391111000,0,1
18.391112000,0,0
18.391116200,1,0
18.391122400,1,1
18.391183200,1,0
18.391189200,0,0
18.391190400,0,1
18.391194300,1,1
18.391199400,0,1
18.391200400,0,0
18.391204500,1,0
18.391209600,0,0
18.391210800,0,1
18.391214700,1,1
18.391219800,0,1
18.391220800,0,0
18.391224900,1,0
18.391230000,0,0
18.391231100,0,1
18.391235100,1,1
18.391240100,0,1
18.391241100,0,0
18.391245300,1,0
18.391250300,0,0
18.391255500,1,0
18.391260500,0,0
18.391265700,1,0
18.391270700,0,0
18.391275900,1,0
18.391280900,0,0
18.391286000,1,0
18.391291100,0,0
18.391292300,0,1
18.391296200,1,1
18.391301300,0,1
18.391302300,0,0
18.391306400,1,0
18.391311400,0,0
18.391312600,0,1
18.391316600,1,1
18.391321600,0,1
18.391322600,0,0
18.391326800,1,0
18.391331800,0,0
18.391337000,1,0
18.391342000,0,0
18.391347200,1,0
18.391352200,0,0
18.391357300,1,0
18.391362400,0,0
18.391367500,1,0
18.391372600,0,0
18.391373200,0,1
18.391377700,1,1
18.391384700,1,0
18.391390700,0,0
18.391391900,0,1
18.391395900,1,1
18.391400900,0,1
18.391401900,0,0
18.391406100,1,0
18.391411100,0,0
18.391412300,0,1
18.391416300,1,1
18.391421300,0,1
18.391422300,0,0
18.391426400,1,0
18.391431500,0,0
18.391432700,0,1
18.391436600,1,1
18.391441700,0,1
18.391442700,0,0
18.391446800,1,0
18.391451800,0,0
18.391457000,1,0
18.391462000,0,0
18.391463200,0,1
18.391467200,1,1
18.391472200,0,1
18.391472600,0,0
18.391477400,1,0
18.391482400,0,0
18.391487600,1,0
18.391492600,0,0
18.391497700,1,0
18.391502800,0,0
18.391507900,1,0
18.391513000,0,0
18.391518100,1,0
18.391523100,0,0
18.391528300,1,0
18.391533300,0,0
18.391538500,1,0
18.391543500,0,0
18.391548700,1,0
18.391553700,0,0
18.391558900,1,0
18.391563900,0,0
18.391569000,1,0
18.391574100,0,0
18.391577300,0,1
18.391579200,1,1
18.391584300,0,1
18.391584700,0,0
18.391589400,1,0
18.391594400,0,0
18.391599600,1,0
18.391604600,0,0
18.391609800,1,0
18.391614800,0,0
18.391620000,1,0
18.391625000,0,0
18.391630100,1,0
18.391635200,0,0
18.391640300,1,0
18.391645400,0,0
18.391650500,1,0
18.391655500,0,0
18.391660700,1,0
18.391665700,0,0
18.391670900,1,0
18.391675900,0,0
18.391681100,1,0
18.391686100,0,0
18.391691300,1,0
18.391696300,0,0
18.391701400,1,0
18.391706500,0,0
18.391711600,1,0
18.391716700,0,0
18.391721800,1,0
18.391726800,0,0
18.391732000,1,0
18.391737000,0,0
18.391742200,1,0
18.391747200,0,0
18.391752400,1,0
18.391757400,0,0
18.391760600,0,1
18.391762600,1,1
18.391767600,0,1
18.391768000,0,0
18.391772700,1,0
18.391777800,0,0
18.391782900,1,0
18.391788000,0,0
18.391793100,1,0
18.391798100,0,0
18.391803300,1,0
18.391808300,0,0
18.391813500,1,0
18.391818500,0,0
18.391823700,1,0
18.391828700,0,0
18.391833800,1,0
18.391838900,0,0
18.391844000,1,0
18.391849100,0,0
18.391854200,1,0
18.391859300,0,0
18.391864400,1,0
18.391869400,0,0
18.391874600,1,0
18.391879600,0,0
18.391884800,1,0
18.391889800,0,0
18.391895000,1,0
18.391900000,0,0
18.391905100,1,0
18.391910200,0,0
18.391915300,1,0
18.391920400,0,0
18.391925500,1,0
18.391930500,0,0
18.391935700,1,0
18.391940700,0,0
18.391943900,0,1
18.391945900,1,1
18.391950900,0,1
18.391951300,0,0
18.391956100,1,0
18.391961100,0,0
18.391966300,1,0
18.391971300,0,0
18.391976400,1,0
18.391981500,0,0
18.391986600,1,0
18.391991700,0,0
18.391996800,1,0
18.392001800,0,0
18.392007000,1,0
18.392012000,0,0
18.392017200,1,0
18.392022200,0,0
18.392022800,0,1
18.392027400,1,1
18.392032400,0,1
18.392033400,0,0
18.392037600,1,0
18.392043800,1,1
18.489438700,1,0
18.489444700,0,0
18.489445800,0,1
18.489449800,1,1
18.489454900,0,1
18.489455900,0,0
18.489460000,1,0
18.489465100,0,0
18.489466200,0,1
18.489470200,1,1
18.489475200,0,1
18.489476200,0,0
18.489480400,1,0
18.489485400,0,0
18.489486600,0,1
18.489490600,1,1
18.489495600,0,1
18.489496600,0,0
18.489500800,1,0
18.489505800,0,0
18.489511000,1,0
18.489516000,0,0
18.489521100,1,0
18.489526200,0,0
18.489531300,1,0
18.489536400,0,0
18.489541500,1,0
18.489546500,0,0
18.489547800,0,1
18.489551700,1,1
18.489556700,0,1
18.489557700,0,0
18.489561900,1,0
18.489566900,0,0
18.489572100,1,0
18.489577100,0,0
18.489582300,1,0
18.489587300,0,0
18.489592400,1,0
18.489597500,0,0
18.489602600,1,0
18.489607700,0,0
18.489612800,1,0
18.489617800,0,0
18.489623000,1,0
18.489628000,0,0
18.489628600,0,1
18.489633200,1,1
18.489640200,1,0
18.489646200,0,0
18.489647400,0,1
18.489651300,1,1
18.489656400,0,1
18.489657400,0,0
18.489661500,1,0
18.489666600,0,0
18.489667800,0,1
18.489671700,1,1
18.489676800,0,1
18.489677800,0,0
18.489681900,1,0
18.489686900,0,0
18.489688100,0,1
18.489692100,1,1
18.489697100,0,1
18.489698100,0,0
18.489702300,1,0
18.489707300,0,0
18.489712500,1,0
18.489717500,0,0
18.489718700,0,1
18.489722700,1,1
18.489727700,0,1
18.489728100,0,0
18.489732800,1,0
18.489737900,0,0
18.489743000,1,0
18.489748100,0,0
18.489753200,1,0
18.489758200,0,0
18.489763400,1,0
18.489768400,0,0
18.489773600,1,0
18.489778600,0,0
18.489779300,0,1
18.489783800,1,1
18.489788800,0,1
18.489793900,1,1
18.489799000,0,1
18.489804100,1,1
18.489809200,0,1
18.489814300,1,1
18.489819400,0,1
18.489824500,1,1
18.489829500,0,1
18.489830500,0,0
18.489834700,1,0
18.489840900,1,1
18.489900700,1,0
18.489906700,0,0
18.489907900,0,1
18.489911800,1,1
18.489916900,0,1
18.489917900,0,0
18.489922100,1,0
18.489927100,0,0
18.489928300,0,1
18.489932200,1,1
18.489937300,0,1
18.489938300,0,0
18.489942400,1,0
18.489947500,0,0
18.489948700,0,1
18.489952600,1,1
18.489957600,0,1
18.489958600,0,0
18.489962800,1,0
18.489967800,0,0
18.489973000,1,0
18.489978000,0,0
18.489983200,1,0
18.489988200,0,0
18.489993400,1,0
18.489998400,0,0
18.490003500,1,0
18.490008600,0,0
18.490009800,0,1
18.490013700,1,1
18.490018800,0,1
18.490019800,0,0
18.490023900,1,0
18.490028900,0,0
18.490030100,0,1
18.490034100,1,1
18.490039100,0,1
18.490040100,0,0
18.490044300,1,0
18.490049300,0,0
18.490054500,1,0
18.490059500,0,0
18.490064700,1,0
18.490069700,0,0
18.490074800,1,0
18.490079900,0,0
18.490085000,1,0
18.490090100,0,0
18.490090700,0,1
18.490095200,1,1
18.490102200,1,0
18.490108200,0,0
18.490109400,0,1
18.490113400,1,1
18.490118400,0,1
18.490119400,0,0
18.490123600,1,0
18.490128600,0,0
18.490129800,0,1
18.490133800,1,1
18.490138800,0,1
18.490139800,0,0
18.490143900,1,0
18.490149000,0,0
18.490150200,0,1
18.490154100,1,1
18.490159200,0,1
18.490160200,0,0
18.490164300,1,0
18.490169400,0,0
18.490174500,1,0
18.490179500,0,0
18.490180700,0,1
18.490184700,1,1
18.490189700,0,1
18.490190200,0,0
18.490194900,1,0
18.490199900,0,0
18.490205100,1,0
18.490210100,0,0
18.490215200,1,0
18.490220300,0,0
18.490225400,1,0
18.490230500,0,0
18.490235600,1,0
18.490240600,0,0
18.490245800,1,0
18.490250800,0,0
18.490256000,1,0
18.490261000,0,0
18.490266200,1,0
18.490271200,0,0
18.490276400,1,0
18.490281400,0,0
18.490286500,1,0
18.490291600,0,0
18.490294800,0,1
18.490296700,1,1
18.490301800,0,1
18.490302200,0,0
18.490306900,1,0
18.490311900,0,0
18.490317100,1,0
18.490322100,0,0
18.490327300,1,0
18.490332300,0,0
18.490337500,1,0
18.490342500,0,0
18.490347700,1,0
18.490352700,0,0
18.490357800,1,0
18.490362900,0,0
18.490368000,1,0
18.490373100,0,0
18.490378200,1,0
18.490383200,0,0
18.490388400,1,0
18.490393400,0,0
18.490398600,1,0
18.490403600,0,0
18.490408800,1,0
18.490413800,0,0
18.490418900,1,0
18.490424000,0,0
18.490429100,1,0
18.490434200,0,0
18.490439300,1,0
18.490444300,0,0
18.490449500,1,0
18.490454500,0,0
18.490459700,1,0
18.490464700,0,0
18.490469900,1,0
18.490474900,0,0
18.490478100,0,1
18.490480100,1,1
18.490485100,0,1
18.490485500,0,0
18.490490200,1,0
18.490495300,0,0
18.490500400,1,0
18.490505500,0,0
18.490510600,1,0
18.490515600,0,0
18.490520800,1,0
18.490525800,0,0
18.490531000,1,0
18.490536000,0,0
18.490541200,1,0
18.490546200,0,0
18.490551400,1,0
18.490556400,0,0
18.490561500,1,0
18.490566600,0,0
18.490571700,1,0
18.490576800,0,0
18.490581900,1,0
18.490586900,0,0
18.490592100,1,0
18.490597100,0,0
18.490602300,1,0
18.490607300,0,0
18.490612500,1,0
18.490617500,0,0
18.490622600,1,0
18.490627700,0,0
18.490632800,1,0
18.490637900,0,0
18.490643000,1,0
18.490648000,0,0
18.490653200,1,0
18.490658200,0,0
18.490661500,0,1
18.490663400,1,1
18.490668400,0,1
18.490668900,0,0
18.490673600,1,0
18.490678600,0,0
18.490683800,1,0
18.490688800,0,0
18.490693900,1,0
18.490699000,0,0
18.490704100,1,0
18.490709200,0,0
18.490714300,1,0
18.490719300,0,0
18.490724500,1,0
18.490729500,0,0
18.490734700,1,0
18.490739700,0,0
18.490740400,0,1
18.490744900,1,1
18.490749900,0,1
18.490750900,0,0
18.490755100,1,0
18.490761300,1,1
18.588130200,1,0
18.588136200,0,0
18.588137400,0,1
18.588141300,1,1
18.588146400,0,1
18.588147400,0,0
18.588151500,1,0
18.588156600,0,0
18.588157700,0,1
18.588161700,1,1
18.588166700,0,1
18.588167700,0,0
18.588171900,1,0
18.588176900,0,0
18.588178100,0,1
18.588182100,1,1
18.588187100,0,1
18.588188100,0,0
18.588192300,1,0
18.588197300,0,0
18.588202500,1,0
18.588207500,0,0
18.588212600,1,0
18.588217700,0,0
18.588222800,1,0
18.588227900,0,0
18.588233000,1,0
18.588238000,0,0
18.588239300,0,1
18.588243200,1,1
18.588248200,0,1
18.588249200,0,0
18.588253400,1,0
18.588258400,0,0
18.588263600,1,0
18.588268600,0,0
18.588273800,1,0
18.588278800,0,0
18.588283900,1,0
18.588289000,0,0
18.588294100,1,0
18.588299200,0,0
18.588304300,1,0
18.588309300,0,0
18.588314500,1,0
18.588319500,0,0
18.588320200,0,1
18.588324700,1,1
18.588331700,1,0
18.588337700,0,0
18.588338900,0,1
18.588342800,1,1
18.588347900,0,1
18.588348900,0,0
18.588353000,1,0
18.588358100,0,0
18.588359300,0,1
18.588363200,1,1
18.588368300,0,1
18.588369300,0,0
18.588373400,1,0
18.588378500,0,0
18.588379600,0,1
18.588383600,1,1
18.588388600,0,1
18.588389600,0,0
18.588393800,1,0
18.588398800,0,0
18.588404000,1,0
18.588409000,0,0
18.588410200,0,1
18.588414200,1,1
18.588419200,0,1
18.588419600,0,0
18.588424300,1,0
18.588429400,0,0
18.588434500,1,0
18.588439600,0,0
18.588444700,1,0
18.588449700,0,0
18.588454900,1,0
18.588459900,0,0
18.588465100,1,0
18.588470100,0,0
18.588470700,0,1
18.588475300,1,1
18.588480300,0,1
18.588485500,1,1
18.588490500,0,1
18.588495600,1,1
18.588500700,0,1
18.588505800,1,1
18.588510900,0,1
18.588516000,1,1
18.588521000,0,1
18.588522000,0,0
18.588526200,1,0
18.588532400,1,1
18.588593200,1,0
18.588599200,0,0
18.588600400,0,1
18.588604400,1,1
18.588609400,0,1
18.588610400,0,0
18.588614600,1,0
18.588619600,0,0
18.588620800,0,1
18.588624700,1,1
18.588629800,0,1
18.588630800,0,0
18.588634900,1,0
18.588640000,0,0
18.588641200,0,1
18.588645100,1,1
18.588650200,0,1
18.588651200,0,0
18.588655300,1,0
18.588660300,0,0
18.588665500,1,0
18.588670500,0,0
18.588675700,1,0
18.588680700,0,0
18.588685900,1,0
18.588690900,0,0
18.588696000,1,0
18.588701100,0,0
18.588702300,0,1
18.588706200,1,1
18.588711300,0,1
18.588712300,0,0
18.588716400,1,0
18.588721400,0,0
18.588722600,0,1
18.588726600,1,1
18.588731600,0,1
18.588732600,0,0
18.588736800,1,0
18.588741800,0,0
18.588747000,1,0
18.588752000,0,0
18.588757200,1,0
18.588762200,0,0
18.588767300,1,0
18.588772400,0,0
18.588777500,1,0
18.588782600,0,0
18.588783200,0,1
18.588787700,1,1
18.588794700,1,0
18.588800700,0,0
18.588801900,0,1
18.588805900,1,1
18.588810900,0,1
18.588811900,0,0
18.588816100,1,0
18.588821100,0,0
18.588822300,0,1
18.588826300,1,1
18.588831300,0,1
18.588832300,0,0
18.588836500,1,0
18.588841500,0,0
18.588842700,0,1
18.588846600,1,1
18.588851700,0,1
18.588852700,0,0
18.588856800,1,0
18.588861900,0,0
18.588867000,1,0
18.588872000,0,0
18.588873200,0,1
18.588877200,1,1
18.588882200,0,1
18.588882700,0,0
18.588887400,1,0
18.588892400,0,0
18.588897600,1,0
18.588902600,0,0
18.588907700,1,0
18.588912800,0,0
18.588917900,1,0
18.588923000,0,0
18.588928100,1,0
18.588933100,0,0
18.588938300,1,0
18.588943300,0,0
18.588948500,1,0
18.588953500,0,0
18.588958700,1,0
18.588963700,0,0
18.588968900,1,0
18.588973900,0,0
18.588979000,1,0
18.588984100,0,0
18.588987300,0,1
18.588989200,1,1
18.588994300,0,1
18.588994700,0,0
18.588999400,1,0
18.589004400,0,0
18.589009600,1,0
18.589014600,0,0
18.589019800,1,0
18.589024800,0,0
18.589030000,1,0
18.589035000,0,0
18.589040200,1,0
18.589045200,0,0
18.589050300,1,0
18.589055400,0,0
18.589060500,1,0
18.589065600,0,0
18.589070700,1,0
18.589075700,0,0
18.589080900,1,0
18.589085900,0,0
18.589091100,1,0
18.589096100,0,0
18.589101300,1,0
18.589106300,0,0
18.589111500,1,0
18.589116500,0,0
18.589121600,1,0
18.589126700,0,0
18.589131800,1,0
18.589136900,0,0
18.589142000,1,0
18.589147000,0,0
18.589152200,1,0
18.589157200,0,0
18.589162400,1,0
18.589167400,0,0
18.589170600,0,1
18.589172600,1,1
18.589177600,0,1
18.589178000,0,0
18.589182700,1,0
18.589187800,0,0
18.589192900,1,0
18.589198000,0,0
18.589203100,1,0
18.589208100,0,0
18.589213300,1,0
18.589218300,0,0
18.589223500,1,0
18.589228500,0,0
18.589233700,1,0
18.589238700,0,0
18.589243900,1,0
18.589248900,0,0
18.589254000,1,0
18.589259100,0,0
18.589264200,1,0
18.589269300,0,0
18.589274400,1,0
18.589279400,0,0
18.589284600,1,0
18.589289600,0,0
18.589294800,1,0
18.589299800,0,0
18.589305000,1,0
18.589310000,0,0
18.589315200,1,0
18.589320200,0,0
18.589325300,1,0
18.589330400,0,0
18.589335500,1,0
18.589340600,0,0
18.589345700,1,0
18.589350700,0,0
18.589354000,0,1
18.589355900,1,1
18.589360900,0,1
18.589361400,0,0
18.589366100,1,0
18.589371100,0,0
18.589376300,1,0
18.589381300,0,0
18.589386400,1,0
18.589391500,0,0
18.589396600,1,0
18.589401700,0,0
18.589406800,1,0
18.589411800,0,0
18.589417000,1,0
18.589422000,0,0
18.589427200,1,0
18.589432200,0,0
18.589432800,0,1
18.589437400,1,1
18.589442400,0,1
18.589443400,0,0
18.589447600,1,0
18.589453800,1,1
18.687767700,1,0
18.687773700,0,0
18.687774800,0,1
18.687778800,1,1
18.687783900,0,1
18.687784900,0,0
18.687789000,1,0
18.687794100,0,0
18.687795200,0,1
18.687799200,1,1
18.687804200,0,1
18.687805200,0,0
18.687809400,1,0
18.687814400,0,0
18.687815600,0,1
18.687819600,1,1
18.687824600,0,1
18.687825600,0,0
18.687829800,1,0
18.687834800,0,0
18.687840000,1,0
18.687845000,0,0
18.687850100,1,0
18.687855200,0,0
18.687860300,1,0
18.687865400,0,0
18.687870500,1,0
18.687875500,0,0
18.687876800,0,1
18.687880700,1,1
18.687885700,0,1
18.687886700,0,0
18.687890900,1,0
18.687895900,0,0
18.687901100,1,0
18.687906100,0,0
18.687911200,1,0
18.687916300,0,0
18.687921400,1,0
18.687926500,0,0
18.687931600,1,0
18.687936700,0,0
18.687941800,1,0
18.687946800,0,0
18.687952000,1,0
18.687957000,0,0
18.687957700,0,1
18.687962200,1,1
18.687969200,1,0
18.687975200,0,0
18.687976400,0,1
18.687980300,1,1
18.687985400,0,1
18.687986400,0,0
18.687990500,1,0
18.687995600,0,0
18.687996800,0,1
18.688000700,1,1
18.688005800,0,1
18.688006800,0,0
18.688010900,1,0
18.688015900,0,0
18.688017100,0,1
18.688021100,1,1
18.688026100,0,1
18.688027100,0,0
18.688031300,1,0
18.688036300,0,0
18.688041500,1,0
18.688046500,0,0
18.688047700,0,1
18.688051700,1,1
18.688056700,0,1
18.688057100,0,0
18.688061800,1,0
18.688066900,0,0
18.688072000,1,0
18.688077100,0,0
18.688082200,1,0
18.688087200,0,0
18.688092400,1,0
18.688097400,0,0
18.688102600,1,0
18.688107600,0,0
18.688108200,0,1
18.688112800,1,1
18.688117800,0,1
18.688122900,1,1
18.688128000,0,1
18.688133100,1,1
18.688138200,0,1
18.688143300,1,1
18.688148400,0,1
18.688153500,1,1
18.688158500,0,1
18.688159500,0,0
18.688163700,1,0
18.688169900,1,1
18.688238700,1,0
18.688244700,0,0
18.688245900,0,1
18.688249800,1,1
18.688254900,0,1
18.688255900,0,0
18.688260100,1,0
18.688265100,0,0
18.688266300,0,1
18.688270200,1,1
18.688275300,0,1
18.688276300,0,0
18.688280400,1,0
18.688285500,0,0
18.688286600,0,1
18.688290600,1,1
18.688295600,0,1
18.688296600,0,0
18.688300800,1,0
18.688305800,0,0
18.688311000,1,0
18.688316000,0,0
18.688321200,1,0
18.688326200,0,0
18.688331400,1,0
18.688336400,0,0
18.688341500,1,0
18.688346600,0,0
18.688347800,0,1
18.688351700,1,1
18.688356800,0,1
18.688357800,0,0
18.688361900,1,0
18.688366900,0,0
18.688368100,0,1
18.688372100,1,1
18.688377100,0,1
18.688378100,0,0
18.688382300,1,0
18.688387300,0,0
18.688392500,1,0
18.688397500,0,0
18.688402700,1,0
18.688407700,0,0
18.688412800,1,0
18.688417900,0,0
18.688423000,1,0
18.688428100,0,0
18.688428700,0,1
18.688433200,1,1
18.688440200,1,0
18.688446200,0,0
18.688447400,0,1
18.688451400,1,1
18.688456400,0,1
18.688457400,0,0
18.688461600,1,0
18.688466600,0,0
18.688467800,0,1
18.688471800,1,1
18.688476800,0,1
18.688477800,0,0
18.688481900,1,0
18.688487000,0,0
18.688488200,0,1
18.688492100,1,1
18.688497200,0,1
18.688498200,0,0
18.688502300,1,0
18.688507300,0,0
18.688512500,1,0
18.688517500,0,0
18.688518700,0,1
18.688522700,1,1
18.688527700,0,1
18.688528100,0,0
18.688532900,1,0
18.688537900,0,0
18.688543100,1,0
18.688548100,0,0
18.688553200,1,0
18.688558300,0,0
18.688563400,1,0
18.688568500,0,0
18.688573600,1,0
18.688578600,0,0
18.688583800,1,0
18.688588800,0,0
18.688594000,1,0
18.688599000,0,0
18.688604200,1,0
18.688609200,0,0
18.688614400,1,0
18.688619400,0,0
18.688624500,1,0
18.688629600,0,0
18.688632800,0,1
18.688634700,1,1
18.688639800,0,1
18.688640200,0,0
18.688644900,1,0
18.688649900,0,0
18.688655100,1,0
18.688660100,0,0
18.688665300,1,0
18.688670300,0,0
18.688675500,1,0
18.688680500,0,0
18.688685700,1,0
18.688690700,0,0
18.688695800,1,0
18.688700900,0,0
18.688706000,1,0
18.688711100,0,0
18.688716200,1,0
18.688721200,0,0
18.688726400,1,0
18.688731400,0,0
18.688736600,1,0
18.688741600,0,0
18.688746800,1,0
18.688751800,0,0
18.688756900,1,0
18.688762000,0,0
18.688767100,1,0
18.688772200,0,0
18.688777300,1,0
18.688782300,0,0
18.688787500,1,0
18.688792500,0,0
18.688797700,1,0
18.688802700,0,0
18.688807900,1,0
18.688812900,0,0
18.688816100,0,1
18.688818100,1,1
18.688823100,0,1
18.688823500,0,0
18.688828200,1,0
18.688833300,0,0
18.688838400,1,0
18.688843500,0,0
18.688848600,1,0
18.688853600,0,0
18.688858800,1,0
18.688863800,0,0
18.688869000,1,0
18.688874000,0,0
18.688879200,1,0
18.688884200,0,0
18.688889400,1,0
18.688894400,0,0
18.688899500,1,0
18.688904600,0,0
18.688909700,1,0
18.688914800,0,0
18.688919900,1,0
18.688924900,0,0
18.688930100,1,0
18.688935100,0,0
18.688940300,1,0
18.688945300,0,0
18.688950500,1,0
18.688955500,0,0
18.688960600,1,0
18.688965700,0,0
18.688970800,1,0
18.688975900,0,0
18.688981000,1,0
18.688986000,0,0
18.688991200,1,0
18.688996200,0,0
18.688999400,0,1
18.689001400,1,1
18.689006400,0,1
18.689006800,0,0
18.689011600,1,0
18.689016600,0,0
18.689021800,1,0
18.689026800,0,0
18.689031900,1,0
18.689037000,0,0
18.689042100,1,0
18.689047200,0,0
18.689052300,1,0
18.689057300,0,0
18.689062500,1,0
18.689067500,0,0
18.689072700,1,0
18.689077700,0,0
18.689078300,0,1
18.689082900,1,1
18.689087900,0,1
18.689088900,0,0
18.689093100,1,0
18.689099300,1,1
18.786453200,1,0
18.786459200,0,0
18.786460400,0,1
18.786464300,1,1
18.786469400,0,1
18.786470400,0,0
18.786474500,1,0
18.786479600,0,0
18.786480700,0,1
18.786484700,1,1
18.786489700,0,1
18.786490700,0,0
18.786494900,1,0
18.786499900,0,0
18.786501100,0,1
18.786505100,1,1
18.786510100,0,1
18.786511100,0,0
18.786515300,1,0
18.786520300,0,0
18.786525500,1,0
18.786530500,0,0
18.786535600,1,0
18.786540700,0,0
18.786545800,1,0
18.786550900,0,0
18.786556000,1,0
18.786561000,0,0
18.786562300,0,1
18.786566200,1,1
18.786571200,0,1
18.786572200,0,0
18.786576400,1,0
18.786581400,0,0
18.786586600,1,0
18.786591600,0,0
18.786596800,1,0
18.786601800,0,0
18.786606900,1,0
18.786612000,0,0
18.786617100,1,0
18.786622200,0,0
18.786627300,1,0
18.786632300,0,0
18.786637500,1,0
18.786642500,0,0
18.786643200,0,1
18.786647700,1,1
18.786654700,1,0
18.786660700,0,0
18.786661900,0,1
18.786665800,1,1
18.786670900,0,1
18.786671900,0,0
18.786676000,1,0
18.786681100,0,0
18.786682300,0,1
18.786686200,1,1
18.786691300,0,1
18.786692300,0,0
18.786696400,1,0
18.786701500,0,0
18.786702600,0,1
18.786706600,1,1
18.786711600,0,1
18.786712600,0,0
18.786716800,1,0
18.786721800,0,0
18.786727000,1,0
18.786732000,0,0
18.786733200,0,1
18.786737200,1,1
18.786742200,0,1
18.786742600,0,0
18.786747300,1,0
18.786752400,0,0
18.786757500,1,0
18.786762600,0,0
18.786767700,1,0
18.786772700,0,0
18.786777900,1,0
18.786782900,0,0
18.786788100,1,0
18.786793100,0,0
18.786793800,0,1
18.786798300,1,1
18.786803300,0,1
18.786808500,1,1
18.786813500,0,1
18.786818600,1,1
18.786823700,0,1
18.786828800,1,1
18.786833900,0,1
18.786839000,1,1
18.786844000,0,1
18.786845000,0,0
18.786849200,1,0
18.786855400,1,1
18.786923200,1,0
18.786929200,0,0
18.786930400,0,1
18.786934400,1,1
18.786939400,0,1
18.786940400,0,0
18.786944600,1,0
18.786949600,0,0
18.786950800,0,1
18.786954700,1,1
18.786959800,0,1
18.786960800,0,0
18.786964900,1,0
18.786970000,0,0
18.786971200,0,1
18.786975100,1,1
18.786980200,0,1
18.786981200,0,0
18.786985300,1,0
18.786990300,0,0
18.786995500,1,0
18.787000500,0,0
18.787005700,1,0
18.787010700,0,0
18.787015900,1,0
18.787020900,0,0
18.787026000,1,0
18.787031100,0,0
18.787032300,0,1
18.787036200,1,1
18.787041300,0,1
18.787042300,0,0
18.787046400,1,0
18.787051400,0,0
18.787052600,0,1
18.787056600,1,1
18.787061600,0,1
18.787062600,0,0
18.787066800,1,0
18.787071800,0,0
18.787077000,1,0
18.787082000,0,0
18.787087200,1,0
18.787092200,0,0
18.787097300,1,0
18.787102400,0,0
18.787107500,1,0
18.787112600,0,0
18.787113200,0,1
18.787117700,1,1
18.787124700,1,0
18.787130700,0,0
18.787131900,0,1
18.787135900,1,1
18.787140900,0,1
18.787141900,0,0
18.787146100,1,0
18.787151100,0,0
18.787152300,0,1
18.787156300,1,1
18.787161300,0,1
18.787162300,0,0
18.787166500,1,0
18.787171500,0,0
18.787172700,0,1
18.787176600,1,1
18.787181700,0,1
18.787182700,0,0
18.787186800,1,0
18.787191900,0,0
18.787197000,1,0
18.787202000,0,0
18.787203200,0,1
18.787207200,1,1
18.787212200,0,1
18.787212600,0,0
18.787217400,1,0
18.787222400,0,0
18.787227600,1,0
18.787232600,0,0
18.787237700,1,0
18.787242800,0,0
18.787247900,1,0
18.787253000,0,0
18.787258100,1,0
18.787263100,0,0
18.787268300,1,0
18.787273300,0,0
18.787278500,1,0
18.787283500,0,0
18.787288700,1,0
18.787293700,0,0
18.787298900,1,0
18.787303900,0,0
18.787309000,1,0
18.787314100,0,0
18.787317300,0,1
18.787319200,1,1
18.787324300,0,1
18.787324700,0,0
18.787329400,1,0
18.787334400,0,0
18.787339600,1,0
18.787344600,0,0
18.787349800,1,0
18.787354800,0,0
18.787360000,1,0
18.787365000,0,0
18.787370200,1,0
18.787375200,0,0
18.787380300,1,0
18.787385400,0,0
18.787390500,1,0
18.787395600,0,0
18.787400700,1,0
18.787405700,0,0
18.787410900,1,0
18.787415900,0,0
18.787421100,1,0
18.787426100,0,0
18.787431300,1,0
18.787436300,0,0
18.787441500,1,0
18.787446500,0,0
18.787451600,1,0
18.787456700,0,0
18.787461800,1,0
18.787466900,0,0
18.787472000,1,0
18.787477000,0,0
18.787482200,1,0
18.787487200,0,0
18.787492400,1,0
18.787497400,0,0
18.787500600,0,1
18.787502600,1,1
18.787507600,0,1
18.787508000,0,0
18.787512700,1,0
18.787517800,0,0
18.787522900,1,0
18.787528000,0,0
18.787533100,1,0
18.787538100,0,0
18.787543300,1,0
18.787548300,0,0
18.787553500,1,0
18.787558500,0,0
18.787563700,1,0
18.787568700,0,0
18.787573900,1,0
18.787578900,0,0
18.787584000,1,0
18.787589100,0,0
18.787594200,1,0
18.787599300,0,0
18.787604400,1,0
18.787609400,0,0
18.787614600,1,0
18.787619600,0,0
18.787624800,1,0
18.787629800,0,0
18.787635000,1,0
18.787640000,0,0
18.787645200,1,0
18.787650200,0,0
18.787655300,1,0
18.787660400,0,0
18.787665500,1,0
18.787670600,0,0
18.787675700,1,0
18.787680700,0,0
18.787684000,0,1
18.787685900,1,1
18.787690900,0,1
18.787691300,0,0
18.787696100,1,0
18.787701100,0,0
18.787706300,1,0
18.787711300,0,0
18.787716400,1,0
18.787721500,0,0
18.787726600,1,0
18.787731700,0,0
18.787736800,1,0
18.787741800,0,0
18.787747000,1,0
18.787752000,0,0
18.787757200,1,0
18.787762200,0,0
18.787762800,0,1
18.787767400,1,1
18.787772400,0,1
18.787773400,0,0
18.787777600,1,0
18.787783800,1,1
18.874368000,1,1
