Time [s],Channel 0,Channel 1
0.000000000,1,1
0.023695200,1,0
0.023701200,0,0
0.023702300,0,1
0.023706300,1,1
0.023711300,0,1
0.023712300,0,0
0.023716500,1,0
0.023721500,0,0
0.023722700,0,1
0.023726700,1,1
0.023731700,0,1
0.023732700,0,0
0.023736900,1,0
0.023741900,0,0
0.023743100,0,1
0.023747000,1,1
0.023752100,0,1
0.023753100,0,0
0.023757200,1,0
0.023762300,0,0
0.023767400,1,0
0.023772400,0,0
0.023777600,1,0
0.023782600,0,0
0.023787800,1,0
0.023792800,0,0
0.023798000,1,0
0.023803000,0,0
0.023804200,0,1
0.023808200,1,1
0.023813200,0,1
0.023814200,0,0
0.023818300,1,0
0.023823400,0,0
0.023828500,1,0
0.023833600,0,0
0.023838700,1,0
0.023843700,0,0
0.023848900,1,0
0.023853900,0,0
0.023859100,1,0
0.023864100,0,0
0.023869300,1,0
0.023874300,0,0
0.023879500,1,0
0.023884500,0,0
0.023885100,0,1
0.023889600,1,1
0.023896700,1,0
0.023902700,0,0
0.023903800,0,1
0.023907800,1,1
0.023912900,0,1
0.023913900,0,0
0.023918000,1,0
0.023923000,0,0
0.023924200,0,1
0.023928200,1,1
0.023933200,0,1
0.023934200,0,0
0.023938400,1,0
0.023943400,0,0
0.023944600,0,1
0.023948600,1,1
0.023953600,0,1
0.023954600,0,0
0.023958700,1,0
0.023963800,0,0
0.023968900,1,0
0.023974000,0,0
0.023975200,0,1
0.023979100,1,1
0.023984200,0,1
0.023984500,0,0
0.023989300,1,0
0.023994300,0,0
0.023999500,1,0
0.024004500,0,0
0.024009700,1,0
0.024014700,0,0
0.024019900,1,0
0.024024900,0,0
0.024030000,1,0
0.024035100,0,0
0.024035700,0,1
0.024040200,1,1
0.024045300,0,1
0.024050400,1,1
0.024055400,0,1
0.024060600,1,1
0.024065600,0,1
0.024070800,1,1
0.024075800,0,1
0.024081000,1,1
0.024086000,0,1
0.024087000,0,0
0.024091200,1,0
0.024097400,1,1
0.024165200,1,0
0.024171200,0,0
0.024172300,0,1
0.024176300,1,1
0.024181400,0,1
0.024182400,0,0
0.024186500,1,0
0.024191600,0,0
0.024192700,0,1
0.024196700,1,1
0.024201700,0,1
0.024202700,0,0
0.024206900,1,0
0.024211900,0,0
0.024213100,0,1
0.024217100,1,1
0.024222100,0,1
0.024223100,0,0
0.024227300,1,0
0.024232300,0,0
0.024237500,1,0
0.024242500,0,0
0.024247600,1,0
0.024252700,0,0
0.024257800,1,0
0.024262900,0,0
0.024268000,1,0
0.024273000,0,0
0.024274300,0,1
0.024278200,1,1
0.024283200,0,1
0.024284200,0,0
0.024288400,1,0
0.024293400,0,0
0.024294600,0,1
0.024298600,1,1
0.024303600,0,1
0.024304600,0,0
0.024308700,1,0
0.024313800,0,0
0.024318900,1,0
0.024324000,0,0
0.024329100,1,0
0.024334100,0,0
0.024339300,1,0
0.024344300,0,0
0.024349500,1,0
0.024354500,0,0
0.024355100,0,1
0.024359700,1,1
0.024366700,1,0
0.024372700,0,0
0.024373900,0,1
0.024377800,1,1
0.024382900,0,1
0.024383900,0,0
0.024388000,1,0
0.024393100,0,0
0.024394300,0,1
0.024398200,1,1
0.024403300,0,1
0.024404300,0,0
0.024408400,1,0
0.024413400,0,0
0.024414600,0,1
0.024418600,1,1
0.024423600,0,1
0.024424600,0,0
0.024428800,1,0
0.024433800,0,0
0.024439000,1,0
0.024444000,0,0
0.024445200,0,1
0.024449200,1,1
0.024454200,0,1
0.024454600,0,0
0.024459300,1,0
0.024464400,0,0
0.024469500,1,0
0.024474600,0,0
0.024479700,1,0
0.024484700,0,0
0.024489900,1,0
0.024494900,0,0
0.024500100,1,0
0.024505100,0,0
0.024510300,1,0
0.024515300,0,0
0.024520400,1,0
0.024525500,0,0
0.024530600,1,0
0.024535700,0,0
0.024540800,1,0
0.024545900,0,0
0.024551000,1,0
0.024556000,0,0
0.024559300,0,1
0.024561200,1,1
0.024566200,0,1
0.024566600,0,0
0.024571400,1,0
0.024576400,0,0
0.024581600,1,0
0.024586600,0,0
0.024591700,1,0
0.024596800,0,0
0.024601900,1,0
0.024607000,0,0
0.024612100,1,0
0.024617100,0,0
0.024622300,1,0
0.024627300,0,0
0.024632500,1,0
0.024637500,0,0
0.024642700,1,0
0.024647700,0,0
0.024652900,1,0
0.024657900,0,0
0.024663000,1,0
0.024668100,0,0
0.024673200,1,0
0.024678300,0,0
0.024683400,1,0
0.024688400,0,0
0.024693600,1,0
0.024698600,0,0
0.024703800,1,0
0.024708800,0,0
0.024714000,1,0
0.024719000,0,0
0.024724200,1,0
0.024729200,0,0
0.024734300,1,0
0.024739400,0,0
0.024742600,0,1
0.024744500,1,1
0.024749600,0,1
0.024749900,0,0
0.024754700,1,0
0.024759700,0,0
0.024764900,1,0
0.024769900,0,0
0.024775100,1,0
0.024780100,0,0
0.024785300,1,0
0.024790300,0,0
0.024795400,1,0
0.024800500,0,0
0.024805600,1,0
0.024810700,0,0
0.024815800,1,0
0.024820800,0,0
0.024826000,1,0
0.024831000,0,0
0.024836200,1,0
0.024841200,0,0
0.024846400,1,0
0.024851400,0,0
0.024856600,1,0
0.024861600,0,0
0.024866700,1,0
0.024871800,0,0
0.024876900,1,0
0.024882000,0,0
0.024887100,1,0
0.024892100,0,0
0.024897300,1,0
0.024902300,0,0
0.024907500,1,0
0.024912500,0,0
0.024917700,1,0
0.024922700,0,0
0.024925900,0,1
0.024927900,1,1
0.024932900,0,1
0.024933300,0,0
0.024938000,1,0
0.024943100,0,0
0.024948200,1,0
0.024953300,0,0
0.024958400,1,0
0.024963400,0,0
0.024968600,1,0
0.024973600,0,0
0.024978800,1,0
0.024983800,0,0
0.024989000,1,0
0.024994000,0,0
0.024999100,1,0
0.025004200,0,0
0.025004800,0,1
0.025009300,1,1
0.025014400,0,1
0.025015400,0,0
0.025019500,1,0
0.025025700,1,1
0.122298900,1,0
0.122304900,0,0
0.122306000,0,1
0.122310000,1,1
0.122315100,0,1
0.122316100,0,0
0.122320200,1,0
0.122325300,0,0
0.122326400,0,1
0.122330400,1,1
0.122335400,0,1
0.122336400,0,0
0.122340600,1,0
0.122345600,0,0
0.122346800,0,1
0.122350800,1,1
0.122355800,0,1
0.122356800,0,0
0.122361000,1,0
0.122366000,0,0
0.122371200,1,0
0.122376200,0,0
0.122381300,1,0
0.122386400,0,0
0.122391500,1,0
0.122396600,0,0
0.122401700,1,0
0.122406700,0,0
0.122408000,0,1
0.122411900,1,1
0.122416900,0,1
0.122417900,0,0
0.122422100,1,0
0.122427100,0,0
0.122432300,1,0
0.122437300,0,0
0.122442500,1,0
0.122447500,0,0
0.122452600,1,0
0.122457700,0,0
0.122462800,1,0
0.122467900,0,0
0.122473000,1,0
0.122478000,0,0
0.122483200,1,0
0.122488200,0,0
0.122488900,0,1
0.122493400,1,1
0.122500400,1,0
0.122506400,0,0
0.122507600,0,1
0.122511500,1,1
0.122516600,0,1
0.122517600,0,0
0.122521700,1,0
0.122526800,0,0
0.122528000,0,1
0.122531900,1,1
0.122537000,0,1
0.122538000,0,0
0.122542100,1,0
0.122547100,0,0
0.122548300,0,1
0.122552300,1,1
0.122557300,0,1
0.122558300,0,0
0.122562500,1,0
0.122567500,0,0
0.122572700,1,0
0.122577700,0,0
0.122578900,0,1
0.122582900,1,1
0.122587900,0,1
0.122588300,0,0
0.122593000,1,0
0.122598100,0,0
0.122603200,1,0
0.122608300,0,0
0.122613400,1,0
0.122618400,0,0
0.122623600,1,0
0.122628600,0,0
0.122633800,1,0
0.122638800,0,0
0.122639500,0,1
0.122644000,1,1
0.122649000,0,1
0.122654200,1,1
0.122659200,0,1
0.122664300,1,1
0.122669400,0,1
0.122674500,1,1
0.122679600,0,1
0.122684700,1,1
0.122689700,0,1
0.122690700,0,0
0.122694900,1,0
0.122701100,1,1
0.122768900,1,0
0.122774900,0,0
0.122776100,0,1
0.122780000,1,1
0.122785100,0,1
0.122786100,0,0
0.122790300,1,0
0.122795300,0,0
0.122796500,0,1
0.122800400,1,1
0.122805500,0,1
0.122806500,0,0
0.122810600,1,0
0.122815700,0,0
0.122816900,0,1
0.122820800,1,1
0.122825800,0,1
0.122826800,0,0
0.122831000,1,0
0.122836000,0,0
0.122841200,1,0
0.122846200,0,0
0.122851400,1,0
0.122856400,0,0
0.122861600,1,0
0.122866600,0,0
0.122871700,1,0
0.122876800,0,0
0.122878000,0,1
0.122881900,1,1
0.122887000,0,1
0.122888000,0,0
0.122892100,1,0
0.122897100,0,0
0.122898300,0,1
0.122902300,1,1
0.122907300,0,1
0.122908300,0,0
0.122912500,1,0
0.122917500,0,0
0.122922700,1,0
0.122927700,0,0
0.122932900,1,0
0.122937900,0,0
0.122943000,1,0
0.122948100,0,0
0.122953200,1,0
0.122958300,0,0
0.122958900,0,1
0.122963400,1,1
0.122970400,1,0
0.122976400,0,0
0.122977600,0,1
0.122981600,1,1
0.122986600,0,1
0.122987600,0,0
0.122991800,1,0
0.122996800,0,0
0.122998000,0,1
0.123002000,1,1
0.123007000,0,1
0.123008000,0,0
0.123012100,1,0
0.123017200,0,0
0.123018400,0,1
0.123022300,1,1
0.123027400,0,1
0.123028400,0,0
0.123032500,1,0
0.123037600,0,0
0.123042700,1,0
0.123047700,0,0
0.123048900,0,1
0.123052900,1,1
0.123057900,0,1
0.123058300,0,0
0.123063100,1,0
0.123068100,0,0
0.123073300,1,0
0.123078300,0,0
0.123083400,1,0
0.123088500,0,0
0.123093600,1,0
0.123098700,0,0
0.123103800,1,0
0.123108800,0,0
0.123114000,1,0
0.123119000,0,0
0.123124200,1,0
0.123129200,0,0
0.123134400,1,0
0.123139400,0,0
0.123144600,1,0
0.123149600,0,0
0.123154700,1,0
0.123159800,0,0
0.123163000,0,1
0.123164900,1,1
0.123170000,0,1
0.123170400,0,0
0.123175100,1,0
0.123180100,0,0
0.123185300,1,0
0.123190300,0,0
0.123195500,1,0
0.123200500,0,0
0.123205700,1,0
0.123210700,0,0
0.123215900,1,0
0.123220900,0,0
0.123226000,1,0
0.123231100,0,0
0.123236200,1,0
0.123241300,0,0
0.123246400,1,0
0.123251400,0,0
0.123256600,1,0
0.123261600,0,0
0.123266800,1,0
0.123271800,0,0
0.123277000,1,0
0.123282000,0,0
0.123287100,1,0
0.123292200,0,0
0.123297300,1,0
0.123302400,0,0
0.123307500,1,0
0.123312600,0,0
0.123317700,1,0
0.123322700,0,0
0.123327900,1,0
0.123332900,0,0
0.123338100,1,0
0.123343100,0,0
0.123346300,0,1
0.123348300,1,1
0.123353300,0,1
0.123353700,0,0
0.123358400,1,0
0.123363500,0,0
0.123368600,1,0
0.123373700,0,0
0.123378800,1,0
0.123383800,0,0
0.123389000,1,0
0.123394000,0,0
0.123399200,1,0
0.123404200,0,0
0.123409400,1,0
0.123414400,0,0
0.123419600,1,0
0.123424600,0,0
0.123429700,1,0
0.123434800,0,0
0.123439900,1,0
0.123445000,0,0
0.123450100,1,0
0.123455100,0,0
0.123460300,1,0
0.123465300,0,0
0.123470500,1,0
0.123475500,0,0
0.123480700,1,0
0.123485700,0,0
0.123490900,1,0
0.123495900,0,0
0.123501000,1,0
0.123506100,0,0
0.123511200,1,0
0.123516300,0,0
0.123521400,1,0
0.123526400,0,0
0.123529700,0,1
0.123531600,1,1
0.123536600,0,1
0.123537000,0,0
0.123541800,1,0
0.123546800,0,0
0.123552000,1,0
0.123557000,0,0
0.123562100,1,0
0.123567200,0,0
0.123572300,1,0
0.123577400,0,0
0.123582500,1,0
0.123587500,0,0
0.123592700,1,0
0.123597700,0,0
0.123602900,1,0
0.123607900,0,0
0.123608500,0,1
0.123613100,1,1
0.123618100,0,1
0.123619100,0,0
0.123623300,1,0
0.123629500,1,1
0.220932600,1,0
0.220938600,0,0
0.220939800,0,1
0.220943700,1,1
0.220948800,0,1
0.220949800,0,0
0.220954000,1,0
0.220959000,0,0
0.220960200,0,1
0.220964100,1,1
0.220969200,0,1
0.220970200,0,0
0.220974300,1,0
0.220979400,0,0
0.220980600,0,1
0.220984500,1,1
0.220989600,0,1
0.220990600,0,0
0.220994700,1,0
0.220999700,0,0
0.221004900,1,0
0.221009900,0,0
0.221015100,1,0
0.221020100,0,0
0.221025300,1,0
0.221030300,0,0
0.221035400,1,0
0.221040500,0,0
0.221041700,0,1
0.221045600,1,1
0.221050700,0,1
0.221051700,0,0
0.221055800,1,0
0.221060800,0,0
0.221066000,1,0
0.221071000,0,0
0.221076200,1,0
0.221081200,0,0
0.221086400,1,0
0.221091400,0,0
0.221096600,1,0
0.221101600,0,0
0.221106700,1,0
0.221111800,0,0
0.221116900,1,0
0.221122000,0,0
0.221122600,0,1
0.221127100,1,1
0.221134100,1,0
0.221140100,0,0
0.221141300,0,1
0.221145300,1,1
0.221150300,0,1
0.221151300,0,0
0.221155500,1,0
0.221160500,0,0
0.221161700,0,1
0.221165700,1,1
0.221170700,0,1
0.221171700,0,0
0.221175900,1,0
0.221180900,0,0
0.221182100,0,1
0.221186000,1,1
0.221191100,0,1
0.221192100,0,0
0.221196200,1,0
0.221201300,0,0
0.221206400,1,0
0.221211400,0,0
0.221212600,0,1
0.221216600,1,1
0.221221600,0,1
0.221222000,0,0
0.221226800,1,0
0.221231800,0,0
0.221237000,1,0
0.221242000,0,0
0.221247100,1,0
0.221252200,0,0
0.221257300,1,0
0.221262400,0,0
0.221267500,1,0
0.221272600,0,0
0.221273200,0,1
0.221277700,1,1
0.221282700,0,1
0.221287900,1,1
0.221292900,0,1
0.221298100,1,1
0.221303100,0,1
0.221308300,1,1
0.221313300,0,1
0.221318400,1,1
0.221323500,0,1
0.221324500,0,0
0.221328600,1,0
0.221334800,1,1
0.221402700,1,0
0.221408700,0,0
0.221409800,0,1
0.221413800,1,1
0.221418800,0,1
0.221419800,0,0
0.221424000,1,0
0.221429000,0,0
0.221430200,0,1
0.221434200,1,1
0.221439200,0,1
0.221440200,0,0
0.221444400,1,0
0.221449400,0,0
0.221450600,0,1
0.221454600,1,1
0.221459600,0,1
0.221460600,0,0
0.221464700,1,0
0.221469800,0,0
0.221474900,1,0
0.221480000,0,0
0.221485100,1,0
0.221490100,0,0
0.221495300,1,0
0.221500300,0,0
0.221505500,1,0
0.221510500,0,0
0.221511700,0,1
0.221515700,1,1
0.221520700,0,1
0.221521700,0,0
0.221525900,1,0
0.221530900,0,0
0.221532100,0,1
0.221536000,1,1
0.221541100,0,1
0.221542100,0,0
0.221546200,1,0
0.221551300,0,0
0.221556400,1,0
0.221561400,0,0
0.221566600,1,0
0.221571600,0,0
0.221576800,1,0
0.221581800,0,0
0.221587000,1,0
0.221592000,0,0
0.221592600,0,1
0.221597100,1,1
0.221604200,1,0
0.221610200,0,0
0.221611400,0,1
0.221615300,1,1
0.221620400,0,1
0.221621400,0,0
0.221625500,1,0
0.221630500,0,0
0.221631700,0,1
0.221635700,1,1
0.221640700,0,1
0.221641700,0,0
0.221645900,1,0
0.221650900,0,0
0.221652100,0,1
0.221656100,1,1
0.221661100,0,1
0.221662100,0,0
0.221666300,1,0
0.221671300,0,0
0.221676400,1,0
0.221681500,0,0
0.221682700,0,1
0.221686600,1,1
0.221691700,0,1
0.221692100,0,0
0.221696800,1,0
0.221701800,0,0
0.221707000,1,0
0.221712000,0,0
0.221717200,1,0
0.221722200,0,0
0.221727400,1,0
0.221732400,0,0
0.221737600,1,0
0.221742600,0,0
0.221747700,1,0
0.221752800,0,0
0.221757900,1,0
0.221763000,0,0
0.221768100,1,0
0.221773100,0,0
0.221778300,1,0
0.221783300,0,0
0.221788500,1,0
0.221793500,0,0
0.221796700,0,1
0.221798700,1,1
0.221803700,0,1
0.221804100,0,0
0.221808800,1,0
0.221813900,0,0
0.221819000,1,0
0.221824100,0,0
0.221829200,1,0
0.221834300,0,0
0.221839400,1,0
0.221844400,0,0
0.221849600,1,0
0.221854600,0,0
0.221859800,1,0
0.221864800,0,0
0.221870000,1,0
0.221875000,0,0
0.221880100,1,0
0.221885200,0,0
0.221890300,1,0
0.221895400,0,0
0.221900500,1,0
0.221905500,0,0
0.221910700,1,0
0.221915700,0,0
0.221920900,1,0
0.221925900,0,0
0.221931100,1,0
0.221936100,0,0
0.221941300,1,0
0.221946300,0,0
0.221951400,1,0
0.221956500,0,0
0.221961600,1,0
0.221966700,0,0
0.221971800,1,0
0.221976800,0,0
0.221980100,0,1
0.221982000,1,1
0.221987000,0,1
0.221987400,0,0
0.221992200,1,0
0.221997200,0,0
0.222002400,1,0
0.222007400,0,0
0.222012600,1,0
0.222017600,0,0
0.222022700,1,0
0.222027800,0,0
0.222032900,1,0
0.222038000,0,0
0.222043100,1,0
0.222048100,0,0
0.222053300,1,0
0.222058300,0,0
0.222063500,1,0
0.222068500,0,0
0.222073700,1,0
0.222078700,0,0
0.222083800,1,0
0.222088900,0,0
0.222094000,1,0
0.222099100,0,0
0.222104200,1,0
0.222109200,0,0
0.222114400,1,0
0.222119400,0,0
0.222124600,1,0
0.222129600,0,0
0.222134800,1,0
0.222139800,0,0
0.222145000,1,0
0.222150000,0,0
0.222155100,1,0
0.222160200,0,0
0.222163400,0,1
0.222165300,1,1
0.222170400,0,1
0.222170800,0,0
0.222175500,1,0
0.222180500,0,0
0.222185700,1,0
0.222190700,0,0
0.222195900,1,0
0.222200900,0,0
0.222206100,1,0
0.222211100,0,0
0.222216300,1,0
0.222221300,0,0
0.222226400,1,0
0.222231500,0,0
0.222236600,1,0
0.222241700,0,0
0.222242300,0,1
0.222246800,1,1
0.222251800,0,1
0.222252800,0,0
0.222257000,1,0
0.222263200,1,1
0.320410400,1,0
0.320416400,0,0
0.320417500,0,1
0.320421500,1,1
0.320426500,0,1
0.320427500,0,0
0.320431700,1,0
0.320436700,0,0
0.320437900,0,1
0.320441900,1,1
0.320446900,0,1
0.320447900,0,0
0.320452100,1,0
0.320457100,0,0
0.320458300,0,1
0.320462200,1,1
0.320467300,0,1
0.320468300,0,0
0.320472400,1,0
0.320477500,0,0
0.320482600,1,0
0.320487700,0,0
0.320492800,1,0
0.320497800,0,0
0.320503000,1,0
0.320508000,0,0
0.320513200,1,0
0.320518200,0,0
0.320519400,0,1
0.320523400,1,1
0.320528400,0,1
0.320529400,0,0
0.320533500,1,0
0.320538600,0,0
0.320543700,1,0
0.320548800,0,0
0.320553900,1,0
0.320559000,0,0
0.320564100,1,0
0.320569100,0,0
0.320574300,1,0
0.320579300,0,0
0.320584500,1,0
0.320589500,0,0
0.320594700,1,0
0.320599700,0,0
0.320600300,0,1
0.320604800,1,1
0.320611900,1,0
0.320617900,0,0
0.320619100,0,1
0.320623000,1,1
0.320628100,0,1
0.320629100,0,0
0.320633200,1,0
0.320638200,0,0
0.320639400,0,1
0.320643400,1,1
0.320648400,0,1
0.320649400,0,0
0.320653600,1,0
0.320658600,0,0
0.320659800,0,1
0.320663800,1,1
0.320668800,0,1
0.320669800,0,0
0.320674000,1,0
0.320679000,0,0
0.320684100,1,0
0.320689200,0,0
0.320690400,0,1
0.320694300,1,1
0.320699400,0,1
0.320699800,0,0
0.320704500,1,0
0.320709500,0,0
0.320714700,1,0
0.320719700,0,0
0.320724900,1,0
0.320729900,0,0
0.320735100,1,0
0.320740100,0,0
0.320745300,1,0
0.320750300,0,0
0.320750900,0,1
0.320755400,1,1
0.320760500,0,1
0.320765600,1,1
0.320770700,0,1
0.320775800,1,1
0.320780800,0,1
0.320786000,1,1
0.320791000,0,1
0.320796200,1,1
0.320801200,0,1
0.320802200,0,0
0.320806400,1,0
0.320812600,1,1
0.320880400,1,0
0.320886400,0,0
0.320887600,0,1
0.320891500,1,1
0.320896600,0,1
0.320897600,0,0
0.320901700,1,0
0.320906800,0,0
0.320907900,0,1
0.320911900,1,1
0.320916900,0,1
0.320917900,0,0
0.320922100,1,0
0.320927100,0,0
0.320928300,0,1
0.320932300,1,1
0.320937300,0,1
0.320938300,0,0
0.320942500,1,0
0.320947500,0,0
0.320952700,1,0
0.320957700,0,0
0.320962800,1,0
0.320967900,0,0
0.320973000,1,0
0.320978100,0,0
0.320983200,1,0
0.320988200,0,0
0.320989500,0,1
0.320993400,1,1
0.320998400,0,1
0.320999400,0,0
0.321003600,1,0
0.321008600,0,0
0.321009800,0,1
0.321013800,1,1
0.321018800,0,1
0.321019800,0,0
0.321024000,1,0
0.321029000,0,0
0.321034100,1,0
0.321039200,0,0
0.321044300,1,0
0.321049400,0,0
0.321054500,1,0
0.321059500,0,0
0.321064700,1,0
0.321069700,0,0
0.321070400,0,1
0.321074900,1,1
0.321081900,1,0
0.321087900,0,0
0.321089100,0,1
0.321093000,1,1
0.321098100,0,1
0.321099100,0,0
0.321103200,1,0
0.321108300,0,0
0.321109500,0,1
0.321113400,1,1
0.321118500,0,1
0.321119500,0,0
0.321123600,1,0
0.321128700,0,0
0.321129800,0,1
0.321133800,1,1
0.321138800,0,1
0.321139800,0,0
0.321144000,1,0
0.321149000,0,0
0.321154200,1,0
0.321159200,0,0
0.321160400,0,1
0.321164400,1,1
0.321169400,0,1
0.321169800,0,0
0.321174500,1,0
0.321179600,0,0
0.321184700,1,0
0.321189800,0,0
0.321194900,1,0
0.321199900,0,0
0.321205100,1,0
0.321210100,0,0
0.321215300,1,0
0.321220300,0,0
0.321225500,1,0
0.321230500,0,0
0.321235700,1,0
0.321240700,0,0
0.321245800,1,0
0.321250900,0,0
0.321256000,1,0
0.321261100,0,0
0.321266200,1,0
0.321271200,0,0
0.321274500,0,1
0.321276400,1,1
0.321281400,0,1
0.321281800,0,0
0.321286600,1,0
0.321291600,0,0
0.321296800,1,0
0.321301800,0,0
0.321307000,1,0
0.321312000,0,0
0.321317100,1,0
0.321322200,0,0
0.321327300,1,0
0.321332400,0,0
0.321337500,1,0
0.321342500,0,0
0.321347700,1,0
0.321352700,0,0
0.321357900,1,0
0.321362900,0,0
0.321368100,1,0
0.321373100,0,0
0.321378200,1,0
0.321383300,0,0
0.321388400,1,0
0.321393500,0,0
0.321398600,1,0
0.321403600,0,0
0.321408800,1,0
0.321413800,0,0
0.321419000,1,0
0.321424000,0,0
0.321429200,1,0
0.321434200,0,0
0.321439400,1,0
0.321444400,0,0
0.321449500,1,0
0.321454600,0,0
0.321457800,0,1
0.321459700,1,1
0.321464800,0,1
0.321465200,0,0
0.321469900,1,0
0.321474900,0,0
0.321480100,1,0
0.321485100,0,0
0.321490300,1,0
0.321495300,0,0
0.321500500,1,0
0.321505500,0,0
0.321510700,1,0
0.321515700,0,0
0.321520800,1,0
0.321525900,0,0
0.321531000,1,0
0.321536100,0,0
0.321541200,1,0
0.321546200,0,0
0.321551400,1,0
0.321556400,0,0
0.321561600,1,0
0.321566600,0,0
0.321571800,1,0
0.321576800,0,0
0.321581900,1,0
0.321587000,0,0
0.321592100,1,0
0.321597200,0,0
0.321602300,1,0
0.321607400,0,0
0.321612500,1,0
0.321617500,0,0
0.321622700,1,0
0.321627700,0,0
0.321632900,1,0
0.321637900,0,0
0.321641100,0,1
0.321643100,1,1
0.321648100,0,1
0.321648500,0,0
0.321653200,1,0
0.321658300,0,0
0.321663400,1,0
0.321668500,0,0
0.321673600,1,0
0.321678600,0,0
0.321683800,1,0
0.321688800,0,0
0.321694000,1,0
0.321699000,0,0
0.321704200,1,0
0.321709200,0,0
0.321714400,1,0
0.321719400,0,0
0.321720000,0,1
0.321724500,1,1
0.321729600,0,1
0.321730600,0,0
0.321734700,1,0
0.321740900,1,1
0.419046100,1,0
0.419052100,0,0
0.419053300,0,1
0.419057200,1,1
0.419062300,0,1
0.419063300,0,0
0.419067400,1,0
0.419072500,0,0
0.419073600,0,1
0.419077600,1,1
0.419082700,0,1
0.419083700,0,0
0.419087800,1,0
0.419092800,0,0
0.419094000,0,1
0.419098000,1,1
0.419103000,0,1
0.419104000,0,0
0.419108200,1,0
0.419113200,0,0
0.419118400,1,0
0.419123400,0,0
0.419128500,1,0
0.419133600,0,0
0.419138700,1,0
0.419143800,0,0
0.419148900,1,0
0.419153900,0,0
0.419155200,0,1
0.419159100,1,1
0.419164100,0,1
0.419165100,0,0
0.419169300,1,0
0.419174300,0,0
0.419179500,1,0
0.419184500,0,0
0.419189700,1,0
0.419194700,0,0
0.419199800,1,0
0.419204900,0,0
0.419210000,1,0
0.419215100,0,0
0.419220200,1,0
0.419225200,0,0
0.419230400,1,0
0.419235400,0,0
0.419236000,0,1
0.419240600,1,1
0.419247600,1,0
0.419253600,0,0
0.419254800,0,1
0.419258700,1,1
0.419263800,0,1
0.419264800,0,0
0.419268900,1,0
0.419274000,0,0
0.419275200,0,1
0.419279100,1,1
0.419284200,0,1
0.419285200,0,0
0.419289300,1,0
0.419294400,0,0
0.419295500,0,1
0.419299500,1,1
0.419304500,0,1
0.419305500,0,0
0.419309700,1,0
0.419314700,0,0
0.419319900,1,0
0.419324900,0,0
0.419326100,0,1
0.419330100,1,1
0.419335100,0,1
0.419335500,0,0
0.419340200,1,0
0.419345300,0,0
0.419350400,1,0
0.419355500,0,0
0.419360600,1,0
0.419365600,0,0
0.419370800,1,0
0.419375800,0,0
0.419381000,1,0
0.419386000,0,0
0.419386600,0,1
0.419391200,1,1
0.419396200,0,1
0.419401400,1,1
0.419406400,0,1
0.419411500,1,1
0.419416600,0,1
0.419421700,1,1
0.419426800,0,1
0.419431900,1,1
0.419436900,0,1
0.419437900,0,0
0.419442100,1,0
0.419448300,1,1
0.419508100,1,0
0.419514100,0,0
0.419515300,0,1
0.419519300,1,1
0.419524300,0,1
0.419525300,0,0
0.419529500,1,0
0.419534500,0,0
0.419535700,0,1
0.419539600,1,1
0.419544700,0,1
0.419545700,0,0
0.419549800,1,0
0.419554900,0,0
0.419556100,0,1
0.419560000,1,1
0.419565100,0,1
0.419566100,0,0
0.419570200,1,0
0.419575200,0,0
0.419580400,1,0
0.419585400,0,0
0.419590600,1,0
0.419595600,0,0
0.419600800,1,0
0.419605800,0,0
0.419610900,1,0
0.419616000,0,0
0.419617200,0,1
0.419621100,1,1
0.419626200,0,1
0.419627200,0,0
0.419631300,1,0
0.419636400,0,0
0.419637500,0,1
0.419641500,1,1
0.419646500,0,1
0.419647500,0,0
0.419651700,1,0
0.419656700,0,0
0.419661900,1,0
0.419666900,0,0
0.419672100,1,0
0.419677100,0,0
0.419682200,1,0
0.419687300,0,0
0.419692400,1,0
0.419697500,0,0
0.419698100,0,1
0.419702600,1,1
0.419709600,1,0
0.419715600,0,0
0.419716800,0,1
0.419720800,1,1
0.419725800,0,1
0.419726800,0,0
0.419731000,1,0
0.419736000,0,0
0.419737200,0,1
0.419741200,1,1
0.419746200,0,1
0.419747200,0,0
0.419751400,1,0
0.419756400,0,0
0.419757600,0,1
0.419761500,1,1
0.419766600,0,1
0.419767600,0,0
0.419771700,1,0
0.419776800,0,0
0.419781900,1,0
0.419786900,0,0
0.419788100,0,1
0.419792100,1,1
0.419797100,0,1
0.419797600,0,0
0.419802300,1,0
0.419807300,0,0
0.419812500,1,0
0.419817500,0,0
0.419822700,1,0
0.419827700,0,0
0.419832800,1,0
0.419837900,0,0
0.419843000,1,0
0.419848100,0,0
0.419853200,1,0
0.419858200,0,0
0.419863400,1,0
0.419868400,0,0
0.419873600,1,0
0.419878600,0,0
0.419883800,1,0
0.419888800,0,0
0.419893900,1,0
0.419899000,0,0
0.419902200,0,1
0.419904100,1,1
0.419909200,0,1
0.419909600,0,0
0.419914300,1,0
0.419919300,0,0
0.419924500,1,0
0.419929500,0,0
0.419934700,1,0
0.419939700,0,0
0.419944900,1,0
0.419949900,0,0
0.419955100,1,0
0.419960100,0,0
0.419965200,1,0
0.419970300,0,0
0.419975400,1,0
0.419980500,0,0
0.419985600,1,0
0.419990600,0,0
0.419995800,1,0
0.420000800,0,0
0.420006000,1,0
0.420011000,0,0
0.420016200,1,0
0.420021200,0,0
0.420026400,1,0
0.420031400,0,0
0.420036500,1,0
0.420041600,0,0
0.420046700,1,0
0.420051800,0,0
0.420056900,1,0
0.420061900,0,0
0.420067100,1,0
0.420072100,0,0
0.420077300,1,0
0.420082300,0,0
0.420085500,0,1
0.420087500,1,1
0.420092500,0,1
0.420092900,0,0
0.420097700,1,0
0.420102700,0,0
0.420107800,1,0
0.420112900,0,0
0.420118000,1,0
0.420123100,0,0
0.420128200,1,0
0.420133200,0,0
0.420138400,1,0
0.420143400,0,0
0.420148600,1,0
0.420153600,0,0
0.420158800,1,0
0.420163800,0,0
0.420168900,1,0
0.420174000,0,0
0.420179100,1,0
0.420184200,0,0
0.420189300,1,0
0.420194300,0,0
0.420199500,1,0
0.420204500,0,0
0.420209700,1,0
0.420214700,0,0
0.420219900,1,0
0.420224900,0,0
0.420230100,1,0
0.420235100,0,0
0.420240200,1,0
0.420245300,0,0
0.420250400,1,0
0.420255500,0,0
0.420260600,1,0
0.420265600,0,0
0.420268900,0,1
0.420270800,1,1
0.420275800,0,1
0.420276300,0,0
0.420281000,1,0
0.420286000,0,0
0.420291200,1,0
0.420296200,0,0
0.420301400,1,0
0.420306400,0,0
0.420311500,1,0
0.420316600,0,0
0.420321700,1,0
0.420326800,0,0
0.420331900,1,0
0.420336900,0,0
0.420342100,1,0
0.420347100,0,0
0.420347700,0,1
0.420352300,1,1
0.420357300,0,1
0.420358300,0,0
0.420362500,1,0
0.420368700,1,1
0.517631800,1,0
0.517637800,0,0
0.517639000,0,1
0.517643000,1,1
0.517648000,0,1
0.517649000,0,0
0.517653200,1,0
0.517658200,0,0
0.517659400,0,1
0.517663400,1,1
0.517668400,0,1
0.517669400,0,0
0.517673500,1,0
0.517678600,0,0
0.517679800,0,1
0.517683700,1,1
0.517688800,0,1
0.517689800,0,0
0.517693900,1,0
0.517698900,0,0
0.517704100,1,0
0.517709100,0,0
0.517714300,1,0
0.517719300,0,0
0.517724500,1,0
0.517729500,0,0
0.517734700,1,0
0.517739700,0,0
0.517740900,0,1
0.517744800,1,1
0.517749900,0,1
0.517750900,0,0
0.517755000,1,0
0.517760100,0,0
0.517765200,1,0
0.517770200,0,0
0.517775400,1,0
0.517780400,0,0
0.517785600,1,0
0.517790600,0,0
0.517795800,1,0
0.517800800,0,0
0.517805900,1,0
0.517811000,0,0
0.517816100,1,0
0.517821200,0,0
0.517821800,0,1
0.517826300,1,1
0.517833400,1,0
0.517839400,0,0
0.517840500,0,1
0.517844500,1,1
0.517849500,0,1
0.517850500,0,0
0.517854700,1,0
0.517859700,0,0
0.517860900,0,1
0.517864900,1,1
0.517869900,0,1
0.517870900,0,0
0.517875100,1,0
0.517880100,0,0
0.517881300,0,1
0.517885200,1,1
0.517890300,0,1
0.517891300,0,0
0.517895400,1,0
0.517900500,0,0
0.517905600,1,0
0.517910600,0,0
0.517911900,0,1
0.517915800,1,1
0.517920800,0,1
0.517921300,0,0
0.517926000,1,0
0.517931000,0,0
0.517936200,1,0
0.517941200,0,0
0.517946400,1,0
0.517951400,0,0
0.517956500,1,0
0.517961600,0,0
0.517966700,1,0
0.517971800,0,0
0.517972400,0,1
0.517976900,1,1
0.517981900,0,1
0.517987100,1,1
0.517992100,0,1
0.517997300,1,1
0.518002300,0,1
0.518007500,1,1
0.518012500,0,1
0.518017600,1,1
0.518022700,0,1
0.518023700,0,0
0.518027800,1,0
0.518034000,1,1
0.518094900,1,0
0.518100900,0,0
0.518102000,0,1
0.518106000,1,1
0.518111100,0,1
0.518112100,0,0
0.518116200,1,0
0.518121200,0,0
0.518122400,0,1
0.518126400,1,1
0.518131400,0,1
0.518132400,0,0
0.518136600,1,0
0.518141600,0,0
0.518142800,0,1
0.518146800,1,1
0.518151800,0,1
0.518152800,0,0
0.518156900,1,0
0.518162000,0,0
0.518167100,1,0
0.518172200,0,0
0.518177300,1,0
0.518182300,0,0
0.518187500,1,0
0.518192500,0,0
0.518197700,1,0
0.518202700,0,0
0.518203900,0,1
0.518207900,1,1
0.518212900,0,1
0.518213900,0,0
0.518218100,1,0
0.518223100,0,0
0.518224300,0,1
0.518228200,1,1
0.518233300,0,1
0.518234300,0,0
0.518238400,1,0
0.518243500,0,0
0.518248600,1,0
0.518253600,0,0
0.518258800,1,0
0.518263800,0,0
0.518269000,1,0
0.518274000,0,0
0.518279200,1,0
0.518284200,0,0
0.518284800,0,1
0.518289400,1,1
0.518296400,1,0
0.518302400,0,0
0.518303600,0,1
0.518307500,1,1
0.518312600,0,1
0.518313600,0,0
0.518317700,1,0
0.518322800,0,0
0.518323900,0,1
0.518327900,1,1
0.518332900,0,1
0.518333900,0,0
0.518338100,1,0
0.518343100,0,0
0.518344300,0,1
0.518348300,1,1
0.518353300,0,1
0.518354300,0,0
0.518358500,1,0
0.518363500,0,0
0.518368600,1,0
0.518373700,0,0
0.518374900,0,1
0.518378800,1,1
0.518383900,0,1
0.518384300,0,0
0.518389000,1,0
0.518394100,0,0
0.518399200,1,0
0.518404200,0,0
0.518409400,1,0
0.518414400,0,0
0.518419600,1,0
0.518424600,0,0
0.518429800,1,0
0.518434800,0,0
0.518439900,1,0
0.518445000,0,0
0.518450100,1,0
0.518455200,0,0
0.518460300,1,0
0.518465300,0,0
0.518470500,1,0
0.518475500,0,0
0.518480700,1,0
0.518485700,0,0
0.518488900,0,1
0.518490900,1,1
0.518495900,0,1
0.518496300,0,0
0.518501100,1,0
0.518506100,0,0
0.518511200,1,0
0.518516300,0,0
0.518521400,1,0
0.518526500,0,0
0.518531600,1,0
0.518536600,0,0
0.518541800,1,0
0.518546800,0,0
0.518552000,1,0
0.518557000,0,0
0.518562200,1,0
0.518567200,0,0
0.518572400,1,0
0.518577400,0,0
0.518582500,1,0
0.518587600,0,0
0.518592700,1,0
0.518597800,0,0
0.518602900,1,0
0.518607900,0,0
0.518613100,1,0
0.518618100,0,0
0.518623300,1,0
0.518628300,0,0
0.518633500,1,0
0.518638500,0,0
0.518643600,1,0
0.518648700,0,0
0.518653800,1,0
0.518658900,0,0
0.518664000,1,0
0.518669000,0,0
0.518672300,0,1
0.518674200,1,1
0.518679200,0,1
0.518679600,0,0
0.518684400,1,0
0.518689400,0,0
0.518694600,1,0
0.518699600,0,0
0.518704800,1,0
0.518709800,0,0
0.518714900,1,0
0.518720000,0,0
0.518725100,1,0
0.518730200,0,0
0.518735300,1,0
0.518740300,0,0
0.518745500,1,0
0.518750500,0,0
0.518755700,1,0
0.518760700,0,0
0.518765900,1,0
0.518770900,0,0
0.518776100,1,0
0.518781100,0,0
0.518786200,1,0
0.518791300,0,0
0.518796400,1,0
0.518801500,0,0
0.518806600,1,0
0.518811600,0,0
0.518816800,1,0
0.518821800,0,0
0.518827000,1,0
0.518832000,0,0
0.518837200,1,0
0.518842200,0,0
0.518847300,1,0
0.518852400,0,0
0.518855600,0,1
0.518857500,1,1
0.518862600,0,1
0.518863000,0,0
0.518867700,1,0
0.518872800,0,0
0.518877900,1,0
0.518882900,0,0
0.518888100,1,0
0.518893100,0,0
0.518898300,1,0
0.518903300,0,0
0.518908500,1,0
0.518913500,0,0
0.518918600,1,0
0.518923700,0,0
0.518928800,1,0
0.518933900,0,0
0.518934500,0,1
0.518939000,1,1
0.518944000,0,1
0.518945000,0,0
0.518949200,1,0
0.518955400,1,1
0.617172600,1,0
0.617178600,0,0
0.617179700,0,1
0.617183700,1,1
0.617188800,0,1
0.617189800,0,0
0.617193900,1,0
0.617198900,0,0
0.617200100,0,1
0.617204100,1,1
0.617209100,0,1
0.617210100,0,0
0.617214300,1,0
0.617219300,0,0
0.617220500,0,1
0.617224500,1,1
0.617229500,0,1
0.617230500,0,0
0.617234600,1,0
0.617239700,0,0
0.617244800,1,0
0.617249900,0,0
0.617255000,1,0
0.617260000,0,0
0.617265200,1,0
0.617270200,0,0
0.617275400,1,0
0.617280400,0,0
0.617281600,0,1
0.617285600,1,1
0.617290600,0,1
0.617291600,0,0
0.617295800,1,0
0.617300800,0,0
0.617305900,1,0
0.617311000,0,0
0.617316100,1,0
0.617321200,0,0
0.617326300,1,0
0.617331300,0,0
0.617336500,1,0
0.617341500,0,0
0.617346700,1,0
0.617351700,0,0
0.617356900,1,0
0.617361900,0,0
0.617362500,0,1
0.617367000,1,1
0.617374100,1,0
0.617380100,0,0
0.617381300,0,1
0.617385200,1,1
0.617390300,0,1
0.617391300,0,0
0.617395400,1,0
0.617400500,0,0
0.617401600,0,1
0.617405600,1,1
0.617410600,0,1
0.617411600,0,0
0.617415800,1,0
0.617420800,0,0
0.617422000,0,1
0.617426000,1,1
0.617431000,0,1
0.617432000,0,0
0.617436200,1,0
0.617441200,0,0
0.617446300,1,0
0.617451400,0,0
0.617452600,0,1
0.617456500,1,1
0.617461600,0,1
0.617462000,0,0
0.617466700,1,0
0.617471700,0,0
0.617476900,1,0
0.617481900,0,0
0.617487100,1,0
0.617492100,0,0
0.617497300,1,0
0.617502300,0,0
0.617507500,1,0
0.617512500,0,0
0.617513100,0,1
0.617517600,1,1
0.617522700,0,1
0.617527800,1,1
0.617532900,0,1
0.617538000,1,1
0.617543000,0,1
0.617548200,1,1
0.617553200,0,1
0.617558400,1,1
0.617563400,0,1
0.617564400,0,0
0.617568600,1,0
0.617574800,1,1
0.617634600,1,0
0.617640600,0,0
0.617641800,0,1
0.617645700,1,1
0.617650800,0,1
0.617651800,0,0
0.617655900,1,0
0.617661000,0,0
0.617662200,0,1
0.617666100,1,1
0.617671200,0,1
0.617672200,0,0
0.617676300,1,0
0.617681300,0,0
0.617682500,0,1
0.617686500,1,1
0.617691500,0,1
0.617692500,0,0
0.617696700,1,0
0.617701700,0,0
0.617706900,1,0
0.617711900,0,0
0.617717000,1,0
0.617722100,0,0
0.617727200,1,0
0.617732300,0,0
0.617737400,1,0
0.617742500,0,0
0.617743700,0,1
0.617747600,1,1
0.617752600,0,1
0.617753600,0,0
0.617757800,1,0
0.617762800,0,0
0.617764000,0,1
0.617768000,1,1
0.617773000,0,1
0.617774000,0,0
0.617778200,1,0
0.617783200,0,0
0.617788300,1,0
0.617793400,0,0
0.617798500,1,0
0.617803600,0,0
0.617808700,1,0
0.617813700,0,0
0.617818900,1,0
0.617823900,0,0
0.617824600,0,1
0.617829100,1,1
0.617836100,1,0
0.617842100,0,0
0.617843300,0,1
0.617847300,1,1
0.617852300,0,1
0.617853300,0,0
0.617857400,1,0
0.617862500,0,0
0.617863700,0,1
0.617867600,1,1
0.617872700,0,1
0.617873700,0,0
0.617877800,1,0
0.617882900,0,0
0.617884000,0,1
0.617888000,1,1
0.617893000,0,1
0.617894000,0,0
0.617898200,1,0
0.617903200,0,0
0.617908400,1,0
0.617913400,0,0
0.617914600,0,1
0.617918600,1,1
0.617923600,0,1
0.617924000,0,0
0.617928700,1,0
0.617933800,0,0
0.617938900,1,0
0.617944000,0,0
0.617949100,1,0
0.617954200,0,0
0.617959300,1,0
0.617964300,0,0
0.617969500,1,0
0.617974500,0,0
0.617979700,1,0
0.617984700,0,0
0.617989900,1,0
0.617994900,0,0
0.618000000,1,0
0.618005100,0,0
0.618010200,1,0
0.618015300,0,0
0.618020400,1,0
0.618025400,0,0
0.618028700,0,1
0.618030600,1,1
0.618035600,0,1
0.618036100,0,0
0.618040800,1,0
0.618045800,0,0
0.618051000,1,0
0.618056000,0,0
0.618061200,1,0
0.618066200,0,0
0.618071300,1,0
0.618076400,0,0
0.618081500,1,0
0.618086600,0,0
0.618091700,1,0
0.618096700,0,0
0.618101900,1,0
0.618106900,0,0
0.618112100,1,0
0.618117100,0,0
0.618122300,1,0
0.618127300,0,0
0.618132500,1,0
0.618137500,0,0
0.618142600,1,0
0.618147700,0,0
0.618152800,1,0
0.618157900,0,0
0.618163000,1,0
0.618168000,0,0
0.618173200,1,0
0.618178200,0,0
0.618183400,1,0
0.618188400,0,0
0.618193600,1,0
0.618198600,0,0
0.618203700,1,0
0.618208800,0,0
0.618212000,0,1
0.618213900,1,1
0.618219000,0,1
0.618219400,0,0
0.618224100,1,0
0.618229200,0,0
0.618234300,1,0
0.618239300,0,0
0.618244500,1,0
0.618249500,0,0
0.618254700,1,0
0.618259700,0,0
0.618264900,1,0
0.618269900,0,0
0.618275000,1,0
0.618280100,0,0
0.618285200,1,0
0.618290300,0,0
0.618295400,1,0
0.618300400,0,0
0.618305600,1,0
0.618310600,0,0
0.618315800,1,0
0.618320800,0,0
0.618326000,1,0
0.618331000,0,0
0.618336200,1,0
0.618341200,0,0
0.618346300,1,0
0.618351400,0,0
0.618356500,1,0
0.618361600,0,0
0.618366700,1,0
0.618371700,0,0
0.618376900,1,0
0.618381900,0,0
0.618387100,1,0
0.618392100,0,0
0.618395300,0,1
0.618397300,1,1
0.618402300,0,1
0.618402700,0,0
0.618407500,1,0
0.618412500,0,0
0.618417600,1,0
0.618422700,0,0
0.618427800,1,0
0.618432900,0,0
0.618438000,1,0
0.618443000,0,0
0.618448200,1,0
0.618453200,0,0
0.618458400,1,0
0.618463400,0,0
0.618468600,1,0
0.618473600,0,0
0.618474200,0,1
0.618478700,1,1
0.618483800,0,1
0.618484800,0,0
0.618488900,1,0
0.618495100,1,1
0.636923800,1,0
0.636929800,0,0
0.636931000,0,1
0.636935000,1,1
0.636940000,0,1
0.636941000,0,0
0.636945200,1,0
0.636950200,0,0
0.636951400,0,1
0.636955400,1,1
0.636960400,0,1
0.636961400,0,0
0.636965500,1,0
0.636970600,0,0
0.636971800,0,1
0.636975700,1,1
0.636980800,0,1
0.636981800,0,0
0.636985900,1,0
0.636990900,0,0
0.636996100,1,0
0.637001100,0,0
0.637006300,1,0
0.637011300,0,0
0.637016500,1,0
0.637021500,0,0
0.637026700,1,0
0.637031700,0,0
0.637036800,1,0
0.637041900,0,0
0.637043100,0,1
0.637047000,1,1
0.637052100,0,1
0.637053100,0,0
0.637057200,1,0
0.637062200,0,0
0.637067400,1,0
0.637072400,0,0
0.637077600,1,0
0.637082600,0,0
0.637087800,1,0
0.637092800,0,0
0.637094000,0,1
0.637098000,1,1
0.637103000,0,1
0.637103400,0,0
0.637108100,1,0
0.637113200,0,0
0.637113800,0,1
0.637118300,1,1
0.637125400,1,0
0.637131400,0,0
0.637132500,0,1
0.637136500,1,1
0.637141500,0,1
0.637142500,0,0
0.637146700,1,0
0.637151700,0,0
0.637152900,0,1
0.637156900,1,1
0.637161900,0,1
0.637162900,0,0
0.637167100,1,0
0.637172100,0,0
0.637173300,0,1
0.637177200,1,1
0.637182300,0,1
0.637183300,0,0
0.637187400,1,0
0.637192500,0,0
0.637197600,1,0
0.637202700,0,0
0.637203900,0,1
0.637207800,1,1
0.637212800,0,1
0.637213300,0,0
0.637218000,1,0
0.637223000,0,0
0.637228200,1,0
0.637233200,0,0
0.637238400,1,0
0.637243400,0,0
0.637248500,1,0
0.637253600,0,0
0.637258700,1,0
0.637263800,0,0
0.637268900,1,0
0.637273900,0,0
0.637279100,1,0
0.637284100,0,0
0.637289300,1,0
0.637294300,0,0
0.637294900,0,1
0.637299500,1,1
0.637304500,0,1
0.637309700,1,1
0.637314700,0,1
0.637315700,0,0
0.637319800,1,0
0.637326100,1,1
0.716270300,1,0
0.716276300,0,0
0.716277500,0,1
0.716281500,1,1
0.716286500,0,1
0.716287500,0,0
0.716291700,1,0
0.716296700,0,0
0.716297900,0,1
0.716301900,1,1
0.716306900,0,1
0.716307900,0,0
0.716312000,1,0
0.716317100,0,0
0.716318300,0,1
0.716322200,1,1
0.716327300,0,1
0.716328300,0,0
0.716332400,1,0
0.716337400,0,0
0.716342600,1,0
0.716347600,0,0
0.716352800,1,0
0.716357800,0,0
0.716363000,1,0
0.716368000,0,0
0.716373200,1,0
0.716378200,0,0
0.716379400,0,1
0.716383300,1,1
0.716388400,0,1
0.716389400,0,0
0.716393500,1,0
0.716398600,0,0
0.716403700,1,0
0.716408700,0,0
0.716413900,1,0
0.716418900,0,0
0.716424100,1,0
0.716429100,0,0
0.716434300,1,0
0.716439300,0,0
0.716444500,1,0
0.716449500,0,0
0.716454600,1,0
0.716459700,0,0
0.716460300,0,1
0.716464800,1,1
0.716471900,1,0
0.716477900,0,0
0.716479000,0,1
0.716483000,1,1
0.716488000,0,1
0.716489000,0,0
0.716493200,1,0
0.716498200,0,0
0.716499400,0,1
0.716503400,1,1
0.716508400,0,1
0.716509400,0,0
0.716513600,1,0
0.716518600,0,0
0.716519800,0,1
0.716523700,1,1
0.716528800,0,1
0.716529800,0,0
0.716533900,1,0
0.716539000,0,0
0.716544100,1,0
0.716549100,0,0
0.716550400,0,1
0.716554300,1,1
0.716559300,0,1
0.716559800,0,0
0.716564500,1,0
0.716569500,0,0
0.716574700,1,0
0.716579700,0,0
0.716584900,1,0
0.716589900,0,0
0.716595000,1,0
0.716600100,0,0
0.716605200,1,0
0.716610300,0,0
0.716610900,0,1
0.716615400,1,1
0.716620400,0,1
0.716625600,1,1
0.716630600,0,1
0.716635800,1,1
0.716640800,0,1
0.716646000,1,1
0.716651000,0,1
0.716656200,1,1
0.716661200,0,1
0.716662200,0,0
0.716666300,1,0
0.716672500,1,1
0.716732400,1,0
0.716738400,0,0
0.716739500,0,1
0.716743500,1,1
0.716748600,0,1
0.716749600,0,0
0.716753700,1,0
0.716758700,0,0
0.716759900,0,1
0.716763900,1,1
0.716768900,0,1
0.716769900,0,0
0.716774100,1,0
0.716779100,0,0
0.716780300,0,1
0.716784300,1,1
0.716789300,0,1
0.716790300,0,0
0.716794400,1,0
0.716799500,0,0
0.716804600,1,0
0.716809700,0,0
0.716814800,1,0
0.716819900,0,0
0.716825000,1,0
0.716830000,0,0
0.716835200,1,0
0.716840200,0,0
0.716841400,0,1
0.716845400,1,1
0.716850400,0,1
0.716851400,0,0
0.716855600,1,0
0.716860600,0,0
0.716861800,0,1
0.716865700,1,1
0.716870800,0,1
0.716871800,0,0
0.716875900,1,0
0.716881000,0,0
0.716886100,1,0
0.716891100,0,0
0.716896300,1,0
0.716901300,0,0
0.716906500,1,0
0.716911500,0,0
0.716916700,1,0
0.716921700,0,0
0.716922300,0,1
0.716926900,1,1
0.716933900,1,0
0.716939900,0,0
0.716941100,0,1
0.716945000,1,1
0.716950100,0,1
0.716951100,0,0
0.716955200,1,0
0.716960300,0,0
0.716961400,0,1
0.716965400,1,1
0.716970400,0,1
0.716971400,0,0
0.716975600,1,0
0.716980600,0,0
0.716981800,0,1
0.716985800,1,1
0.716990800,0,1
0.716991800,0,0
0.716996000,1,0
0.717001000,0,0
0.717006200,1,0
0.717011200,0,0
0.717012400,0,1
0.717016300,1,1
0.717021400,0,1
0.717021800,0,0
0.717026500,1,0
0.717031600,0,0
0.717036700,1,0
0.717041700,0,0
0.717046900,1,0
0.717051900,0,0
0.717057100,1,0
0.717062100,0,0
0.717067300,1,0
0.717072300,0,0
0.717077400,1,0
0.717082500,0,0
0.717087600,1,0
0.717092700,0,0
0.717097800,1,0
0.717102800,0,0
0.717108000,1,0
0.717113000,0,0
0.717118200,1,0
0.717123200,0,0
0.717126400,0,1
0.717128400,1,1
0.717133400,0,1
0.717133900,0,0
0.717138600,1,0
0.717143600,0,0
0.717148700,1,0
0.717153800,0,0
0.717158900,1,0
0.717164000,0,0
0.717169100,1,0
0.717174100,0,0
0.717179300,1,0
0.717184300,0,0
0.717189500,1,0
0.717194500,0,0
0.717199700,1,0
0.717204700,0,0
0.717209900,1,0
0.717214900,0,0
0.717220000,1,0
0.717225100,0,0
0.717230200,1,0
0.717235300,0,0
0.717240400,1,0
0.717245400,0,0
0.717250600,1,0
0.717255600,0,0
0.717260800,1,0
0.717265800,0,0
0.717271000,1,0
0.717276000,0,0
0.717281100,1,0
0.717286200,0,0
0.717291300,1,0
0.717296400,0,0
0.717301500,1,0
0.717306600,0,0
0.717309800,0,1
0.717311700,1,1
0.717316700,0,1
0.717317100,0,0
0.717321900,1,0
0.717326900,0,0
0.717332100,1,0
0.717337100,0,0
0.717342300,1,0
0.717347300,0,0
0.717352400,1,0
0.717357500,0,0
0.717362600,1,0
0.717367700,0,0
0.717372800,1,0
0.717377800,0,0
0.717383000,1,0
0.717388000,0,0
0.717393200,1,0
0.717398200,0,0
0.717403400,1,0
0.717408400,0,0
0.717413600,1,0
0.717418600,0,0
0.717423700,1,0
0.717428800,0,0
0.717433900,1,0
0.717439000,0,0
0.717444100,1,0
0.717449100,0,0
0.717454300,1,0
0.717459300,0,0
0.717464500,1,0
0.717469500,0,0
0.717474700,1,0
0.717479700,0,0
0.717484900,1,0
0.717489900,0,0
0.717493100,0,1
0.717495000,1,1
0.717500100,0,1
0.717500500,0,0
0.717505200,1,0
0.717510300,0,0
0.717515400,1,0
0.717520400,0,0
0.717525600,1,0
0.717530600,0,0
0.717535800,1,0
0.717540800,0,0
0.717546000,1,0
0.717551000,0,0
0.717556100,1,0
0.717561200,0,0
0.717566300,1,0
0.717571400,0,0
0.717572000,0,1
0.717576500,1,1
0.717581500,0,1
0.717582500,0,0
0.717586700,1,0
0.717592900,1,1
0.814894100,1,0
0.814900100,0,0
0.814901200,0,1
0.814905200,1,1
0.814910300,0,1
0.814911300,0,0
0.814915400,1,0
0.814920400,0,0
0.814921600,0,1
0.814925600,1,1
0.814930600,0,1
0.814931600,0,0
0.814935800,1,0
0.814940800,0,0
0.814942000,0,1
0.814946000,1,1
0.814951000,0,1
0.814952000,0,0
0.814956200,1,0
0.814961200,0,0
0.814966300,1,0
0.814971400,0,0
0.814976500,1,0
0.814981600,0,0
0.814986700,1,0
0.814991700,0,0
0.814996900,1,0
0.815001900,0,0
0.815003100,0,1
0.815007100,1,1
0.815012100,0,1
0.815013100,0,0
0.815017300,1,0
0.815022300,0,0
0.815027400,1,0
0.815032500,0,0
0.815037600,1,0
0.815042700,0,0
0.815047800,1,0
0.815052900,0,0
0.815058000,1,0
0.815063000,0,0
0.815068200,1,0
0.815073200,0,0
0.815078400,1,0
0.815083400,0,0
0.815084100,0,1
0.815088600,1,1
0.815095600,1,0
0.815101600,0,0
0.815102800,0,1
0.815106700,1,1
0.815111800,0,1
0.815112800,0,0
0.815116900,1,0
0.815122000,0,0
0.815123100,0,1
0.815127100,1,1
0.815132100,0,1
0.815133100,0,0
0.815137300,1,0
0.815142300,0,0
0.815143500,0,1
0.815147500,1,1
0.815152500,0,1
0.815153500,0,0
0.815157700,1,0
0.815162700,0,0
0.815167900,1,0
0.815172900,0,0
0.815174100,0,1
0.815178000,1,1
0.815183100,0,1
0.815183500,0,0
0.815188200,1,0
0.815193300,0,0
0.815198400,1,0
0.815203400,0,0
0.815208600,1,0
0.815213600,0,0
0.815218800,1,0
0.815223800,0,0
0.815229000,1,0
0.815234000,0,0
0.815234600,0,1
0.815239200,1,1
0.815244200,0,1
0.815249300,1,1
0.815254400,0,1
0.815259500,1,1
0.815264600,0,1
0.815269700,1,1
0.815274700,0,1
0.815279900,1,1
0.815284900,0,1
0.815285900,0,0
0.815290100,1,0
0.815296300,1,1
0.815356100,1,0
0.815362100,0,0
0.815363300,0,1
0.815367200,1,1
0.815372300,0,1
0.815373300,0,0
0.815377400,1,0
0.815382500,0,0
0.815383700,0,1
0.815387600,1,1
0.815392700,0,1
0.815393700,0,0
0.815397800,1,0
0.815402800,0,0
0.815404000,0,1
0.815408000,1,1
0.815413000,0,1
0.815414000,0,0
0.815418200,1,0
0.815423200,0,0
0.815428400,1,0
0.815433400,0,0
0.815438600,1,0
0.815443600,0,0
0.815448700,1,0
0.815453800,0,0
0.815458900,1,0
0.815464000,0,0
0.815465200,0,1
0.815469100,1,1
0.815474100,0,1
0.815475100,0,0
0.815479300,1,0
0.815484300,0,0
0.815485500,0,1
0.815489500,1,1
0.815494500,0,1
0.815495500,0,0
0.815499700,1,0
0.815504700,0,0
0.815509900,1,0
0.815514900,0,0
0.815520000,1,0
0.815525100,0,0
0.815530200,1,0
0.815535300,0,0
0.815540400,1,0
0.815545400,0,0
0.815546100,0,1
0.815550600,1,1
0.815557600,1,0
0.815563600,0,0
0.815564800,0,1
0.815568800,1,1
0.815573800,0,1
0.815574800,0,0
0.815579000,1,0
0.815584000,0,0
0.815585200,0,1
0.815589100,1,1
0.815594200,0,1
0.815595200,0,0
0.815599300,1,0
0.815604400,0,0
0.815605600,0,1
0.815609500,1,1
0.815614600,0,1
0.815615600,0,0
0.815619700,1,0
0.815624700,0,0
0.815629900,1,0
0.815634900,0,0
0.815636100,0,1
0.815640100,1,1
0.815645100,0,1
0.815645500,0,0
0.815650300,1,0
0.815655300,0,0
0.815660400,1,0
0.815665500,0,0
0.815670600,1,0
0.815675700,0,0
0.815680800,1,0
0.815685800,0,0
0.815691000,1,0
0.815696000,0,0
0.815701200,1,0
0.815706200,0,0
0.815711400,1,0
0.815716400,0,0
0.815721600,1,0
0.815726600,0,0
0.815731700,1,0
0.815736800,0,0
0.815741900,1,0
0.815747000,0,0
0.815750200,0,1
0.815752100,1,1
0.815757100,0,1
0.815757600,0,0
0.815762300,1,0
0.815767300,0,0
0.815772500,1,0
0.815777500,0,0
0.815782700,1,0
0.815787700,0,0
0.815792900,1,0
0.815797900,0,0
0.815803000,1,0
0.815808100,0,0
0.815813200,1,0
0.815818300,0,0
0.815823400,1,0
0.815828400,0,0
0.815833600,1,0
0.815838600,0,0
0.815843800,1,0
0.815848800,0,0
0.815854000,1,0
0.815859000,0,0
0.815864100,1,0
0.815869200,0,0
0.815874300,1,0
0.815879400,0,0
0.815884500,1,0
0.815889500,0,0
0.815894700,1,0
0.815899700,0,0
0.815904900,1,0
0.815909900,0,0
0.815915100,1,0
0.815920100,0,0
0.815925300,1,0
0.815930300,0,0
0.815933500,0,1
0.815935400,1,1
0.815940500,0,1
0.815940900,0,0
0.815945600,1,0
0.815950700,0,0
0.815955800,1,0
0.815960800,0,0
0.815966000,1,0
0.815971000,0,0
0.815976200,1,0
0.815981200,0,0
0.815986400,1,0
0.815991400,0,0
0.815996600,1,0
0.816001600,0,0
0.816006700,1,0
0.816011800,0,0
0.816016900,1,0
0.816022000,0,0
0.816027100,1,0
0.816032100,0,0
0.816037300,1,0
0.816042300,0,0
0.816047500,1,0
0.816052500,0,0
0.816057700,1,0
0.816062700,0,0
0.816067800,1,0
0.816072900,0,0
0.816078000,1,0
0.816083100,0,0
0.816088200,1,0
0.816093300,0,0
0.816098400,1,0
0.816103400,0,0
0.816108600,1,0
0.816113600,0,0
0.816116800,0,1
0.816118800,1,1
0.816123800,0,1
0.816124200,0,0
0.816129000,1,0
0.816134000,0,0
0.816139100,1,0
0.816144200,0,0
0.816149300,1,0
0.816154400,0,0
0.816159500,1,0
0.816164500,0,0
0.816169700,1,0
0.816174700,0,0
0.816179900,1,0
0.816184900,0,0
0.816190100,1,0
0.816195100,0,0
0.816195800,0,1
0.816200300,1,1
0.816205300,0,1
0.816206300,0,0
0.816210400,1,0
0.816216700,1,1
0.913468800,1,0
0.913474800,0,0
0.913476000,0,1
0.913479900,1,1
0.913485000,0,1
0.913486000,0,0
0.913490100,1,0
0.913495200,0,0
0.913496400,0,1
0.913500300,1,1
0.913505400,0,1
0.913506400,0,0
0.913510500,1,0
0.913515600,0,0
0.913516700,0,1
0.913520700,1,1
0.913525700,0,1
0.913526700,0,0
0.913530900,1,0
0.913535900,0,0
0.913541100,1,0
0.913546100,0,0
0.913551300,1,0
0.913556300,0,0
0.913561400,1,0
0.913566500,0,0
0.913571600,1,0
0.913576700,0,0
0.913577900,0,1
0.913581800,1,1
0.913586800,0,1
0.913587800,0,0
0.913592000,1,0
0.913597000,0,0
0.913602200,1,0
0.913607200,0,0
0.913612400,1,0
0.913617400,0,0
0.913622600,1,0
0.913627600,0,0
0.913632700,1,0
0.913637800,0,0
0.913642900,1,0
0.913648000,0,0
0.913653100,1,0
0.913658100,0,0
0.913658700,0,1
0.913663300,1,1
0.913670300,1,0
0.913676300,0,0
0.913677500,0,1
0.913681500,1,1
0.913686500,0,1
0.913687500,0,0
0.913691700,1,0
0.913696700,0,0
0.913697900,0,1
0.913701800,1,1
0.913706900,0,1
0.913707900,0,0
0.913712000,1,0
0.913717100,0,0
0.913718300,0,1
0.913722200,1,1
0.913727300,0,1
0.913728300,0,0
0.913732400,1,0
0.913737400,0,0
0.913742600,1,0
0.913747600,0,0
0.913748800,0,1
0.913752800,1,1
0.913757800,0,1
0.913758200,0,0
0.913763000,1,0
0.913768000,0,0
0.913773100,1,0
0.913778200,0,0
0.913783300,1,0
0.913788400,0,0
0.913793500,1,0
0.913798600,0,0
0.913803700,1,0
0.913808700,0,0
0.913809400,0,1
0.913813900,1,1
0.913818900,0,1
0.913824100,1,1
0.913829100,0,1
0.913834300,1,1
0.913839300,0,1
0.913844400,1,1
0.913849500,0,1
0.913854600,1,1
0.913859700,0,1
0.913860700,0,0
0.913864800,1,0
0.913871000,1,1
0.913930800,1,0
0.913936800,0,0
0.913938000,0,1
0.913942000,1,1
0.913947000,0,1
0.913948000,0,0
0.913952200,1,0
0.913957200,0,0
0.913958400,0,1
0.913962400,1,1
0.913967400,0,1
0.913968400,0,0
0.913972600,1,0
0.913977600,0,0
0.913978800,0,1
0.913982700,1,1
0.913987800,0,1
0.913988800,0,0
0.913992900,1,0
0.913998000,0,0
0.914003100,1,0
0.914008100,0,0
0.914013300,1,0
0.914018300,0,0
0.914023500,1,0
0.914028500,0,0
0.914033700,1,0
0.914038700,0,0
0.914039900,0,1
0.914043800,1,1
0.914048900,0,1
0.914049900,0,0
0.914054000,1,0
0.914059100,0,0
0.914060300,0,1
0.914064200,1,1
0.914069300,0,1
0.914070300,0,0
0.914074400,1,0
0.914079400,0,0
0.914084600,1,0
0.914089600,0,0
0.914094800,1,0
0.914099800,0,0
0.914105000,1,0
0.914110000,0,0
0.914115100,1,0
0.914120200,0,0
0.914120800,0,1
0.914125300,1,1
0.914132400,1,0
0.914138400,0,0
0.914139500,0,1
0.914143500,1,1
0.914148500,0,1
0.914149500,0,0
0.914153700,1,0
0.914158700,0,0
0.914159900,0,1
0.914163900,1,1
0.914168900,0,1
0.914169900,0,0
0.914174100,1,0
0.914179100,0,0
0.914180300,0,1
0.914184300,1,1
0.914189300,0,1
0.914190300,0,0
0.914194400,1,0
0.914199500,0,0
0.914204600,1,0
0.914209700,0,0
0.914210900,0,1
0.914214800,1,1
0.914219800,0,1
0.914220300,0,0
0.914225000,1,0
0.914230000,0,0
0.914235200,1,0
0.914240200,0,0
0.914245400,1,0
0.914250400,0,0
0.914255600,1,0
0.914260600,0,0
0.914265700,1,0
0.914270800,0,0
0.914275900,1,0
0.914281000,0,0
0.914286100,1,0
0.914291100,0,0
0.914296300,1,0
0.914301300,0,0
0.914306500,1,0
0.914311500,0,0
0.914316700,1,0
0.914321700,0,0
0.914324900,0,1
0.914326800,1,1
0.914331900,0,1
0.914332300,0,0
0.914337000,1,0
0.914342100,0,0
0.914347200,1,0
0.914352300,0,0
0.914357400,1,0
0.914362400,0,0
0.914367600,1,0
0.914372600,0,0
0.914377800,1,0
0.914382800,0,0
0.914388000,1,0
0.914393000,0,0
0.914398100,1,0
0.914403200,0,0
0.914408300,1,0
0.914413400,0,0
0.914418500,1,0
0.914423500,0,0
0.914428700,1,0
0.914433700,0,0
0.914438900,1,0
0.914443900,0,0
0.914449100,1,0
0.914454100,0,0
0.914459300,1,0
0.914464300,0,0
0.914469400,1,0
0.914474500,0,0
0.914479600,1,0
0.914484700,0,0
0.914489800,1,0
0.914494800,0,0
0.914500000,1,0
0.914505000,0,0
0.914508200,0,1
0.914510200,1,1
0.914515200,0,1
0.914515600,0,0
0.914520400,1,0
0.914525400,0,0
0.914530600,1,0
0.914535600,0,0
0.914540700,1,0
0.914545800,0,0
0.914550900,1,0
0.914556000,0,0
0.914561100,1,0
0.914566100,0,0
0.914571300,1,0
0.914576300,0,0
0.914581500,1,0
0.914586500,0,0
0.914591700,1,0
0.914596700,0,0
0.914601800,1,0
0.914606900,0,0
0.914612000,1,0
0.914617100,0,0
0.914622200,1,0
0.914627200,0,0
0.914632400,1,0
0.914637400,0,0
0.914642600,1,0
0.914647600,0,0
0.914652800,1,0
0.914657800,0,0
0.914663000,1,0
0.914668000,0,0
0.914673100,1,0
0.914678200,0,0
0.914683300,1,0
0.914688400,0,0
0.914691600,0,1
0.914693500,1,1
0.914698500,0,1
0.914699000,0,0
0.914703700,1,0
0.914708700,0,0
0.914713900,1,0
0.914718900,0,0
0.914724100,1,0
0.914729100,0,0
0.914734300,1,0
0.914739300,0,0
0.914744400,1,0
0.914749500,0,0
0.914754600,1,0
0.914759700,0,0
0.914764800,1,0
0.914769800,0,0
0.914770500,0,1
0.914775000,1,1
0.914780000,0,1
0.914781000,0,0
0.914785200,1,0
0.914791400,1,1
1.012088600,1,0
1.012094600,0,0
1.012095700,0,1
1.012099700,1,1
1.012104700,0,1
1.012105700,0,0
1.012109900,1,0
1.012114900,0,0
1.012116100,0,1
1.012120100,1,1
1.012125100,0,1
1.012126100,0,0
1.012130300,1,0
1.012135300,0,0
1.012136500,0,1
1.012140400,1,1
1.012145500,0,1
1.012146500,0,0
1.012150600,1,0
1.012155700,0,0
1.012160800,1,0
1.012165800,0,0
1.012171000,1,0
1.012176000,0,0
1.012181200,1,0
1.012186200,0,0
1.012191400,1,0
1.012196400,0,0
1.012197600,0,1
1.012201600,1,1
1.012206600,0,1
1.012207600,0,0
1.012211700,1,0
1.012216800,0,0
1.012221900,1,0
1.012227000,0,0
1.012232100,1,0
1.012237100,0,0
1.012242300,1,0
1.012247300,0,0
1.012252500,1,0
1.012257500,0,0
1.012262700,1,0
1.012267700,0,0
1.012272900,1,0
1.012277900,0,0
1.012278500,0,1
1.012283000,1,1
1.012290100,1,0
1.012296100,0,0
1.012297200,0,1
1.012301200,1,1
1.012306300,0,1
1.012307300,0,0
1.012311400,1,0
1.012316400,0,0
1.012317600,0,1
1.012321600,1,1
1.012326600,0,1
1.012327600,0,0
1.012331800,1,0
1.012336800,0,0
1.012338000,0,1
1.012342000,1,1
1.012347000,0,1
1.012348000,0,0
1.012352100,1,0
1.012357200,0,0
1.012362300,1,0
1.012367400,0,0
1.012368600,0,1
1.012372500,1,1
1.012377500,0,1
1.012378000,0,0
1.012382700,1,0
1.012387700,0,0
1.012392900,1,0
1.012397900,0,0
1.012403100,1,0
1.012408100,0,0
1.012413300,1,0
1.012418300,0,0
1.012423400,1,0
1.012428500,0,0
1.012429100,0,1
1.012433600,1,1
1.012438700,0,1
1.012443800,1,1
1.012448800,0,1
1.012454000,1,1
1.012459000,0,1
1.012464200,1,1
1.012469200,0,1
1.012474400,1,1
1.012479400,0,1
1.012480400,0,0
1.012484600,1,0
1.012490800,1,1
1.012558600,1,0
1.012564600,0,0
1.012565700,0,1
1.012569700,1,1
1.012574800,0,1
1.012575800,0,0
1.012579900,1,0
1.012585000,0,0
1.012586100,0,1
1.012590100,1,1
1.012595100,0,1
1.012596100,0,0
1.012600300,1,0
1.012605300,0,0
1.012606500,0,1
1.012610500,1,1
1.012615500,0,1
1.012616500,0,0
1.012620700,1,0
1.012625700,0,0
1.012630800,1,0
1.012635900,0,0
1.012641000,1,0
1.012646100,0,0
1.012651200,1,0
1.012656300,0,0
1.012661400,1,0
1.012666400,0,0
1.012667700,0,1
1.012671600,1,1
1.012676600,0,1
1.012677600,0,0
1.012681800,1,0
1.012686800,0,0
1.012688000,0,1
1.012692000,1,1
1.012697000,0,1
1.012698000,0,0
1.012702100,1,0
1.012707200,0,0
1.012712300,1,0
1.012717400,0,0
1.012722500,1,0
1.012727500,0,0
1.012732700,1,0
1.012737700,0,0
1.012742900,1,0
1.012747900,0,0
1.012748500,0,1
1.012753100,1,1
1.012760100,1,0
1.012766100,0,0
1.012767300,0,1
1.012771200,1,1
1.012776300,0,1
1.012777300,0,0
1.012781400,1,0
1.012786500,0,0
1.012787700,0,1
1.012791600,1,1
1.012796700,0,1
1.012797700,0,0
1.012801800,1,0
1.012806800,0,0
1.012808000,0,1
1.012812000,1,1
1.012817000,0,1
1.012818000,0,0
1.012822200,1,0
1.012827200,0,0
1.012832400,1,0
1.012837400,0,0
1.012838600,0,1
1.012842500,1,1
1.012847600,0,1
1.012848000,0,0
1.012852700,1,0
1.012857800,0,0
1.012862900,1,0
1.012868000,0,0
1.012873100,1,0
1.012878100,0,0
1.012883300,1,0
1.012888300,0,0
1.012893500,1,0
1.012898500,0,0
1.012903700,1,0
1.012908700,0,0
1.012913800,1,0
1.012918900,0,0
1.012924000,1,0
1.012929100,0,0
1.012934200,1,0
1.012939200,0,0
1.012944400,1,0
1.012949400,0,0
1.012952600,0,1
1.012954600,1,1
1.012959600,0,1
1.012960100,0,0
1.012964800,1,0
1.012969800,0,0
1.012975000,1,0
1.012980000,0,0
1.012985100,1,0
1.012990200,0,0
1.012995300,1,0
1.013000400,0,0
1.013005500,1,0
1.013010500,0,0
1.013015700,1,0
1.013020700,0,0
1.013025900,1,0
1.013030900,0,0
1.013036100,1,0
1.013041100,0,0
1.013046300,1,0
1.013051300,0,0
1.013056400,1,0
1.013061500,0,0
1.013066600,1,0
1.013071700,0,0
1.013076800,1,0
1.013081800,0,0
1.013087000,1,0
1.013092000,0,0
1.013097200,1,0
1.013102200,0,0
1.013107400,1,0
1.013112400,0,0
1.013117500,1,0
1.013122600,0,0
1.013127700,1,0
1.013132800,0,0
1.013136000,0,1
1.013137900,1,1
1.013143000,0,1
1.013143400,0,0
1.013148100,1,0
1.013153100,0,0
1.013158300,1,0
1.013163300,0,0
1.013168500,1,0
1.013173500,0,0
1.013178700,1,0
1.013183700,0,0
1.013188800,1,0
1.013193900,0,0
1.013199000,1,0
1.013204100,0,0
1.013209200,1,0
1.013214200,0,0
1.013219400,1,0
1.013224400,0,0
1.013229600,1,0
1.013234600,0,0
1.013239800,1,0
1.013244800,0,0
1.013250000,1,0
1.013255000,0,0
1.013260100,1,0
1.013265200,0,0
1.013270300,1,0
1.013275400,0,0
1.013280500,1,0
1.013285500,0,0
1.013290700,1,0
1.013295700,0,0
1.013300900,1,0
1.013305900,0,0
1.013311100,1,0
1.013316100,0,0
1.013319300,0,1
1.013321200,1,1
1.013326300,0,1
1.013326700,0,0
1.013331400,1,0
1.013336500,0,0
1.013341600,1,0
1.013346700,0,0
1.013351800,1,0
1.013356800,0,0
1.013362000,1,0
1.013367000,0,0
1.013372200,1,0
1.013377200,0,0
1.013382400,1,0
1.013387400,0,0
1.013392500,1,0
1.013397600,0,0
1.013398200,0,1
1.013402700,1,1
1.013407800,0,1
1.013408800,0,0
1.013412900,1,0
1.013419100,1,1
1.111573300,1,0
1.111579300,0,0
1.111580400,0,1
1.111584400,1,1
1.111589500,0,1
1.111590500,0,0
1.111594600,1,0
1.111599700,0,0
1.111600800,0,1
1.111604800,1,1
1.111609800,0,1
1.111610800,0,0
1.111615000,1,0
1.111620000,0,0
1.111621200,0,1
1.111625200,1,1
1.111630200,0,1
1.111631200,0,0
1.111635400,1,0
1.111640400,0,0
1.111645500,1,0
1.111650600,0,0
1.111655700,1,0
1.111660800,0,0
1.111665900,1,0
1.111670900,0,0
1.111676100,1,0
1.111681100,0,0
1.111682300,0,1
1.111686300,1,1
1.111691300,0,1
1.111692300,0,0
1.111696500,1,0
1.111701500,0,0
1.111706700,1,0
1.111711700,0,0
1.111716800,1,0
1.111721900,0,0
1.111727000,1,0
1.111732100,0,0
1.111737200,1,0
1.111742200,0,0
1.111747400,1,0
1.111752400,0,0
1.111757600,1,0
1.111762600,0,0
1.111763300,0,1
1.111767800,1,1
1.111774800,1,0
1.111780800,0,0
1.111782000,0,1
1.111785900,1,1
1.111791000,0,1
1.111792000,0,0
1.111796100,1,0
1.111801200,0,0
1.111802400,0,1
1.111806300,1,1
1.111811400,0,1
1.111812400,0,0
1.111816500,1,0
1.111821500,0,0
1.111822700,0,1
1.111826700,1,1
1.111831700,0,1
1.111832700,0,0
1.111836900,1,0
1.111841900,0,0
1.111847100,1,0
1.111852100,0,0
1.111853300,0,1
1.111857200,1,1
1.111862300,0,1
1.111862700,0,0
1.111867400,1,0
1.111872500,0,0
1.111877600,1,0
1.111882700,0,0
1.111887800,1,0
1.111892800,0,0
1.111898000,1,0
1.111903000,0,0
1.111908200,1,0
1.111913200,0,0
1.111913800,0,1
1.111918400,1,1
1.111923400,0,1
1.111928500,1,1
1.111933600,0,1
1.111938700,1,1
1.111943800,0,1
1.111948900,1,1
1.111953900,0,1
1.111959100,1,1
1.111964100,0,1
1.111965100,0,0
1.111969300,1,0
1.111975500,1,1
1.112043300,1,0
1.112049300,0,0
1.112050500,0,1
1.112054400,1,1
1.112059500,0,1
1.112060500,0,0
1.112064600,1,0
1.112069700,0,0
1.112070900,0,1
1.112074800,1,1
1.112079900,0,1
1.112080900,0,0
1.112085000,1,0
1.112090100,0,0
1.112091200,0,1
1.112095200,1,1
1.112100200,0,1
1.112101200,0,0
1.112105400,1,0
1.112110400,0,0
1.112115600,1,0
1.112120600,0,0
1.112125800,1,0
1.112130800,0,0
1.112136000,1,0
1.112141000,0,0
1.112146100,1,0
1.112151200,0,0
1.112152400,0,1
1.112156300,1,1
1.112161400,0,1
1.112162400,0,0
1.112166500,1,0
1.112171500,0,0
1.112172700,0,1
1.112176700,1,1
1.112181700,0,1
1.112182700,0,0
1.112186900,1,0
1.112191900,0,0
1.112197100,1,0
1.112202100,0,0
1.112207200,1,0
1.112212300,0,0
1.112217400,1,0
1.112222500,0,0
1.112227600,1,0
1.112232600,0,0
1.112233300,0,1
1.112237800,1,1
1.112244800,1,0
1.112250800,0,0
1.112252000,0,1
1.112256000,1,1
1.112261000,0,1
1.112262000,0,0
1.112266200,1,0
1.112271200,0,0
1.112272400,0,1
1.112276400,1,1
1.112281400,0,1
1.112282400,0,0
1.112286500,1,0
1.112291600,0,0
1.112292800,0,1
1.112296700,1,1
1.112301800,0,1
1.112302800,0,0
1.112306900,1,0
1.112311900,0,0
1.112317100,1,0
1.112322100,0,0
1.112323300,0,1
1.112327300,1,1
1.112332300,0,1
1.112332800,0,0
1.112337500,1,0
1.112342500,0,0
1.112347700,1,0
1.112352700,0,0
1.112357800,1,0
1.112362900,0,0
1.112368000,1,0
1.112373100,0,0
1.112378200,1,0
1.112383200,0,0
1.112388400,1,0
1.112393400,0,0
1.112398600,1,0
1.112403600,0,0
1.112408800,1,0
1.112413800,0,0
1.112418900,1,0
1.112424000,0,0
1.112429100,1,0
1.112434200,0,0
1.112437400,0,1
1.112439300,1,1
1.112444400,0,1
1.112444800,0,0
1.112449500,1,0
1.112454500,0,0
1.112459700,1,0
1.112464700,0,0
1.112469900,1,0
1.112474900,0,0
1.112480100,1,0
1.112485100,0,0
1.112490200,1,0
1.112495300,0,0
1.112500400,1,0
1.112505500,0,0
1.112510600,1,0
1.112515600,0,0
1.112520800,1,0
1.112525800,0,0
1.112531000,1,0
1.112536000,0,0
1.112541200,1,0
1.112546200,0,0
1.112551400,1,0
1.112556400,0,0
1.112561500,1,0
1.112566600,0,0
1.112571700,1,0
1.112576800,0,0
1.112581900,1,0
1.112586900,0,0
1.112592100,1,0
1.112597100,0,0
1.112602300,1,0
1.112607300,0,0
1.112612500,1,0
1.112617500,0,0
1.112620700,0,1
1.112622600,1,1
1.112627700,0,1
1.112628100,0,0
1.112632800,1,0
1.112637900,0,0
1.112643000,1,0
1.112648100,0,0
1.112653200,1,0
1.112658200,0,0
1.112663400,1,0
1.112668400,0,0
1.112673600,1,0
1.112678600,0,0
1.112683800,1,0
1.112688800,0,0
1.112693900,1,0
1.112699000,0,0
1.112704100,1,0
1.112709200,0,0
1.112714300,1,0
1.112719300,0,0
1.112724500,1,0
1.112729500,0,0
1.112734700,1,0
1.112739700,0,0
1.112744900,1,0
1.112749900,0,0
1.112755100,1,0
1.112760100,0,0
1.112765200,1,0
1.112770300,0,0
1.112775400,1,0
1.112780500,0,0
1.112785600,1,0
1.112790600,0,0
1.112795800,1,0
1.112800800,0,0
1.112804000,0,1
1.112806000,1,1
1.112811000,0,1
1.112811500,0,0
1.112816200,1,0
1.112821200,0,0
1.112826400,1,0
1.112831400,0,0
1.112836500,1,0
1.112841600,0,0
1.112846700,1,0
1.112851800,0,0
1.112856900,1,0
1.112861900,0,0
1.112867100,1,0
1.112872100,0,0
1.112877300,1,0
1.112882300,0,0
1.112882900,0,1
1.112887500,1,1
1.112892500,0,1
1.112893500,0,0
1.112897600,1,0
1.112903900,1,1
1.118337600,1,0
1.118343600,0,0
1.118348800,1,0
1.118353800,0,0
1.118355000,0,1
1.118359000,1,1
1.118364000,0,1
1.118369200,1,1
1.118374200,0,1
1.118375200,0,0
1.118379400,1,0
1.118384400,0,0
1.118385600,0,1
1.118389500,1,1
1.118394600,0,1
1.118399700,1,1
1.118404800,0,1
1.118409900,1,1
1.118414900,0,1
1.118415900,0,0
1.118420100,1,0
1.118425100,0,0
1.118430300,1,0
1.118435300,0,0
1.118435700,0,1
1.119339300,0,0
1.119343500,1,0
1.119348500,0,0
1.119353700,1,0
1.119358700,0,0
1.119363800,1,0
1.119368900,0,0
1.119374000,1,0
1.119379000,0,0
1.119384200,1,0
1.119389200,0,0
1.119394400,1,0
1.119399400,0,0
1.119404600,1,0
1.119409600,0,0
1.119414800,1,0
1.119419800,0,0
1.119424900,1,0
1.119430000,0,0
1.119430400,0,1
1.120323000,0,0
1.120327200,1,0
1.120333300,1,1
1.126685100,1,0
1.126691100,0,0
1.126696200,1,0
1.126701300,0,0
1.126702500,0,1
1.126706400,1,1
1.126711500,0,1
1.126716600,1,1
1.126721700,0,1
1.126722700,0,0
1.126726800,1,0
1.126731800,0,0
1.126733000,0,1
1.126737000,1,1
1.126742000,0,1
1.126747200,1,1
1.126752200,0,1
1.126757400,1,1
1.126762400,0,1
1.126763400,0,0
1.126767600,1,0
1.126772600,0,0
1.126777700,1,0
1.126782800,0,0
1.126783100,0,1
1.127737800,0,0
1.127742000,1,0
1.127746900,0,0
1.127748100,0,1
1.127752100,1,1
1.127757100,0,1
1.127758100,0,0
1.127762300,1,0
1.127767300,0,0
1.127768500,0,1
1.127772500,1,1
1.127777500,0,1
1.127778500,0,0
1.127782700,1,0
1.127787700,0,0
1.127792800,1,0
1.127797900,0,0
1.127803000,1,0
1.127808100,0,0
1.127809300,0,1
1.127813200,1,1
1.127818200,0,1
1.127818400,0,0
1.127823400,1,0
1.127828400,0,0
1.127828800,0,1
1.127833600,1,1
1.127838600,0,1
1.127839600,0,0
1.127843800,1,0
1.127848800,0,0
1.127854000,1,0
1.127859000,0,0
1.127864100,1,0
1.127869200,0,0
1.127874300,1,0
1.127879400,0,0
1.127884500,1,0
1.127889500,0,0
1.127890800,0,1
1.127894700,1,1
1.127899700,0,1
1.127900700,0,0
1.127904900,1,0
1.127909900,0,0
1.127915100,1,0
1.127920100,0,0
1.127925300,1,0
1.127930300,0,0
1.127935400,1,0
1.127940500,0,0
1.127945600,1,0
1.127950700,0,0
1.127955800,1,0
1.127960800,0,0
1.127966000,1,0
1.127971000,0,0
1.127976200,1,0
1.127981200,0,0
1.127986400,1,0
1.127991400,0,0
1.127992600,0,1
1.127996500,1,1
1.128001600,0,1
1.128001900,0,0
1.128006700,1,0
1.128011800,0,0
1.128016900,1,0
1.128021900,0,0
1.128027100,1,0
1.128032100,0,0
1.128037300,1,0
1.128042300,0,0
1.128043500,0,1
1.128047500,1,1
1.128052500,0,1
1.128053500,0,0
1.128057700,1,0
1.128062700,0,0
1.128067800,1,0
1.128072900,0,0
1.128078000,1,0
1.128083100,0,0
1.128088200,1,0
1.128093200,0,0
1.128098400,1,0
1.128103400,0,0
1.128103900,0,1
1.128108600,1,1
1.128113600,0,1
1.128114600,0,0
1.128118800,1,0
1.128123800,0,0
1.128125000,0,1
1.128129000,1,1
1.128134000,0,1
1.128135000,0,0
1.128139100,1,0
1.128144200,0,0
1.128145400,0,1
1.128149300,1,1
1.128154400,0,1
1.128159500,1,1
1.128164500,0,1
1.128165500,0,0
1.128169700,1,0
1.128174700,0,0
1.128179900,1,0
1.128184900,0,0
1.128190100,1,0
1.128195100,0,0
1.128195500,0,1
1.130509100,0,0
1.130513300,1,0
1.130519400,1,1
1.133536200,1,0
1.133542200,0,0
1.133547400,1,0
1.133552400,0,0
1.133553600,0,1
1.133557600,1,1
1.133562600,0,1
1.133567800,1,1
1.133572800,0,1
1.133573800,0,0
1.133578000,1,0
1.133583000,0,0
1.133584200,0,1
1.133588100,1,1
1.133593200,0,1
1.133598300,1,1
1.133603400,0,1
1.133608500,1,1
1.133613500,0,1
1.133618700,1,1
1.133623700,0,1
1.133623900,0,0
1.133628900,1,0
1.133633900,0,0
1.134545100,1,0
1.134550100,0,0
1.134550500,0,1
1.134555300,1,1
1.134560300,0,1
1.134565400,1,1
1.134570500,0,1
1.134570700,0,0
1.134575600,1,0
1.134580600,0,0
1.134581100,0,1
1.134585800,1,1
1.134590800,0,1
1.134596000,1,1
1.134601000,0,1
1.134606200,1,1
1.134611200,0,1
1.134611500,0,0
1.134616400,1,0
1.134621400,0,0
1.134626500,1,0
1.134631600,0,0
1.134634800,0,1
1.134636700,1,1
1.134641800,0,1
1.134641900,0,0
1.134646900,1,0
1.134651900,0,0
1.134657100,1,0
1.134662100,0,0
1.134667300,1,0
1.134672300,0,0
1.134672700,0,1
1.134677500,1,1
1.134682500,0,1
1.134682700,0,0
1.134687600,1,0
1.134692700,0,0
1.134697800,1,0
1.134702900,0,0
1.134708000,1,0
1.134713100,0,0
1.134718200,1,0
1.134723200,0,0
1.134728400,1,0
1.134733400,0,0
1.134738600,1,0
1.134743600,0,0
1.134748800,1,0
1.134753800,0,0
1.134758900,1,0
1.134764000,0,0
1.134769100,1,0
1.134774200,0,0
1.134779300,1,0
1.134784300,0,0
1.134784800,0,1
1.134789500,1,1
1.134794500,0,1
1.134794800,0,0
1.134799700,1,0
1.134804700,0,0
1.134809900,1,0
1.134814900,0,0
1.134820100,1,0
1.134825100,0,0
1.134830200,1,0
1.134835300,0,0
1.134840400,1,0
1.134845500,0,0
1.134850600,1,0
1.134855600,0,0
1.134860800,1,0
1.134865800,0,0
1.134871000,1,0
1.134876000,0,0
1.134881200,1,0
1.134886200,0,0
1.134891400,1,0
1.134896400,0,0
1.134901500,1,0
1.134906600,0,0
1.134911700,1,0
1.134916800,0,0
1.134921900,1,0
1.134926900,0,0
1.134932100,1,0
1.134937100,0,0
1.134937600,0,1
1.134942300,1,1
1.134947300,0,1
1.134947600,0,0
1.134952500,1,0
1.134957500,0,0
1.134962600,1,0
1.134967700,0,0
1.134972800,1,0
1.134977900,0,0
1.134983000,1,0
1.134988000,0,0
1.134993200,1,0
1.134998200,0,0
1.135003400,1,0
1.135008400,0,0
1.135013600,1,0
1.135018600,0,0
1.135023800,1,0
1.135028800,0,0
1.135033900,1,0
1.135039000,0,0
1.135044100,1,0
1.135049200,0,0
1.135054300,1,0
1.135059300,0,0
1.135064500,1,0
1.135069500,0,0
1.135074700,1,0
1.135079700,0,0
1.135084900,1,0
1.135089900,0,0
1.135095100,1,0
1.135100100,0,0
1.135105200,1,0
1.135110300,0,0
1.135115400,1,0
1.135120500,0,0
1.135125600,1,0
1.135130600,0,0
1.135135800,1,0
1.135140800,0,0
1.135146000,1,0
1.135151000,0,0
1.135156200,1,0
1.135161200,0,0
1.135166400,1,0
1.135171400,0,0
1.135176500,1,0
1.135181600,0,0
1.135186700,1,0
1.135191800,0,0
1.135192200,0,1
1.135196900,1,1
1.135201900,0,1
1.135207100,1,1
1.135212100,0,1
1.135212400,0,0
1.135217300,1,0
1.135222300,0,0
1.135227500,1,0
1.135232500,0,0
1.135232900,0,1
1.135237600,1,1
1.135242700,0,1
1.135242900,0,0
1.135247800,1,0
1.135252900,0,0
1.135258000,1,0
1.135263000,0,0
1.135268200,1,0
1.135273200,0,0
1.135278400,1,0
1.135283400,0,0
1.135288600,1,0
1.135293600,0,0
1.135298800,1,0
1.135303800,0,0
1.135308900,1,0
1.135314000,0,0
1.135319100,1,0
1.135324200,0,0
1.135329300,1,0
1.135334300,0,0
1.135339500,1,0
1.135344500,0,0
1.135349700,1,0
1.135354700,0,0
1.135359900,1,0
1.135364900,0,0
1.135370100,1,0
1.135375100,0,0
1.135380200,1,0
1.135385300,0,0
1.135385700,0,1
1.135390400,1,1
1.135395500,0,1
1.135395700,0,0
1.135400600,1,0
1.135405600,0,0
1.135406100,0,1
1.135410800,1,1
1.135415800,0,1
1.135416100,0,0
1.135421000,1,0
1.135426000,0,0
1.135426500,0,1
1.135431200,1,1
1.135436200,0,1
1.135436500,0,0
1.135441300,1,0
1.135446400,0,0
1.135451500,1,0
1.135456600,0,0
1.135459800,0,1
1.135461700,1,1
1.135466800,0,1
1.135471900,1,1
1.135476900,0,1
1.135482100,1,1
1.135487100,0,1
1.135487300,0,0
1.135492300,1,0
1.135497300,0,0
1.135497700,0,1
1.135502500,1,1
1.135507500,0,1
1.135507700,0,0
1.135512600,1,0
1.135517700,0,0
1.135518100,0,1
1.135522800,1,1
1.135527900,0,1
1.135528100,0,0
1.135533000,1,0
1.135538000,0,0
1.135543200,1,0
1.135548200,0,0
1.135553400,1,0
1.135558400,0,0
1.135563600,1,0
1.135568600,0,0
1.135573800,1,0
1.135578800,0,0
1.135583900,1,0
1.135589000,0,0
1.135594100,1,0
1.135599200,0,0
1.135604300,1,0
1.135609300,0,0
1.135614500,1,0
1.135619500,0,0
1.135624700,1,0
1.135629700,0,0
1.135634900,1,0
1.135639900,0,0
1.135645100,1,0
1.135650100,0,0
1.135655200,1,0
1.135660300,0,0
1.135665400,1,0
1.135670500,0,0
1.135675600,1,0
1.135680600,0,0
1.135685800,1,0
1.135690800,0,0
1.135696000,1,0
1.135701000,0,0
1.135706200,1,0
1.135711200,0,0
1.135716300,1,0
1.135721400,0,0
1.135726500,1,0
1.135731600,0,0
1.135736700,1,0
1.135741700,0,0
1.135746900,1,0
1.135751900,0,0
1.135757100,1,0
1.135762100,0,0
1.135767300,1,0
1.135772300,0,0
1.135777500,1,0
1.135782500,0,0
1.135787600,1,0
1.135792700,0,0
1.135797800,1,0
1.135802900,0,0
1.135808000,1,0
1.135813000,0,0
1.135818200,1,0
1.135823200,0,0
1.135828400,1,0
1.135833400,0,0
1.135838600,1,0
1.135843600,0,0
1.135848800,1,0
1.135853800,0,0
1.135858900,1,0
1.135864000,0,0
1.135869100,1,0
1.135874200,0,0
1.135879300,1,0
1.135884300,0,0
1.135889500,1,0
1.135894500,0,0
1.135899700,1,0
1.135904700,0,0
1.135909900,1,0
1.135914900,0,0
1.135920000,1,0
1.135925100,0,0
1.135930200,1,0
1.135935300,0,0
1.135940400,1,0
1.135945500,0,0
1.135950600,1,0
1.135955600,0,0
1.135960800,1,0
1.135965800,0,0
1.135971000,1,0
1.135976000,0,0
1.135981200,1,0
1.135986200,0,0
1.135991300,1,0
1.135996400,0,0
1.135996800,0,1
1.137439400,0,0
1.137443600,1,0
1.137448500,0,0
1.137453700,1,0
1.137458700,0,0
1.137463900,1,0
1.137468900,0,0
1.137474100,1,0
1.137479100,0,0
1.137484300,1,0
1.137489300,0,0
1.137494400,1,0
1.137499500,0,0
1.137504600,1,0
1.137509700,0,0
1.137514800,1,0
1.137519800,0,0
1.137525000,1,0
1.137530000,0,0
1.137535200,1,0
1.137540200,0,0
1.137545400,1,0
1.137550400,0,0
1.137555600,1,0
1.137560600,0,0
1.137565700,1,0
1.137570800,0,0
1.137575900,1,0
1.137581000,0,0
1.137586100,1,0
1.137591100,0,0
1.137596300,1,0
1.137601300,0,0
1.137606500,1,0
1.137611500,0,0
1.137616700,1,0
1.137621700,0,0
1.137626900,1,0
1.137631900,0,0
1.137637000,1,0
1.137642100,0,0
1.137647200,1,0
1.137652300,0,0
1.137657400,1,0
1.137662400,0,0
1.137667600,1,0
1.137672600,0,0
1.137677800,1,0
1.137682800,0,0
1.137688000,1,0
1.137693000,0,0
1.137698100,1,0
1.137703200,0,0
1.137708300,1,0
1.137713400,0,0
1.137718500,1,0
1.137723600,0,0
1.137728700,1,0
1.137733700,0,0
1.137738900,1,0
1.137743900,0,0
1.137749100,1,0
1.137754100,0,0
1.137759300,1,0
1.137764300,0,0
1.137769400,1,0
1.137774500,0,0
1.137779600,1,0
1.137784700,0,0
1.137789800,1,0
1.137794800,0,0
1.137800000,1,0
1.137805000,0,0
1.137810200,1,0
1.137815200,0,0
1.137820400,1,0
1.137825400,0,0
1.137830600,1,0
1.137835600,0,0
1.137840700,1,0
1.137845800,0,0
1.137850900,1,0
1.137856000,0,0
1.137861100,1,0
1.137866100,0,0
1.137871300,1,0
1.137876300,0,0
1.137881500,1,0
1.137886500,0,0
1.137891700,1,0
1.137896700,0,0
1.137901800,1,0
1.137906900,0,0
1.137912000,1,0
1.137917100,0,0
1.137922200,1,0
1.137927300,0,0
1.137932400,1,0
1.137937400,0,0
1.137942600,1,0
1.137947600,0,0
1.137952800,1,0
1.137957800,0,0
1.137963000,1,0
1.137968000,0,0
1.137973100,1,0
1.137978200,0,0
1.137983300,1,0
1.137988400,0,0
1.137993500,1,0
1.137998500,0,0
1.138003700,1,0
1.138008700,0,0
1.138013900,1,0
1.138018900,0,0
1.138024100,1,0
1.138029100,0,0
1.138034300,1,0
1.138039300,0,0
1.138044400,1,0
1.138049500,0,0
1.138054600,1,0
1.138059700,0,0
1.138064800,1,0
1.138069800,0,0
1.138075000,1,0
1.138080000,0,0
1.138085200,1,0
1.138090200,0,0
1.138095400,1,0
1.138100400,0,0
1.138105600,1,0
1.138110600,0,0
1.138115700,1,0
1.138120800,0,0
1.138125900,1,0
1.138131000,0,0
1.138136100,1,0
1.138141100,0,0
1.138146300,1,0
1.138151300,0,0
1.138156500,1,0
1.138161500,0,0
1.138166700,1,0
1.138171700,0,0
1.138176800,1,0
1.138181900,0,0
1.138187000,1,0
1.138192100,0,0
1.138197200,1,0
1.138202300,0,0
1.138207400,1,0
1.138212400,0,0
1.138217600,1,0
1.138222600,0,0
1.138227800,1,0
1.138232800,0,0
1.138238000,1,0
1.138243000,0,0
1.138248100,1,0
1.138253200,0,0
1.138258300,1,0
1.138263400,0,0
1.138268500,1,0
1.138273500,0,0
1.138278700,1,0
1.138283700,0,0
1.138288900,1,0
1.138293900,0,0
1.138299100,1,0
1.138304100,0,0
1.138309300,1,0
1.138314300,0,0
1.138319400,1,0
1.138324500,0,0
1.138329600,1,0
1.138334700,0,0
1.138339800,1,0
1.138344800,0,0
1.138350000,1,0
1.138355000,0,0
1.138360200,1,0
1.138365200,0,0
1.138370400,1,0
1.138375400,0,0
1.138380600,1,0
1.138385600,0,0
1.138390700,1,0
1.138395800,0,0
1.138400900,1,0
1.138406000,0,0
1.138411100,1,0
1.138416100,0,0
1.138421300,1,0
1.138426300,0,0
1.138431500,1,0
1.138436500,0,0
1.138441700,1,0
1.138446700,0,0
1.138451800,1,0
1.138456900,0,0
1.138462000,1,0
1.138467100,0,0
1.138472200,1,0
1.138477200,0,0
1.138482400,1,0
1.138487400,0,0
1.138492600,1,0
1.138497600,0,0
1.138502800,1,0
1.138507800,0,0
1.138513000,1,0
1.138518000,0,0
1.138523100,1,0
1.138528200,0,0
1.138533300,1,0
1.138538400,0,0
1.138543500,1,0
1.138548500,0,0
1.138553700,1,0
1.138558700,0,0
1.138563900,1,0
1.138568900,0,0
1.138574100,1,0
1.138579100,0,0
1.138584300,1,0
1.138589300,0,0
1.138594400,1,0
1.138599500,0,0
1.138604600,1,0
1.138609700,0,0
1.138614800,1,0
1.138619800,0,0
1.138625000,1,0
1.138630000,0,0
1.138635200,1,0
1.138640200,0,0
1.138645400,1,0
1.138650400,0,0
1.138655500,1,0
1.138660600,0,0
1.138665700,1,0
1.138670800,0,0
1.138675900,1,0
1.138681000,0,0
1.138686100,1,0
1.138691100,0,0
1.138696300,1,0
1.138701300,0,0
1.138706500,1,0
1.138711500,0,0
1.138716700,1,0
1.138721700,0,0
1.138726800,1,0
1.138731900,0,0
1.138737000,1,0
1.138742100,0,0
1.138747200,1,0
1.138752200,0,0
1.138757400,1,0
1.138762400,0,0
1.138767600,1,0
1.138772600,0,0
1.138777800,1,0
1.138782800,0,0
1.138788000,1,0
1.138793000,0,0
1.138798100,1,0
1.138803200,0,0
1.138808300,1,0
1.138813400,0,0
1.138818500,1,0
1.138823500,0,0
1.138828700,1,0
1.138833700,0,0
1.138838900,1,0
1.138843900,0,0
1.138849100,1,0
1.138854100,0,0
1.138859300,1,0
1.138864300,0,0
1.138869400,1,0
1.138874500,0,0
1.138879600,1,0
1.138884700,0,0
1.138889800,1,0
1.138894800,0,0
1.138900000,1,0
1.138905000,0,0
1.138905500,0,1
1.140337000,0,0
1.140341200,1,0
1.140346200,0,0
1.140351400,1,0
1.140356400,0,0
1.140356800,0,1
1.140361500,1,1
1.140366600,0,1
1.140371700,1,1
1.140376800,0,1
1.140377000,0,0
1.140381900,1,0
1.140386900,0,0
1.140387400,0,1
1.140392100,1,1
1.140397100,0,1
1.140402300,1,1
1.140407300,0,1
1.140412500,1,1
1.140417500,0,1
1.140417800,0,0
1.140422600,1,0
1.140427700,0,0
1.140432800,1,0
1.140437900,0,0
1.140441100,0,1
1.140443000,1,1
1.140448100,0,1
1.140448300,0,0
1.140453200,1,0
1.140458200,0,0
1.140463400,1,0
1.140468400,0,0
1.140473600,1,0
1.140478600,0,0
1.140479000,0,1
1.140483800,1,1
1.140488800,0,1
1.140489000,0,0
1.140493900,1,0
1.140499000,0,0
1.140504100,1,0
1.140509200,0,0
1.140514300,1,0
1.140519300,0,0
1.140524500,1,0
1.140529500,0,0
1.140534700,1,0
1.140539700,0,0
1.140544900,1,0
1.140549900,0,0
1.140555100,1,0
1.140560100,0,0
1.140565200,1,0
1.140570300,0,0
1.140575400,1,0
1.140580500,0,0
1.140585600,1,0
1.140590600,0,0
1.140591100,0,1
1.140595800,1,1
1.140600800,0,1
1.140601100,0,0
1.140606000,1,0
1.140611000,0,0
1.140616200,1,0
1.140621200,0,0
1.140626400,1,0
1.140631400,0,0
1.140636500,1,0
1.140641600,0,0
1.140646700,1,0
1.140651800,0,0
1.140656900,1,0
1.140661900,0,0
1.140667100,1,0
1.140672100,0,0
1.140677300,1,0
1.140682300,0,0
1.140687500,1,0
1.140692500,0,0
1.140697600,1,0
1.140702700,0,0
1.140707800,1,0
1.140712900,0,0
1.140718000,1,0
1.140723000,0,0
1.140728200,1,0
1.140733200,0,0
1.140738400,1,0
1.140743400,0,0
1.140743900,0,1
1.140748600,1,1
1.140753600,0,1
1.140753900,0,0
1.140758800,1,0
1.140763800,0,0
1.140768900,1,0
1.140774000,0,0
1.140779100,1,0
1.140784200,0,0
1.140789300,1,0
1.140794300,0,0
1.140799500,1,0
1.140804500,0,0
1.140809700,1,0
1.140814700,0,0
1.140819900,1,0
1.140824900,0,0
1.140830100,1,0
1.140835100,0,0
1.140840200,1,0
1.140845300,0,0
1.140850400,1,0
1.140855500,0,0
1.140860600,1,0
1.140865600,0,0
1.140870800,1,0
1.140875800,0,0
1.140881000,1,0
1.140886000,0,0
1.140891200,1,0
1.140896200,0,0
1.140901300,1,0
1.140906400,0,0
1.140911500,1,0
1.140916600,0,0
1.140921700,1,0
1.140926800,0,0
1.140931900,1,0
1.140936900,0,0
1.140942100,1,0
1.140947100,0,0
1.140952300,1,0
1.140957300,0,0
1.140962500,1,0
1.140967500,0,0
1.140972600,1,0
1.140977700,0,0
1.140982800,1,0
1.140987900,0,0
1.140993000,1,0
1.140998000,0,0
1.140998500,0,1
1.141003200,1,1
1.141008200,0,1
1.141013400,1,1
1.141018400,0,1
1.141018700,0,0
1.141023600,1,0
1.141028600,0,0
1.141033800,1,0
1.141038800,0,0
1.141039200,0,1
1.141043900,1,1
1.141049000,0,1
1.141049200,0,0
1.141054100,1,0
1.141059200,0,0
1.141064300,1,0
1.141069300,0,0
1.141069800,0,1
1.143168500,1,1
1.143173500,0,1
1.143174500,0,0
1.143178700,1,0
1.143184900,1,1
1.146310700,1,0
1.146316700,0,0
1.146321800,1,0
1.146326900,0,0
1.146328100,0,1
1.146332000,1,1
1.146337000,0,1
1.146342200,1,1
1.146347200,0,1
1.146348200,0,0
1.146352400,1,0
1.146357400,0,0
1.146358600,0,1
1.146362600,1,1
1.146367600,0,1
1.146372800,1,1
1.146377800,0,1
1.146382900,1,1
1.146388000,0,1
1.146389000,0,0
1.146393100,1,0
1.146398200,0,0
1.146403300,1,0
1.146408300,0,0
1.146408800,0,1
1.147384300,0,0
1.147388500,1,0
1.147393500,0,0
1.147394700,0,1
1.147398700,1,1
1.147403700,0,1
1.147404700,0,0
1.147408900,1,0
1.147413900,0,0
1.147415100,0,1
1.147419000,1,1
1.147424100,0,1
1.147425100,0,0
1.147429200,1,0
1.147434300,0,0
1.147439400,1,0
1.147444400,0,0
1.147449600,1,0
1.147454600,0,0
1.147455800,0,1
1.147459800,1,1
1.147464800,0,1
1.147465100,0,0
1.147470000,1,0
1.147475000,0,0
1.147475500,0,1
1.147480200,1,1
1.147485200,0,1
1.147486200,0,0
1.147490300,1,0
1.147495400,0,0
1.147500500,1,0
1.147505600,0,0
1.147510700,1,0
1.147515700,0,0
1.147520900,1,0
1.147525900,0,0
1.147531100,1,0
1.147536100,0,0
1.147537300,0,1
1.147541300,1,1
1.147546300,0,1
1.147547300,0,0
1.147551500,1,0
1.147556500,0,0
1.147561600,1,0
1.147566700,0,0
1.147571800,1,0
1.147576900,0,0
1.147582000,1,0
1.147587000,0,0
1.147592200,1,0
1.147597200,0,0
1.147602400,1,0
1.147607400,0,0
1.147612600,1,0
1.147617600,0,0
1.147622700,1,0
1.147627800,0,0
1.147632900,1,0
1.147638000,0,0
1.147639200,0,1
1.147643100,1,1
1.147648100,0,1
1.147648300,0,0
1.147653300,1,0
1.147658300,0,0
1.147658700,0,1
1.147663500,1,1
1.147668500,0,1
1.147673700,1,1
1.147678700,0,1
1.147679700,0,0
1.147683900,1,0
1.147688900,0,0
1.147690100,0,1
1.147694000,1,1
1.147699100,0,1
1.147704200,1,1
1.147709300,0,1
1.147714400,1,1
1.147719400,0,1
1.147720400,0,0
1.147724600,1,0
1.147729600,0,0
1.147730800,0,1
1.147734800,1,1
1.147739800,0,1
1.147740100,0,0
1.147745000,1,0
1.147750000,0,0
1.147755200,1,0
1.147760200,0,0
1.147761400,0,1
1.147765300,1,1
1.147770400,0,1
1.147775500,1,1
1.147780600,0,1
1.147781600,0,0
1.147785700,1,0
1.147790700,0,0
1.147795900,1,0
1.147800900,0,0
1.147806100,1,0
1.147811100,0,0
1.147816300,1,0
1.147821300,0,0
1.147822500,0,1
1.147826400,1,1
1.147831500,0,1
1.147831700,0,0
1.147836600,1,0
1.147841700,0,0
1.147842100,0,1
1.150127700,0,0
1.150131800,1,0
1.150138000,1,1
1.151403800,1,0
1.151409800,0,0
1.151415000,1,0
1.151420000,0,0
1.151421200,0,1
1.151425200,1,1
1.151430200,0,1
1.151435300,1,1
1.151440400,0,1
1.151441400,0,0
1.151445500,1,0
1.151450600,0,0
1.151451700,0,1
1.151455700,1,1
1.151460800,0,1
1.151465900,1,1
1.151470900,0,1
1.151476100,1,1
1.151481100,0,1
1.151486300,1,1
1.151491300,0,1
1.151491500,0,0
1.151496500,1,0
1.151501500,0,0
1.152397700,1,0
1.152402700,0,0
1.152403200,0,1
1.152407800,1,1
1.152412900,0,1
1.152418000,1,1
1.152423000,0,1
1.152423400,0,0
1.152428200,1,0
1.152433200,0,0
1.152433600,0,1
1.152438400,1,1
1.152443400,0,1
1.152448600,1,1
1.152453600,0,1
1.152458700,1,1
1.152463800,0,1
1.152464000,0,0
1.152468900,1,0
1.152474000,0,0
1.152479100,1,0
1.152484200,0,0
1.152487400,0,1
1.152489300,1,1
1.152494300,0,1
1.152494600,0,0
1.152499500,1,0
1.152504500,0,0
1.152509700,1,0
1.152514700,0,0
1.152519900,1,0
1.152524900,0,0
1.152525400,0,1
1.152530000,1,1
1.152535100,0,1
1.152535400,0,0
1.152540200,1,0
1.152545300,0,0
1.152550400,1,0
1.152555400,0,0
1.152560600,1,0
1.152565600,0,0
1.152570800,1,0
1.152575800,0,0
1.152581000,1,0
1.152586000,0,0
1.152591200,1,0
1.152596200,0,0
1.152601300,1,0
1.152606400,0,0
1.152611500,1,0
1.152616600,0,0
1.152621700,1,0
1.152626700,0,0
1.152631900,1,0
1.152636900,0,0
1.152637400,0,1
1.152642100,1,1
1.152647100,0,1
1.152647400,0,0
1.152652300,1,0
1.152657300,0,0
1.152662500,1,0
1.152667500,0,0
1.152672600,1,0
1.152677700,0,0
1.152682800,1,0
1.152687900,0,0
1.152693000,1,0
1.152698000,0,0
1.152703200,1,0
1.152708200,0,0
1.152713400,1,0
1.152718400,0,0
1.152723600,1,0
1.152728600,0,0
1.152733700,1,0
1.152738800,0,0
1.152739200,0,1
1.152743900,1,1
1.152749000,0,1
1.152750000,0,0
1.152754100,1,0
1.152759200,0,0
1.152762300,0,1
1.152764300,1,1
1.152769300,0,1
1.152774500,1,1
1.152779500,0,1
1.152779800,0,0
1.152784700,1,0
1.152789700,0,0
1.152790100,0,1
1.152794900,1,1
1.152799900,0,1
1.152805000,1,1
1.152810100,0,1
1.152815200,1,1
1.152820300,0,1
1.152820500,0,0
1.152825400,1,0
1.152830400,0,0
1.152830800,0,1
1.152835600,1,1
1.152840600,0,1
1.152841600,0,0
1.152845800,1,0
1.152850800,0,0
1.152856000,1,0
1.152861000,0,0
1.152866200,1,0
1.152871200,0,0
1.152876300,1,0
1.152881400,0,0
1.152886500,1,0
1.152891600,0,0
1.152896700,1,0
1.152901700,0,0
1.152906900,1,0
1.152911900,0,0
1.152917100,1,0
1.152922100,0,0
1.152927300,1,0
1.152932300,0,0
1.152937500,1,0
1.152942500,0,0
1.152947600,1,0
1.152952700,0,0
1.152957800,1,0
1.152962900,0,0
1.152968000,1,0
1.152973000,0,0
1.152978200,1,0
1.152983200,0,0
1.152988400,1,0
1.152993400,0,0
1.152998600,1,0
1.153003600,0,0
1.153008700,1,0
1.153013800,0,0
1.153018900,1,0
1.153024000,0,0
1.153029100,1,0
1.153034200,0,0
1.153039300,1,0
1.153044300,0,0
1.153044700,0,1
1.153049500,1,1
1.153054500,0,1
1.153059700,1,1
1.153064700,0,1
1.153064900,0,0
1.153069900,1,0
1.153074900,0,0
1.153080000,1,0
1.153085100,0,0
1.153085500,0,1
1.153090200,1,1
1.153095300,0,1
1.153095500,0,0
1.153100400,1,0
1.153105400,0,0
1.153110600,1,0
1.153115600,0,0
1.153120800,1,0
1.153125800,0,0
1.153131000,1,0
1.153136000,0,0
1.153141200,1,0
1.153146200,0,0
1.153151300,1,0
1.153156400,0,0
1.153161500,1,0
1.153166600,0,0
1.153171700,1,0
1.153176700,0,0
1.153181900,1,0
1.153186900,0,0
1.153192100,1,0
1.153197100,0,0
1.153202300,1,0
1.153207300,0,0
1.153212500,1,0
1.153217500,0,0
1.153222600,1,0
1.153227700,0,0
1.153232800,1,0
1.153237900,0,0
1.153238300,0,1
1.153243000,1,1
1.153248000,0,1
1.153248300,0,0
1.153253200,1,0
1.153258200,0,0
1.153258700,0,1
1.153263400,1,1
1.153268400,0,1
1.153268600,0,0
1.153273600,1,0
1.153278600,0,0
1.153279000,0,1
1.153283700,1,1
1.153288800,0,1
1.153289000,0,0
1.153293900,1,0
1.153299000,0,0
1.153304100,1,0
1.153309100,0,0
1.153314300,1,0
1.153319300,0,0
1.153324500,1,0
1.153329500,0,0
1.153330000,0,1
1.153334700,1,1
1.153339700,0,1
1.153340000,0,0
1.153344900,1,0
1.153349900,0,0
1.153355000,1,0
1.153360100,0,0
1.153360600,0,1
1.153365200,1,1
1.153370300,0,1
1.153375400,1,1
1.153380400,0,1
1.153380800,0,0
1.153385600,1,0
1.153390600,0,0
1.153395800,1,0
1.153400800,0,0
1.153406000,1,0
1.153411000,0,0
1.153416200,1,0
1.153421200,0,0
1.153426300,1,0
1.153431400,0,0
1.153436500,1,0
1.153441600,0,0
1.153446700,1,0
1.153451700,0,0
1.153456900,1,0
1.153461900,0,0
1.153467100,1,0
1.153472100,0,0
1.153477300,1,0
1.153482300,0,0
1.153487400,1,0
1.153492500,0,0
1.153497600,1,0
1.153502700,0,0
1.153507800,1,0
1.153512900,0,0
1.153518000,1,0
1.153523000,0,0
1.153528200,1,0
1.153533200,0,0
1.153538400,1,0
1.153543400,0,0
1.153548600,1,0
1.153553600,0,0
1.153558700,1,0
1.153563800,0,0
1.153568900,1,0
1.153574000,0,0
1.153579100,1,0
1.153584100,0,0
1.153589300,1,0
1.153594300,0,0
1.153599500,1,0
1.153604500,0,0
1.153609700,1,0
1.153614700,0,0
1.153619900,1,0
1.153624900,0,0
1.153630000,1,0
1.153635100,0,0
1.153640200,1,0
1.153645300,0,0
1.153650400,1,0
1.153655400,0,0
1.153660600,1,0
1.153665600,0,0
1.153670800,1,0
1.153675800,0,0
1.153681000,1,0
1.153686000,0,0
1.153691200,1,0
1.153696200,0,0
1.153701300,1,0
1.153706400,0,0
1.153711500,1,0
1.153716600,0,0
1.153721700,1,0
1.153726700,0,0
1.153731900,1,0
1.153736900,0,0
1.153742100,1,0
1.153747100,0,0
1.153752300,1,0
1.153757300,0,0
1.153762400,1,0
1.153767500,0,0
1.153772600,1,0
1.153777700,0,0
1.153782800,1,0
1.153787800,0,0
1.153793000,1,0
1.153798000,0,0
1.153803200,1,0
1.153808200,0,0
1.153813400,1,0
1.153818400,0,0
1.153823600,1,0
1.153828600,0,0
1.153833700,1,0
1.153838800,0,0
1.153843900,1,0
1.153849000,0,0
1.153849500,0,1
1.155282000,0,0
1.155286100,1,0
1.155291100,0,0
1.155296300,1,0
1.155301300,0,0
1.155306500,1,0
1.155311500,0,0
1.155316700,1,0
1.155321700,0,0
1.155326800,1,0
1.155331900,0,0
1.155337000,1,0
1.155342100,0,0
1.155347200,1,0
1.155352200,0,0
1.155357400,1,0
1.155362400,0,0
1.155367600,1,0
1.155372600,0,0
1.155377800,1,0
1.155382800,0,0
1.155388000,1,0
1.155393000,0,0
1.155398100,1,0
1.155403200,0,0
1.155408300,1,0
1.155413400,0,0
1.155418500,1,0
1.155423500,0,0
1.155428700,1,0
1.155433700,0,0
1.155438900,1,0
1.155443900,0,0
1.155449100,1,0
1.155454100,0,0
1.155459200,1,0
1.155464300,0,0
1.155469400,1,0
1.155474500,0,0
1.155479600,1,0
1.155484700,0,0
1.155489800,1,0
1.155494800,0,0
1.155500000,1,0
1.155505000,0,0
1.155510200,1,0
1.155515200,0,0
1.155520400,1,0
1.155525400,0,0
1.155530500,1,0
1.155535600,0,0
1.155540700,1,0
1.155545800,0,0
1.155550900,1,0
1.155555900,0,0
1.155561100,1,0
1.155566100,0,0
1.155571300,1,0
1.155576300,0,0
1.155581500,1,0
1.155586500,0,0
1.155591700,1,0
1.155596700,0,0
1.155601800,1,0
1.155606900,0,0
1.155612000,1,0
1.155617100,0,0
1.155622200,1,0
1.155627200,0,0
1.155632400,1,0
1.155637400,0,0
1.155642600,1,0
1.155647600,0,0
1.155652800,1,0
1.155657800,0,0
1.155663000,1,0
1.155668000,0,0
1.155673100,1,0
1.155678200,0,0
1.155683300,1,0
1.155688400,0,0
1.155693500,1,0
1.155698500,0,0
1.155703700,1,0
1.155708700,0,0
1.155713900,1,0
1.155718900,0,0
1.155724100,1,0
1.155729100,0,0
1.155734200,1,0
1.155739300,0,0
1.155744400,1,0
1.155749500,0,0
1.155754600,1,0
1.155759600,0,0
1.155764800,1,0
1.155769800,0,0
1.155775000,1,0
1.155780000,0,0
1.155785200,1,0
1.155790200,0,0
1.155795400,1,0
1.155800400,0,0
1.155805500,1,0
1.155810600,0,0
1.155815700,1,0
1.155820800,0,0
1.155825900,1,0
1.155830900,0,0
1.155836100,1,0
1.155841100,0,0
1.155846300,1,0
1.155851300,0,0
1.155856500,1,0
1.155861500,0,0
1.155866700,1,0
1.155871700,0,0
1.155876800,1,0
1.155881900,0,0
1.155887000,1,0
1.155892100,0,0
1.155897200,1,0
1.155902200,0,0
1.155907400,1,0
1.155912400,0,0
1.155917600,1,0
1.155922600,0,0
1.155927800,1,0
1.155932800,0,0
1.155938000,1,0
1.155943000,0,0
1.155948100,1,0
1.155953200,0,0
1.155958300,1,0
1.155963400,0,0
1.155968500,1,0
1.155973500,0,0
1.155978700,1,0
1.155983700,0,0
1.155988900,1,0
1.155993900,0,0
1.155999100,1,0
1.156004100,0,0
1.156009200,1,0
1.156014300,0,0
1.156019400,1,0
1.156024500,0,0
1.156029600,1,0
1.156034600,0,0
1.156039800,1,0
1.156044800,0,0
1.156050000,1,0
1.156055000,0,0
1.156060200,1,0
1.156065200,0,0
1.156070400,1,0
1.156075400,0,0
1.156080500,1,0
1.156085600,0,0
1.156090700,1,0
1.156095800,0,0
1.156100900,1,0
1.156105900,0,0
1.156111100,1,0
1.156116100,0,0
1.156121300,1,0
1.156126300,0,0
1.156131500,1,0
1.156136500,0,0
1.156141700,1,0
1.156146700,0,0
1.156151800,1,0
1.156156900,0,0
1.156162000,1,0
1.156167100,0,0
1.156172200,1,0
1.156177200,0,0
1.156182400,1,0
1.156187400,0,0
1.156192600,1,0
1.156197600,0,0
1.156202800,1,0
1.156207800,0,0
1.156212900,1,0
1.156218000,0,0
1.156223100,1,0
1.156228200,0,0
1.156233300,1,0
1.156238400,0,0
1.156243500,1,0
1.156248500,0,0
1.156253700,1,0
1.156258700,0,0
1.156263900,1,0
1.156268900,0,0
1.156274100,1,0
1.156279100,0,0
1.156284200,1,0
1.156289300,0,0
1.156294400,1,0
1.156299500,0,0
1.156304600,1,0
1.156309600,0,0
1.156314800,1,0
1.156319800,0,0
1.156325000,1,0
1.156330000,0,0
1.156335200,1,0
1.156340200,0,0
1.156345400,1,0
1.156350400,0,0
1.156355500,1,0
1.156360600,0,0
1.156365700,1,0
1.156370800,0,0
1.156375900,1,0
1.156380900,0,0
1.156386100,1,0
1.156391100,0,0
1.156396300,1,0
1.156401300,0,0
1.156406500,1,0
1.156411500,0,0
1.156416600,1,0
1.156421700,0,0
1.156426800,1,0
1.156431900,0,0
1.156437000,1,0
1.156442100,0,0
1.156447200,1,0
1.156452200,0,0
1.156457400,1,0
1.156462400,0,0
1.156467600,1,0
1.156472600,0,0
1.156477800,1,0
1.156482800,0,0
1.156487900,1,0
1.156493000,0,0
1.156498100,1,0
1.156503200,0,0
1.156508300,1,0
1.156513300,0,0
1.156518500,1,0
1.156523500,0,0
1.156528700,1,0
1.156533700,0,0
1.156538900,1,0
1.156543900,0,0
1.156549100,1,0
1.156554100,0,0
1.156559200,1,0
1.156564300,0,0
1.156569400,1,0
1.156574500,0,0
1.156579600,1,0
1.156584600,0,0
1.156589800,1,0
1.156594800,0,0
1.156600000,1,0
1.156605000,0,0
1.156610200,1,0
1.156615200,0,0
1.156620400,1,0
1.156625400,0,0
1.156630500,1,0
1.156635600,0,0
1.156640700,1,0
1.156645800,0,0
1.156650900,1,0
1.156655900,0,0
1.156661100,1,0
1.156666100,0,0
1.156671300,1,0
1.156676300,0,0
1.156681500,1,0
1.156686500,0,0
1.156691600,1,0
1.156696700,0,0
1.156701800,1,0
1.156706900,0,0
1.156712000,1,0
1.156717100,0,0
1.156722200,1,0
1.156727200,0,0
1.156732400,1,0
1.156737400,0,0
1.156742600,1,0
1.156747600,0,0
1.156748100,0,1
1.158199600,0,0
1.158203800,1,0
1.158208800,0,0
1.158214000,1,0
1.158219000,0,0
1.158219400,0,1
1.158224100,1,1
1.158229200,0,1
1.158234300,1,1
1.158239300,0,1
1.158239600,0,0
1.158244500,1,0
1.158249500,0,0
1.158249900,0,1
1.158254700,1,1
1.158259700,0,1
1.158264900,1,1
1.158269900,0,1
1.158275000,1,1
1.158280100,0,1
1.158280400,0,0
1.158285200,1,0
1.158290300,0,0
1.158295400,1,0
1.158300400,0,0
1.158303700,0,1
1.158305600,1,1
1.158310600,0,1
1.158310800,0,0
1.158315800,1,0
1.158320800,0,0
1.158326000,1,0
1.158331000,0,0
1.158336200,1,0
1.158341200,0,0
1.158341600,0,1
1.158346300,1,1
1.158351400,0,1
1.158351600,0,0
1.158356500,1,0
1.158361600,0,0
1.158366700,1,0
1.158371700,0,0
1.158376900,1,0
1.158381900,0,0
1.158387100,1,0
1.158392100,0,0
1.158397300,1,0
1.158402300,0,0
1.158407500,1,0
1.158412500,0,0
1.158417600,1,0
1.158422700,0,0
1.158427800,1,0
1.158432900,0,0
1.158438000,1,0
1.158443000,0,0
1.158448200,1,0
1.158453200,0,0
1.158453600,0,1
1.158458400,1,1
1.158463400,0,1
1.158463600,0,0
1.158468600,1,0
1.158473600,0,0
1.158478700,1,0
1.158483800,0,0
1.158488900,1,0
1.158494000,0,0
1.158499100,1,0
1.158504100,0,0
1.158509300,1,0
1.158514300,0,0
1.158519500,1,0
1.158524500,0,0
1.158529700,1,0
1.158534700,0,0
1.158539900,1,0
1.158544900,0,0
1.158550000,1,0
1.158555100,0,0
1.158555500,0,1
1.158560200,1,1
1.158565300,0,1
1.158566300,0,0
1.158570400,1,0
1.158575400,0,0
1.158578600,0,1
1.158580600,1,1
1.158585600,0,1
1.158590800,1,1
1.158595800,0,1
1.158596100,0,0
1.158601000,1,0
1.158606000,0,0
1.158606400,0,1
1.158611200,1,1
1.158616200,0,1
1.158621300,1,1
1.158626400,0,1
1.158631500,1,1
1.158636600,0,1
1.158636800,0,0
1.158641700,1,0
1.158646700,0,0
1.158647200,0,1
1.158651900,1,1
1.158656900,0,1
1.158657900,0,0
1.158662100,1,0
1.158667100,0,0
1.158672300,1,0
1.158677300,0,0
1.158682400,1,0
1.158687500,0,0
1.158692600,1,0
1.158697700,0,0
1.158702800,1,0
1.158707900,0,0
1.158713000,1,0
1.158718000,0,0
1.158723200,1,0
1.158728200,0,0
1.158733400,1,0
1.158738400,0,0
1.158743600,1,0
1.158748600,0,0
1.158753700,1,0
1.158758800,0,0
1.158763900,1,0
1.158769000,0,0
1.158774100,1,0
1.158779100,0,0
1.158784300,1,0
1.158789300,0,0
1.158794500,1,0
1.158799500,0,0
1.158804700,1,0
1.158809700,0,0
1.158814900,1,0
1.158819900,0,0
1.158825000,1,0
1.158830100,0,0
1.158835200,1,0
1.158840300,0,0
1.158845400,1,0
1.158850400,0,0
1.158855600,1,0
1.158860600,0,0
1.158861100,0,1
1.158865800,1,1
1.158870800,0,1
1.158876000,1,1
1.158881000,0,1
1.158881300,0,0
1.158886200,1,0
1.158891200,0,0
1.158896300,1,0
1.158901400,0,0
1.158901700,0,1
1.158906500,1,1
1.158911600,0,1
1.158911700,0,0
1.158916700,1,0
1.158921700,0,0
1.158926900,1,0
1.158931900,0,0
1.158932300,0,1
1.160993100,1,1
1.160998100,0,1
1.160999100,0,0
1.161003300,1,0
1.161009500,1,1
1.162194300,1,0
1.162200300,0,0
1.162205400,1,0
1.162210500,0,0
1.162211700,0,1
1.162215600,1,1
1.162220600,0,1
1.162225800,1,1
1.162230800,0,1
1.162231800,0,0
1.162236000,1,0
1.162241000,0,0
1.162242200,0,1
1.162246200,1,1
1.162251200,0,1
1.162256300,1,1
1.162261400,0,1
1.162266500,1,1
1.162271600,0,1
1.162272600,0,0
1.162276700,1,0
1.162281800,0,0
1.162286900,1,0
1.162291900,0,0
1.162292300,0,1
1.163256900,0,0
1.163261100,1,0
1.163266100,0,0
1.163267300,0,1
1.163271300,1,1
1.163276300,0,1
1.163277300,0,0
1.163281500,1,0
1.163286500,0,0
1.163287700,0,1
1.163291600,1,1
1.163296700,0,1
1.163297700,0,0
1.163301800,1,0
1.163306900,0,0
1.163312000,1,0
1.163317000,0,0
1.163322200,1,0
1.163327200,0,0
1.163328400,0,1
1.163332400,1,1
1.163337400,0,1
1.163337700,0,0
1.163342600,1,0
1.163347600,0,0
1.163348100,0,1
1.163352800,1,1
1.163357800,0,1
1.163358800,0,0
1.163362900,1,0
1.163368000,0,0
1.163373100,1,0
1.163378200,0,0
1.163383300,1,0
1.163388300,0,0
1.163393500,1,0
1.163398500,0,0
1.163403700,1,0
1.163408700,0,0
1.163409900,0,1
1.163413900,1,1
1.163418900,0,1
1.163419900,0,0
1.163424000,1,0
1.163429100,0,0
1.163434200,1,0
1.163439300,0,0
1.163444400,1,0
1.163449400,0,0
1.163454600,1,0
1.163459600,0,0
1.163464800,1,0
1.163469800,0,0
1.163475000,1,0
1.163480000,0,0
1.163485200,1,0
1.163490200,0,0
1.163495300,1,0
1.163500400,0,0
1.163505500,1,0
1.163510600,0,0
1.163511800,0,1
1.163515700,1,1
1.163520700,0,1
1.163520900,0,0
1.163525900,1,0
1.163530900,0,0
1.163531300,0,1
1.163536100,1,1
1.163541100,0,1
1.163546300,1,1
1.163551300,0,1
1.163552300,0,0
1.163556500,1,0
1.163561500,0,0
1.163562700,0,1
1.163566600,1,1
1.163571700,0,1
1.163576800,1,1
1.163581900,0,1
1.163587000,1,1
1.163592000,0,1
1.163597200,1,1
1.163602200,0,1
1.163607400,1,1
1.163612400,0,1
1.163612700,0,0
1.163617600,1,0
1.163622600,0,0
1.163627800,1,0
1.163632800,0,0
1.163634000,0,1
1.163637900,1,1
1.163643000,0,1
1.163648100,1,1
1.163653200,0,1
1.163654200,0,0
1.163658300,1,0
1.163663300,0,0
1.163668500,1,0
1.163673500,0,0
1.163678700,1,0
1.163683700,0,0
1.163684900,0,1
1.163688900,1,1
1.163693900,0,1
1.163699000,1,1
1.163704100,0,1
1.163704400,0,0
1.163709200,1,0
1.163714300,0,0
1.163714700,0,1
1.166035200,0,0
1.166039400,1,0
1.166045600,1,1
1.167063400,1,0
1.167069400,0,0
1.167074500,1,0
1.167079600,0,0
1.167080800,0,1
1.167084800,1,1
1.167089800,0,1
1.167094900,1,1
1.167100000,0,1
1.167101000,0,0
1.167105100,1,0
1.167110200,0,0
1.167111300,0,1
1.167115300,1,1
1.167120400,0,1
1.167125500,1,1
1.167130500,0,1
1.167135700,1,1
1.167140700,0,1
1.167145900,1,1
1.167150900,0,1
1.167151100,0,0
1.167156100,1,0
1.167161100,0,0
1.168070300,1,0
1.168075300,0,0
1.168080400,1,0
1.168085500,0,0
1.168090600,1,0
1.168095600,0,0
1.168100800,1,0
1.168105800,0,0
1.168111000,1,0
1.168116000,0,0
1.168121200,1,0
1.168126200,0,0
1.168131300,1,0
1.168136400,0,0
1.168141500,1,0
1.168146600,0,0
1.168151700,1,0
1.168156800,0,0
1.168160000,0,1
1.168161900,1,1
1.168166900,0,1
1.168167200,0,0
1.168172100,1,0
1.168177100,0,0
1.168182300,1,0
1.168187300,0,0
1.168192500,1,0
1.168197500,0,0
1.168198000,0,1
1.168202600,1,1
1.168207700,0,1
1.168208000,0,0
1.168212800,1,0
1.168217900,0,0
1.168223000,1,0
1.168228000,0,0
1.168233200,1,0
1.168238200,0,0
1.168243400,1,0
1.168248400,0,0
1.168253600,1,0
1.168258600,0,0
1.168263800,1,0
1.168268800,0,0
1.168273900,1,0
1.168279000,0,0
1.168284100,1,0
1.168289200,0,0
1.168294300,1,0
1.168299300,0,0
1.168304500,1,0
1.168309500,0,0
1.168310000,0,1
1.168314700,1,1
1.168319700,0,1
1.168320000,0,0
1.168324900,1,0
1.168329900,0,0
1.168335100,1,0
1.168340100,0,0
1.168345200,1,0
1.168350300,0,0
1.168355400,1,0
1.168360500,0,0
1.168365600,1,0
1.168370600,0,0
1.168375800,1,0
1.168380800,0,0
1.168386000,1,0
1.168391000,0,0
1.168396200,1,0
1.168401200,0,0
1.168406300,1,0
1.168411400,0,0
1.168416500,1,0
1.168421600,0,0
1.168426700,1,0
1.168431700,0,0
1.168435000,0,1
1.168436900,1,1
1.168441900,0,1
1.168447100,1,1
1.168452100,0,1
1.168452400,0,0
1.168457300,1,0
1.168462300,0,0
1.168462800,0,1
1.168467500,1,1
1.168472500,0,1
1.168477600,1,1
1.168482700,0,1
1.168487800,1,1
1.168492900,0,1
1.168498000,1,1
1.168503000,0,1
1.168508200,1,1
1.168513200,0,1
1.168514200,0,0
1.168518400,1,0
1.168523400,0,0
1.168528600,1,0
1.168533600,0,0
1.168538800,1,0
1.168543800,0,0
1.168548900,1,0
1.168554000,0,0
1.168559100,1,0
1.168564200,0,0
1.168569300,1,0
1.168574300,0,0
1.168579500,1,0
1.168584500,0,0
1.168589700,1,0
1.168594700,0,0
1.168599900,1,0
1.168604900,0,0
1.168610000,1,0
1.168615100,0,0
1.168618300,0,1
1.168620200,1,1
1.168625300,0,1
1.168630400,1,1
1.168635500,0,1
1.168640600,1,1
1.168645600,0,1
1.168650800,1,1
1.168655800,0,1
1.168661000,1,1
1.168666000,0,1
1.168671200,1,1
1.168676200,0,1
1.168681300,1,1
1.168686400,0,1
1.168691500,1,1
1.168696600,0,1
1.168697600,0,0
1.168701700,1,0
1.168706700,0,0
1.168709900,0,1
1.168711900,1,1
1.168716900,0,1
1.168722100,1,1
1.168727100,0,1
1.168732300,1,1
1.168737300,0,1
1.168742500,1,1
1.168747500,0,1
1.168752600,1,1
1.168757700,0,1
1.168762800,1,1
1.168767900,0,1
1.168773000,1,1
1.168778000,0,1
1.168783200,1,1
1.168788200,0,1
1.168789200,0,0
1.168793400,1,0
1.168798400,0,0
1.168803600,1,0
1.168808600,0,0
1.168813800,1,0
1.168818800,0,0
1.168823900,1,0
1.168829000,0,0
1.168834100,1,0
1.168839200,0,0
1.168844300,1,0
1.168849300,0,0
1.168854500,1,0
1.168859500,0,0
1.168859900,0,1
1.168864700,1,1
1.168869700,0,1
1.168869900,0,0
1.168874900,1,0
1.168879900,0,0
1.168885000,1,0
1.168890100,0,0
1.168895200,1,0
1.168900300,0,0
1.168905400,1,0
1.168910400,0,0
1.168915600,1,0
1.168920600,0,0
1.168925800,1,0
1.168930800,0,0
1.168936000,1,0
1.168941000,0,0
1.168946200,1,0
1.168951200,0,0
1.168951700,0,1
1.168956300,1,1
1.168961400,0,1
1.168961600,0,0
1.168966500,1,0
1.168971600,0,0
1.168976700,1,0
1.168981700,0,0
1.168986900,1,0
1.168991900,0,0
1.168992400,0,1
1.168997100,1,1
1.169002100,0,1
1.169007300,1,1
1.169012300,0,1
1.169012500,0,0
1.169017500,1,0
1.169022500,0,0
1.169022900,0,1
1.169027600,1,1
1.169032700,0,1
1.169032900,0,0
1.169037800,1,0
1.169042900,0,0
1.169043300,0,1
1.169048000,1,1
1.169053000,0,1
1.169058200,1,1
1.169063200,0,1
1.169064200,0,0
1.169068400,1,0
1.169073400,0,0
1.169078600,1,0
1.169083600,0,0
1.169088700,1,0
1.169093800,0,0
1.169098900,1,0
1.169104000,0,0
1.169109100,1,0
1.169114200,0,0
1.169119300,1,0
1.169124300,0,0
1.169129500,1,0
1.169134500,0,0
1.169139700,1,0
1.169144700,0,0
1.169149900,1,0
1.169154900,0,0
1.169160000,1,0
1.169165100,0,0
1.169170200,1,0
1.169175300,0,0
1.169180400,1,0
1.169185400,0,0
1.169190600,1,0
1.169195600,0,0
1.169200800,1,0
1.169205800,0,0
1.169211000,1,0
1.169216000,0,0
1.169221200,1,0
1.169226200,0,0
1.169231300,1,0
1.169236400,0,0
1.169241500,1,0
1.169246600,0,0
1.169251700,1,0
1.169256700,0,0
1.169261900,1,0
1.169266900,0,0
1.169272100,1,0
1.169277100,0,0
1.169282300,1,0
1.169287300,0,0
1.169292500,1,0
1.169297500,0,0
1.169302600,1,0
1.169307700,0,0
1.169312800,1,0
1.169317900,0,0
1.169323000,1,0
1.169328000,0,0
1.169333200,1,0
1.169338200,0,0
1.169343400,1,0
1.169348400,0,0
1.169353600,1,0
1.169358600,0,0
1.169363700,1,0
1.169368800,0,0
1.169373900,1,0
1.169379000,0,0
1.169384100,1,0
1.169389200,0,0
1.169394300,1,0
1.169399300,0,0
1.169404500,1,0
1.169409500,0,0
1.169414700,1,0
1.169419700,0,0
1.169424900,1,0
1.169429900,0,0
1.169435000,1,0
1.169440100,0,0
1.169445200,1,0
1.169450300,0,0
1.169455400,1,0
1.169460400,0,0
1.169465600,1,0
1.169470600,0,0
1.169475800,1,0
1.169480800,0,0
1.169486000,1,0
1.169491000,0,0
1.169496200,1,0
1.169501200,0,0
1.169506300,1,0
1.169511400,0,0
1.169516500,1,0
1.169521600,0,0
1.169522000,0,1
1.170972500,0,0
1.170976700,1,0
1.170981700,0,0
1.170986900,1,0
1.170991900,0,0
1.170997100,1,0
1.171002100,0,0
1.171007300,1,0
1.171012300,0,0
1.171017400,1,0
1.171022500,0,0
1.171027600,1,0
1.171032700,0,0
1.171037800,1,0
1.171042800,0,0
1.171048000,1,0
1.171053000,0,0
1.171058200,1,0
1.171063200,0,0
1.171068400,1,0
1.171073400,0,0
1.171078600,1,0
1.171083600,0,0
1.171088700,1,0
1.171093800,0,0
1.171098900,1,0
1.171104000,0,0
1.171109100,1,0
1.171114100,0,0
1.171119300,1,0
1.171124300,0,0
1.171129500,1,0
1.171134500,0,0
1.171139700,1,0
1.171144700,0,0
1.171149800,1,0
1.171154900,0,0
1.171160000,1,0
1.171165100,0,0
1.171170200,1,0
1.171175200,0,0
1.171180400,1,0
1.171185400,0,0
1.171190600,1,0
1.171195600,0,0
1.171200800,1,0
1.171205800,0,0
1.171211000,1,0
1.171216000,0,0
1.171221100,1,0
1.171226200,0,0
1.171231300,1,0
1.171236400,0,0
1.171241500,1,0
1.171246500,0,0
1.171251700,1,0
1.171256700,0,0
1.171261900,1,0
1.171266900,0,0
1.171272100,1,0
1.171277100,0,0
1.171282300,1,0
1.171287300,0,0
1.171292400,1,0
1.171297500,0,0
1.171302600,1,0
1.171307700,0,0
1.171312800,1,0
1.171317800,0,0
1.171323000,1,0
1.171328000,0,0
1.171333200,1,0
1.171338200,0,0
1.171343400,1,0
1.171348400,0,0
1.171353500,1,0
1.171358600,0,0
1.171363700,1,0
1.171368800,0,0
1.171373900,1,0
1.171379000,0,0
1.171384100,1,0
1.171389100,0,0
1.171394300,1,0
1.171399300,0,0
1.171404500,1,0
1.171409500,0,0
1.171414700,1,0
1.171419700,0,0
1.171424800,1,0
1.171429900,0,0
1.171435000,1,0
1.171440100,0,0
1.171445200,1,0
1.171450200,0,0
1.171455400,1,0
1.171460400,0,0
1.171465600,1,0
1.171470600,0,0
1.171475800,1,0
1.171480800,0,0
1.171486000,1,0
1.171491000,0,0
1.171496100,1,0
1.171501200,0,0
1.171506300,1,0
1.171511400,0,0
1.171516500,1,0
1.171521500,0,0
1.171526700,1,0
1.171531700,0,0
1.171536900,1,0
1.171541900,0,0
1.171547100,1,0
1.171552100,0,0
1.171557300,1,0
1.171562300,0,0
1.171567400,1,0
1.171572500,0,0
1.171577600,1,0
1.171582700,0,0
1.171587800,1,0
1.171592800,0,0
1.171598000,1,0
1.171603000,0,0
1.171608200,1,0
1.171613200,0,0
1.171618400,1,0
1.171623400,0,0
1.171628500,1,0
1.171633600,0,0
1.171638700,1,0
1.171643800,0,0
1.171648900,1,0
1.171653900,0,0
1.171659100,1,0
1.171664100,0,0
1.171669300,1,0
1.171674300,0,0
1.171679500,1,0
1.171684500,0,0
1.171689700,1,0
1.171694700,0,0
1.171699800,1,0
1.171704900,0,0
1.171710000,1,0
1.171715100,0,0
1.171720200,1,0
1.171725200,0,0
1.171730400,1,0
1.171735400,0,0
1.171740600,1,0
1.171745600,0,0
1.171750800,1,0
1.171755800,0,0
1.171761000,1,0
1.171766000,0,0
1.171771100,1,0
1.171776200,0,0
1.171781300,1,0
1.171786400,0,0
1.171791500,1,0
1.171796500,0,0
1.171801700,1,0
1.171806700,0,0
1.171811900,1,0
1.171816900,0,0
1.171822100,1,0
1.171827100,0,0
1.171832200,1,0
1.171837300,0,0
1.171842400,1,0
1.171847500,0,0
1.171852600,1,0
1.171857700,0,0
1.171862800,1,0
1.171867800,0,0
1.171873000,1,0
1.171878000,0,0
1.171883200,1,0
1.171888200,0,0
1.171893400,1,0
1.171898400,0,0
1.171903500,1,0
1.171908600,0,0
1.171913700,1,0
1.171918800,0,0
1.171923900,1,0
1.171928900,0,0
1.171934100,1,0
1.171939100,0,0
1.171944300,1,0
1.171949300,0,0
1.171954500,1,0
1.171959500,0,0
1.171964700,1,0
1.171969700,0,0
1.171974800,1,0
1.171979900,0,0
1.171985000,1,0
1.171990100,0,0
1.171995200,1,0
1.172000200,0,0
1.172005400,1,0
1.172010400,0,0
1.172015600,1,0
1.172020600,0,0
1.172025800,1,0
1.172030800,0,0
1.172036000,1,0
1.172041000,0,0
1.172046100,1,0
1.172051200,0,0
1.172056300,1,0
1.172061400,0,0
1.172066500,1,0
1.172071500,0,0
1.172076700,1,0
1.172081700,0,0
1.172086900,1,0
1.172091900,0,0
1.172097100,1,0
1.172102100,0,0
1.172107200,1,0
1.172112300,0,0
1.172117400,1,0
1.172122500,0,0
1.172127600,1,0
1.172132700,0,0
1.172137800,1,0
1.172142800,0,0
1.172148000,1,0
1.172153000,0,0
1.172158200,1,0
1.172163200,0,0
1.172168400,1,0
1.172173400,0,0
1.172178500,1,0
1.172183600,0,0
1.172188700,1,0
1.172193800,0,0
1.172198900,1,0
1.172203900,0,0
1.172209100,1,0
1.172214100,0,0
1.172219300,1,0
1.172224300,0,0
1.172229500,1,0
1.172234500,0,0
1.172239700,1,0
1.172244700,0,0
1.172249800,1,0
1.172254900,0,0
1.172260000,1,0
1.172265100,0,0
1.172270200,1,0
1.172275200,0,0
1.172280400,1,0
1.172285400,0,0
1.172290600,1,0
1.172295600,0,0
1.172300800,1,0
1.172305800,0,0
1.172310900,1,0
1.172316000,0,0
1.172321100,1,0
1.172326200,0,0
1.172331300,1,0
1.172336400,0,0
1.172341500,1,0
1.172346500,0,0
1.172351700,1,0
1.172356700,0,0
1.172361900,1,0
1.172366900,0,0
1.172372100,1,0
1.172377100,0,0
1.172382200,1,0
1.172387300,0,0
1.172392400,1,0
1.172397500,0,0
1.172402600,1,0
1.172407600,0,0
1.172412800,1,0
1.172417800,0,0
1.172423000,1,0
1.172428000,0,0
1.172433200,1,0
1.172438200,0,0
1.172438700,0,1
1.173836200,0,0
1.173840400,1,0
1.173845400,0,0
1.173850500,1,0
1.173855600,0,0
1.173856000,0,1
1.173860700,1,1
1.173865700,0,1
1.173870900,1,1
1.173875900,0,1
1.173876100,0,0
1.173881100,1,0
1.173886100,0,0
1.173886500,0,1
1.173891300,1,1
1.173896300,0,1
1.173901500,1,1
1.173906500,0,1
1.173911600,1,1
1.173916700,0,1
1.173916900,0,0
1.173921800,1,0
1.173926900,0,0
1.173932000,1,0
1.173937000,0,0
1.173940200,0,1
1.173942200,1,1
1.173947200,0,1
1.173947500,0,0
1.173952400,1,0
1.173957400,0,0
1.173962600,1,0
1.173967600,0,0
1.173972800,1,0
1.173977800,0,0
1.173978300,0,1
1.173982900,1,1
1.173988000,0,1
1.173988300,0,0
1.173993100,1,0
1.173998200,0,0
1.174003300,1,0
1.174008300,0,0
1.174013500,1,0
1.174018500,0,0
1.174023700,1,0
1.174028700,0,0
1.174033900,1,0
1.174038900,0,0
1.174044000,1,0
1.174049100,0,0
1.174054200,1,0
1.174059300,0,0
1.174064400,1,0
1.174069500,0,0
1.174074600,1,0
1.174079600,0,0
1.174084800,1,0
1.174089800,0,0
1.174090300,0,1
1.174095000,1,1
1.174100000,0,1
1.174100300,0,0
1.174105200,1,0
1.174110200,0,0
1.174115300,1,0
1.174120400,0,0
1.174125500,1,0
1.174130600,0,0
1.174135700,1,0
1.174140700,0,0
1.174145900,1,0
1.174150900,0,0
1.174156100,1,0
1.174161100,0,0
1.174166300,1,0
1.174171300,0,0
1.174176500,1,0
1.174181500,0,0
1.174186600,1,0
1.174191700,0,0
1.174196800,1,0
1.174201900,0,0
1.174207000,1,0
1.174212000,0,0
1.174215300,0,1
1.174217200,1,1
1.174222200,0,1
1.174227400,1,1
1.174232400,0,1
1.174232600,0,0
1.174237600,1,0
1.174242600,0,0
1.174243000,0,1
1.174247700,1,1
1.174252800,0,1
1.174257900,1,1
1.174263000,0,1
1.174268100,1,1
1.174273200,0,1
1.174278300,1,1
1.174283300,0,1
1.174288500,1,1
1.174293500,0,1
1.174294500,0,0
1.174298700,1,0
1.174303700,0,0
1.174308900,1,0
1.174313900,0,0
1.174319000,1,0
1.174324100,0,0
1.174329200,1,0
1.174334300,0,0
1.174339400,1,0
1.174344400,0,0
1.174349600,1,0
1.174354600,0,0
1.174359800,1,0
1.174364800,0,0
1.174370000,1,0
1.174375000,0,0
1.174380200,1,0
1.174385200,0,0
1.174390300,1,0
1.174395400,0,0
1.174398600,0,1
1.174400500,1,1
1.174405600,0,1
1.174410700,1,1
1.174415700,0,1
1.174420900,1,1
1.174425900,0,1
1.174431100,1,1
1.174436100,0,1
1.174441300,1,1
1.174446300,0,1
1.174451500,1,1
1.174456500,0,1
1.174461600,1,1
1.174466700,0,1
1.174471800,1,1
1.174476900,0,1
1.174477900,0,0
1.174482000,1,0
1.174487000,0,0
1.174490200,0,1
1.174492200,1,1
1.174497200,0,1
1.174502400,1,1
1.174507400,0,1
1.174512600,1,1
1.174517600,0,1
1.174522700,1,1
1.174527800,0,1
1.174532900,1,1
1.174538000,0,1
1.174543100,1,1
1.174548200,0,1
1.174553300,1,1
1.174558300,0,1
1.174563500,1,1
1.174568500,0,1
1.176612700,1,1
1.176617700,0,1
1.176618700,0,0
1.176622900,1,0
1.176629100,1,1
1.177607900,1,0
1.177613900,0,0
1.177619000,1,0
1.177624100,0,0
1.177625300,0,1
1.177629200,1,1
1.177634200,0,1
1.177639400,1,1
1.177644400,0,1
1.177645400,0,0
1.177649600,1,0
1.177654600,0,0
1.177655800,0,1
1.177659800,1,1
1.177664800,0,1
1.177669900,1,1
1.177675000,0,1
1.177680100,1,1
1.177685200,0,1
1.177686200,0,0
1.177690300,1,0
1.177695400,0,0
1.177700500,1,0
1.177705500,0,0
1.177705900,0,1
1.178657500,0,0
1.178661700,1,0
1.178666700,0,0
1.178667900,0,1
1.178671900,1,1
1.178676900,0,1
1.178677900,0,0
1.178682100,1,0
1.178687100,0,0
1.178688300,0,1
1.178692200,1,1
1.178697300,0,1
1.178698300,0,0
1.178702400,1,0
1.178707500,0,0
1.178712600,1,0
1.178717600,0,0
1.178722800,1,0
1.178727800,0,0
1.178729000,0,1
1.178733000,1,1
1.178738000,0,1
1.178738300,0,0
1.178743200,1,0
1.178748200,0,0
1.178748700,0,1
1.178753400,1,1
1.178758400,0,1
1.178759400,0,0
1.178763500,1,0
1.178768600,0,0
1.178773700,1,0
1.178778800,0,0
1.178783900,1,0
1.178788900,0,0
1.178794100,1,0
1.178799100,0,0
1.178804300,1,0
1.178809300,0,0
1.178810500,0,1
1.178814500,1,1
1.178819500,0,1
1.178820500,0,0
1.178824600,1,0
1.178829700,0,0
1.178834800,1,0
1.178839900,0,0
1.178845000,1,0
1.178850000,0,0
1.178855200,1,0
1.178860200,0,0
1.178865400,1,0
1.178870400,0,0
1.178875600,1,0
1.178880600,0,0
1.178885800,1,0
1.178890800,0,0
1.178895900,1,0
1.178901000,0,0
1.178906100,1,0
1.178911200,0,0
1.178912400,0,1
1.178916300,1,1
1.178921300,0,1
1.178921600,0,0
1.178926500,1,0
1.178931500,0,0
1.178931900,0,1
1.178936700,1,1
1.178941700,0,1
1.178946900,1,1
1.178951900,0,1
1.178952900,0,0
1.178957100,1,0
1.178962100,0,0
1.178963300,0,1
1.178967200,1,1
1.178972300,0,1
1.178977400,1,1
1.178982500,0,1
1.178987600,1,1
1.178992600,0,1
1.178997800,1,1
1.179002800,0,1
1.179008000,1,1
1.179013000,0,1
1.179013200,0,0
1.179018200,1,0
1.179023200,0,0
1.179028300,1,0
1.179033400,0,0
1.179034600,0,1
1.179038500,1,1
1.179043600,0,1
1.179048700,1,1
1.179053800,0,1
1.179054800,0,0
1.179058900,1,0
1.179063900,0,0
1.179069100,1,0
1.179074100,0,0
1.179079300,1,0
1.179084300,0,0
1.179085500,0,1
1.179089500,1,1
1.179094500,0,1
1.179099600,1,1
1.179104700,0,1
1.179105000,0,0
1.179109800,1,0
1.179114900,0,0
1.179115300,0,1
1.181434800,0,0
1.181439000,1,0
1.181445200,1,1
1.184623000,1,0
1.184629000,0,0
1.184634100,1,0
1.184639200,0,0
1.184640400,0,1
1.184644300,1,1
1.184649400,0,1
1.184654500,1,1
1.184659600,0,1
1.184660600,0,0
1.184664700,1,0
1.184669800,0,0
1.184670900,0,1
1.184674900,1,1
1.184679900,0,1
1.184685100,1,1
1.184690100,0,1
1.184695300,1,1
1.184700300,0,1
1.184705500,1,1
1.184710500,0,1
1.184710700,0,0
1.184715600,1,0
1.184720700,0,0
1.185630900,1,0
1.185635800,0,0
1.185636300,0,1
1.185641000,1,1
1.185646000,0,1
1.185651200,1,1
1.185656200,0,1
1.185656500,0,0
1.185661400,1,0
1.185666400,0,0
1.185666900,0,1
1.185671600,1,1
1.185676600,0,1
1.185681700,1,1
1.185686800,0,1
1.185691900,1,1
1.185697000,0,1
1.185697100,0,0
1.185702100,1,0
1.185707200,0,0
1.185712300,1,0
1.185717300,0,0
1.185720500,0,1
1.185722500,1,1
1.185727500,0,1
1.185727700,0,0
1.185732700,1,0
1.185737700,0,0
1.185742900,1,0
1.185747900,0,0
1.185753000,1,0
1.185758100,0,0
1.185758500,0,1
1.185763200,1,1
1.185768300,0,1
1.185768500,0,0
1.185773400,1,0
1.185778400,0,0
1.185783600,1,0
1.185788600,0,0
1.185793800,1,0
1.185798800,0,0
1.185804000,1,0
1.185809000,0,0
1.185814200,1,0
1.185819200,0,0
1.185824300,1,0
1.185829400,0,0
1.185834500,1,0
1.185839600,0,0
1.185844700,1,0
1.185849700,0,0
1.185854900,1,0
1.185859900,0,0
1.185865100,1,0
1.185870100,0,0
1.185870600,0,1
1.185875300,1,1
1.185880300,0,1
1.185880500,0,0
1.185885400,1,0
1.185890500,0,0
1.185895600,1,0
1.185900700,0,0
1.185905800,1,0
1.185910900,0,0
1.185916000,1,0
1.185921000,0,0
1.185926200,1,0
1.185931200,0,0
1.185936400,1,0
1.185941400,0,0
1.185946600,1,0
1.185951600,0,0
1.185956700,1,0
1.185961800,0,0
1.185966900,1,0
1.185972000,0,0
1.185977100,1,0
1.185982100,0,0
1.185987300,1,0
1.185992300,0,0
1.185995500,0,1
1.185997500,1,1
1.186002500,0,1
1.186007700,1,1
1.186012700,0,1
1.186013000,0,0
1.186017900,1,0
1.186022900,0,0
1.186023300,0,1
1.186028000,1,1
1.186033100,0,1
1.186038200,1,1
1.186043300,0,1
1.186048400,1,1
1.186053400,0,1
1.186058600,1,1
1.186063600,0,1
1.186068800,1,1
1.186073800,0,1
1.186074800,0,0
1.186079000,1,0
1.186084000,0,0
1.186089200,1,0
1.186094200,0,0
1.186099300,1,0
1.186104400,0,0
1.186109500,1,0
1.186114600,0,0
1.186119700,1,0
1.186124700,0,0
1.186129900,1,0
1.186134900,0,0
1.186140100,1,0
1.186145100,0,0
1.186150300,1,0
1.186155300,0,0
1.186160400,1,0
1.186165500,0,0
1.186170600,1,0
1.186175700,0,0
1.186178900,0,1
1.186180800,1,1
1.186185900,0,1
1.186191000,1,1
1.186196000,0,1
1.186201200,1,1
1.186206200,0,1
1.186211400,1,1
1.186216400,0,1
1.186221600,1,1
1.186226600,0,1
1.186231700,1,1
1.186236800,0,1
1.186241900,1,1
1.186247000,0,1
1.186252100,1,1
1.186257100,0,1
1.186258100,0,0
1.186262300,1,0
1.186267300,0,0
1.186270500,0,1
1.186272500,1,1
1.186277500,0,1
1.186282700,1,1
1.186287700,0,1
1.186292900,1,1
1.186297900,0,1
1.186303000,1,1
1.186308100,0,1
1.186313200,1,1
1.186318300,0,1
1.186323400,1,1
1.186328400,0,1
1.186333600,1,1
1.186338600,0,1
1.186343800,1,1
1.186348800,0,1
1.186349800,0,0
1.186354000,1,0
1.186359000,0,0
1.186364200,1,0
1.186369200,0,0
1.186374300,1,0
1.186379400,0,0
1.186384500,1,0
1.186389600,0,0
1.186394700,1,0
1.186399700,0,0
1.186404900,1,0
1.186409900,0,0
1.186415100,1,0
1.186420100,0,0
1.186420500,0,1
1.186425300,1,1
1.186430300,0,1
1.186430500,0,0
1.186435400,1,0
1.186440500,0,0
1.186445600,1,0
1.186450700,0,0
1.186455800,1,0
1.186460800,0,0
1.186466000,1,0
1.186471000,0,0
1.186476200,1,0
1.186481200,0,0
1.186486400,1,0
1.186491400,0,0
1.186496600,1,0
1.186501600,0,0
1.186506700,1,0
1.186511800,0,0
1.186512300,0,1
1.186516900,1,1
1.186522000,0,1
1.186522300,0,0
1.186527100,1,0
1.186532100,0,0
1.186537300,1,0
1.186542300,0,0
1.186547500,1,0
1.186552500,0,0
1.186552900,0,1
1.186557700,1,1
1.186562700,0,1
1.186567900,1,1
1.186572900,0,1
1.186573100,0,0
1.186578000,1,0
1.186583100,0,0
1.186583500,0,1
1.186588200,1,1
1.186593300,0,1
1.186593500,0,0
1.186598400,1,0
1.186603400,0,0
1.186603900,0,1
1.186608600,1,1
1.186613600,0,1
1.186618800,1,1
1.186623800,0,1
1.186624800,0,0
1.186629000,1,0
1.186634000,0,0
1.186639100,1,0
1.186644200,0,0
1.186649300,1,0
1.186654400,0,0
1.186659500,1,0
1.186664600,0,0
1.186669700,1,0
1.186674700,0,0
1.186679900,1,0
1.186684900,0,0
1.186690100,1,0
1.186695100,0,0
1.186700300,1,0
1.186705300,0,0
1.186710400,1,0
1.186715500,0,0
1.186720600,1,0
1.186725700,0,0
1.186730800,1,0
1.186735800,0,0
1.186741000,1,0
1.186746000,0,0
1.186751200,1,0
1.186756200,0,0
1.186761400,1,0
1.186766400,0,0
1.186771600,1,0
1.186776600,0,0
1.186781700,1,0
1.186786800,0,0
1.186791900,1,0
1.186797000,0,0
1.186802100,1,0
1.186807100,0,0
1.186812300,1,0
1.186817300,0,0
1.186822500,1,0
1.186827500,0,0
1.186832700,1,0
1.186837700,0,0
1.186842900,1,0
1.186847900,0,0
1.186853000,1,0
1.186858100,0,0
1.186863200,1,0
1.186868300,0,0
1.186873400,1,0
1.186878400,0,0
1.186883600,1,0
1.186888600,0,0
1.186893800,1,0
1.186898800,0,0
1.186904000,1,0
1.186909000,0,0
1.186914100,1,0
1.186919200,0,0
1.186924300,1,0
1.186929400,0,0
1.186934500,1,0
1.186939500,0,0
1.186944700,1,0
1.186949700,0,0
1.186954900,1,0
1.186959900,0,0
1.186965100,1,0
1.186970100,0,0
1.186975300,1,0
1.186980300,0,0
1.186985400,1,0
1.186990500,0,0
1.186995600,1,0
1.187000700,0,0
1.187005800,1,0
1.187010800,0,0
1.187016000,1,0
1.187021000,0,0
1.187026200,1,0
1.187031200,0,0
1.187036400,1,0
1.187041400,0,0
1.187046600,1,0
1.187051600,0,0
1.187056700,1,0
1.187061800,0,0
1.187066900,1,0
1.187072000,0,0
1.187077100,1,0
1.187082100,0,0
1.187082600,0,1
1.188507100,0,0
1.188511300,1,0
1.188516300,0,0
1.188521500,1,0
1.188526500,0,0
1.188531700,1,0
1.188536700,0,0
1.188541800,1,0
1.188546900,0,0
1.188552000,1,0
1.188557100,0,0
1.188562200,1,0
1.188567200,0,0
1.188572400,1,0
1.188577400,0,0
1.188582600,1,0
1.188587600,0,0
1.188592800,1,0
1.188597800,0,0
1.188603000,1,0
1.188608000,0,0
1.188613100,1,0
1.188618200,0,0
1.188623300,1,0
1.188628400,0,0
1.188633500,1,0
1.188638500,0,0
1.188643700,1,0
1.188648700,0,0
1.188653900,1,0
1.188658900,0,0
1.188664100,1,0
1.188669100,0,0
1.188674200,1,0
1.188679300,0,0
1.188684400,1,0
1.188689500,0,0
1.188694600,1,0
1.188699600,0,0
1.188704800,1,0
1.188709800,0,0
1.188715000,1,0
1.188720000,0,0
1.188725200,1,0
1.188730200,0,0
1.188735400,1,0
1.188740400,0,0
1.188745500,1,0
1.188750600,0,0
1.188755700,1,0
1.188760800,0,0
1.188765900,1,0
1.188770900,0,0
1.188776100,1,0
1.188781100,0,0
1.188786300,1,0
1.188791300,0,0
1.188796500,1,0
1.188801500,0,0
1.188806700,1,0
1.188811700,0,0
1.188816800,1,0
1.188821900,0,0
1.188827000,1,0
1.188832100,0,0
1.188837200,1,0
1.188842200,0,0
1.188847400,1,0
1.188852400,0,0
1.188857600,1,0
1.188862600,0,0
1.188867800,1,0
1.188872800,0,0
1.188878000,1,0
1.188883000,0,0
1.188888100,1,0
1.188893200,0,0
1.188898300,1,0
1.188903400,0,0
1.188908500,1,0
1.188913500,0,0
1.188918700,1,0
1.188923700,0,0
1.188928900,1,0
1.188933900,0,0
1.188939100,1,0
1.188944100,0,0
1.188949200,1,0
1.188954300,0,0
1.188959400,1,0
1.188964500,0,0
1.188969600,1,0
1.188974600,0,0
1.188979800,1,0
1.188984800,0,0
1.188990000,1,0
1.188995000,0,0
1.189000200,1,0
1.189005200,0,0
1.189010400,1,0
1.189015400,0,0
1.189020500,1,0
1.189025600,0,0
1.189030700,1,0
1.189035800,0,0
1.189040900,1,0
1.189045900,0,0
1.189051100,1,0
1.189056100,0,0
1.189061300,1,0
1.189066300,0,0
1.189071500,1,0
1.189076500,0,0
1.189081700,1,0
1.189086700,0,0
1.189091800,1,0
1.189096900,0,0
1.189102000,1,0
1.189107100,0,0
1.189112200,1,0
1.189117200,0,0
1.189122400,1,0
1.189127400,0,0
1.189132600,1,0
1.189137600,0,0
1.189142800,1,0
1.189147800,0,0
1.189152900,1,0
1.189158000,0,0
1.189163100,1,0
1.189168200,0,0
1.189173300,1,0
1.189178300,0,0
1.189183500,1,0
1.189188500,0,0
1.189193700,1,0
1.189198700,0,0
1.189203900,1,0
1.189208900,0,0
1.189214100,1,0
1.189219100,0,0
1.189224200,1,0
1.189229300,0,0
1.189234400,1,0
1.189239500,0,0
1.189244600,1,0
1.189249600,0,0
1.189254800,1,0
1.189259800,0,0
1.189265000,1,0
1.189270000,0,0
1.189275200,1,0
1.189280200,0,0
1.189285400,1,0
1.189290400,0,0
1.189295500,1,0
1.189300600,0,0
1.189305700,1,0
1.189310800,0,0
1.189315900,1,0
1.189320900,0,0
1.189326100,1,0
1.189331100,0,0
1.189336300,1,0
1.189341300,0,0
1.189346500,1,0
1.189351500,0,0
1.189356700,1,0
1.189361700,0,0
1.189366800,1,0
1.189371900,0,0
1.189377000,1,0
1.189382100,0,0
1.189387200,1,0
1.189392200,0,0
1.189397400,1,0
1.189402400,0,0
1.189407600,1,0
1.189412600,0,0
1.189417800,1,0
1.189422800,0,0
1.189427900,1,0
1.189433000,0,0
1.189438100,1,0
1.189443200,0,0
1.189448300,1,0
1.189453300,0,0
1.189458500,1,0
1.189463500,0,0
1.189468700,1,0
1.189473700,0,0
1.189478900,1,0
1.189483900,0,0
1.189489100,1,0
1.189494100,0,0
1.189499200,1,0
1.189504300,0,0
1.189509400,1,0
1.189514500,0,0
1.189519600,1,0
1.189524600,0,0
1.189529800,1,0
1.189534800,0,0
1.189540000,1,0
1.189545000,0,0
1.189550200,1,0
1.189555200,0,0
1.189560400,1,0
1.189565400,0,0
1.189570500,1,0
1.189575600,0,0
1.189580700,1,0
1.189585800,0,0
1.189590900,1,0
1.189595900,0,0
1.189601100,1,0
1.189606100,0,0
1.189611300,1,0
1.189616300,0,0
1.189621500,1,0
1.189626500,0,0
1.189631600,1,0
1.189636700,0,0
1.189641800,1,0
1.189646900,0,0
1.189652000,1,0
1.189657000,0,0
1.189662200,1,0
1.189667200,0,0
1.189672400,1,0
1.189677400,0,0
1.189682600,1,0
1.189687600,0,0
1.189692800,1,0
1.189697800,0,0
1.189702900,1,0
1.189708000,0,0
1.189713100,1,0
1.189718200,0,0
1.189723300,1,0
1.189728300,0,0
1.189733500,1,0
1.189738500,0,0
1.189743700,1,0
1.189748700,0,0
1.189753900,1,0
1.189758900,0,0
1.189764100,1,0
1.189769100,0,0
1.189774200,1,0
1.189779300,0,0
1.189784400,1,0
1.189789500,0,0
1.189794600,1,0
1.189799600,0,0
1.189804800,1,0
1.189809800,0,0
1.189815000,1,0
1.189820000,0,0
1.189825200,1,0
1.189830200,0,0
1.189835400,1,0
1.189840400,0,0
1.189845500,1,0
1.189850600,0,0
1.189855700,1,0
1.189860800,0,0
1.189865900,1,0
1.189870900,0,0
1.189876100,1,0
1.189881100,0,0
1.189886300,1,0
1.189891300,0,0
1.189896500,1,0
1.189901500,0,0
1.189906600,1,0
1.189911700,0,0
1.189916800,1,0
1.189921900,0,0
1.189927000,1,0
1.189932000,0,0
1.189937200,1,0
1.189942200,0,0
1.189947400,1,0
1.189952400,0,0
1.189957600,1,0
1.189962600,0,0
1.189967800,1,0
1.189972800,0,0
1.189973300,0,1
1.191447800,0,0
1.191452000,1,0
1.191457000,0,0
1.191462100,1,0
1.191467100,0,0
1.191467600,0,1
1.191472300,1,1
1.191477300,0,1
1.191482500,1,1
1.191487500,0,1
1.191487800,0,0
1.191492700,1,0
1.191497700,0,0
1.191498200,0,1
1.191502900,1,1
1.191507900,0,1
1.191513000,1,1
1.191518100,0,1
1.191523200,1,1
1.191528300,0,1
1.191528500,0,0
1.191533400,1,0
1.191538400,0,0
1.191543600,1,0
1.191548600,0,0
1.191551800,0,1
1.191553800,1,1
1.191558800,0,1
1.191559000,0,0
1.191564000,1,0
1.191569000,0,0
1.191574200,1,0
1.191579200,0,0
1.191584300,1,0
1.191589400,0,0
1.191589800,0,1
1.191594500,1,1
1.191599600,0,1
1.191599800,0,0
1.191604700,1,0
1.191609700,0,0
1.191614900,1,0
1.191619900,0,0
1.191625100,1,0
1.191630100,0,0
1.191635300,1,0
1.191640300,0,0
1.191645400,1,0
1.191650500,0,0
1.191655600,1,0
1.191660700,0,0
1.191665800,1,0
1.191670900,0,0
1.191676000,1,0
1.191681000,0,0
1.191686200,1,0
1.191691200,0,0
1.191696400,1,0
1.191701400,0,0
1.191701900,0,1
1.191706600,1,1
1.191711600,0,1
1.191711900,0,0
1.191716700,1,0
1.191721800,0,0
1.191726900,1,0
1.191732000,0,0
1.191737100,1,0
1.191742100,0,0
1.191747300,1,0
1.191752300,0,0
1.191757500,1,0
1.191762500,0,0
1.191767700,1,0
1.191772700,0,0
1.191777900,1,0
1.191782900,0,0
1.191788000,1,0
1.191793100,0,0
1.191798200,1,0
1.191803300,0,0
1.191808400,1,0
1.191813400,0,0
1.191818600,1,0
1.191823600,0,0
1.191826800,0,1
1.191828800,1,1
1.191833800,0,1
1.191839000,1,1
1.191844000,0,1
1.191844300,0,0
1.191849200,1,0
1.191854200,0,0
1.191854700,0,1
1.191859300,1,1
1.191864400,0,1
1.191869500,1,1
1.191874600,0,1
1.191879700,1,1
1.191884700,0,1
1.191889900,1,1
1.191894900,0,1
1.191900100,1,1
1.191905100,0,1
1.191906100,0,0
1.191910300,1,0
1.191915300,0,0
1.191920400,1,0
1.191925500,0,0
1.191930600,1,0
1.191935700,0,0
1.191940800,1,0
1.191945800,0,0
1.191951000,1,0
1.191956000,0,0
1.191961200,1,0
1.191966200,0,0
1.191971400,1,0
1.191976400,0,0
1.191981600,1,0
1.191986600,0,0
1.191991700,1,0
1.191996800,0,0
1.192001900,1,0
1.192007000,0,0
1.192010200,0,1
1.192012100,1,1
1.192017100,0,1
1.192022300,1,1
1.192027300,0,1
1.192032500,1,1
1.192037500,0,1
1.192042700,1,1
1.192047700,0,1
1.192052900,1,1
1.192057900,0,1
1.192063000,1,1
1.192068100,0,1
1.192073200,1,1
1.192078300,0,1
1.192083400,1,1
1.192088400,0,1
1.192089400,0,0
1.192093600,1,0
1.192098600,0,0
1.192101800,0,1
1.192103800,1,1
1.192108800,0,1
1.192114000,1,1
1.192119000,0,1
1.192124100,1,1
1.192129200,0,1
1.192134300,1,1
1.192139400,0,1
1.192144500,1,1
1.192149600,0,1
1.192154700,1,1
1.192159700,0,1
1.192164900,1,1
1.192169900,0,1
1.192175100,1,1
1.192180100,0,1
1.194244300,1,1
1.194249300,0,1
1.194250300,0,0
1.194254400,1,0
1.194260600,1,1
1.197690400,1,0
1.197696400,0,0
1.197701600,1,0
1.197706600,0,0
1.197707800,0,1
1.197711800,1,1
1.197716800,0,1
1.197722000,1,1
1.197727000,0,1
1.197728000,0,0
1.197732100,1,0
1.197737200,0,0
1.197738400,0,1
1.197742300,1,1
1.197747400,0,1
1.197752500,1,1
1.197757600,0,1
1.197762700,1,1
1.197767700,0,1
1.197768700,0,0
1.197772900,1,0
1.197777900,0,0
1.197783100,1,0
1.197788100,0,0
1.197788500,0,1
1.198746100,0,0
1.198750300,1,0
1.198755300,0,0
1.198756500,0,1
1.198760500,1,1
1.198765500,0,1
1.198766500,0,0
1.198770600,1,0
1.198775700,0,0
1.198776800,0,1
1.198780800,1,1
1.198785800,0,1
1.198786800,0,0
1.198791000,1,0
1.198796000,0,0
1.198801200,1,0
1.198806200,0,0
1.198811400,1,0
1.198816400,0,0
1.198817600,0,1
1.198821500,1,1
1.198826600,0,1
1.198826900,0,0
1.198831700,1,0
1.198836800,0,0
1.198837300,0,1
1.198841900,1,1
1.198847000,0,1
1.198848000,0,0
1.198852100,1,0
1.198857100,0,0
1.198862300,1,0
1.198867300,0,0
1.198872500,1,0
1.198877500,0,0
1.198882700,1,0
1.198887700,0,0
1.198888900,0,1
1.198892800,1,1
1.198897900,0,1
1.198898900,0,0
1.198903000,1,0
1.198908100,0,0
1.198913200,1,0
1.198918200,0,0
1.198923400,1,0
1.198928400,0,0
1.198933600,1,0
1.198938600,0,0
1.198943800,1,0
1.198948800,0,0
1.198954000,1,0
1.198959000,0,0
1.198964100,1,0
1.198969200,0,0
1.198974300,1,0
1.198979400,0,0
1.198984500,1,0
1.198989500,0,0
1.198990800,0,1
1.198994700,1,1
1.198999700,0,1
1.199004900,1,1
1.199009900,0,1
1.199010200,0,0
1.199015100,1,0
1.199020100,0,0
1.199025300,1,0
1.199030300,0,0
1.199035400,1,0
1.199040500,0,0
1.199045600,1,0
1.199050700,0,0
1.199051900,0,1
1.199055800,1,1
1.199060800,0,1
1.199061800,0,0
1.199066000,1,0
1.199071000,0,0
1.199076200,1,0
1.199081200,0,0
1.199086400,1,0
1.199091400,0,0
1.199096500,1,0
1.199101600,0,0
1.199106700,1,0
1.199111800,0,0
1.199116900,1,0
1.199121900,0,0
1.199127100,1,0
1.199132100,0,0
1.199137300,1,0
1.199142300,0,0
1.199147500,1,0
1.199152500,0,0
1.199157700,1,0
1.199162700,0,0
1.199167800,1,0
1.199172900,0,0
1.199178000,1,0
1.199183100,0,0
1.199188200,1,0
1.199193200,0,0
1.199198400,1,0
1.199203400,0,0
1.199208600,1,0
1.199213600,0,0
1.199218800,1,0
1.199223800,0,0
1.199225000,0,1
1.199229000,1,1
1.199234000,0,1
1.199235000,0,0
1.199239100,1,0
1.199244200,0,0
1.199245400,0,1
1.199249300,1,1
1.199254400,0,1
1.199255400,0,0
1.199259500,1,0
1.199264500,0,0
1.199265700,0,1
1.199269700,1,1
1.199274700,0,1
1.199275700,0,0
1.199279900,1,0
1.199284900,0,0
1.199290100,1,0
1.199295100,0,0
1.199295600,0,1
1.199300200,1,1
1.199305300,0,1
1.199306300,0,0
1.199310400,1,0
1.199315500,0,0
1.199320600,1,0
1.199325700,0,0
1.199330800,1,0
1.199335800,0,0
1.199341000,1,0
1.199346000,0,0
1.199351200,1,0
1.199356200,0,0
1.199357400,0,1
1.199361400,1,1
1.199366400,0,1
1.199367400,0,0
1.199371500,1,0
1.199376600,0,0
1.199381700,1,0
1.199386800,0,0
1.199387200,0,1
1.201520700,0,0
1.201524900,1,0
1.201531100,1,1
1.210190900,1,0
1.210196900,0,0
1.210198000,0,1
1.210202000,1,1
1.210207100,0,1
1.210208100,0,0
1.210212200,1,0
1.210217200,0,0
1.210218400,0,1
1.210222400,1,1
1.210227400,0,1
1.210228400,0,0
1.210232600,1,0
1.210237600,0,0
1.210238800,0,1
1.210242800,1,1
1.210247800,0,1
1.210248800,0,0
1.210253000,1,0
1.210258000,0,0
1.210263100,1,0
1.210268200,0,0
1.210273300,1,0
1.210278400,0,0
1.210283500,1,0
1.210288500,0,0
1.210293700,1,0
1.210298700,0,0
1.210299900,0,1
1.210303900,1,1
1.210308900,0,1
1.210309900,0,0
1.210314100,1,0
1.210319100,0,0
1.210324200,1,0
1.210329300,0,0
1.210334400,1,0
1.210339500,0,0
1.210344600,1,0
1.210349700,0,0
1.210354800,1,0
1.210359800,0,0
1.210365000,1,0
1.210370000,0,0
1.210375200,1,0
1.210380200,0,0
1.210380800,0,1
1.210385400,1,1
1.210392400,1,0
1.210398400,0,0
1.210399600,0,1
1.210403500,1,1
1.210408600,0,1
1.210409600,0,0
1.210413700,1,0
1.210418800,0,0
1.210419900,0,1
1.210423900,1,1
1.210428900,0,1
1.210429900,0,0
1.210434100,1,0
1.210439100,0,0
1.210440300,0,1
1.210444300,1,1
1.210449300,0,1
1.210450300,0,0
1.210454500,1,0
1.210459500,0,0
1.210464700,1,0
1.210469700,0,0
1.210470900,0,1
1.210474800,1,1
1.210479900,0,1
1.210480300,0,0
1.210485000,1,0
1.210490100,0,0
1.210495200,1,0
1.210500200,0,0
1.210505400,1,0
1.210510400,0,0
1.210515600,1,0
1.210520600,0,0
1.210525800,1,0
1.210530800,0,0
1.210531400,0,1
1.210535900,1,1
1.210541000,0,1
1.210546100,1,1
1.210551200,0,1
1.210556300,1,1
1.210561400,0,1
1.210566500,1,1
1.210571500,0,1
1.210576700,1,1
1.210581700,0,1
1.210582700,0,0
1.210586900,1,0
1.210593100,1,1
1.210659900,1,0
1.210665900,0,0
1.210667100,0,1
1.210671000,1,1
1.210676100,0,1
1.210677100,0,0
1.210681200,1,0
1.210686300,0,0
1.210687500,0,1
1.210691400,1,1
1.210696500,0,1
1.210697500,0,0
1.210701600,1,0
1.210706600,0,0
1.210707800,0,1
1.210711800,1,1
1.210716800,0,1
1.210717800,0,0
1.210722000,1,0
1.210727000,0,0
1.210732200,1,0
1.210737200,0,0
1.210742400,1,0
1.210747400,0,0
1.210752500,1,0
1.210757600,0,0
1.210762700,1,0
1.210767800,0,0
1.210769000,0,1
1.210772900,1,1
1.210777900,0,1
1.210778900,0,0
1.210783100,1,0
1.210788100,0,0
1.210789300,0,1
1.210793300,1,1
1.210798300,0,1
1.210799300,0,0
1.210803500,1,0
1.210808500,0,0
1.210813700,1,0
1.210818700,0,0
1.210823800,1,0
1.210828900,0,0
1.210834000,1,0
1.210839100,0,0
1.210844200,1,0
1.210849200,0,0
1.210849900,0,1
1.210854400,1,1
1.210861400,1,0
1.210867400,0,0
1.210868600,0,1
1.210872600,1,1
1.210877600,0,1
1.210878600,0,0
1.210882800,1,0
1.210887800,0,0
1.210889000,0,1
1.210892900,1,1
1.210898000,0,1
1.210899000,0,0
1.210903100,1,0
1.210908200,0,0
1.210909400,0,1
1.210913300,1,1
1.210918400,0,1
1.210919400,0,0
1.210923500,1,0
1.210928500,0,0
1.210933700,1,0
1.210938700,0,0
1.210939900,0,1
1.210943900,1,1
1.210948900,0,1
1.210949400,0,0
1.210954100,1,0
1.210959100,0,0
1.210964200,1,0
1.210969300,0,0
1.210974400,1,0
1.210979500,0,0
1.210984600,1,0
1.210989600,0,0
1.210994800,1,0
1.210999800,0,0
1.211005000,1,0
1.211010000,0,0
1.211015200,1,0
1.211020200,0,0
1.211025400,1,0
1.211030400,0,0
1.211035500,1,0
1.211040600,0,0
1.211045700,1,0
1.211050800,0,0
1.211054000,0,1
1.211055900,1,1
1.211060900,0,1
1.211061400,0,0
1.211066100,1,0
1.211071100,0,0
1.211076300,1,0
1.211081300,0,0
1.211086500,1,0
1.211091500,0,0
1.211096700,1,0
1.211101700,0,0
1.211106800,1,0
1.211111900,0,0
1.211117000,1,0
1.211122100,0,0
1.211127200,1,0
1.211132200,0,0
1.211137400,1,0
1.211142400,0,0
1.211147600,1,0
1.211152600,0,0
1.211157800,1,0
1.211162800,0,0
1.211167900,1,0
1.211173000,0,0
1.211178100,1,0
1.211183200,0,0
1.211188300,1,0
1.211193300,0,0
1.211198500,1,0
1.211203500,0,0
1.211208700,1,0
1.211213700,0,0
1.211218900,1,0
1.211223900,0,0
1.211229100,1,0
1.211234100,0,0
1.211237300,0,1
1.211239200,1,1
1.211244300,0,1
1.211244700,0,0
1.211249400,1,0
1.211254500,0,0
1.211259600,1,0
1.211264600,0,0
1.211269800,1,0
1.211274800,0,0
1.211280000,1,0
1.211285000,0,0
1.211290200,1,0
1.211295200,0,0
1.211300400,1,0
1.211305400,0,0
1.211310500,1,0
1.211315600,0,0
1.211320700,1,0
1.211325800,0,0
1.211330900,1,0
1.211335900,0,0
1.211341100,1,0
1.211346100,0,0
1.211351300,1,0
1.211356300,0,0
1.211361500,1,0
1.211366500,0,0
1.211371600,1,0
1.211376700,0,0
1.211381800,1,0
1.211386900,0,0
1.211392000,1,0
1.211397100,0,0
1.211402200,1,0
1.211407200,0,0
1.211412400,1,0
1.211417400,0,0
1.211420600,0,1
1.211422600,1,1
1.211427600,0,1
1.211428100,0,0
1.211432800,1,0
1.211437800,0,0
1.211442900,1,0
1.211448000,0,0
1.211453100,1,0
1.211458200,0,0
1.211463300,1,0
1.211468300,0,0
1.211473500,1,0
1.211478500,0,0
1.211483700,1,0
1.211488700,0,0
1.211493900,1,0
1.211498900,0,0
1.211499500,0,1
1.211504100,1,1
1.211509100,0,1
1.211510100,0,0
1.211514200,1,0
1.211520500,1,1
1.252781000,1,0
1.252787000,0,0
1.252792100,1,0
1.252797200,0,0
1.252798400,0,1
1.252802300,1,1
1.252807400,0,1
1.252812500,1,1
1.252817500,0,1
1.252818500,0,0
1.252822700,1,0
1.252827700,0,0
1.252828900,0,1
1.252832900,1,1
1.252837900,0,1
1.252843100,1,1
1.252848100,0,1
1.252853300,1,1
1.252858300,0,1
1.252859300,0,0
1.252863400,1,0
1.252868500,0,0
1.252873600,1,0
1.252878700,0,0
1.252879100,0,1
1.253829700,0,0
1.253833800,1,0
1.253838800,0,0
1.253840000,0,1
1.253844000,1,1
1.253849000,0,1
1.253850000,0,0
1.253854200,1,0
1.253859200,0,0
1.253860400,0,1
1.253864400,1,1
1.253869400,0,1
1.253870400,0,0
1.253874500,1,0
1.253879600,0,0
1.253884700,1,0
1.253889800,0,0
1.253894900,1,0
1.253899900,0,0
1.253901200,0,1
1.253905100,1,1
1.253910100,0,1
1.253910300,0,0
1.253915300,1,0
1.253920300,0,0
1.253920700,0,1
1.253925500,1,1
1.253930500,0,1
1.253931500,0,0
1.253935700,1,0
1.253940700,0,0
1.253945800,1,0
1.253950900,0,0
1.253956000,1,0
1.253961100,0,0
1.253966200,1,0
1.253971200,0,0
1.253976400,1,0
1.253981400,0,0
1.253982600,0,1
1.253986600,1,1
1.253991600,0,1
1.253992600,0,0
1.253996800,1,0
1.254001800,0,0
1.254007000,1,0
1.254012000,0,0
1.254017100,1,0
1.254022200,0,0
1.254027300,1,0
1.254032400,0,0
1.254037500,1,0
1.254042500,0,0
1.254047700,1,0
1.254052700,0,0
1.254057900,1,0
1.254062900,0,0
1.254068100,1,0
1.254073100,0,0
1.254078200,1,0
1.254083300,0,0
1.254084500,0,1
1.254088400,1,1
1.254093500,0,1
1.254093700,0,0
1.254098600,1,0
1.254103600,0,0
1.254108800,1,0
1.254113800,0,0
1.254119000,1,0
1.254124000,0,0
1.254129200,1,0
1.254134200,0,0
1.254135400,0,1
1.254139400,1,1
1.254144400,0,1
1.254145400,0,0
1.254149500,1,0
1.254154600,0,0
1.254159700,1,0
1.254164800,0,0
1.254169900,1,0
1.254174900,0,0
1.254180100,1,0
1.254185100,0,0
1.254190300,1,0
1.254195300,0,0
1.254195800,0,1
1.254200500,1,1
1.254205500,0,1
1.254206500,0,0
1.254210700,1,0
1.254215700,0,0
1.254216900,0,1
1.254220800,1,1
1.254225900,0,1
1.254226900,0,0
1.254231000,1,0
1.254236100,0,0
1.254237200,0,1
1.254241200,1,1
1.254246200,0,1
1.254251400,1,1
1.254256400,0,1
1.254257400,0,0
1.254261600,1,0
1.254266600,0,0
1.254271800,1,0
1.254276800,0,0
1.254282000,1,0
1.254287000,0,0
1.254287400,0,1
1.256650000,0,0
1.256654200,1,0
1.256660300,1,1
1.257797100,1,0
1.257803100,0,0
1.257808300,1,0
1.257813300,0,0
1.257814500,0,1
1.257818500,1,1
1.257823500,0,1
1.257828700,1,1
1.257833700,0,1
1.257834700,0,0
1.257838800,1,0
1.257843900,0,0
1.257845100,0,1
1.257849000,1,1
1.257854100,0,1
1.257859200,1,1
1.257864300,0,1
1.257869400,1,1
1.257874400,0,1
1.257879600,1,1
1.257884600,0,1
1.257884800,0,0
1.257889800,1,0
1.257894800,0,0
1.258820000,1,0
1.258825000,0,0
1.258825400,0,1
1.258830200,1,1
1.258835200,0,1
1.258840300,1,1
1.258845400,0,1
1.258845600,0,0
1.258850500,1,0
1.258855500,0,0
1.258855900,0,1
1.258860700,1,1
1.258865700,0,1
1.258870900,1,1
1.258875900,0,1
1.258881100,1,1
1.258886100,0,1
1.258886400,0,0
1.258891300,1,0
1.258896300,0,0
1.258901400,1,0
1.258906500,0,0
1.258909700,0,1
1.258911600,1,1
1.258916700,0,1
1.258916900,0,0
1.258921800,1,0
1.258926800,0,0
1.258932000,1,0
1.258937000,0,0
1.258942200,1,0
1.258947200,0,0
1.258947600,0,1
1.258952400,1,1
1.258957400,0,1
1.258957600,0,0
1.258962500,1,0
1.258967600,0,0
1.258972700,1,0
1.258977800,0,0
1.258982900,1,0
1.258988000,0,0
1.258993100,1,0
1.258998100,0,0
1.259003300,1,0
1.259008300,0,0
1.259013500,1,0
1.259018500,0,0
1.259023700,1,0
1.259028700,0,0
1.259033800,1,0
1.259038900,0,0
1.259044000,1,0
1.259049100,0,0
1.259054200,1,0
1.259059200,0,0
1.259059800,0,1
1.259064400,1,1
1.259069400,0,1
1.259069600,0,0
1.259074600,1,0
1.259079600,0,0
1.259084800,1,0
1.259089800,0,0
1.259095000,1,0
1.259100000,0,0
1.259105100,1,0
1.259110200,0,0
1.259115300,1,0
1.259120400,0,0
1.259125500,1,0
1.259130500,0,0
1.259135700,1,0
1.259140700,0,0
1.259145900,1,0
1.259150900,0,0
1.259156100,1,0
1.259161100,0,0
1.259166300,1,0
1.259171300,0,0
1.259176400,1,0
1.259181500,0,0
1.259186600,1,0
1.259191700,0,0
1.259196800,1,0
1.259201800,0,0
1.259207000,1,0
1.259212000,0,0
1.259212400,0,1
1.259217200,1,1
1.259222200,0,1
1.259222400,0,0
1.259227400,1,0
1.259232400,0,0
1.259237500,1,0
1.259242600,0,0
1.259247700,1,0
1.259252800,0,0
1.259257900,1,0
1.259262900,0,0
1.259268100,1,0
1.259273100,0,0
1.259278300,1,0
1.259283300,0,0
1.259288500,1,0
1.259293500,0,0
1.259298700,1,0
1.259303700,0,0
1.259308800,1,0
1.259313900,0,0
1.259319000,1,0
1.259324100,0,0
1.259329200,1,0
1.259334200,0,0
1.259339400,1,0
1.259344400,0,0
1.259349600,1,0
1.259354600,0,0
1.259359800,1,0
1.259364800,0,0
1.259370000,1,0
1.259375000,0,0
1.259380100,1,0
1.259385200,0,0
1.259390300,1,0
1.259395400,0,0
1.259400500,1,0
1.259405500,0,0
1.259410700,1,0
1.259415700,0,0
1.259420900,1,0
1.259425900,0,0
1.259431100,1,0
1.259436100,0,0
1.259441200,1,0
1.259446300,0,0
1.259451400,1,0
1.259456500,0,0
1.259461600,1,0
1.259466700,0,0
1.259467100,0,1
1.259471800,1,1
1.259476800,0,1
1.259482000,1,1
1.259487000,0,1
1.259487300,0,0
1.259492200,1,0
1.259497200,0,0
1.259502400,1,0
1.259507400,0,0
1.259507900,0,1
1.259512500,1,1
1.259517600,0,1
1.259517900,0,0
1.259522700,1,0
1.259527800,0,0
1.259532900,1,0
1.259537900,0,0
1.259543100,1,0
1.259548100,0,0
1.259553300,1,0
1.259558300,0,0
1.259563500,1,0
1.259568500,0,0
1.259573700,1,0
1.259578700,0,0
1.259583800,1,0
1.259588900,0,0
1.259594000,1,0
1.259599100,0,0
1.259604200,1,0
1.259609200,0,0
1.259614400,1,0
1.259619400,0,0
1.259624600,1,0
1.259629600,0,0
1.259634800,1,0
1.259639800,0,0
1.259645000,1,0
1.259650000,0,0
1.259655100,1,0
1.259660200,0,0
1.259660600,0,1
1.259665300,1,1
1.259670400,0,1
1.259670500,0,0
1.259675500,1,0
1.259680500,0,0
1.259680900,0,1
1.259685700,1,1
1.259690700,0,1
1.259690900,0,0
1.259695900,1,0
1.259700900,0,0
1.259701300,0,1
1.259706100,1,1
1.259711100,0,1
1.259711300,0,0
1.259716200,1,0
1.259721300,0,0
1.259726400,1,0
1.259731500,0,0
1.259734700,0,1
1.259736600,1,1
1.259741600,0,1
1.259746800,1,1
1.259751800,0,1
1.259757000,1,1
1.259762000,0,1
1.259762300,0,0
1.259767200,1,0
1.259772200,0,0
1.259772700,0,1
1.259777400,1,1
1.259782400,0,1
1.259782600,0,0
1.259787500,1,0
1.259792600,0,0
1.259792900,0,1
1.259797700,1,1
1.259802800,0,1
1.259803000,0,0
1.259807900,1,0
1.259812900,0,0
1.259818100,1,0
1.259823100,0,0
1.259828300,1,0
1.259833300,0,0
1.259838500,1,0
1.259843500,0,0
1.259848700,1,0
1.259853700,0,0
1.259858800,1,0
1.259863900,0,0
1.259869000,1,0
1.259874100,0,0
1.259879200,1,0
1.259884200,0,0
1.259889400,1,0
1.259894400,0,0
1.259899600,1,0
1.259904600,0,0
1.259909800,1,0
1.259914800,0,0
1.259919900,1,0
1.259925000,0,0
1.259930100,1,0
1.259935200,0,0
1.259940300,1,0
1.259945400,0,0
1.259950500,1,0
1.259955500,0,0
1.259960700,1,0
1.259965700,0,0
1.259970900,1,0
1.259975900,0,0
1.259981100,1,0
1.259986100,0,0
1.259991200,1,0
1.259996300,0,0
1.260001400,1,0
1.260006500,0,0
1.260011600,1,0
1.260016600,0,0
1.260021800,1,0
1.260026800,0,0
1.260032000,1,0
1.260037000,0,0
1.260042200,1,0
1.260047200,0,0
1.260052400,1,0
1.260057400,0,0
1.260062500,1,0
1.260067600,0,0
1.260072700,1,0
1.260077800,0,0
1.260082900,1,0
1.260087900,0,0
1.260093100,1,0
1.260098100,0,0
1.260103300,1,0
1.260108300,0,0
1.260113500,1,0
1.260118500,0,0
1.260123700,1,0
1.260128700,0,0
1.260133800,1,0
1.260138900,0,0
1.260144000,1,0
1.260149100,0,0
1.260154200,1,0
1.260159200,0,0
1.260164400,1,0
1.260169400,0,0
1.260174600,1,0
1.260179600,0,0
1.260184800,1,0
1.260189800,0,0
1.260194900,1,0
1.260200000,0,0
1.260205100,1,0
1.260210200,0,0
1.260215300,1,0
1.260220300,0,0
1.260225500,1,0
1.260230500,0,0
1.260235700,1,0
1.260240700,0,0
1.260245900,1,0
1.260250900,0,0
1.260256100,1,0
1.260261100,0,0
1.260266200,1,0
1.260271300,0,0
1.260271700,0,1
1.261719300,0,0
1.261723500,1,0
1.261728400,0,0
1.261733600,1,0
1.261738600,0,0
1.261743800,1,0
1.261748800,0,0
1.261754000,1,0
1.261759000,0,0
1.261764200,1,0
1.261769200,0,0
1.261774300,1,0
1.261779400,0,0
1.261784500,1,0
1.261789600,0,0
1.261794700,1,0
1.261799700,0,0
1.261804900,1,0
1.261809900,0,0
1.261815100,1,0
1.261820100,0,0
1.261825300,1,0
1.261830300,0,0
1.261835500,1,0
1.261840500,0,0
1.261845600,1,0
1.261850700,0,0
1.261855800,1,0
1.261860900,0,0
1.261866000,1,0
1.261871000,0,0
1.261876200,1,0
1.261881200,0,0
1.261886400,1,0
1.261891400,0,0
1.261896600,1,0
1.261901600,0,0
1.261906800,1,0
1.261911800,0,0
1.261916900,1,0
1.261922000,0,0
1.261927100,1,0
1.261932200,0,0
1.261937300,1,0
1.261942300,0,0
1.261947500,1,0
1.261952500,0,0
1.261957700,1,0
1.261962700,0,0
1.261967900,1,0
1.261972900,0,0
1.261978000,1,0
1.261983100,0,0
1.261988200,1,0
1.261993300,0,0
1.261998400,1,0
1.262003400,0,0
1.262008600,1,0
1.262013600,0,0
1.262018800,1,0
1.262023800,0,0
1.262029000,1,0
1.262034000,0,0
1.262039200,1,0
1.262044200,0,0
1.262049300,1,0
1.262054400,0,0
1.262059500,1,0
1.262064600,0,0
1.262069700,1,0
1.262074700,0,0
1.262079900,1,0
1.262084900,0,0
1.262090100,1,0
1.262095100,0,0
1.262100300,1,0
1.262105300,0,0
1.262110500,1,0
1.262115500,0,0
1.262120600,1,0
1.262125700,0,0
1.262130800,1,0
1.262135900,0,0
1.262141000,1,0
1.262146000,0,0
1.262151200,1,0
1.262156200,0,0
1.262161400,1,0
1.262166400,0,0
1.262171600,1,0
1.262176600,0,0
1.262181700,1,0
1.262186800,0,0
1.262191900,1,0
1.262197000,0,0
1.262202100,1,0
1.262207200,0,0
1.262212300,1,0
1.262217300,0,0
1.262222500,1,0
1.262227500,0,0
1.262232700,1,0
1.262237700,0,0
1.262242900,1,0
1.262247900,0,0
1.262253000,1,0
1.262258100,0,0
1.262263200,1,0
1.262268300,0,0
1.262273400,1,0
1.262278400,0,0
1.262283600,1,0
1.262288600,0,0
1.262293800,1,0
1.262298800,0,0
1.262304000,1,0
1.262309000,0,0
1.262314200,1,0
1.262319200,0,0
1.262324300,1,0
1.262329400,0,0
1.262334500,1,0
1.262339600,0,0
1.262344700,1,0
1.262349700,0,0
1.262354900,1,0
1.262359900,0,0
1.262365100,1,0
1.262370100,0,0
1.262375300,1,0
1.262380300,0,0
1.262385500,1,0
1.262390500,0,0
1.262395600,1,0
1.262400700,0,0
1.262405800,1,0
1.262410900,0,0
1.262416000,1,0
1.262421000,0,0
1.262426200,1,0
1.262431200,0,0
1.262436400,1,0
1.262441400,0,0
1.262446600,1,0
1.262451600,0,0
1.262456700,1,0
1.262461800,0,0
1.262466900,1,0
1.262472000,0,0
1.262477100,1,0
1.262482100,0,0
1.262487300,1,0
1.262492300,0,0
1.262497500,1,0
1.262502500,0,0
1.262507700,1,0
1.262512700,0,0
1.262517900,1,0
1.262522900,0,0
1.262528000,1,0
1.262533100,0,0
1.262538200,1,0
1.262543300,0,0
1.262548400,1,0
1.262553400,0,0
1.262558600,1,0
1.262563600,0,0
1.262568800,1,0
1.262573800,0,0
1.262579000,1,0
1.262584000,0,0
1.262589200,1,0
1.262594200,0,0
1.262599300,1,0
1.262604400,0,0
1.262609500,1,0
1.262614600,0,0
1.262619700,1,0
1.262624700,0,0
1.262629900,1,0
1.262634900,0,0
1.262640100,1,0
1.262645100,0,0
1.262650300,1,0
1.262655300,0,0
1.262660400,1,0
1.262665500,0,0
1.262670600,1,0
1.262675700,0,0
1.262680800,1,0
1.262685900,0,0
1.262691000,1,0
1.262696000,0,0
1.262701200,1,0
1.262706200,0,0
1.262711400,1,0
1.262716400,0,0
1.262721600,1,0
1.262726600,0,0
1.262731700,1,0
1.262736800,0,0
1.262741900,1,0
1.262747000,0,0
1.262752100,1,0
1.262757100,0,0
1.262762300,1,0
1.262767300,0,0
1.262772500,1,0
1.262777500,0,0
1.262782700,1,0
1.262787700,0,0
1.262792900,1,0
1.262797900,0,0
1.262803000,1,0
1.262808100,0,0
1.262813200,1,0
1.262818300,0,0
1.262823400,1,0
1.262828400,0,0
1.262833600,1,0
1.262838600,0,0
1.262843800,1,0
1.262848800,0,0
1.262854000,1,0
1.262859000,0,0
1.262864200,1,0
1.262869200,0,0
1.262874300,1,0
1.262879400,0,0
1.262884500,1,0
1.262889600,0,0
1.262894700,1,0
1.262899700,0,0
1.262904900,1,0
1.262909900,0,0
1.262915100,1,0
1.262920100,0,0
1.262925300,1,0
1.262930300,0,0
1.262935400,1,0
1.262940500,0,0
1.262945600,1,0
1.262950700,0,0
1.262955800,1,0
1.262960800,0,0
1.262966000,1,0
1.262971000,0,0
1.262976200,1,0
1.262981200,0,0
1.262986400,1,0
1.262991400,0,0
1.262996600,1,0
1.263001600,0,0
1.263006700,1,0
1.263011800,0,0
1.263016900,1,0
1.263022000,0,0
1.263027100,1,0
1.263032100,0,0
1.263037300,1,0
1.263042300,0,0
1.263047500,1,0
1.263052500,0,0
1.263057700,1,0
1.263062700,0,0
1.263067900,1,0
1.263072900,0,0
1.263078000,1,0
1.263083100,0,0
1.263088200,1,0
1.263093300,0,0
1.263098400,1,0
1.263103400,0,0
1.263108600,1,0
1.263113600,0,0
1.263118800,1,0
1.263123800,0,0
1.263129000,1,0
1.263134000,0,0
1.263139100,1,0
1.263144200,0,0
1.263149300,1,0
1.263154400,0,0
1.263159500,1,0
1.263164600,0,0
1.263169700,1,0
1.263174700,0,0
1.263179900,1,0
1.263184900,0,0
1.263185400,0,1
1.264598900,0,0
1.264603100,1,0
1.264608100,0,0
1.264613300,1,0
1.264618300,0,0
1.264618700,0,1
1.264623400,1,1
1.264628500,0,1
1.264633600,1,1
1.264638700,0,1
1.264638900,0,0
1.264643800,1,0
1.264648800,0,0
1.264649200,0,1
1.264654000,1,1
1.264659000,0,1
1.264664200,1,1
1.264669200,0,1
1.264674400,1,1
1.264679400,0,1
1.264679700,0,0
1.264684500,1,0
1.264689600,0,0
1.264694700,1,0
1.264699800,0,0
1.264703000,0,1
1.264704900,1,1
1.264709900,0,1
1.264710300,0,0
1.264715100,1,0
1.264720100,0,0
1.264725300,1,0
1.264730300,0,0
1.264735500,1,0
1.264740500,0,0
1.264740900,0,1
1.264745700,1,1
1.264750700,0,1
1.264750900,0,0
1.264755800,1,0
1.264760900,0,0
1.264766000,1,0
1.264771100,0,0
1.264776200,1,0
1.264781200,0,0
1.264786400,1,0
1.264791400,0,0
1.264796600,1,0
1.264801600,0,0
1.264806800,1,0
1.264811800,0,0
1.264817000,1,0
1.264822000,0,0
1.264827100,1,0
1.264832200,0,0
1.264837300,1,0
1.264842400,0,0
1.264847500,1,0
1.264852500,0,0
1.264852900,0,1
1.264857700,1,1
1.264862700,0,1
1.264862900,0,0
1.264867900,1,0
1.264872900,0,0
1.264878100,1,0
1.264883100,0,0
1.264888200,1,0
1.264893300,0,0
1.264898400,1,0
1.264903500,0,0
1.264908600,1,0
1.264913700,0,0
1.264918800,1,0
1.264923800,0,0
1.264929000,1,0
1.264934000,0,0
1.264939200,1,0
1.264944200,0,0
1.264949400,1,0
1.264954400,0,0
1.264959500,1,0
1.264964600,0,0
1.264969700,1,0
1.264974800,0,0
1.264979900,1,0
1.264984900,0,0
1.264990100,1,0
1.264995100,0,0
1.265000300,1,0
1.265005300,0,0
1.265005800,0,1
1.265010500,1,1
1.265015500,0,1
1.265015700,0,0
1.265020700,1,0
1.265025700,0,0
1.265030800,1,0
1.265035900,0,0
1.265041000,1,0
1.265046100,0,0
1.265051200,1,0
1.265056200,0,0
1.265061400,1,0
1.265066400,0,0
1.265071600,1,0
1.265076600,0,0
1.265081800,1,0
1.265086800,0,0
1.265092000,1,0
1.265097000,0,0
1.265102100,1,0
1.265107200,0,0
1.265112300,1,0
1.265117400,0,0
1.265122500,1,0
1.265127500,0,0
1.265132700,1,0
1.265137700,0,0
1.265142900,1,0
1.265147900,0,0
1.265153100,1,0
1.265158100,0,0
1.265163200,1,0
1.265168300,0,0
1.265173400,1,0
1.265178500,0,0
1.265183600,1,0
1.265188600,0,0
1.265193800,1,0
1.265198800,0,0
1.265204000,1,0
1.265209000,0,0
1.265214200,1,0
1.265219200,0,0
1.265224400,1,0
1.265229400,0,0
1.265234500,1,0
1.265239600,0,0
1.265244700,1,0
1.265249800,0,0
1.265254900,1,0
1.265259900,0,0
1.265260400,0,1
1.265265100,1,1
1.265270100,0,1
1.265275300,1,1
1.265280300,0,1
1.265280600,0,0
1.265285500,1,0
1.265290500,0,0
1.265295700,1,0
1.265300700,0,0
1.265301200,0,1
1.265305800,1,1
1.265310900,0,1
1.265311200,0,0
1.265316000,1,0
1.265321100,0,0
1.265326200,1,0
1.265331200,0,0
1.265331600,0,1
1.267388400,1,1
1.267393400,0,1
1.267394400,0,0
1.267398600,1,0
1.267404800,1,1
1.308768300,1,0
1.308774300,0,0
1.308775500,0,1
1.308779400,1,1
1.308784500,0,1
1.308785500,0,0
1.308789600,1,0
1.308794700,0,0
1.308795900,0,1
1.308799800,1,1
1.308804900,0,1
1.308805900,0,0
1.308810000,1,0
1.308815100,0,0
1.308816200,0,1
1.308820200,1,1
1.308825200,0,1
1.308826200,0,0
1.308830400,1,0
1.308835400,0,0
1.308840600,1,0
1.308845600,0,0
1.308850800,1,0
1.308855800,0,0
1.308861000,1,0
1.308866000,0,0
1.308871100,1,0
1.308876200,0,0
1.308877400,0,1
1.308881300,1,1
1.308886400,0,1
1.308887400,0,0
1.308891500,1,0
1.308896500,0,0
1.308901700,1,0
1.308906700,0,0
1.308911900,1,0
1.308916900,0,0
1.308922100,1,0
1.308927100,0,0
1.308932200,1,0
1.308937300,0,0
1.308942400,1,0
1.308947500,0,0
1.308952600,1,0
1.308957600,0,0
1.308958300,0,1
1.308962800,1,1
1.308969800,1,0
1.308975800,0,0
1.308977000,0,1
1.308981000,1,1
1.308986000,0,1
1.308987000,0,0
1.308991200,1,0
1.308996200,0,0
1.308997400,0,1
1.309001400,1,1
1.309006400,0,1
1.309007400,0,0
1.309011500,1,0
1.309016600,0,0
1.309017800,0,1
1.309021700,1,1
1.309026800,0,1
1.309027800,0,0
1.309031900,1,0
1.309036900,0,0
1.309042100,1,0
1.309047100,0,0
1.309048300,0,1
1.309052300,1,1
1.309057300,0,1
1.309057800,0,0
1.309062500,1,0
1.309067500,0,0
1.309072700,1,0
1.309077700,0,0
1.309082800,1,0
1.309087900,0,0
1.309093000,1,0
1.309098100,0,0
1.309103200,1,0
1.309108200,0,0
1.309108900,0,1
1.309113400,1,1
1.309118400,0,1
1.309123600,1,1
1.309128600,0,1
1.309133800,1,1
1.309138800,0,1
1.309143900,1,1
1.309149000,0,1
1.309154100,1,1
1.309159200,0,1
1.309160200,0,0
1.309164300,1,0
1.309170500,1,1
1.309238400,1,0
1.309244400,0,0
1.309245500,0,1
1.309249500,1,1
1.309254500,0,1
1.309255500,0,0
1.309259700,1,0
1.309264700,0,0
1.309265900,0,1
1.309269900,1,1
1.309274900,0,1
1.309275900,0,0
1.309280100,1,0
1.309285100,0,0
1.309286300,0,1
1.309290200,1,1
1.309295300,0,1
1.309296300,0,0
1.309300400,1,0
1.309305500,0,0
1.309310600,1,0
1.309315600,0,0
1.309320800,1,0
1.309325800,0,0
1.309331000,1,0
1.309336000,0,0
1.309341200,1,0
1.309346200,0,0
1.309347400,0,1
1.309351400,1,1
1.309356400,0,1
1.309357400,0,0
1.309361500,1,0
1.309366600,0,0
1.309367800,0,1
1.309371700,1,1
1.309376800,0,1
1.309377800,0,0
1.309381900,1,0
1.309386900,0,0
1.309392100,1,0
1.309397100,0,0
1.309402300,1,0
1.309407300,0,0
1.309412500,1,0
1.309417500,0,0
1.309422700,1,0
1.309427700,0,0
1.309428300,0,1
1.309432800,1,1
1.309439900,1,0
1.309445900,0,0
1.309447000,0,1
1.309451000,1,1
1.309456100,0,1
1.309457100,0,0
1.309461200,1,0
1.309466200,0,0
1.309467400,0,1
1.309471400,1,1
1.309476400,0,1
1.309477400,0,0
1.309481600,1,0
1.309486600,0,0
1.309487800,0,1
1.309491800,1,1
1.309496800,0,1
1.309497800,0,0
1.309501900,1,0
1.309507000,0,0
1.309512100,1,0
1.309517200,0,0
1.309518400,0,1
1.309522300,1,1
1.309527300,0,1
1.309527800,0,0
1.309532500,1,0
1.309537500,0,0
1.309542700,1,0
1.309547700,0,0
1.309552900,1,0
1.309557900,0,0
1.309563100,1,0
1.309568100,0,0
1.309573200,1,0
1.309578300,0,0
1.309583400,1,0
1.309588500,0,0
1.309593600,1,0
1.309598600,0,0
1.309603800,1,0
1.309608800,0,0
1.309614000,1,0
1.309619000,0,0
1.309624200,1,0
1.309629200,0,0
1.309632400,0,1
1.309634400,1,1
1.309639400,0,1
1.309639800,0,0
1.309644500,1,0
1.309649600,0,0
1.309654700,1,0
1.309659800,0,0
1.309664900,1,0
1.309669900,0,0
1.309675100,1,0
1.309680100,0,0
1.309685300,1,0
1.309690300,0,0
1.309695500,1,0
1.309700500,0,0
1.309705600,1,0
1.309710700,0,0
1.309715800,1,0
1.309720900,0,0
1.309726000,1,0
1.309731100,0,0
1.309736200,1,0
1.309741200,0,0
1.309746400,1,0
1.309751400,0,0
1.309756600,1,0
1.309761600,0,0
1.309766800,1,0
1.309771800,0,0
1.309776900,1,0
1.309782000,0,0
1.309787100,1,0
1.309792200,0,0
1.309797300,1,0
1.309802300,0,0
1.309807500,1,0
1.309812500,0,0
1.309815700,0,1
1.309817700,1,1
1.309822700,0,1
1.309823200,0,0
1.309827900,1,0
1.309832900,0,0
1.309838100,1,0
1.309843100,0,0
1.309848200,1,0
1.309853300,0,0
1.309858400,1,0
1.309863500,0,0
1.309868600,1,0
1.309873600,0,0
1.309878800,1,0
1.309883800,0,0
1.309889000,1,0
1.309894000,0,0
1.309899200,1,0
1.309904200,0,0
1.309909400,1,0
1.309914400,0,0
1.309919500,1,0
1.309924600,0,0
1.309929700,1,0
1.309934800,0,0
1.309939900,1,0
1.309944900,0,0
1.309950100,1,0
1.309955100,0,0
1.309960300,1,0
1.309965300,0,0
1.309970500,1,0
1.309975500,0,0
1.309980600,1,0
1.309985700,0,0
1.309990800,1,0
1.309995900,0,0
1.309999100,0,1
1.310001000,1,1
1.310006000,0,1
1.310006500,0,0
1.310011200,1,0
1.310016200,0,0
1.310021400,1,0
1.310026400,0,0
1.310031600,1,0
1.310036600,0,0
1.310041800,1,0
1.310046800,0,0
1.310051900,1,0
1.310057000,0,0
1.310062100,1,0
1.310067200,0,0
1.310072300,1,0
1.310077300,0,0
1.310077900,0,1
1.310082500,1,1
1.310087500,0,1
1.310088500,0,0
1.310092700,1,0
1.310098900,1,1
1.408332000,1,0
1.408338000,0,0
1.408339200,0,1
1.408343200,1,1
1.408348200,0,1
1.408349200,0,0
1.408353400,1,0
1.408358400,0,0
1.408359600,0,1
1.408363600,1,1
1.408368600,0,1
1.408369600,0,0
1.408373800,1,0
1.408378800,0,0
1.408380000,0,1
1.408383900,1,1
1.408389000,0,1
1.408390000,0,0
1.408394100,1,0
1.408399200,0,0
1.408404300,1,0
1.408409300,0,0
1.408414500,1,0
1.408419500,0,0
1.408424700,1,0
1.408429700,0,0
1.408434900,1,0
1.408439900,0,0
1.408441100,0,1
1.408445100,1,1
1.408450100,0,1
1.408451100,0,0
1.408455200,1,0
1.408460300,0,0
1.408465400,1,0
1.408470500,0,0
1.408475600,1,0
1.408480600,0,0
1.408485800,1,0
1.408490800,0,0
1.408496000,1,0
1.408501000,0,0
1.408506200,1,0
1.408511200,0,0
1.408516300,1,0
1.408521400,0,0
1.408522000,0,1
1.408526500,1,1
1.408533600,1,0
1.408539600,0,0
1.408540700,0,1
1.408544700,1,1
1.408549800,0,1
1.408550800,0,0
1.408554900,1,0
1.408559900,0,0
1.408561100,0,1
1.408565100,1,1
1.408570100,0,1
1.408571100,0,0
1.408575300,1,0
1.408580300,0,0
1.408581500,0,1
1.408585500,1,1
1.408590500,0,1
1.408591500,0,0
1.408595600,1,0
1.408600700,0,0
1.408605800,1,0
1.408610900,0,0
1.408612100,0,1
1.408616000,1,1
1.408621000,0,1
1.408621500,0,0
1.408626200,1,0
1.408631200,0,0
1.408636400,1,0
1.408641400,0,0
1.408646600,1,0
1.408651600,0,0
1.408656800,1,0
1.408661800,0,0
1.408666900,1,0
1.408672000,0,0
1.408672600,0,1
1.408677100,1,1
1.408682200,0,1
1.408687300,1,1
1.408692300,0,1
1.408697500,1,1
1.408702500,0,1
1.408707700,1,1
1.408712700,0,1
1.408717900,1,1
1.408722900,0,1
1.408723900,0,0
1.408728000,1,0
1.408734300,1,1
1.408794100,1,0
1.408800100,0,0
1.408801200,0,1
1.408805200,1,1
1.408810300,0,1
1.408811300,0,0
1.408815400,1,0
1.408820500,0,0
1.408821600,0,1
1.408825600,1,1
1.408830600,0,1
1.408831600,0,0
1.408835800,1,0
1.408840800,0,0
1.408842000,0,1
1.408846000,1,1
1.408851000,0,1
1.408852000,0,0
1.408856200,1,0
1.408861200,0,0
1.408866300,1,0
1.408871400,0,0
1.408876500,1,0
1.408881600,0,0
1.408886700,1,0
1.408891700,0,0
1.408896900,1,0
1.408901900,0,0
1.408903100,0,1
1.408907100,1,1
1.408912100,0,1
1.408913100,0,0
1.408917300,1,0
1.408922300,0,0
1.408923500,0,1
1.408927500,1,1
1.408932500,0,1
1.408933500,0,0
1.408937600,1,0
1.408942700,0,0
1.408947800,1,0
1.408952900,0,0
1.408958000,1,0
1.408963000,0,0
1.408968200,1,0
1.408973200,0,0
1.408978400,1,0
1.408983400,0,0
1.408984000,0,1
1.408988600,1,1
1.408995600,1,0
1.409001600,0,0
1.409002800,0,1
1.409006700,1,1
1.409011800,0,1
1.409012800,0,0
1.409016900,1,0
1.409022000,0,0
1.409023200,0,1
1.409027100,1,1
1.409032200,0,1
1.409033200,0,0
1.409037300,1,0
1.409042300,0,0
1.409043500,0,1
1.409047500,1,1
1.409052500,0,1
1.409053500,0,0
1.409057700,1,0
1.409062700,0,0
1.409067900,1,0
1.409072900,0,0
1.409074100,0,1
1.409078000,1,1
1.409083100,0,1
1.409083500,0,0
1.409088200,1,0
1.409093300,0,0
1.409098400,1,0
1.409103500,0,0
1.409108600,1,0
1.409113600,0,0
1.409118800,1,0
1.409123800,0,0
1.409129000,1,0
1.409134000,0,0
1.409139200,1,0
1.409144200,0,0
1.409149300,1,0
1.409154400,0,0
1.409159500,1,0
1.409164600,0,0
1.409169700,1,0
1.409174700,0,0
1.409179900,1,0
1.409184900,0,0
1.409188100,0,1
1.409190100,1,1
1.409195100,0,1
1.409195500,0,0
1.409200300,1,0
1.409205300,0,0
1.409210500,1,0
1.409215500,0,0
1.409220600,1,0
1.409225700,0,0
1.409230800,1,0
1.409235900,0,0
1.409241000,1,0
1.409246000,0,0
1.409251200,1,0
1.409256200,0,0
1.409261400,1,0
1.409266400,0,0
1.409271600,1,0
1.409276600,0,0
1.409281800,1,0
1.409286800,0,0
1.409291900,1,0
1.409297000,0,0
1.409302100,1,0
1.409307200,0,0
1.409312300,1,0
1.409317300,0,0
1.409322500,1,0
1.409327500,0,0
1.409332700,1,0
1.409337700,0,0
1.409342900,1,0
1.409347900,0,0
1.409353000,1,0
1.409358100,0,0
1.409363200,1,0
1.409368300,0,0
1.409371500,0,1
1.409373400,1,1
1.409378400,0,1
1.409378900,0,0
1.409383600,1,0
1.409388600,0,0
1.409393800,1,0
1.409398800,0,0
1.409404000,1,0
1.409409000,0,0
1.409414200,1,0
1.409419200,0,0
1.409424300,1,0
1.409429400,0,0
1.409434500,1,0
1.409439600,0,0
1.409444700,1,0
1.409449700,0,0
1.409454900,1,0
1.409459900,0,0
1.409465100,1,0
1.409470100,0,0
1.409475300,1,0
1.409480300,0,0
1.409485500,1,0
1.409490500,0,0
1.409495600,1,0
1.409500700,0,0
1.409505800,1,0
1.409510900,0,0
1.409516000,1,0
1.409521000,0,0
1.409526200,1,0
1.409531200,0,0
1.409536400,1,0
1.409541400,0,0
1.409546600,1,0
1.409551600,0,0
1.409554800,0,1
1.409556700,1,1
1.409561800,0,1
1.409562200,0,0
1.409566900,1,0
1.409572000,0,0
1.409577100,1,0
1.409582200,0,0
1.409587300,1,0
1.409592300,0,0
1.409597500,1,0
1.409602500,0,0
1.409607700,1,0
1.409612700,0,0
1.409617900,1,0
1.409622900,0,0
1.409628000,1,0
1.409633100,0,0
1.409633700,0,1
1.409638200,1,1
1.409643300,0,1
1.409644300,0,0
1.409648400,1,0
1.409654600,1,1
1.506931800,1,0
1.506937800,0,0
1.506938900,0,1
1.506942900,1,1
1.506948000,0,1
1.506949000,0,0
1.506953100,1,0
1.506958200,0,0
1.506959300,0,1
1.506963300,1,1
1.506968300,0,1
1.506969300,0,0
1.506973500,1,0
1.506978500,0,0
1.506979700,0,1
1.506983700,1,1
1.506988700,0,1
1.506989700,0,0
1.506993900,1,0
1.506998900,0,0
1.507004100,1,0
1.507009100,0,0
1.507014200,1,0
1.507019300,0,0
1.507024400,1,0
1.507029500,0,0
1.507034600,1,0
1.507039600,0,0
1.507040900,0,1
1.507044800,1,1
1.507049800,0,1
1.507050800,0,0
1.507055000,1,0
1.507060000,0,0
1.507065200,1,0
1.507070200,0,0
1.507075300,1,0
1.507080400,0,0
1.507085500,1,0
1.507090600,0,0
1.507095700,1,0
1.507100700,0,0
1.507105900,1,0
1.507110900,0,0
1.507116100,1,0
1.507121100,0,0
1.507121800,0,1
1.507126300,1,1
1.507133300,1,0
1.507139300,0,0
1.507140500,0,1
1.507144400,1,1
1.507149500,0,1
1.507150500,0,0
1.507154600,1,0
1.507159700,0,0
1.507160900,0,1
1.507164800,1,1
1.507169900,0,1
1.507170900,0,0
1.507175000,1,0
1.507180000,0,0
1.507181200,0,1
1.507185200,1,1
1.507190200,0,1
1.507191200,0,0
1.507195400,1,0
1.507200400,0,0
1.507205600,1,0
1.507210600,0,0
1.507211800,0,1
1.507215800,1,1
1.507220800,0,1
1.507221200,0,0
1.507225900,1,0
1.507231000,0,0
1.507236100,1,0
1.507241200,0,0
1.507246300,1,0
1.507251300,0,0
1.507256500,1,0
1.507261500,0,0
1.507266700,1,0
1.507271700,0,0
1.507272300,0,1
1.507276900,1,1
1.507281900,0,1
1.507287000,1,1
1.507292100,0,1
1.507297200,1,1
1.507302300,0,1
1.507307400,1,1
1.507312500,0,1
1.507317600,1,1
1.507322600,0,1
1.507323600,0,0
1.507327800,1,0
1.507334000,1,1
1.507393800,1,0
1.507399800,0,0
1.507401000,0,1
1.507404900,1,1
1.507410000,0,1
1.507411000,0,0
1.507415100,1,0
1.507420200,0,0
1.507421400,0,1
1.507425300,1,1
1.507430400,0,1
1.507431400,0,0
1.507435500,1,0
1.507440600,0,0
1.507441700,0,1
1.507445700,1,1
1.507450700,0,1
1.507451700,0,0
1.507455900,1,0
1.507460900,0,0
1.507466100,1,0
1.507471100,0,0
1.507476300,1,0
1.507481300,0,0
1.507486500,1,0
1.507491500,0,0
1.507496600,1,0
1.507501700,0,0
1.507502900,0,1
1.507506800,1,1
1.507511900,0,1
1.507512900,0,0
1.507517000,1,0
1.507522000,0,0
1.507523200,0,1
1.507527200,1,1
1.507532200,0,1
1.507533200,0,0
1.507537400,1,0
1.507542400,0,0
1.507547600,1,0
1.507552600,0,0
1.507557800,1,0
1.507562800,0,0
1.507567900,1,0
1.507573000,0,0
1.507578100,1,0
1.507583200,0,0
1.507583800,0,1
1.507588300,1,1
1.507595300,1,0
1.507601300,0,0
1.507602500,0,1
1.507606500,1,1
1.507611500,0,1
1.507612500,0,0
1.507616700,1,0
1.507621700,0,0
1.507622900,0,1
1.507626900,1,1
1.507631900,0,1
1.507632900,0,0
1.507637000,1,0
1.507642100,0,0
1.507643300,0,1
1.507647200,1,1
1.507652300,0,1
1.507653300,0,0
1.507657400,1,0
1.507662400,0,0
1.507667600,1,0
1.507672600,0,0
1.507673800,0,1
1.507677800,1,1
1.507682800,0,1
1.507683200,0,0
1.507688000,1,0
1.507693000,0,0
1.507698200,1,0
1.507703200,0,0
1.507708300,1,0
1.507713400,0,0
1.507718500,1,0
1.507723600,0,0
1.507728700,1,0
1.507733700,0,0
1.507738900,1,0
1.507743900,0,0
1.507749100,1,0
1.507754100,0,0
1.507759300,1,0
1.507764300,0,0
1.507769500,1,0
1.507774500,0,0
1.507779600,1,0
1.507784700,0,0
1.507787900,0,1
1.507789800,1,1
1.507794900,0,1
1.507795300,0,0
1.507800000,1,0
1.507805000,0,0
1.507810200,1,0
1.507815200,0,0
1.507820400,1,0
1.507825400,0,0
1.507830600,1,0
1.507835600,0,0
1.507840700,1,0
1.507845800,0,0
1.507850900,1,0
1.507856000,0,0
1.507861100,1,0
1.507866200,0,0
1.507871300,1,0
1.507876300,0,0
1.507881500,1,0
1.507886500,0,0
1.507891700,1,0
1.507896700,0,0
1.507901900,1,0
1.507906900,0,0
1.507912000,1,0
1.507917100,0,0
1.507922200,1,0
1.507927300,0,0
1.507932400,1,0
1.507937400,0,0
1.507942600,1,0
1.507947600,0,0
1.507952800,1,0
1.507957800,0,0
1.507963000,1,0
1.507968000,0,0
1.507971200,0,1
1.507973200,1,1
1.507978200,0,1
1.507978600,0,0
1.507983300,1,0
1.507988400,0,0
1.507993500,1,0
1.507998600,0,0
1.508003700,1,0
1.508008700,0,0
1.508013900,1,0
1.508018900,0,0
1.508024100,1,0
1.508029100,0,0
1.508034300,1,0
1.508039300,0,0
1.508044500,1,0
1.508049500,0,0
1.508054600,1,0
1.508059700,0,0
1.508064800,1,0
1.508069900,0,0
1.508075000,1,0
1.508080000,0,0
1.508085200,1,0
1.508090200,0,0
1.508095400,1,0
1.508100400,0,0
1.508105600,1,0
1.508110600,0,0
1.508115700,1,0
1.508120800,0,0
1.508125900,1,0
1.508131000,0,0
1.508136100,1,0
1.508141100,0,0
1.508146300,1,0
1.508151300,0,0
1.508154500,0,1
1.508156500,1,1
1.508161500,0,1
1.508161900,0,0
1.508166700,1,0
1.508171700,0,0
1.508176900,1,0
1.508181900,0,0
1.508187000,1,0
1.508192100,0,0
1.508197200,1,0
1.508202300,0,0
1.508207400,1,0
1.508212400,0,0
1.508217600,1,0
1.508222600,0,0
1.508227800,1,0
1.508232800,0,0
1.508233500,0,1
1.508238000,1,1
1.508243000,0,1
1.508244000,0,0
1.508248200,1,0
1.508254400,1,1
1.605533500,1,0
1.605539500,0,0
1.605540700,0,1
1.605544600,1,1
1.605549700,0,1
1.605550700,0,0
1.605554900,1,0
1.605559900,0,0
1.605561100,0,1
1.605565000,1,1
1.605570100,0,1
1.605571100,0,0
1.605575200,1,0
1.605580300,0,0
1.605581500,0,1
1.605585400,1,1
1.605590500,0,1
1.605591500,0,0
1.605595600,1,0
1.605600600,0,0
1.605605800,1,0
1.605610800,0,0
1.605616000,1,0
1.605621000,0,0
1.605626200,1,0
1.605631200,0,0
1.605636300,1,0
1.605641400,0,0
1.605642600,0,1
1.605646500,1,1
1.605651600,0,1
1.605652600,0,0
1.605656700,1,0
1.605661700,0,0
1.605666900,1,0
1.605671900,0,0
1.605677100,1,0
1.605682100,0,0
1.605687300,1,0
1.605692300,0,0
1.605697500,1,0
1.605702500,0,0
1.605707600,1,0
1.605712700,0,0
1.605717800,1,0
1.605722900,0,0
1.605723500,0,1
1.605728000,1,1
1.605735000,1,0
1.605741000,0,0
1.605742200,0,1
1.605746200,1,1
1.605751200,0,1
1.605752200,0,0
1.605756400,1,0
1.605761400,0,0
1.605762600,0,1
1.605766600,1,1
1.605771600,0,1
1.605772600,0,0
1.605776800,1,0
1.605781800,0,0
1.605783000,0,1
1.605786900,1,1
1.605792000,0,1
1.605793000,0,0
1.605797100,1,0
1.605802200,0,0
1.605807300,1,0
1.605812300,0,0
1.605813500,0,1
1.605817500,1,1
1.605822500,0,1
1.605822900,0,0
1.605827700,1,0
1.605832700,0,0
1.605837900,1,0
1.605842900,0,0
1.605848000,1,0
1.605853100,0,0
1.605858200,1,0
1.605863300,0,0
1.605868400,1,0
1.605873400,0,0
1.605874100,0,1
1.605878600,1,1
1.605883600,0,1
1.605888800,1,1
1.605893800,0,1
1.605899000,1,1
1.605904000,0,1
1.605909200,1,1
1.605914200,0,1
1.605919300,1,1
1.605924400,0,1
1.605925400,0,0
1.605929500,1,0
1.605935700,1,1
1.605995600,1,0
1.606001600,0,0
1.606002700,0,1
1.606006700,1,1
1.606011700,0,1
1.606012700,0,0
1.606016900,1,0
1.606021900,0,0
1.606023100,0,1
1.606027100,1,1
1.606032100,0,1
1.606033100,0,0
1.606037300,1,0
1.606042300,0,0
1.606043500,0,1
1.606047500,1,1
1.606052500,0,1
1.606053500,0,0
1.606057600,1,0
1.606062700,0,0
1.606067800,1,0
1.606072900,0,0
1.606078000,1,0
1.606083000,0,0
1.606088200,1,0
1.606093200,0,0
1.606098400,1,0
1.606103400,0,0
1.606104600,0,1
1.606108600,1,1
1.606113600,0,1
1.606114600,0,0
1.606118700,1,0
1.606123800,0,0
1.606125000,0,1
1.606128900,1,1
1.606134000,0,1
1.606135000,0,0
1.606139100,1,0
1.606144200,0,0
1.606149300,1,0
1.606154300,0,0
1.606159500,1,0
1.606164500,0,0
1.606169700,1,0
1.606174700,0,0
1.606179900,1,0
1.606184900,0,0
1.606185500,0,1
1.606190000,1,1
1.606197100,1,0
1.606203100,0,0
1.606204300,0,1
1.606208200,1,1
1.606213300,0,1
1.606214300,0,0
1.606218400,1,0
1.606223400,0,0
1.606224600,0,1
1.606228600,1,1
1.606233600,0,1
1.606234600,0,0
1.606238800,1,0
1.606243800,0,0
1.606245000,0,1
1.606249000,1,1
1.606254000,0,1
1.606255000,0,0
1.606259200,1,0
1.606264200,0,0
1.606269300,1,0
1.606274400,0,0
1.606275600,0,1
1.606279500,1,1
1.606284600,0,1
1.606284900,0,0
1.606289700,1,0
1.606294700,0,0
1.606299900,1,0
1.606304900,0,0
1.606310100,1,0
1.606315100,0,0
1.606320300,1,0
1.606325300,0,0
1.606330500,1,0
1.606335500,0,0
1.606340600,1,0
1.606345700,0,0
1.606350800,1,0
1.606355900,0,0
1.606361000,1,0
1.606366000,0,0
1.606371200,1,0
1.606376200,0,0
1.606381400,1,0
1.606386400,0,0
1.606389600,0,1
1.606391600,1,1
1.606396600,0,1
1.606397000,0,0
1.606401700,1,0
1.606406800,0,0
1.606411900,1,0
1.606417000,0,0
1.606422100,1,0
1.606427100,0,0
1.606432300,1,0
1.606437300,0,0
1.606442500,1,0
1.606447500,0,0
1.606452700,1,0
1.606457700,0,0
1.606462900,1,0
1.606467900,0,0
1.606473000,1,0
1.606478100,0,0
1.606483200,1,0
1.606488300,0,0
1.606493400,1,0
1.606498400,0,0
1.606503600,1,0
1.606508600,0,0
1.606513800,1,0
1.606518800,0,0
1.606524000,1,0
1.606529000,0,0
1.606534200,1,0
1.606539200,0,0
1.606544300,1,0
1.606549400,0,0
1.606554500,1,0
1.606559600,0,0
1.606564700,1,0
1.606569700,0,0
1.606573000,0,1
1.606574900,1,1
1.606579900,0,1
1.606580400,0,0
1.606585100,1,0
1.606590100,0,0
1.606595300,1,0
1.606600300,0,0
1.606605400,1,0
1.606610500,0,0
1.606615600,1,0
1.606620700,0,0
1.606625800,1,0
1.606630900,0,0
1.606636000,1,0
1.606641000,0,0
1.606646200,1,0
1.606651200,0,0
1.606656400,1,0
1.606661400,0,0
1.606666600,1,0
1.606671600,0,0
1.606676700,1,0
1.606681800,0,0
1.606686900,1,0
1.606692000,0,0
1.606697100,1,0
1.606702100,0,0
1.606707300,1,0
1.606712300,0,0
1.606717500,1,0
1.606722500,0,0
1.606727700,1,0
1.606732700,0,0
1.606737900,1,0
1.606742900,0,0
1.606748000,1,0
1.606753100,0,0
1.606756300,0,1
1.606758200,1,1
1.606763300,0,1
1.606763600,0,0
1.606768400,1,0
1.606773400,0,0
1.606778600,1,0
1.606783600,0,0
1.606788800,1,0
1.606793800,0,0
1.606799000,1,0
1.606804000,0,0
1.606809200,1,0
1.606814200,0,0
1.606819300,1,0
1.606824400,0,0
1.606829500,1,0
1.606834600,0,0
1.606835200,0,1
1.606839700,1,1
1.606844700,0,1
1.606845700,0,0
1.606849900,1,0
1.606856100,1,1
1.704989300,1,0
1.704995300,0,0
1.704996400,0,1
1.705000400,1,1
1.705005400,0,1
1.705006400,0,0
1.705010600,1,0
1.705015600,0,0
1.705016800,0,1
1.705020800,1,1
1.705025800,0,1
1.705026800,0,0
1.705031000,1,0
1.705036000,0,0
1.705037200,0,1
1.705041100,1,1
1.705046200,0,1
1.705047200,0,0
1.705051300,1,0
1.705056400,0,0
1.705061500,1,0
1.705066600,0,0
1.705071700,1,0
1.705076700,0,0
1.705081900,1,0
1.705086900,0,0
1.705092100,1,0
1.705097100,0,0
1.705098300,0,1
1.705102300,1,1
1.705107300,0,1
1.705108300,0,0
1.705112400,1,0
1.705117500,0,0
1.705122600,1,0
1.705127700,0,0
1.705132800,1,0
1.705137800,0,0
1.705143000,1,0
1.705148000,0,0
1.705153200,1,0
1.705158200,0,0
1.705163400,1,0
1.705168400,0,0
1.705173600,1,0
1.705178600,0,0
1.705179200,0,1
1.705183700,1,1
1.705190800,1,0
1.705196800,0,0
1.705198000,0,1
1.705201900,1,1
1.705207000,0,1
1.705208000,0,0
1.705212100,1,0
1.705217100,0,0
1.705218300,0,1
1.705222300,1,1
1.705227300,0,1
1.705228300,0,0
1.705232500,1,0
1.705237500,0,0
1.705238700,0,1
1.705242700,1,1
1.705247700,0,1
1.705248700,0,0
1.705252900,1,0
1.705257900,0,0
1.705263000,1,0
1.705268100,0,0
1.705269300,0,1
1.705273200,1,1
1.705278300,0,1
1.705278700,0,0
1.705283400,1,0
1.705288400,0,0
1.705293600,1,0
1.705298600,0,0
1.705303800,1,0
1.705308800,0,0
1.705314000,1,0
1.705319000,0,0
1.705324100,1,0
1.705329200,0,0
1.705329800,0,1
1.705334300,1,1
1.705339400,0,1
1.705344500,1,1
1.705349600,0,1
1.705354700,1,1
1.705359700,0,1
1.705364900,1,1
1.705369900,0,1
1.705375100,1,1
1.705380100,0,1
1.705381100,0,0
1.705385300,1,0
1.705391500,1,1
1.705451300,1,0
1.705457300,0,0
1.705458500,0,1
1.705462400,1,1
1.705467500,0,1
1.705468500,0,0
1.705472600,1,0
1.705477700,0,0
1.705478800,0,1
1.705482800,1,1
1.705487800,0,1
1.705488800,0,0
1.705493000,1,0
1.705498000,0,0
1.705499200,0,1
1.705503200,1,1
1.705508200,0,1
1.705509200,0,0
1.705513400,1,0
1.705518400,0,0
1.705523600,1,0
1.705528600,0,0
1.705533700,1,0
1.705538800,0,0
1.705543900,1,0
1.705549000,0,0
1.705554100,1,0
1.705559100,0,0
1.705560400,0,1
1.705564300,1,1
1.705569300,0,1
1.705570300,0,0
1.705574500,1,0
1.705579500,0,0
1.705580700,0,1
1.705584700,1,1
1.705589700,0,1
1.705590700,0,0
1.705594900,1,0
1.705599900,0,0
1.705605000,1,0
1.705610100,0,0
1.705615200,1,0
1.705620300,0,0
1.705625400,1,0
1.705630400,0,0
1.705635600,1,0
1.705640600,0,0
1.705641200,0,1
1.705645800,1,1
1.705652800,1,0
1.705658800,0,0
1.705660000,0,1
1.705663900,1,1
1.705669000,0,1
1.705670000,0,0
1.705674100,1,0
1.705679200,0,0
1.705680400,0,1
1.705684300,1,1
1.705689400,0,1
1.705690400,0,0
1.705694500,1,0
1.705699500,0,0
1.705700700,0,1
1.705704700,1,1
1.705709700,0,1
1.705710700,0,0
1.705714900,1,0
1.705719900,0,0
1.705725100,1,0
1.705730100,0,0
1.705731300,0,1
1.705735300,1,1
1.705740300,0,1
1.705740700,0,0
1.705745400,1,0
1.705750500,0,0
1.705755600,1,0
1.705760700,0,0
1.705765800,1,0
1.705770800,0,0
1.705776000,1,0
1.705781000,0,0
1.705786200,1,0
1.705791200,0,0
1.705796400,1,0
1.705801400,0,0
1.705806600,1,0
1.705811600,0,0
1.705816700,1,0
1.705821800,0,0
1.705826900,1,0
1.705832000,0,0
1.705837100,1,0
1.705842100,0,0
1.705845400,0,1
1.705847300,1,1
1.705852300,0,1
1.705852700,0,0
1.705857500,1,0
1.705862500,0,0
1.705867700,1,0
1.705872700,0,0
1.705877800,1,0
1.705882900,0,0
1.705888000,1,0
1.705893100,0,0
1.705898200,1,0
1.705903300,0,0
1.705908400,1,0
1.705913400,0,0
1.705918600,1,0
1.705923600,0,0
1.705928800,1,0
1.705933800,0,0
1.705939000,1,0
1.705944000,0,0
1.705949100,1,0
1.705954200,0,0
1.705959300,1,0
1.705964400,0,0
1.705969500,1,0
1.705974500,0,0
1.705979700,1,0
1.705984700,0,0
1.705989900,1,0
1.705994900,0,0
1.706000100,1,0
1.706005100,0,0
1.706010300,1,0
1.706015300,0,0
1.706020400,1,0
1.706025500,0,0
1.706028700,0,1
1.706030600,1,1
1.706035700,0,1
1.706036100,0,0
1.706040800,1,0
1.706045800,0,0
1.706051000,1,0
1.706056000,0,0
1.706061200,1,0
1.706066200,0,0
1.706071400,1,0
1.706076400,0,0
1.706081600,1,0
1.706086600,0,0
1.706091700,1,0
1.706096800,0,0
1.706101900,1,0
1.706107000,0,0
1.706112100,1,0
1.706117100,0,0
1.706122300,1,0
1.706127300,0,0
1.706132500,1,0
1.706137500,0,0
1.706142700,1,0
1.706147700,0,0
1.706152800,1,0
1.706157900,0,0
1.706163000,1,0
1.706168100,0,0
1.706173200,1,0
1.706178200,0,0
1.706183400,1,0
1.706188400,0,0
1.706193600,1,0
1.706198600,0,0
1.706203800,1,0
1.706208800,0,0
1.706212000,0,1
1.706214000,1,1
1.706219000,0,1
1.706219400,0,0
1.706224100,1,0
1.706229200,0,0
1.706234300,1,0
1.706239400,0,0
1.706244500,1,0
1.706249500,0,0
1.706254700,1,0
1.706259700,0,0
1.706264900,1,0
1.706269900,0,0
1.706275100,1,0
1.706280100,0,0
1.706285300,1,0
1.706290300,0,0
1.706290900,0,1
1.706295400,1,1
1.706300500,0,1
1.706301500,0,0
1.706305600,1,0
1.706311800,1,1
1.803579000,1,0
1.803585000,0,0
1.803586200,0,1
1.803590100,1,1
1.803595200,0,1
1.803596200,0,0
1.803600300,1,0
1.803605400,0,0
1.803606500,0,1
1.803610500,1,1
1.803615600,0,1
1.803616600,0,0
1.803620700,1,0
1.803625700,0,0
1.803626900,0,1
1.803630900,1,1
1.803635900,0,1
1.803636900,0,0
1.803641100,1,0
1.803646100,0,0
1.803651300,1,0
1.803656300,0,0
1.803661400,1,0
1.803666500,0,0
1.803671600,1,0
1.803676700,0,0
1.803681800,1,0
1.803686800,0,0
1.803688100,0,1
1.803692000,1,1
1.803697000,0,1
1.803698000,0,0
1.803702200,1,0
1.803707200,0,0
1.803712400,1,0
1.803717400,0,0
1.803722600,1,0
1.803727600,0,0
1.803732700,1,0
1.803737800,0,0
1.803742900,1,0
1.803748000,0,0
1.803753100,1,0
1.803758100,0,0
1.803763300,1,0
1.803768300,0,0
1.803769000,0,1
1.803773500,1,1
1.803780500,1,0
1.803786500,0,0
1.803787700,0,1
1.803791700,1,1
1.803796700,0,1
1.803797700,0,0
1.803801800,1,0
1.803806900,0,0
1.803808100,0,1
1.803812000,1,1
1.803817100,0,1
1.803818100,0,0
1.803822200,1,0
1.803827300,0,0
1.803828400,0,1
1.803832400,1,1
1.803837400,0,1
1.803838400,0,0
1.803842600,1,0
1.803847600,0,0
1.803852800,1,0
1.803857800,0,0
1.803859000,0,1
1.803863000,1,1
1.803868000,0,1
1.803868400,0,0
1.803873100,1,0
1.803878200,0,0
1.803883300,1,0
1.803888400,0,0
1.803893500,1,0
1.803898500,0,0
1.803903700,1,0
1.803908700,0,0
1.803913900,1,0
1.803918900,0,0
1.803919600,0,1
1.803924100,1,1
1.803929100,0,1
1.803934300,1,1
1.803939300,0,1
1.803944400,1,1
1.803949500,0,1
1.803954600,1,1
1.803959700,0,1
1.803964800,1,1
1.803969800,0,1
1.803970800,0,0
1.803975000,1,0
1.803981200,1,1
1.804049000,1,0
1.804055000,0,0
1.804056200,0,1
1.804060200,1,1
1.804065200,0,1
1.804066200,0,0
1.804070400,1,0
1.804075400,0,0
1.804076600,0,1
1.804080500,1,1
1.804085600,0,1
1.804086600,0,0
1.804090700,1,0
1.804095800,0,0
1.804097000,0,1
1.804100900,1,1
1.804106000,0,1
1.804107000,0,0
1.804111100,1,0
1.804116100,0,0
1.804121300,1,0
1.804126300,0,0
1.804131500,1,0
1.804136500,0,0
1.804141700,1,0
1.804146700,0,0
1.804151800,1,0
1.804156900,0,0
1.804158100,0,1
1.804162000,1,1
1.804167100,0,1
1.804168100,0,0
1.804172200,1,0
1.804177300,0,0
1.804178400,0,1
1.804182400,1,1
1.804187400,0,1
1.804188400,0,0
1.804192600,1,0
1.804197600,0,0
1.804202800,1,0
1.804207800,0,0
1.804213000,1,0
1.804218000,0,0
1.804223100,1,0
1.804228200,0,0
1.804233300,1,0
1.804238400,0,0
1.804239000,0,1
1.804243500,1,1
1.804250500,1,0
1.804256500,0,0
1.804257700,0,1
1.804261700,1,1
1.804266700,0,1
1.804267700,0,0
1.804271900,1,0
1.804276900,0,0
1.804278100,0,1
1.804282100,1,1
1.804287100,0,1
1.804288100,0,0
1.804292300,1,0
1.804297300,0,0
1.804298500,0,1
1.804302400,1,1
1.804307500,0,1
1.804308500,0,0
1.804312600,1,0
1.804317700,0,0
1.804322800,1,0
1.804327800,0,0
1.804329000,0,1
1.804333000,1,1
1.804338000,0,1
1.804338500,0,0
1.804343200,1,0
1.804348200,0,0
1.804353400,1,0
1.804358400,0,0
1.804363600,1,0
1.804368600,0,0
1.804373700,1,0
1.804378800,0,0
1.804383900,1,0
1.804389000,0,0
1.804394100,1,0
1.804399100,0,0
1.804404300,1,0
1.804409300,0,0
1.804414500,1,0
1.804419500,0,0
1.804424700,1,0
1.804429700,0,0
1.804434800,1,0
1.804439900,0,0
1.804443100,0,1
1.804445000,1,1
1.804450100,0,1
1.804450500,0,0
1.804455200,1,0
1.804460200,0,0
1.804465400,1,0
1.804470400,0,0
1.804475600,1,0
1.804480600,0,0
1.804485800,1,0
1.804490800,0,0
1.804496000,1,0
1.804501000,0,0
1.804506100,1,0
1.804511200,0,0
1.804516300,1,0
1.804521400,0,0
1.804526500,1,0
1.804531500,0,0
1.804536700,1,0
1.804541700,0,0
1.804546900,1,0
1.804551900,0,0
1.804557100,1,0
1.804562100,0,0
1.804567300,1,0
1.804572300,0,0
1.804577400,1,0
1.804582500,0,0
1.804587600,1,0
1.804592700,0,0
1.804597800,1,0
1.804602800,0,0
1.804608000,1,0
1.804613000,0,0
1.804618200,1,0
1.804623200,0,0
1.804626400,0,1
1.804628400,1,1
1.804633400,0,1
1.804633800,0,0
1.804638500,1,0
1.804643600,0,0
1.804648700,1,0
1.804653800,0,0
1.804658900,1,0
1.804664000,0,0
1.804669100,1,0
1.804674100,0,0
1.804679300,1,0
1.804684300,0,0
1.804689500,1,0
1.804694500,0,0
1.804699700,1,0
1.804704700,0,0
1.804709800,1,0
1.804714900,0,0
1.804720000,1,0
1.804725100,0,0
1.804730200,1,0
1.804735200,0,0
1.804740400,1,0
1.804745400,0,0
1.804750600,1,0
1.804755600,0,0
1.804760800,1,0
1.804765800,0,0
1.804771000,1,0
1.804776000,0,0
1.804781100,1,0
1.804786200,0,0
1.804791300,1,0
1.804796400,0,0
1.804801500,1,0
1.804806500,0,0
1.804809800,0,1
1.804811700,1,1
1.804816700,0,1
1.804817100,0,0
1.804821900,1,0
1.804826900,0,0
1.804832100,1,0
1.804837100,0,0
1.804842300,1,0
1.804847300,0,0
1.804852400,1,0
1.804857500,0,0
1.804862600,1,0
1.804867700,0,0
1.804872800,1,0
1.804877800,0,0
1.804883000,1,0
1.804888000,0,0
1.804888600,0,1
1.804893200,1,1
1.804898200,0,1
1.804899200,0,0
1.804903400,1,0
1.804909600,1,1
1.902143700,1,0
1.902149700,0,0
1.902150900,0,1
1.902154900,1,1
1.902159900,0,1
1.902160900,0,0
1.902165100,1,0
1.902170100,0,0
1.902171300,0,1
1.902175300,1,1
1.902180300,0,1
1.902181300,0,0
1.902185400,1,0
1.902190500,0,0
1.902191700,0,1
1.902195600,1,1
1.902200700,0,1
1.902201700,0,0
1.902205800,1,0
1.902210800,0,0
1.902216000,1,0
1.902221000,0,0
1.902226200,1,0
1.902231200,0,0
1.902236400,1,0
1.902241400,0,0
1.902246600,1,0
1.902251600,0,0
1.902252800,0,1
1.902256700,1,1
1.902261800,0,1
1.902262800,0,0
1.902266900,1,0
1.902272000,0,0
1.902277100,1,0
1.902282100,0,0
1.902287300,1,0
1.902292300,0,0
1.902297500,1,0
1.902302500,0,0
1.902307700,1,0
1.902312700,0,0
1.902317900,1,0
1.902322900,0,0
1.902328000,1,0
1.902333100,0,0
1.902333700,0,1
1.902338200,1,1
1.902345300,1,0
1.902351300,0,0
1.902352400,0,1
1.902356400,1,1
1.902361400,0,1
1.902362400,0,0
1.902366600,1,0
1.902371600,0,0
1.902372800,0,1
1.902376800,1,1
1.902381800,0,1
1.902382800,0,0
1.902387000,1,0
1.902392000,0,0
1.902393200,0,1
1.902397100,1,1
1.902402200,0,1
1.902403200,0,0
1.902407300,1,0
1.902412400,0,0
1.902417500,1,0
1.902422500,0,0
1.902423800,0,1
1.902427700,1,1
1.902432700,0,1
1.902433100,0,0
1.902437900,1,0
1.902442900,0,0
1.902448100,1,0
1.902453100,0,0
1.902458300,1,0
1.902463300,0,0
1.902468400,1,0
1.902473500,0,0
1.902478600,1,0
1.902483700,0,0
1.902484200,0,1
1.902488800,1,1
1.902493800,0,1
1.902499000,1,1
1.902504000,0,1
1.902509200,1,1
1.902514200,0,1
1.902519400,1,1
1.902524400,0,1
1.902529500,1,1
1.902534600,0,1
1.902535600,0,0
1.902539700,1,0
1.902545900,1,1
1.902613800,1,0
1.902619800,0,0
1.902620900,0,1
1.902624900,1,1
1.902630000,0,1
1.902631000,0,0
1.902635100,1,0
1.902640100,0,0
1.902641300,0,1
1.902645300,1,1
1.902650300,0,1
1.902651300,0,0
1.902655500,1,0
1.902660500,0,0
1.902661700,0,1
1.902665700,1,1
1.902670700,0,1
1.902671700,0,0
1.902675800,1,0
1.902680900,0,0
1.902686000,1,0
1.902691100,0,0
1.902696200,1,0
1.902701200,0,0
1.902706400,1,0
1.902711400,0,0
1.902716600,1,0
1.902721600,0,0
1.902722800,0,1
1.902726800,1,1
1.902731800,0,1
1.902732800,0,0
1.902737000,1,0
1.902742000,0,0
1.902743200,0,1
1.902747100,1,1
1.902752200,0,1
1.902753200,0,0
1.902757300,1,0
1.902762400,0,0
1.902767500,1,0
1.902772500,0,0
1.902777700,1,0
1.902782700,0,0
1.902787900,1,0
1.902792900,0,0
1.902798100,1,0
1.902803100,0,0
1.902803700,0,1
1.902808300,1,1
1.902815300,1,0
1.902821300,0,0
1.902822500,0,1
1.902826400,1,1
1.902831500,0,1
1.902832500,0,0
1.902836600,1,0
1.902841700,0,0
1.902842800,0,1
1.902846800,1,1
1.902851800,0,1
1.902852800,0,0
1.902857000,1,0
1.902862000,0,0
1.902863200,0,1
1.902867200,1,1
1.902872200,0,1
1.902873200,0,0
1.902877400,1,0
1.902882400,0,0
1.902887500,1,0
1.902892600,0,0
1.902893800,0,1
1.902897700,1,1
1.902902800,0,1
1.902903200,0,0
1.902907900,1,0
1.902913000,0,0
1.902918100,1,0
1.902923100,0,0
1.902928300,1,0
1.902933300,0,0
1.902938500,1,0
1.902943500,0,0
1.902948700,1,0
1.902953700,0,0
1.902958800,1,0
1.902963900,0,0
1.902969000,1,0
1.902974100,0,0
1.902979200,1,0
1.902984200,0,0
1.902989400,1,0
1.902994400,0,0
1.902999600,1,0
1.903004600,0,0
1.903007800,0,1
1.903009800,1,1
1.903014800,0,1
1.903015200,0,0
1.903020000,1,0
1.903025000,0,0
1.903030100,1,0
1.903035200,0,0
1.903040300,1,0
1.903045400,0,0
1.903050500,1,0
1.903055500,0,0
1.903060700,1,0
1.903065700,0,0
1.903070900,1,0
1.903075900,0,0
1.903081100,1,0
1.903086100,0,0
1.903091300,1,0
1.903096300,0,0
1.903101400,1,0
1.903106500,0,0
1.903111600,1,0
1.903116700,0,0
1.903121800,1,0
1.903126800,0,0
1.903132000,1,0
1.903137000,0,0
1.903142200,1,0
1.903147200,0,0
1.903152400,1,0
1.903157400,0,0
1.903162500,1,0
1.903167600,0,0
1.903172700,1,0
1.903177800,0,0
1.903182900,1,0
1.903187900,0,0
1.903191200,0,1
1.903193100,1,1
1.903198100,0,1
1.903198500,0,0
1.903203300,1,0
1.903208300,0,0
1.903213500,1,0
1.903218500,0,0
1.903223700,1,0
1.903228700,0,0
1.903233800,1,0
1.903238900,0,0
1.903244000,1,0
1.903249100,0,0
1.903254200,1,0
1.903259200,0,0
1.903264400,1,0
1.903269400,0,0
1.903274600,1,0
1.903279600,0,0
1.903284800,1,0
1.903289800,0,0
1.903295000,1,0
1.903300000,0,0
1.903305100,1,0
1.903310200,0,0
1.903315300,1,0
1.903320400,0,0
1.903325500,1,0
1.903330500,0,0
1.903335700,1,0
1.903340700,0,0
1.903345900,1,0
1.903350900,0,0
1.903356100,1,0
1.903361100,0,0
1.903366200,1,0
1.903371300,0,0
1.903374500,0,1
1.903376400,1,1
1.903381500,0,1
1.903381900,0,0
1.903386600,1,0
1.903391700,0,0
1.903396800,1,0
1.903401800,0,0
1.903407000,1,0
1.903412000,0,0
1.903417200,1,0
1.903422200,0,0
1.903427400,1,0
1.903432400,0,0
1.903437500,1,0
1.903442600,0,0
1.903447700,1,0
1.903452800,0,0
1.903453400,0,1
1.903457900,1,1
1.903462900,0,1
1.903463900,0,0
1.903468100,1,0
1.903474300,1,1
2.001676500,1,0
2.001682500,0,0
2.001683600,0,1
2.001687600,1,1
2.001692700,0,1
2.001693700,0,0
2.001697800,1,0
2.001702800,0,0
2.001704000,0,1
2.001708000,1,1
2.001713000,0,1
2.001714000,0,0
2.001718200,1,0
2.001723200,0,0
2.001724400,0,1
2.001728400,1,1
2.001733400,0,1
2.001734400,0,0
2.001738500,1,0
2.001743600,0,0
2.001748700,1,0
2.001753800,0,0
2.001758900,1,0
2.001763900,0,0
2.001769100,1,0
2.001774100,0,0
2.001779300,1,0
2.001784300,0,0
2.001785500,0,1
2.001789500,1,1
2.001794500,0,1
2.001795500,0,0
2.001799700,1,0
2.001804700,0,0
2.001809800,1,0
2.001814900,0,0
2.001820000,1,0
2.001825100,0,0
2.001830200,1,0
2.001835200,0,0
2.001840400,1,0
2.001845400,0,0
2.001850600,1,0
2.001855600,0,0
2.001860800,1,0
2.001865800,0,0
2.001866500,0,1
2.001870900,1,1
2.001878000,1,0
2.001884000,0,0
2.001885200,0,1
2.001889100,1,1
2.001894200,0,1
2.001895200,0,0
2.001899300,1,0
2.001904400,0,0
2.001905500,0,1
2.001909500,1,1
2.001914500,0,1
2.001915500,0,0
2.001919700,1,0
2.001924700,0,0
2.001925900,0,1
2.001929900,1,1
2.001934900,0,1
2.001935900,0,0
2.001940100,1,0
2.001945100,0,0
2.001950200,1,0
2.001955300,0,0
2.001956500,0,1
2.001960400,1,1
2.001965500,0,1
2.001965900,0,0
2.001970600,1,0
2.001975600,0,0
2.001980800,1,0
2.001985800,0,0
2.001991000,1,0
2.001996000,0,0
2.002001200,1,0
2.002006200,0,0
2.002011400,1,0
2.002016400,0,0
2.002017000,0,1
2.002021500,1,1
2.002026600,0,1
2.002031700,1,1
2.002036800,0,1
2.002041900,1,1
2.002046900,0,1
2.002052100,1,1
2.002057100,0,1
2.002062300,1,1
2.002067300,0,1
2.002068300,0,0
2.002072500,1,0
2.002078700,1,1
2.002146500,1,0
2.002152500,0,0
2.002153700,0,1
2.002157600,1,1
2.002162700,0,1
2.002163700,0,0
2.002167800,1,0
2.002172900,0,0
2.002174100,0,1
2.002178000,1,1
2.002183100,0,1
2.002184100,0,0
2.002188200,1,0
2.002193200,0,0
2.002194400,0,1
2.002198400,1,1
2.002203400,0,1
2.002204400,0,0
2.002208600,1,0
2.002213600,0,0
2.002218800,1,0
2.002223800,0,0
2.002228900,1,0
2.002234000,0,0
2.002239100,1,0
2.002244200,0,0
2.002249300,1,0
2.002254400,0,0
2.002255600,0,1
2.002259500,1,1
2.002264500,0,1
2.002265500,0,0
2.002269700,1,0
2.002274700,0,0
2.002275900,0,1
2.002279900,1,1
2.002284900,0,1
2.002285900,0,0
2.002290100,1,0
2.002295100,0,0
2.002300200,1,0
2.002305300,0,0
2.002310400,1,0
2.002315500,0,0
2.002320600,1,0
2.002325600,0,0
2.002330800,1,0
2.002335800,0,0
2.002336500,0,1
2.002341000,1,1
2.002348000,1,0
2.002354000,0,0
2.002355200,0,1
2.002359200,1,1
2.002364200,0,1
2.002365200,0,0
2.002369400,1,0
2.002374400,0,0
2.002375600,0,1
2.002379500,1,1
2.002384600,0,1
2.002385600,0,0
2.002389700,1,0
2.002394800,0,0
2.002395900,0,1
2.002399900,1,1
2.002404900,0,1
2.002405900,0,0
2.002410100,1,0
2.002415100,0,0
2.002420300,1,0
2.002425300,0,0
2.002426500,0,1
2.002430500,1,1
2.002435500,0,1
2.002436000,0,0
2.002440700,1,0
2.002445700,0,0
2.002450800,1,0
2.002455900,0,0
2.002461000,1,0
2.002466100,0,0
2.002471200,1,0
2.002476200,0,0
2.002481400,1,0
2.002486400,0,0
2.002491600,1,0
2.002496600,0,0
2.002501800,1,0
2.002506800,0,0
2.002511900,1,0
2.002517000,0,0
2.002522100,1,0
2.002527200,0,0
2.002532300,1,0
2.002537300,0,0
2.002540600,0,1
2.002542500,1,1
2.002547500,0,1
2.002548000,0,0
2.002552700,1,0
2.002557700,0,0
2.002562900,1,0
2.002567900,0,0
2.002573100,1,0
2.002578100,0,0
2.002583200,1,0
2.002588300,0,0
2.002593400,1,0
2.002598500,0,0
2.002603600,1,0
2.002608600,0,0
2.002613800,1,0
2.002618800,0,0
2.002624000,1,0
2.002629000,0,0
2.002634200,1,0
2.002639200,0,0
2.002644400,1,0
2.002649400,0,0
2.002654500,1,0
2.002659600,0,0
2.002664700,1,0
2.002669800,0,0
2.002674900,1,0
2.002679900,0,0
2.002685100,1,0
2.002690100,0,0
2.002695300,1,0
2.002700300,0,0
2.002705500,1,0
2.002710500,0,0
2.002715600,1,0
2.002720700,0,0
2.002723900,0,1
2.002725800,1,1
2.002730900,0,1
2.002731300,0,0
2.002736000,1,0
2.002741100,0,0
2.002746200,1,0
2.002751200,0,0
2.002756400,1,0
2.002761400,0,0
2.002766600,1,0
2.002771600,0,0
2.002776800,1,0
2.002781800,0,0
2.002786900,1,0
2.002792000,0,0
2.002797100,1,0
2.002802200,0,0
2.002807300,1,0
2.002812300,0,0
2.002817500,1,0
2.002822500,0,0
2.002827700,1,0
2.002832700,0,0
2.002837900,1,0
2.002842900,0,0
2.002848100,1,0
2.002853100,0,0
2.002858200,1,0
2.002863300,0,0
2.002868400,1,0
2.002873500,0,0
2.002878600,1,0
2.002883600,0,0
2.002888800,1,0
2.002893800,0,0
2.002899000,1,0
2.002904000,0,0
2.002907200,0,1
2.002909200,1,1
2.002914200,0,1
2.002914600,0,0
2.002919400,1,0
2.002924400,0,0
2.002929500,1,0
2.002934600,0,0
2.002939700,1,0
2.002944800,0,0
2.002949900,1,0
2.002954900,0,0
2.002960100,1,0
2.002965100,0,0
2.002970300,1,0
2.002975300,0,0
2.002980500,1,0
2.002985500,0,0
2.002986100,0,1
2.002990600,1,1
2.002995700,0,1
2.002996700,0,0
2.003000800,1,0
2.003007100,1,1
2.100246200,1,0
2.100252200,0,0
2.100253400,0,1
2.100257300,1,1
2.100262400,0,1
2.100263400,0,0
2.100267500,1,0
2.100272600,0,0
2.100273800,0,1
2.100277700,1,1
2.100282800,0,1
2.100283800,0,0
2.100287900,1,0
2.100292900,0,0
2.100294100,0,1
2.100298100,1,1
2.100303100,0,1
2.100304100,0,0
2.100308300,1,0
2.100313300,0,0
2.100318500,1,0
2.100323500,0,0
2.100328700,1,0
2.100333700,0,0
2.100338800,1,0
2.100343900,0,0
2.100349000,1,0
2.100354100,0,0
2.100355300,0,1
2.100359200,1,1
2.100364200,0,1
2.100365200,0,0
2.100369400,1,0
2.100374400,0,0
2.100379600,1,0
2.100384600,0,0
2.100389800,1,0
2.100394800,0,0
2.100400000,1,0
2.100405000,0,0
2.100410100,1,0
2.100415200,0,0
2.100420300,1,0
2.100425400,0,0
2.100430500,1,0
2.100435500,0,0
2.100436200,0,1
2.100440700,1,1
2.100447700,1,0
2.100453700,0,0
2.100454900,0,1
2.100458900,1,1
2.100463900,0,1
2.100464900,0,0
2.100469100,1,0
2.100474100,0,0
2.100475300,0,1
2.100479200,1,1
2.100484300,0,1
2.100485300,0,0
2.100489400,1,0
2.100494500,0,0
2.100495600,0,1
2.100499600,1,1
2.100504600,0,1
2.100505600,0,0
2.100509800,1,0
2.100514800,0,0
2.100520000,1,0
2.100525000,0,0
2.100526200,0,1
2.100530200,1,1
2.100535200,0,1
2.100535600,0,0
2.100540400,1,0
2.100545400,0,0
2.100550500,1,0
2.100555600,0,0
2.100560700,1,0
2.100565800,0,0
2.100570900,1,0
2.100575900,0,0
2.100581100,1,0
2.100586100,0,0
2.100586700,0,1
2.100591300,1,1
2.100596300,0,1
2.100601500,1,1
2.100606500,0,1
2.100611600,1,1
2.100616700,0,1
2.100621800,1,1
2.100626900,0,1
2.100632000,1,1
2.100637100,0,1
2.100638100,0,0
2.100642200,1,0
2.100648400,1,1
2.100708200,1,0
2.100714200,0,0
2.100715400,0,1
2.100719400,1,1
2.100724400,0,1
2.100725400,0,0
2.100729600,1,0
2.100734600,0,0
2.100735800,0,1
2.100739800,1,1
2.100744800,0,1
2.100745800,0,0
2.100749900,1,0
2.100755000,0,0
2.100756200,0,1
2.100760100,1,1
2.100765200,0,1
2.100766200,0,0
2.100770300,1,0
2.100775300,0,0
2.100780500,1,0
2.100785500,0,0
2.100790700,1,0
2.100795700,0,0
2.100800900,1,0
2.100805900,0,0
2.100811100,1,0
2.100816100,0,0
2.100817300,0,1
2.100821200,1,1
2.100826300,0,1
2.100827300,0,0
2.100831400,1,0
2.100836500,0,0
2.100837700,0,1
2.100841600,1,1
2.100846600,0,1
2.100847600,0,0
2.100851800,1,0
2.100856800,0,0
2.100862000,1,0
2.100867000,0,0
2.100872200,1,0
2.100877200,0,0
2.100882400,1,0
2.100887400,0,0
2.100892500,1,0
2.100897600,0,0
2.100898200,0,1
2.100902700,1,1
2.100909800,1,0
2.100915800,0,0
2.100916900,0,1
2.100920900,1,1
2.100925900,0,1
2.100926900,0,0
2.100931100,1,0
2.100936100,0,0
2.100937300,0,1
2.100941300,1,1
2.100946300,0,1
2.100947300,0,0
2.100951500,1,0
2.100956500,0,0
2.100957700,0,1
2.100961600,1,1
2.100966700,0,1
2.100967700,0,0
2.100971800,1,0
2.100976900,0,0
2.100982000,1,0
2.100987100,0,0
2.100988300,0,1
2.100992200,1,1
2.100997200,0,1
2.100997600,0,0
2.101002400,1,0
2.101007400,0,0
2.101012600,1,0
2.101017600,0,0
2.101022800,1,0
2.101027800,0,0
2.101032900,1,0
2.101038000,0,0
2.101043100,1,0
2.101048200,0,0
2.101053300,1,0
2.101058300,0,0
2.101063500,1,0
2.101068500,0,0
2.101073700,1,0
2.101078700,0,0
2.101083900,1,0
2.101088900,0,0
2.101094100,1,0
2.101099100,0,0
2.101102300,0,1
2.101104200,1,1
2.101109300,0,1
2.101109700,0,0
2.101114400,1,0
2.101119500,0,0
2.101124600,1,0
2.101129600,0,0
2.101134800,1,0
2.101139800,0,0
2.101145000,1,0
2.101150000,0,0
2.101155200,1,0
2.101160200,0,0
2.101165400,1,0
2.101170400,0,0
2.101175500,1,0
2.101180600,0,0
2.101185700,1,0
2.101190800,0,0
2.101195900,1,0
2.101200900,0,0
2.101206100,1,0
2.101211100,0,0
2.101216300,1,0
2.101221300,0,0
2.101226500,1,0
2.101231500,0,0
2.101236600,1,0
2.101241700,0,0
2.101246800,1,0
2.101251900,0,0
2.101257000,1,0
2.101262000,0,0
2.101267200,1,0
2.101272200,0,0
2.101277400,1,0
2.101282400,0,0
2.101285600,0,1
2.101287600,1,1
2.101292600,0,1
2.101293000,0,0
2.101297800,1,0
2.101302800,0,0
2.101307900,1,0
2.101313000,0,0
2.101318100,1,0
2.101323200,0,0
2.101328300,1,0
2.101333300,0,0
2.101338500,1,0
2.101343500,0,0
2.101348700,1,0
2.101353700,0,0
2.101358900,1,0
2.101363900,0,0
2.101369100,1,0
2.101374100,0,0
2.101379200,1,0
2.101384300,0,0
2.101389400,1,0
2.101394500,0,0
2.101399600,1,0
2.101404600,0,0
2.101409800,1,0
2.101414800,0,0
2.101420000,1,0
2.101425000,0,0
2.101430200,1,0
2.101435200,0,0
2.101440300,1,0
2.101445400,0,0
2.101450500,1,0
2.101455600,0,0
2.101460700,1,0
2.101465800,0,0
2.101469000,0,1
2.101470900,1,1
2.101475900,0,1
2.101476300,0,0
2.101481100,1,0
2.101486100,0,0
2.101491300,1,0
2.101496300,0,0
2.101501500,1,0
2.101506500,0,0
2.101511600,1,0
2.101516700,0,0
2.101521800,1,0
2.101526900,0,0
2.101532000,1,0
2.101537000,0,0
2.101542200,1,0
2.101547200,0,0
2.101547900,0,1
2.101552400,1,1
2.101557400,0,1
2.101558400,0,0
2.101562600,1,0
2.101568800,1,1
2.162688000,1,1
