Time [s],Channel 0,Channel 1
0.000000000,1,1
0.052075250,1,0
0.052081250,0,0
0.052082400,0,1
0.052086400,1,1
0.052091450,0,1
0.052092450,0,0
0.052096650,1,0
0.052101700,0,0
0.052102900,0,1
0.052106850,1,1
0.052111900,0,1
0.052112900,0,0
0.052117100,1,0
0.052122100,0,0
0.052123350,0,1
0.052127300,1,1
0.052132350,0,1
0.052133350,0,0
0.052137550,1,0
0.052142550,0,0
0.052147750,1,0
0.052152800,0,0
0.052158000,1,0
0.052163000,0,0
0.052168200,1,0
0.052173250,0,0
0.052178400,1,0
0.052183450,0,0
0.052184700,0,1
0.052188650,1,1
0.052193650,0,1
0.052194650,0,0
0.052198850,1,0
0.052203900,0,0
0.052209100,1,0
0.052214100,0,0
0.052219300,1,0
0.052224350,0,0
0.052229550,1,0
0.052234550,0,0
0.052239750,1,0
0.052244800,0,0
0.052250000,1,0
0.052255000,0,0
0.052260200,1,0
0.052265250,0,0
0.052265900,0,1
0.052270400,1,1
0.052277450,1,0
0.052283450,0,0
0.052284650,0,1
0.052288600,1,1
0.052293650,0,1
0.052294650,0,0
0.052298850,1,0
0.052303900,0,0
0.052305100,0,1
0.052309100,1,1
0.052314100,0,1
0.052315100,0,0
0.052319300,1,0
0.052324350,0,0
0.052325550,0,1
0.052329550,1,1
0.052334550,0,1
0.052335550,0,0
0.052339750,1,0
0.052344800,0,0
0.052349950,1,0
0.052355000,0,0
0.052356250,0,1
0.052360200,1,1
0.052365250,0,1
0.052365700,0,0
0.052370400,1,0
0.052375450,0,0
0.052380650,1,0
0.052385650,0,0
0.052390850,1,0
0.052395900,0,0
0.052401100,1,0
0.052406100,0,0
0.052411300,1,0
0.052416350,0,0
0.052416950,0,1
0.052421550,1,1
0.052426550,0,1
0.052431750,1,1
0.052436800,0,1
0.052441950,1,1
0.052447000,0,1
0.052452200,1,1
0.052457250,0,1
0.052462400,1,1
0.052467450,0,1
0.052468450,0,0
0.052472650,1,0
0.052478850,1,1
0.052544650,1,0
0.052550650,0,0
0.052551850,0,1
0.052555850,1,1
0.052560900,0,1
0.052561900,0,0
0.052566050,1,0
0.052571100,0,0
0.052572300,0,1
0.052576300,1,1
0.052581350,0,1
0.052582350,0,0
0.052586550,1,0
0.052591550,0,0
0.052592750,0,1
0.052596750,1,1
0.052601800,0,1
0.052602800,0,0
0.052606950,1,0
0.052612000,0,0
0.052617200,1,0
0.052622250,0,0
0.052627400,1,0
0.052632450,0,0
0.052637650,1,0
0.052642650,0,0
0.052647850,1,0
0.052652900,0,0
0.052654150,0,1
0.052658100,1,1
0.052663100,0,1
0.052664100,0,0
0.052668300,1,0
0.052673350,0,0
0.052674550,0,1
0.052678550,1,1
0.052683550,0,1
0.052684550,0,0
0.052688750,1,0
0.052693800,0,0
0.052698950,1,0
0.052704000,0,0
0.052709200,1,0
0.052714250,0,0
0.052719400,1,0
0.052724450,0,0
0.052729650,1,0
0.052734650,0,0
0.052735300,0,1
0.052739850,1,1
0.052746900,1,0
0.052752900,0,0
0.052754100,0,1
0.052758050,1,1
0.052763100,0,1
0.052764100,0,0
0.052768300,1,0
0.052773350,0,0
0.052774550,0,1
0.052778500,1,1
0.052783550,0,1
0.052784550,0,0
0.052788750,1,0
0.052793800,0,0
0.052795000,0,1
0.052798950,1,1
0.052804000,0,1
0.052805000,0,0
0.052809200,1,0
0.052814250,0,0
0.052819400,1,0
0.052824450,0,0
0.052825700,0,1
0.052829650,1,1
0.052834650,0,1
0.052835100,0,0
0.052839850,1,0
0.052844900,0,0
0.052850100,1,0
0.052855100,0,0
0.052860300,1,0
0.052865350,0,0
0.052870550,1,0
0.052875550,0,0
0.052880750,1,0
0.052885800,0,0
0.052890950,1,0
0.052896000,0,0
0.052901200,1,0
0.052906200,0,0
0.052911400,1,0
0.052916450,0,0
0.052921650,1,0
0.052926650,0,0
0.052931850,1,0
0.052936900,0,0
0.052940150,0,1
0.052942100,1,1
0.052947100,0,1
0.052947550,0,0
0.052952300,1,0
0.052957350,0,0
0.052962500,1,0
0.052967550,0,0
0.052972750,1,0
0.052977800,0,0
0.052982950,1,0
0.052988000,0,0
0.052993200,1,0
0.052998200,0,0
0.053003400,1,0
0.053008450,0,0
0.053013650,1,0
0.053018650,0,0
0.053023850,1,0
0.053028900,0,0
0.053034100,1,0
0.053039100,0,0
0.053044300,1,0
0.053049350,0,0
0.053054550,1,0
0.053059550,0,0
0.053064750,1,0
0.053069800,0,0
0.053074950,1,0
0.053080000,0,0
0.053085200,1,0
0.053090200,0,0
0.053095400,1,0
0.053100450,0,0
0.053105650,1,0
0.053110650,0,0
0.053115850,1,0
0.053120900,0,0
0.053124150,0,1
0.053126100,1,1
0.053131100,0,1
0.053131600,0,0
0.053136300,1,0
0.053141350,0,0
0.053146500,1,0
0.053151550,0,0
0.053156750,1,0
0.053161800,0,0
0.053166950,1,0
0.053172000,0,0
0.053177200,1,0
0.053182200,0,0
0.053187400,1,0
0.053192450,0,0
0.053197650,1,0
0.053202650,0,0
0.053207850,1,0
0.053212900,0,0
0.053218100,1,0
0.053223100,0,0
0.053228300,1,0
0.053233350,0,0
0.053238500,1,0
0.053243550,0,0
0.053248750,1,0
0.053253800,0,0
0.053258950,1,0
0.053264000,0,0
0.053269200,1,0
0.053274200,0,0
0.053279400,1,0
0.053284450,0,0
0.053289650,1,0
0.053294650,0,0
0.053299850,1,0
0.053304900,0,0
0.053308150,0,1
0.053310100,1,1
0.053315100,0,1
0.053315550,0,0
0.053320300,1,0
0.053325350,0,0
0.053330500,1,0
0.053335550,0,0
0.053340750,1,0
0.053345800,0,0
0.053350950,1,0
0.053356000,0,0
0.053361200,1,0
0.053366200,0,0
0.053371400,1,0
0.053376450,0,0
0.053381650,1,0
0.053386650,0,0
0.053387300,0,1
0.053391850,1,1
0.053396900,0,1
0.053397900,0,0
0.053402100,1,0
0.053408300,1,1
0.150493350,1,0
0.150499350,0,0
0.150500550,0,1
0.150504550,1,1
0.150509600,0,1
0.150510600,0,0
0.150514750,1,0
0.150519800,0,0
0.150521000,0,1
0.150525000,1,1
0.150530050,0,1
0.150531050,0,0
0.150535250,1,0
0.150540250,0,0
0.150541450,0,1
0.150545450,1,1
0.150550500,0,1
0.150551500,0,0
0.150555650,1,0
0.150560700,0,0
0.150565900,1,0
0.150570950,0,0
0.150576100,1,0
0.150581150,0,0
0.150586350,1,0
0.150591350,0,0
0.150596550,1,0
0.150601600,0,0
0.150602850,0,1
0.150606800,1,1
0.150611800,0,1
0.150612800,0,0
0.150617000,1,0
0.150622050,0,0
0.150627250,1,0
0.150632250,0,0
0.150637450,1,0
0.150642500,0,0
0.150647650,1,0
0.150652700,0,0
0.150657900,1,0
0.150662950,0,0
0.150668100,1,0
0.150673150,0,0
0.150678350,1,0
0.150683350,0,0
0.150684050,0,1
0.150688550,1,1
0.150695600,1,0
0.150701600,0,0
0.150702800,0,1
0.150706750,1,1
0.150711800,0,1
0.150712800,0,0
0.150717000,1,0
0.150722050,0,0
0.150723250,0,1
0.150727200,1,1
0.150732250,0,1
0.150733250,0,0
0.150737450,1,0
0.150742500,0,0
0.150743700,0,1
0.150747650,1,1
0.150752700,0,1
0.150753700,0,0
0.150757900,1,0
0.150762950,0,0
0.150768100,1,0
0.150773150,0,0
0.150774400,0,1
0.150778350,1,1
0.150783350,0,1
0.150783800,0,0
0.150788550,1,0
0.150793600,0,0
0.150798800,1,0
0.150803800,0,0
0.150809000,1,0
0.150814050,0,0
0.150819250,1,0
0.150824250,0,0
0.150829450,1,0
0.150834500,0,0
0.150835150,0,1
0.150839650,1,1
0.150844700,0,1
0.150849900,1,1
0.150854950,0,1
0.150860100,1,1
0.150865150,0,1
0.150870350,1,1
0.150875350,0,1
0.150880550,1,1
0.150885600,0,1
0.150886600,0,0
0.150890800,1,0
0.150897000,1,1
0.150962800,1,0
0.150968800,0,0
0.150970000,0,1
0.150973950,1,1
0.150979050,0,1
0.150980050,0,0
0.150984200,1,0
0.150989250,0,0
0.150990450,0,1
0.150994450,1,1
0.150999500,0,1
0.151000500,0,0
0.151004650,1,0
0.151009700,0,0
0.151010900,0,1
0.151014900,1,1
0.151019900,0,1
0.151020900,0,0
0.151025100,1,0
0.151030150,0,0
0.151035350,1,0
0.151040350,0,0
0.151045550,1,0
0.151050600,0,0
0.151055800,1,0
0.151060800,0,0
0.151066000,1,0
0.151071050,0,0
0.151072300,0,1
0.151076200,1,1
0.151081250,0,1
0.151082250,0,0
0.151086450,1,0
0.151091500,0,0
0.151092700,0,1
0.151096650,1,1
0.151101700,0,1
0.151102700,0,0
0.151106900,1,0
0.151111900,0,0
0.151117100,1,0
0.151122150,0,0
0.151127350,1,0
0.151132350,0,0
0.151137550,1,0
0.151142600,0,0
0.151147800,1,0
0.151152800,0,0
0.151153500,0,1
0.151158000,1,1
0.151165050,1,0
0.151171050,0,0
0.151172250,0,1
0.151176200,1,1
0.151181250,0,1
0.151182250,0,0
0.151186450,1,0
0.151191500,0,0
0.151192700,0,1
0.151196650,1,1
0.151201700,0,1
0.151202700,0,0
0.151206900,1,0
0.151211900,0,0
0.151213150,0,1
0.151217100,1,1
0.151222150,0,1
0.151223150,0,0
0.151227350,1,0
0.151232350,0,0
0.151237550,1,0
0.151242600,0,0
0.151243800,0,1
0.151247800,1,1
0.151252800,0,1
0.151253250,0,0
0.151258000,1,0
0.151263050,0,0
0.151268200,1,0
0.151273250,0,0
0.151278450,1,0
0.151283500,0,0
0.151288650,1,0
0.151293700,0,0
0.151298900,1,0
0.151303900,0,0
0.151309100,1,0
0.151314150,0,0
0.151319350,1,0
0.151324350,0,0
0.151329550,1,0
0.151334600,0,0
0.151339800,1,0
0.151344800,0,0
0.151350000,1,0
0.151355050,0,0
0.151358300,0,1
0.151360200,1,1
0.151365250,0,1
0.151365700,0,0
0.151370450,1,0
0.151375500,0,0
0.151380650,1,0
0.151385700,0,0
0.151390900,1,0
0.151395900,0,0
0.151401100,1,0
0.151406150,0,0
0.151411350,1,0
0.151416350,0,0
0.151421550,1,0
0.151426600,0,0
0.151431800,1,0
0.151436800,0,0
0.151442000,1,0
0.151447050,0,0
0.151452200,1,0
0.151457250,0,0
0.151462450,1,0
0.151467500,0,0
0.151472650,1,0
0.151477700,0,0
0.151482900,1,0
0.151487900,0,0
0.151493100,1,0
0.151498150,0,0
0.151503350,1,0
0.151508350,0,0
0.151513550,1,0
0.151518600,0,0
0.151523800,1,0
0.151528800,0,0
0.151534000,1,0
0.151539050,0,0
0.151542250,0,1
0.151544200,1,1
0.151549250,0,1
0.151549700,0,0
0.151554450,1,0
0.151559500,0,0
0.151564650,1,0
0.151569700,0,0
0.151574900,1,0
0.151579900,0,0
0.151585100,1,0
0.151590150,0,0
0.151595350,1,0
0.151600350,0,0
0.151605550,1,0
0.151610600,0,0
0.151615800,1,0
0.151620800,0,0
0.151626000,1,0
0.151631050,0,0
0.151636200,1,0
0.151641250,0,0
0.151646450,1,0
0.151651450,0,0
0.151656650,1,0
0.151661700,0,0
0.151666900,1,0
0.151671900,0,0
0.151677100,1,0
0.151682150,0,0
0.151687350,1,0
0.151692350,0,0
0.151697550,1,0
0.151702600,0,0
0.151707750,1,0
0.151712800,0,0
0.151718000,1,0
0.151723050,0,0
0.151726250,0,1
0.151728200,1,1
0.151733250,0,1
0.151733700,0,0
0.151738450,1,0
0.151743450,0,0
0.151748650,1,0
0.151753700,0,0
0.151758900,1,0
0.151763900,0,0
0.151769100,1,0
0.151774150,0,0
0.151779350,1,0
0.151784350,0,0
0.151789550,1,0
0.151794600,0,0
0.151799750,1,0
0.151804800,0,0
0.151805450,0,1
0.151810000,1,1
0.151815050,0,1
0.151816050,0,0
0.151820200,1,0
0.151826450,1,1
0.248891500,1,0
0.248897500,0,0
0.248898700,0,1
0.248902650,1,1
0.248907750,0,1
0.248908750,0,0
0.248912900,1,0
0.248917950,0,0
0.248919150,0,1
0.248923150,1,1
0.248928200,0,1
0.248929200,0,0
0.248933350,1,0
0.248938400,0,0
0.248939600,0,1
0.248943600,1,1
0.248948600,0,1
0.248949600,0,0
0.248953800,1,0
0.248958850,0,0
0.248964050,1,0
0.248969050,0,0
0.248974250,1,0
0.248979300,0,0
0.248984500,1,0
0.248989500,0,0
0.248994700,1,0
0.248999750,0,0
0.249001000,0,1
0.249004900,1,1
0.249009950,0,1
0.249010950,0,0
0.249015150,1,0
0.249020200,0,0
0.249025350,1,0
0.249030400,0,0
0.249035600,1,0
0.249040600,0,0
0.249045800,1,0
0.249050850,0,0
0.249056050,1,0
0.249061050,0,0
0.249066250,1,0
0.249071300,0,0
0.249076500,1,0
0.249081500,0,0
0.249082200,0,1
0.249086700,1,1
0.249093750,1,0
0.249099750,0,0
0.249100950,0,1
0.249104900,1,1
0.249109950,0,1
0.249110950,0,0
0.249115150,1,0
0.249120200,0,0
0.249121400,0,1
0.249125350,1,1
0.249130400,0,1
0.249131400,0,0
0.249135600,1,0
0.249140600,0,0
0.249141850,0,1
0.249145800,1,1
0.249150850,0,1
0.249151850,0,0
0.249156050,1,0
0.249161050,0,0
0.249166250,1,0
0.249171300,0,0
0.249172500,0,1
0.249176500,1,1
0.249181500,0,1
0.249182000,0,0
0.249186700,1,0
0.249191750,0,0
0.249196900,1,0
0.249201950,0,0
0.249207150,1,0
0.249212200,0,0
0.249217350,1,0
0.249222400,0,0
0.249227600,1,0
0.249232600,0,0
0.249233250,0,1
0.249237800,1,1
0.249242850,0,1
0.249248050,1,1
0.249253050,0,1
0.249258250,1,1
0.249263300,0,1
0.249268450,1,1
0.249273500,0,1
0.249278700,1,1
0.249283750,0,1
0.249284750,0,0
0.249288900,1,0
0.249295150,1,1
0.249352950,1,0
0.249358950,0,0
0.249360150,0,1
0.249364100,1,1
0.249369200,0,1
0.249370200,0,0
0.249374350,1,0
0.249379400,0,0
0.249380600,0,1
0.249384600,1,1
0.249389600,0,1
0.249390600,0,0
0.249394800,1,0
0.249399850,0,0
0.249401050,0,1
0.249405050,1,1
0.249410050,0,1
0.249411050,0,0
0.249415250,1,0
0.249420300,0,0
0.249425500,1,0
0.249430500,0,0
0.249435700,1,0
0.249440750,0,0
0.249445900,1,0
0.249450950,0,0
0.249456150,1,0
0.249461200,0,0
0.249462400,0,1
0.249466350,1,1
0.249471400,0,1
0.249472400,0,0
0.249476600,1,0
0.249481600,0,0
0.249482850,0,1
0.249486800,1,1
0.249491850,0,1
0.249492850,0,0
0.249497050,1,0
0.249502050,0,0
0.249507250,1,0
0.249512300,0,0
0.249517500,1,0
0.249522500,0,0
0.249527700,1,0
0.249532750,0,0
0.249537900,1,0
0.249542950,0,0
0.249543650,0,1
0.249548150,1,1
0.249555150,1,0
0.249561200,0,0
0.249562400,0,1
0.249566350,1,1
0.249571400,0,1
0.249572400,0,0
0.249576600,1,0
0.249581600,0,0
0.249582850,0,1
0.249586800,1,1
0.249591850,0,1
0.249592850,0,0
0.249597050,1,0
0.249602050,0,0
0.249603300,0,1
0.249607250,1,1
0.249612300,0,1
0.249613300,0,0
0.249617500,1,0
0.249622500,0,0
0.249627700,1,0
0.249632750,0,0
0.249633950,0,1
0.249637900,1,1
0.249642950,0,1
0.249643350,0,0
0.249648150,1,0
0.249653150,0,0
0.249658350,1,0
0.249663400,0,0
0.249668600,1,0
0.249673600,0,0
0.249678800,1,0
0.249683850,0,0
0.249689050,1,0
0.249694050,0,0
0.249699250,1,0
0.249704300,0,0
0.249709450,1,0
0.249714500,0,0
0.249719700,1,0
0.249724750,0,0
0.249729900,1,0
0.249734950,0,0
0.249740150,1,0
0.249745150,0,0
0.249748400,0,1
0.249750350,1,1
0.249755400,0,1
0.249755800,0,0
0.249760600,1,0
0.249765600,0,0
0.249770800,1,0
0.249775850,0,0
0.249781050,1,0
0.249786050,0,0
0.249791250,1,0
0.249796300,0,0
0.249801450,1,0
0.249806500,0,0
0.249811700,1,0
0.249816750,0,0
0.249821900,1,0
0.249826950,0,0
0.249832150,1,0
0.249837150,0,0
0.249842350,1,0
0.249847400,0,0
0.249852600,1,0
0.249857600,0,0
0.249862800,1,0
0.249867850,0,0
0.249873050,1,0
0.249878050,0,0
0.249883250,1,0
0.249888300,0,0
0.249893450,1,0
0.249898500,0,0
0.249903700,1,0
0.249908750,0,0
0.249913900,1,0
0.249918950,0,0
0.249924150,1,0
0.249929150,0,0
0.249932400,0,1
0.249934350,1,1
0.249939400,0,1
0.249939850,0,0
0.249944600,1,0
0.249949600,0,0
0.249954800,1,0
0.249959850,0,0
0.249965050,1,0
0.249970050,0,0
0.249975250,1,0
0.249980300,0,0
0.249985450,1,0
0.249990500,0,0
0.249995700,1,0
0.250000750,0,0
0.250005900,1,0
0.250010950,0,0
0.250016150,1,0
0.250021150,0,0
0.250026350,1,0
0.250031400,0,0
0.250036600,1,0
0.250041600,0,0
0.250046800,1,0
0.250051850,0,0
0.250057050,1,0
0.250062050,0,0
0.250067250,1,0
0.250072300,0,0
0.250077450,1,0
0.250082500,0,0
0.250087700,1,0
0.250092750,0,0
0.250097900,1,0
0.250102950,0,0
0.250108150,1,0
0.250113150,0,0
0.250116400,0,1
0.250118350,1,1
0.250123400,0,1
0.250123800,0,0
0.250128600,1,0
0.250133600,0,0
0.250138800,1,0
0.250143850,0,0
0.250149050,1,0
0.250154050,0,0
0.250159250,1,0
0.250164300,0,0
0.250169450,1,0
0.250174500,0,0
0.250179700,1,0
0.250184750,0,0
0.250189900,1,0
0.250194950,0,0
0.250195600,0,1
0.250200150,1,1
0.250205150,0,1
0.250206150,0,0
0.250210350,1,0
0.250216600,1,1
0.347319650,1,0
0.347325650,0,0
0.347326850,0,1
0.347330800,1,1
0.347335900,0,1
0.347336900,0,0
0.347341050,1,0
0.347346100,0,0
0.347347300,0,1
0.347351300,1,1
0.347356300,0,1
0.347357300,0,0
0.347361500,1,0
0.347366550,0,0
0.347367750,0,1
0.347371750,1,1
0.347376750,0,1
0.347377750,0,0
0.347381950,1,0
0.347387000,0,0
0.347392150,1,0
0.347397200,0,0
0.347402400,1,0
0.347407450,0,0
0.347412600,1,0
0.347417650,0,0
0.347422850,1,0
0.347427900,0,0
0.347429100,0,1
0.347433050,1,1
0.347438100,0,1
0.347439100,0,0
0.347443300,1,0
0.347448300,0,0
0.347453500,1,0
0.347458550,0,0
0.347463750,1,0
0.347468750,0,0
0.347473950,1,0
0.347479000,0,0
0.347484200,1,0
0.347489200,0,0
0.347494400,1,0
0.347499450,0,0
0.347504600,1,0
0.347509650,0,0
0.347510350,0,1
0.347514850,1,1
0.347521850,1,0
0.347527900,0,0
0.347529100,0,1
0.347533050,1,1
0.347538100,0,1
0.347539100,0,0
0.347543300,1,0
0.347548300,0,0
0.347549550,0,1
0.347553500,1,1
0.347558550,0,1
0.347559550,0,0
0.347563750,1,0
0.347568750,0,0
0.347570000,0,1
0.347573950,1,1
0.347579000,0,1
0.347580000,0,0
0.347584150,1,0
0.347589200,0,0
0.347594400,1,0
0.347599450,0,0
0.347600650,0,1
0.347604600,1,1
0.347609650,0,1
0.347610050,0,0
0.347614850,1,0
0.347619850,0,0
0.347625050,1,0
0.347630100,0,0
0.347635300,1,0
0.347640300,0,0
0.347645500,1,0
0.347650550,0,0
0.347655750,1,0
0.347660750,0,0
0.347661400,0,1
0.347665950,1,1
0.347671000,0,1
0.347676150,1,1
0.347681200,0,1
0.347686400,1,1
0.347691450,0,1
0.347696600,1,1
0.347701650,0,1
0.347706850,1,1
0.347711850,0,1
0.347712850,0,0
0.347717050,1,0
0.347723300,1,1
0.347781100,1,0
0.347787100,0,0
0.347788300,0,1
0.347792250,1,1
0.347797300,0,1
0.347798300,0,0
0.347802500,1,0
0.347807550,0,0
0.347808750,0,1
0.347812700,1,1
0.347817750,0,1
0.347818750,0,0
0.347822950,1,0
0.347828000,0,0
0.347829200,0,1
0.347833150,1,1
0.347838200,0,1
0.347839200,0,0
0.347843400,1,0
0.347848450,0,0
0.347853600,1,0
0.347858650,0,0
0.347863850,1,0
0.347868850,0,0
0.347874050,1,0
0.347879100,0,0
0.347884300,1,0
0.347889300,0,0
0.347890550,0,1
0.347894500,1,1
0.347899550,0,1
0.347900550,0,0
0.347904750,1,0
0.347909750,0,0
0.347911000,0,1
0.347914950,1,1
0.347920000,0,1
0.347921000,0,0
0.347925150,1,0
0.347930200,0,0
0.347935400,1,0
0.347940450,0,0
0.347945600,1,0
0.347950650,0,0
0.347955850,1,0
0.347960850,0,0
0.347966050,1,0
0.347971100,0,0
0.347971750,0,1
0.347976300,1,1
0.347983300,1,0
0.347989300,0,0
0.347990500,0,1
0.347994500,1,1
0.347999550,0,1
0.348000550,0,0
0.348004700,1,0
0.348009750,0,0
0.348010950,0,1
0.348014950,1,1
0.348020000,0,1
0.348021000,0,0
0.348025150,1,0
0.348030200,0,0
0.348031400,0,1
0.348035400,1,1
0.348040450,0,1
0.348041450,0,0
0.348045600,1,0
0.348050650,0,0
0.348055850,1,0
0.348060850,0,0
0.348062100,0,1
0.348066050,1,1
0.348071100,0,1
0.348071500,0,0
0.348076300,1,0
0.348081300,0,0
0.348086500,1,0
0.348091550,0,0
0.348096750,1,0
0.348101750,0,0
0.348106950,1,0
0.348112000,0,0
0.348117150,1,0
0.348122200,0,0
0.348127400,1,0
0.348132450,0,0
0.348137600,1,0
0.348142650,0,0
0.348147850,1,0
0.348152850,0,0
0.348158050,1,0
0.348163100,0,0
0.348168300,1,0
0.348173300,0,0
0.348176550,0,1
0.348178500,1,1
0.348183550,0,1
0.348183950,0,0
0.348188750,1,0
0.348193750,0,0
0.348198950,1,0
0.348204000,0,0
0.348209150,1,0
0.348214200,0,0
0.348219400,1,0
0.348224450,0,0
0.348229600,1,0
0.348234650,0,0
0.348239850,1,0
0.348244850,0,0
0.348250050,1,0
0.348255100,0,0
0.348260300,1,0
0.348265300,0,0
0.348270500,1,0
0.348275550,0,0
0.348280750,1,0
0.348285750,0,0
0.348290950,1,0
0.348296000,0,0
0.348301150,1,0
0.348306200,0,0
0.348311400,1,0
0.348316400,0,0
0.348321600,1,0
0.348326650,0,0
0.348331850,1,0
0.348336850,0,0
0.348342050,1,0
0.348347100,0,0
0.348352300,1,0
0.348357300,0,0
0.348360550,0,1
0.348362500,1,1
0.348367550,0,1
0.348368000,0,0
0.348372700,1,0
0.348377750,0,0
0.348382950,1,0
0.348388000,0,0
0.348393150,1,0
0.348398200,0,0
0.348403400,1,0
0.348408400,0,0
0.348413600,1,0
0.348418650,0,0
0.348423850,1,0
0.348428850,0,0
0.348434050,1,0
0.348439100,0,0
0.348444300,1,0
0.348449300,0,0
0.348454500,1,0
0.348459550,0,0
0.348464700,1,0
0.348469750,0,0
0.348474950,1,0
0.348480000,0,0
0.348485150,1,0
0.348490200,0,0
0.348495400,1,0
0.348500400,0,0
0.348505600,1,0
0.348510650,0,0
0.348515850,1,0
0.348520850,0,0
0.348526050,1,0
0.348531100,0,0
0.348536300,1,0
0.348541300,0,0
0.348544550,0,1
0.348546500,1,1
0.348551550,0,1
0.348551950,0,0
0.348556700,1,0
0.348561750,0,0
0.348566950,1,0
0.348572000,0,0
0.348577150,1,0
0.348582200,0,0
0.348587400,1,0
0.348592400,0,0
0.348597600,1,0
0.348602650,0,0
0.348607850,1,0
0.348612850,0,0
0.348618050,1,0
0.348623100,0,0
0.348623800,0,1
0.348628300,1,1
0.348633300,0,1
0.348634300,0,0
0.348638500,1,0
0.348644750,1,1
0.446619800,1,0
0.446625800,0,0
0.446626950,0,1
0.446630950,1,1
0.446636000,0,1
0.446637000,0,0
0.446641200,1,0
0.446646250,0,0
0.446647450,0,1
0.446651400,1,1
0.446656450,0,1
0.446657450,0,0
0.446661650,1,0
0.446666700,0,0
0.446667900,0,1
0.446671850,1,1
0.446676900,0,1
0.446677900,0,0
0.446682100,1,0
0.446687100,0,0
0.446692300,1,0
0.446697350,0,0
0.446702550,1,0
0.446707550,0,0
0.446712750,1,0
0.446717800,0,0
0.446723000,1,0
0.446728000,0,0
0.446729250,0,1
0.446733200,1,1
0.446738250,0,1
0.446739250,0,0
0.446743400,1,0
0.446748450,0,0
0.446753650,1,0
0.446758700,0,0
0.446763850,1,0
0.446768900,0,0
0.446774100,1,0
0.446779100,0,0
0.446784300,1,0
0.446789350,0,0
0.446794550,1,0
0.446799550,0,0
0.446804750,1,0
0.446809800,0,0
0.446810400,0,1
0.446814950,1,1
0.446822000,1,0
0.446828000,0,0
0.446829200,0,1
0.446833200,1,1
0.446838250,0,1
0.446839250,0,0
0.446843400,1,0
0.446848450,0,0
0.446849650,0,1
0.446853650,1,1
0.446858650,0,1
0.446859650,0,0
0.446863850,1,0
0.446868900,0,0
0.446870100,0,1
0.446874100,1,1
0.446879100,0,1
0.446880100,0,0
0.446884300,1,0
0.446889350,0,0
0.446894550,1,0
0.446899550,0,0
0.446900800,0,1
0.446904750,1,1
0.446909800,0,1
0.446910200,0,0
0.446914950,1,0
0.446920000,0,0
0.446925200,1,0
0.446930250,0,0
0.446935400,1,0
0.446940450,0,0
0.446945650,1,0
0.446950650,0,0
0.446955850,1,0
0.446960900,0,0
0.446961550,0,1
0.446966100,1,1
0.446971100,0,1
0.446976300,1,1
0.446981350,0,1
0.446986550,1,1
0.446991550,0,1
0.446996750,1,1
0.447001800,0,1
0.447006950,1,1
0.447012000,0,1
0.447013000,0,0
0.447017200,1,0
0.447023450,1,1
0.447080250,1,0
0.447086250,0,0
0.447087400,0,1
0.447091400,1,1
0.447096450,0,1
0.447097450,0,0
0.447101650,1,0
0.447106650,0,0
0.447107900,0,1
0.447111850,1,1
0.447116900,0,1
0.447117900,0,0
0.447122100,1,0
0.447127100,0,0
0.447128350,0,1
0.447132300,1,1
0.447137350,0,1
0.447138350,0,0
0.447142550,1,0
0.447147550,0,0
0.447152750,1,0
0.447157800,0,0
0.447162950,1,0
0.447168000,0,0
0.447173200,1,0
0.447178250,0,0
0.447183400,1,0
0.447188450,0,0
0.447189700,0,1
0.447193650,1,1
0.447198650,0,1
0.447199650,0,0
0.447203850,1,0
0.447208900,0,0
0.447210100,0,1
0.447214100,1,1
0.447219100,0,1
0.447220100,0,0
0.447224300,1,0
0.447229350,0,0
0.447234550,1,0
0.447239550,0,0
0.447244750,1,0
0.447249800,0,0
0.447254950,1,0
0.447260000,0,0
0.447265200,1,0
0.447270250,0,0
0.447270900,0,1
0.447275400,1,1
0.447282450,1,0
0.447288450,0,0
0.447289650,0,1
0.447293600,1,1
0.447298650,0,1
0.447299650,0,0
0.447303850,1,0
0.447308900,0,0
0.447310100,0,1
0.447314100,1,1
0.447319100,0,1
0.447320100,0,0
0.447324300,1,0
0.447329350,0,0
0.447330550,0,1
0.447334550,1,1
0.447339550,0,1
0.447340550,0,0
0.447344750,1,0
0.447349800,0,0
0.447354950,1,0
0.447360000,0,0
0.447361250,0,1
0.447365200,1,1
0.447370250,0,1
0.447370700,0,0
0.447375400,1,0
0.447380450,0,0
0.447385650,1,0
0.447390650,0,0
0.447395850,1,0
0.447400900,0,0
0.447406100,1,0
0.447411100,0,0
0.447416300,1,0
0.447421350,0,0
0.447426550,1,0
0.447431550,0,0
0.447436750,1,0
0.447441800,0,0
0.447446950,1,0
0.447452000,0,0
0.447457200,1,0
0.447462250,0,0
0.447467400,1,0
0.447472450,0,0
0.447475700,0,1
0.447477650,1,1
0.447482650,0,1
0.447483150,0,0
0.447487850,1,0
0.447492900,0,0
0.447498100,1,0
0.447503100,0,0
0.447508300,1,0
0.447513350,0,0
0.447518550,1,0
0.447523550,0,0
0.447528750,1,0
0.447533800,0,0
0.447538950,1,0
0.447544000,0,0
0.447549200,1,0
0.447554200,0,0
0.447559400,1,0
0.447564450,0,0
0.447569650,1,0
0.447574650,0,0
0.447579850,1,0
0.447584900,0,0
0.447590100,1,0
0.447595100,0,0
0.447600300,1,0
0.447605350,0,0
0.447610550,1,0
0.447615550,0,0
0.447620750,1,0
0.447625800,0,0
0.447630950,1,0
0.447636000,0,0
0.447641200,1,0
0.447646200,0,0
0.447651400,1,0
0.447656450,0,0
0.447659700,0,1
0.447661650,1,1
0.447666650,0,1
0.447667100,0,0
0.447671850,1,0
0.447676900,0,0
0.447682100,1,0
0.447687100,0,0
0.447692300,1,0
0.447697350,0,0
0.447702500,1,0
0.447707550,0,0
0.447712750,1,0
0.447717800,0,0
0.447722950,1,0
0.447728000,0,0
0.447733200,1,0
0.447738200,0,0
0.447743400,1,0
0.447748450,0,0
0.447753650,1,0
0.447758650,0,0
0.447763850,1,0
0.447768900,0,0
0.447774100,1,0
0.447779100,0,0
0.447784300,1,0
0.447789350,0,0
0.447794500,1,0
0.447799550,0,0
0.447804750,1,0
0.447809800,0,0
0.447814950,1,0
0.447820000,0,0
0.447825200,1,0
0.447830200,0,0
0.447835400,1,0
0.447840450,0,0
0.447843700,0,1
0.447845650,1,1
0.447850650,0,1
0.447851150,0,0
0.447855850,1,0
0.447860900,0,0
0.447866100,1,0
0.447871100,0,0
0.447876300,1,0
0.447881350,0,0
0.447886500,1,0
0.447891550,0,0
0.447896750,1,0
0.447901800,0,0
0.447906950,1,0
0.447912000,0,0
0.447917200,1,0
0.447922200,0,0
0.447922900,0,1
0.447927400,1,1
0.447932450,0,1
0.447933450,0,0
0.447937650,1,0
0.447943900,1,1
0.545053950,1,0
0.545059950,0,0
0.545061100,0,1
0.545065100,1,1
0.545070150,0,1
0.545071150,0,0
0.545075300,1,0
0.545080350,0,0
0.545081600,0,1
0.545085550,1,1
0.545090600,0,1
0.545091600,0,0
0.545095800,1,0
0.545100800,0,0
0.545102050,0,1
0.545106000,1,1
0.545111050,0,1
0.545112050,0,0
0.545116250,1,0
0.545121250,0,0
0.545126450,1,0
0.545131500,0,0
0.545136650,1,0
0.545141700,0,0
0.545146900,1,0
0.545151950,0,0
0.545157100,1,0
0.545162150,0,0
0.545163400,0,1
0.545167350,1,1
0.545172350,0,1
0.545173350,0,0
0.545177550,1,0
0.545182600,0,0
0.545187800,1,0
0.545192800,0,0
0.545198000,1,0
0.545203050,0,0
0.545208250,1,0
0.545213250,0,0
0.545218450,1,0
0.545223500,0,0
0.545228650,1,0
0.545233700,0,0
0.545238900,1,0
0.545243950,0,0
0.545244600,0,1
0.545249100,1,1
0.545256150,1,0
0.545262150,0,0
0.545263350,0,1
0.545267300,1,1
0.545272350,0,1
0.545273350,0,0
0.545277550,1,0
0.545282600,0,0
0.545283800,0,1
0.545287800,1,1
0.545292800,0,1
0.545293800,0,0
0.545298000,1,0
0.545303050,0,0
0.545304250,0,1
0.545308200,1,1
0.545313250,0,1
0.545314250,0,0
0.545318450,1,0
0.545323500,0,0
0.545328650,1,0
0.545333700,0,0
0.545334950,0,1
0.545338900,1,1
0.545343950,0,1
0.545344400,0,0
0.545349100,1,0
0.545354150,0,0
0.545359350,1,0
0.545364350,0,0
0.545369550,1,0
0.545374600,0,0
0.545379800,1,0
0.545384800,0,0
0.545390000,1,0
0.545395050,0,0
0.545395700,0,1
0.545400200,1,1
0.545405250,0,1
0.545410450,1,1
0.545415500,0,1
0.545420650,1,1
0.545425700,0,1
0.545430900,1,1
0.545435900,0,1
0.545441100,1,1
0.545446150,0,1
0.545447150,0,0
0.545451350,1,0
0.545457550,1,1
0.545523350,1,0
0.545529350,0,0
0.545530550,0,1
0.545534500,1,1
0.545539600,0,1
0.545540600,0,0
0.545544750,1,0
0.545549800,0,0
0.545551000,0,1
0.545555000,1,1
0.545560050,0,1
0.545561050,0,0
0.545565200,1,0
0.545570250,0,0
0.545571450,0,1
0.545575450,1,1
0.545580500,0,1
0.545581500,0,0
0.545585650,1,0
0.545590700,0,0
0.545595900,1,0
0.545600900,0,0
0.545606100,1,0
0.545611150,0,0
0.545616350,1,0
0.545621350,0,0
0.545626550,1,0
0.545631600,0,0
0.545632850,0,1
0.545636800,1,1
0.545641800,0,1
0.545642800,0,0
0.545647000,1,0
0.545652050,0,0
0.545653250,0,1
0.545657200,1,1
0.545662250,0,1
0.545663250,0,0
0.545667450,1,0
0.545672500,0,0
0.545677650,1,0
0.545682700,0,0
0.545687900,1,0
0.545692900,0,0
0.545698100,1,0
0.545703150,0,0
0.545708350,1,0
0.545713350,0,0
0.545714000,0,1
0.545718550,1,1
0.545725600,1,0
0.545731600,0,0
0.545732800,0,1
0.545736750,1,1
0.545741800,0,1
0.545742800,0,0
0.545747000,1,0
0.545752050,0,0
0.545753250,0,1
0.545757200,1,1
0.545762250,0,1
0.545763250,0,0
0.545767450,1,0
0.545772500,0,0
0.545773700,0,1
0.545777650,1,1
0.545782700,0,1
0.545783700,0,0
0.545787900,1,0
0.545792900,0,0
0.545798100,1,0
0.545803150,0,0
0.545804400,0,1
0.545808350,1,1
0.545813350,0,1
0.545813800,0,0
0.545818550,1,0
0.545823600,0,0
0.545828800,1,0
0.545833800,0,0
0.545839000,1,0
0.545844050,0,0
0.545849200,1,0
0.545854250,0,0
0.545859450,1,0
0.545864500,0,0
0.545869650,1,0
0.545874700,0,0
0.545879900,1,0
0.545884900,0,0
0.545890100,1,0
0.545895150,0,0
0.545900350,1,0
0.545905350,0,0
0.545910550,1,0
0.545915600,0,0
0.545918850,0,1
0.545920800,1,1
0.545925800,0,1
0.545926250,0,0
0.545931000,1,0
0.545936050,0,0
0.545941200,1,0
0.545946250,0,0
0.545951450,1,0
0.545956500,0,0
0.545961650,1,0
0.545966700,0,0
0.545971900,1,0
0.545976900,0,0
0.545982100,1,0
0.545987150,0,0
0.545992350,1,0
0.545997350,0,0
0.546002550,1,0
0.546007600,0,0
0.546012800,1,0
0.546017800,0,0
0.546023000,1,0
0.546028050,0,0
0.546033200,1,0
0.546038250,0,0
0.546043450,1,0
0.546048500,0,0
0.546053650,1,0
0.546058700,0,0
0.546063900,1,0
0.546068900,0,0
0.546074100,1,0
0.546079150,0,0
0.546084350,1,0
0.546089350,0,0
0.546094550,1,0
0.546099600,0,0
0.546102850,0,1
0.546104750,1,1
0.546109800,0,1
0.546110250,0,0
0.546115000,1,0
0.546120050,0,0
0.546125200,1,0
0.546130250,0,0
0.546135450,1,0
0.546140450,0,0
0.546145650,1,0
0.546150700,0,0
0.546155900,1,0
0.546160900,0,0
0.546166100,1,0
0.546171150,0,0
0.546176350,1,0
0.546181350,0,0
0.546186550,1,0
0.546191600,0,0
0.546196750,1,0
0.546201800,0,0
0.546207000,1,0
0.546212050,0,0
0.546217200,1,0
0.546222250,0,0
0.546227450,1,0
0.546232450,0,0
0.546237650,1,0
0.546242700,0,0
0.546247900,1,0
0.546252900,0,0
0.546258100,1,0
0.546263150,0,0
0.546268350,1,0
0.546273350,0,0
0.546278550,1,0
0.546283600,0,0
0.546286850,0,1
0.546288750,1,1
0.546293800,0,1
0.546294250,0,0
0.546299000,1,0
0.546304050,0,0
0.546309200,1,0
0.546314250,0,0
0.546319450,1,0
0.546324450,0,0
0.546329650,1,0
0.546334700,0,0
0.546339900,1,0
0.546344900,0,0
0.546350100,1,0
0.546355150,0,0
0.546360350,1,0
0.546365350,0,0
0.546366050,0,1
0.546370550,1,1
0.546375600,0,1
0.546376600,0,0
0.546380750,1,0
0.546387000,1,1
0.643435100,1,0
0.643441050,0,0
0.643442250,0,1
0.643446200,1,1
0.643451300,0,1
0.643452300,0,0
0.643456450,1,0
0.643461500,0,0
0.643462700,0,1
0.643466700,1,1
0.643471750,0,1
0.643472750,0,0
0.643476900,1,0
0.643481950,0,0
0.643483150,0,1
0.643487150,1,1
0.643492200,0,1
0.643493200,0,0
0.643497350,1,0
0.643502400,0,0
0.643507600,1,0
0.643512600,0,0
0.643517800,1,0
0.643522850,0,0
0.643528050,1,0
0.643533050,0,0
0.643538250,1,0
0.643543300,0,0
0.643544550,0,1
0.643548500,1,1
0.643553500,0,1
0.643554500,0,0
0.643558700,1,0
0.643563750,0,0
0.643568900,1,0
0.643573950,0,0
0.643579150,1,0
0.643584200,0,0
0.643589350,1,0
0.643594400,0,0
0.643599600,1,0
0.643604600,0,0
0.643609800,1,0
0.643614850,0,0
0.643620050,1,0
0.643625050,0,0
0.643625750,0,1
0.643630250,1,1
0.643637300,1,0
0.643643300,0,0
0.643644500,0,1
0.643648450,1,1
0.643653500,0,1
0.643654500,0,0
0.643658700,1,0
0.643663750,0,0
0.643664950,0,1
0.643668900,1,1
0.643673950,0,1
0.643674950,0,0
0.643679150,1,0
0.643684200,0,0
0.643685400,0,1
0.643689350,1,1
0.643694400,0,1
0.643695400,0,0
0.643699600,1,0
0.643704600,0,0
0.643709800,1,0
0.643714850,0,0
0.643716050,0,1
0.643720050,1,1
0.643725050,0,1
0.643725550,0,0
0.643730250,1,0
0.643735300,0,0
0.643740500,1,0
0.643745500,0,0
0.643750700,1,0
0.643755750,0,0
0.643760900,1,0
0.643765950,0,0
0.643771150,1,0
0.643776200,0,0
0.643776800,0,1
0.643781350,1,1
0.643786400,0,1
0.643791600,1,1
0.643796600,0,1
0.643801800,1,1
0.643806850,0,1
0.643812050,1,1
0.643817050,0,1
0.643822250,1,1
0.643827300,0,1
0.643828300,0,0
0.643832500,1,0
0.643838700,1,1
0.643903500,1,0
0.643909500,0,0
0.643910700,0,1
0.643914650,1,1
0.643919750,0,1
0.643920750,0,0
0.643924900,1,0
0.643929950,0,0
0.643931150,0,1
0.643935150,1,1
0.643940150,0,1
0.643941150,0,0
0.643945350,1,0
0.643950400,0,0
0.643951600,0,1
0.643955600,1,1
0.643960600,0,1
0.643961600,0,0
0.643965800,1,0
0.643970850,0,0
0.643976050,1,0
0.643981050,0,0
0.643986250,1,0
0.643991300,0,0
0.643996500,1,0
0.644001500,0,0
0.644006700,1,0
0.644011750,0,0
0.644012950,0,1
0.644016900,1,1
0.644021950,0,1
0.644022950,0,0
0.644027150,1,0
0.644032150,0,0
0.644033400,0,1
0.644037350,1,1
0.644042400,0,1
0.644043400,0,0
0.644047600,1,0
0.644052600,0,0
0.644057800,1,0
0.644062850,0,0
0.644068050,1,0
0.644073050,0,0
0.644078250,1,0
0.644083300,0,0
0.644088450,1,0
0.644093500,0,0
0.644094150,0,1
0.644098700,1,1
0.644105750,1,0
0.644111750,0,0
0.644112950,0,1
0.644116900,1,1
0.644121950,0,1
0.644122950,0,0
0.644127150,1,0
0.644132150,0,0
0.644133400,0,1
0.644137350,1,1
0.644142400,0,1
0.644143400,0,0
0.644147600,1,0
0.644152600,0,0
0.644153850,0,1
0.644157800,1,1
0.644162850,0,1
0.644163850,0,0
0.644168050,1,0
0.644173050,0,0
0.644178250,1,0
0.644183300,0,0
0.644184500,0,1
0.644188450,1,1
0.644193500,0,1
0.644193950,0,0
0.644198700,1,0
0.644203750,0,0
0.644208900,1,0
0.644213950,0,0
0.644219150,1,0
0.644224150,0,0
0.644229350,1,0
0.644234400,0,0
0.644239600,1,0
0.644244600,0,0
0.644249800,1,0
0.644254850,0,0
0.644260050,1,0
0.644265050,0,0
0.644270250,1,0
0.644275300,0,0
0.644280450,1,0
0.644285500,0,0
0.644290700,1,0
0.644295750,0,0
0.644298950,0,1
0.644300900,1,1
0.644305950,0,1
0.644306400,0,0
0.644311150,1,0
0.644316150,0,0
0.644321350,1,0
0.644326400,0,0
0.644331600,1,0
0.644336600,0,0
0.644341800,1,0
0.644346850,0,0
0.644352050,1,0
0.644357050,0,0
0.644362250,1,0
0.644367300,0,0
0.644372450,1,0
0.644377500,0,0
0.644382700,1,0
0.644387750,0,0
0.644392900,1,0
0.644397950,0,0
0.644403150,1,0
0.644408150,0,0
0.644413350,1,0
0.644418400,0,0
0.644423600,1,0
0.644428600,0,0
0.644433800,1,0
0.644438850,0,0
0.644444050,1,0
0.644449050,0,0
0.644454250,1,0
0.644459300,0,0
0.644464450,1,0
0.644469500,0,0
0.644474700,1,0
0.644479750,0,0
0.644482950,0,1
0.644484900,1,1
0.644489950,0,1
0.644490400,0,0
0.644495150,1,0
0.644500150,0,0
0.644505350,1,0
0.644510400,0,0
0.644515600,1,0
0.644520600,0,0
0.644525800,1,0
0.644530850,0,0
0.644536050,1,0
0.644541050,0,0
0.644546250,1,0
0.644551300,0,0
0.644556450,1,0
0.644561500,0,0
0.644566700,1,0
0.644571750,0,0
0.644576900,1,0
0.644581950,0,0
0.644587150,1,0
0.644592150,0,0
0.644597350,1,0
0.644602400,0,0
0.644607600,1,0
0.644612600,0,0
0.644617800,1,0
0.644622850,0,0
0.644628050,1,0
0.644633050,0,0
0.644638250,1,0
0.644643300,0,0
0.644648450,1,0
0.644653500,0,0
0.644658700,1,0
0.644663700,0,0
0.644666950,0,1
0.644668900,1,1
0.644673950,0,1
0.644674400,0,0
0.644679150,1,0
0.644684150,0,0
0.644689350,1,0
0.644694400,0,0
0.644699600,1,0
0.644704600,0,0
0.644709800,1,0
0.644714850,0,0
0.644720000,1,0
0.644725050,0,0
0.644730250,1,0
0.644735300,0,0
0.644740450,1,0
0.644745500,0,0
0.644746150,0,1
0.644750700,1,1
0.644755700,0,1
0.644756700,0,0
0.644760900,1,0
0.644767150,1,1
0.742771200,1,0
0.742777200,0,0
0.742778400,0,1
0.742782350,1,1
0.742787400,0,1
0.742788400,0,0
0.742792600,1,0
0.742797650,0,0
0.742798850,0,1
0.742802850,1,1
0.742807850,0,1
0.742808850,0,0
0.742813050,1,0
0.742818100,0,0
0.742819300,0,1
0.742823250,1,1
0.742828300,0,1
0.742829300,0,0
0.742833500,1,0
0.742838550,0,0
0.742843700,1,0
0.742848750,0,0
0.742853950,1,0
0.742859000,0,0
0.742864150,1,0
0.742869200,0,0
0.742874400,1,0
0.742879400,0,0
0.742880650,0,1
0.742884600,1,1
0.742889650,0,1
0.742890650,0,0
0.742894850,1,0
0.742899850,0,0
0.742905050,1,0
0.742910100,0,0
0.742915300,1,0
0.742920300,0,0
0.742925500,1,0
0.742930550,0,0
0.742935700,1,0
0.742940750,0,0
0.742945950,1,0
0.742951000,0,0
0.742956150,1,0
0.742961200,0,0
0.742961850,0,1
0.742966400,1,1
0.742973400,1,0
0.742979400,0,0
0.742980650,0,1
0.742984600,1,1
0.742989650,0,1
0.742990650,0,0
0.742994850,1,0
0.742999850,0,0
0.743001100,0,1
0.743005050,1,1
0.743010100,0,1
0.743011100,0,0
0.743015300,1,0
0.743020300,0,0
0.743021500,0,1
0.743025500,1,1
0.743030550,0,1
0.743031550,0,0
0.743035700,1,0
0.743040750,0,0
0.743045950,1,0
0.743051000,0,0
0.743052200,0,1
0.743056150,1,1
0.743061200,0,1
0.743061650,0,0
0.743066400,1,0
0.743071400,0,0
0.743076600,1,0
0.743081650,0,0
0.743086850,1,0
0.743091850,0,0
0.743097050,1,0
0.743102100,0,0
0.743107250,1,0
0.743112300,0,0
0.743113000,0,1
0.743117500,1,1
0.743122550,0,1
0.743127700,1,1
0.743132750,0,1
0.743137950,1,1
0.743142950,0,1
0.743148150,1,1
0.743153200,0,1
0.743158400,1,1
0.743163400,0,1
0.743164400,0,0
0.743168600,1,0
0.743174850,1,1
0.743239650,1,0
0.743245650,0,0
0.743246800,0,1
0.743250800,1,1
0.743255850,0,1
0.743256850,0,0
0.743261050,1,0
0.743266100,0,0
0.743267300,0,1
0.743271250,1,1
0.743276300,0,1
0.743277300,0,0
0.743281500,1,0
0.743286550,0,0
0.743287750,0,1
0.743291700,1,1
0.743296750,0,1
0.743297750,0,0
0.743301950,1,0
0.743306950,0,0
0.743312150,1,0
0.743317200,0,0
0.743322400,1,0
0.743327400,0,0
0.743332600,1,0
0.743337650,0,0
0.743342850,1,0
0.743347850,0,0
0.743349100,0,1
0.743353050,1,1
0.743358100,0,1
0.743359100,0,0
0.743363250,1,0
0.743368300,0,0
0.743369500,0,1
0.743373500,1,1
0.743378550,0,1
0.743379550,0,0
0.743383700,1,0
0.743388750,0,0
0.743393950,1,0
0.743398950,0,0
0.743404150,1,0
0.743409200,0,0
0.743414400,1,0
0.743419400,0,0
0.743424600,1,0
0.743429650,0,0
0.743430300,0,1
0.743434850,1,1
0.743441850,1,0
0.743447850,0,0
0.743449050,0,1
0.743453050,1,1
0.743458100,0,1
0.743459100,0,0
0.743463250,1,0
0.743468300,0,0
0.743469500,0,1
0.743473500,1,1
0.743478550,0,1
0.743479550,0,0
0.743483700,1,0
0.743488750,0,0
0.743489950,0,1
0.743493950,1,1
0.743498950,0,1
0.743499950,0,0
0.743504150,1,0
0.743509200,0,0
0.743514400,1,0
0.743519400,0,0
0.743520650,0,1
0.743524600,1,1
0.743529650,0,1
0.743530100,0,0
0.743534850,1,0
0.743539850,0,0
0.743545050,1,0
0.743550100,0,0
0.743555250,1,0
0.743560300,0,0
0.743565500,1,0
0.743570550,0,0
0.743575700,1,0
0.743580750,0,0
0.743585950,1,0
0.743590950,0,0
0.743596150,1,0
0.743601200,0,0
0.743606400,1,0
0.743611400,0,0
0.743616600,1,0
0.743621650,0,0
0.743626850,1,0
0.743631850,0,0
0.743635100,0,1
0.743637050,1,1
0.743642100,0,1
0.743642500,0,0
0.743647250,1,0
0.743652300,0,0
0.743657500,1,0
0.743662550,0,0
0.743667700,1,0
0.743672750,0,0
0.743677950,1,0
0.743682950,0,0
0.743688150,1,0
0.743693200,0,0
0.743698400,1,0
0.743703400,0,0
0.743708600,1,0
0.743713650,0,0
0.743718850,1,0
0.743723850,0,0
0.743729050,1,0
0.743734100,0,0
0.743739250,1,0
0.743744300,0,0
0.743749500,1,0
0.743754550,0,0
0.743759700,1,0
0.743764750,0,0
0.743769950,1,0
0.743774950,0,0
0.743780150,1,0
0.743785200,0,0
0.743790400,1,0
0.743795400,0,0
0.743800600,1,0
0.743805650,0,0
0.743810850,1,0
0.743815850,0,0
0.743819100,0,1
0.743821050,1,1
0.743826100,0,1
0.743826500,0,0
0.743831250,1,0
0.743836300,0,0
0.743841500,1,0
0.743846500,0,0
0.743851700,1,0
0.743856750,0,0
0.743861950,1,0
0.743866950,0,0
0.743872150,1,0
0.743877200,0,0
0.743882400,1,0
0.743887400,0,0
0.743892600,1,0
0.743897650,0,0
0.743902850,1,0
0.743907850,0,0
0.743913050,1,0
0.743918100,0,0
0.743923250,1,0
0.743928300,0,0
0.743933500,1,0
0.743938500,0,0
0.743943700,1,0
0.743948750,0,0
0.743953950,1,0
0.743958950,0,0
0.743964150,1,0
0.743969200,0,0
0.743974400,1,0
0.743979400,0,0
0.743984600,1,0
0.743989650,0,0
0.743994800,1,0
0.743999850,0,0
0.744003100,0,1
0.744005050,1,1
0.744010100,0,1
0.744010550,0,0
0.744015250,1,0
0.744020300,0,0
0.744025500,1,0
0.744030500,0,0
0.744035700,1,0
0.744040750,0,0
0.744045950,1,0
0.744050950,0,0
0.744056150,1,0
0.744061200,0,0
0.744066400,1,0
0.744071400,0,0
0.744076600,1,0
0.744081650,0,0
0.744082250,0,1
0.744086800,1,1
0.744091850,0,1
0.744092850,0,0
0.744097050,1,0
0.744103300,1,1
0.819452500,1,0
0.819458500,0,0
0.819463650,1,0
0.819468750,0,0
0.819469950,0,1
0.819473900,1,1
0.819478950,0,1
0.819484150,1,1
0.819489150,0,1
0.819490150,0,0
0.819494350,1,0
0.819499400,0,0
0.819500600,0,1
0.819504600,1,1
0.819509600,0,1
0.819514800,1,1
0.819519850,0,1
0.819525000,1,1
0.819530050,0,1
0.819531050,0,0
0.819535250,1,0
0.819540300,0,0
0.819545450,1,0
0.819550500,0,0
0.819551050,0,1
0.820452500,0,0
0.820456750,1,0
0.820461700,0,0
0.820466950,1,0
0.820471950,0,0
0.820477150,1,0
0.820482150,0,0
0.820487350,1,0
0.820492400,0,0
0.820497600,1,0
0.820502600,0,0
0.820507800,1,0
0.820512850,0,0
0.820518000,1,0
0.820523050,0,0
0.820528250,1,0
0.820533250,0,0
0.820538450,1,0
0.820543500,0,0
0.820543950,0,1
0.821430500,0,0
0.821434700,1,0
0.821440900,1,1
0.826502650,1,0
0.826508650,0,0
0.826513850,1,0
0.826518900,0,0
0.826520100,0,1
0.826524050,1,1
0.826529100,0,1
0.826534300,1,1
0.826539350,0,1
0.826540350,0,0
0.826544550,1,0
0.826549550,0,0
0.826550750,0,1
0.826554750,1,1
0.826559800,0,1
0.826564950,1,1
0.826570000,0,1
0.826575200,1,1
0.826580250,0,1
0.826581250,0,0
0.826585400,1,0
0.826590450,0,0
0.826595650,1,0
0.826600650,0,0
0.826601100,0,1
0.827561650,0,0
0.827565900,1,0
0.827570900,0,0
0.827572100,0,1
0.827576100,1,1
0.827581100,0,1
0.827582100,0,0
0.827586300,1,0
0.827591350,0,0
0.827592550,0,1
0.827596500,1,1
0.827601550,0,1
0.827602550,0,0
0.827606750,1,0
0.827611800,0,0
0.827616950,1,0
0.827622000,0,0
0.827627200,1,0
0.827632200,0,0
0.827633450,0,1
0.827637400,1,1
0.827642450,0,1
0.827642700,0,0
0.827647650,1,0
0.827652650,0,0
0.827653050,0,1
0.827657850,1,1
0.827662900,0,1
0.827663900,0,0
0.827668050,1,0
0.827673100,0,0
0.827678300,1,0
0.827683350,0,0
0.827688500,1,0
0.827693550,0,0
0.827698750,1,0
0.827703750,0,0
0.827708950,1,0
0.827714000,0,0
0.827715250,0,1
0.827719200,1,1
0.827724200,0,1
0.827725200,0,0
0.827729400,1,0
0.827734450,0,0
0.827739650,1,0
0.827744650,0,0
0.827749850,1,0
0.827754900,0,0
0.827760100,1,0
0.827765100,0,0
0.827770300,1,0
0.827775350,0,0
0.827780500,1,0
0.827785550,0,0
0.827790750,1,0
0.827795750,0,0
0.827800950,1,0
0.827806000,0,0
0.827811200,1,0
0.827816200,0,0
0.827817450,0,1
0.827821400,1,1
0.827826450,0,1
0.827826650,0,0
0.827831650,1,0
0.827836650,0,0
0.827841850,1,0
0.827846900,0,0
0.827852050,1,0
0.827857100,0,0
0.827862300,1,0
0.827867350,0,0
0.827868550,0,1
0.827872500,1,1
0.827877550,0,1
0.827878550,0,0
0.827882750,1,0
0.827887750,0,0
0.827892950,1,0
0.827898000,0,0
0.827903200,1,0
0.827908200,0,0
0.827913400,1,0
0.827918450,0,0
0.827923650,1,0
0.827928650,0,0
0.827929100,0,1
0.827933850,1,1
0.827938900,0,1
0.827939900,0,0
0.827944050,1,0
0.827949100,0,0
0.827950300,0,1
0.827954300,1,1
0.827959350,0,1
0.827960350,0,0
0.827964500,1,0
0.827969550,0,0
0.827970750,0,1
0.827974750,1,1
0.827979750,0,1
0.827984950,1,1
0.827990000,0,1
0.827991000,0,0
0.827995200,1,0
0.828000200,0,0
0.828005400,1,0
0.828010450,0,0
0.828015650,1,0
0.828020650,0,0
0.828021150,0,1
0.830325650,0,0
0.830329900,1,0
0.830336050,1,1
0.831333850,1,0
0.831339850,0,0
0.831345000,1,0
0.831350100,0,0
0.831351300,0,1
0.831355250,1,1
0.831360300,0,1
0.831365500,1,1
0.831370500,0,1
0.831371500,0,0
0.831375700,1,0
0.831380750,0,0
0.831381950,0,1
0.831385950,1,1
0.831390950,0,1
0.831396150,1,1
0.831401200,0,1
0.831406400,1,1
0.831411400,0,1
0.831416600,1,1
0.831421650,0,1
0.831421900,0,0
0.831426800,1,0
0.831431850,0,0
0.832339100,1,0
0.832344050,0,0
0.832344600,0,1
0.832349300,1,1
0.832354300,0,1
0.832359500,1,1
0.832364500,0,1
0.832364750,0,0
0.832369700,1,0
0.832374750,0,0
0.832375150,0,1
0.832379950,1,1
0.832384950,0,1
0.832390150,1,1
0.832395200,0,1
0.832400350,1,1
0.832405400,0,1
0.832405700,0,0
0.832410600,1,0
0.832415650,0,0
0.832420800,1,0
0.832425850,0,0
0.832429100,0,1
0.832431050,1,1
0.832436050,0,1
0.832436300,0,0
0.832441250,1,0
0.832446300,0,0
0.832451500,1,0
0.832456500,0,0
0.832461700,1,0
0.832466750,0,0
0.832467200,0,1
0.832471950,1,1
0.832476950,0,1
0.832477200,0,0
0.832482150,1,0
0.832487200,0,0
0.832492350,1,0
0.832497400,0,0
0.832502600,1,0
0.832507650,0,0
0.832512800,1,0
0.832517850,0,0
0.832523050,1,0
0.832528050,0,0
0.832533250,1,0
0.832538300,0,0
0.832543500,1,0
0.832548500,0,0
0.832553700,1,0
0.832558750,0,0
0.832563950,1,0
0.832568950,0,0
0.832574150,1,0
0.832579200,0,0
0.832579700,0,1
0.832584350,1,1
0.832589400,0,1
0.832589650,0,0
0.832594600,1,0
0.832599650,0,0
0.832604800,1,0
0.832609850,0,0
0.832615050,1,0
0.832620050,0,0
0.832625250,1,0
0.832630300,0,0
0.832635500,1,0
0.832640500,0,0
0.832645700,1,0
0.832650750,0,0
0.832655950,1,0
0.832660950,0,0
0.832666150,1,0
0.832671200,0,0
0.832676350,1,0
0.832681400,0,0
0.832686600,1,0
0.832691650,0,0
0.832696800,1,0
0.832701850,0,0
0.832707050,1,0
0.832712050,0,0
0.832717250,1,0
0.832722300,0,0
0.832727500,1,0
0.832732500,0,0
0.832733050,0,1
0.832737700,1,1
0.832742750,0,1
0.832743050,0,0
0.832747950,1,0
0.832752950,0,0
0.832758150,1,0
0.832763200,0,0
0.832768350,1,0
0.832773400,0,0
0.832778600,1,0
0.832783600,0,0
0.832788800,1,0
0.832793850,0,0
0.832799050,1,0
0.832804050,0,0
0.832809250,1,0
0.832814300,0,0
0.832819500,1,0
0.832824500,0,0
0.832829700,1,0
0.832834750,0,0
0.832839950,1,0
0.832844950,0,0
0.832850150,1,0
0.832855200,0,0
0.832860350,1,0
0.832865400,0,0
0.832870600,1,0
0.832875600,0,0
0.832880800,1,0
0.832885850,0,0
0.832891050,1,0
0.832896050,0,0
0.832901250,1,0
0.832906300,0,0
0.832911500,1,0
0.832916500,0,0
0.832921700,1,0
0.832926750,0,0
0.832931900,1,0
0.832936950,0,0
0.832942150,1,0
0.832947200,0,0
0.832952350,1,0
0.832957400,0,0
0.832962600,1,0
0.832967600,0,0
0.832972800,1,0
0.832977850,0,0
0.832983050,1,0
0.832988050,0,0
0.832988550,0,1
0.832993250,1,1
0.832998300,0,1
0.833003500,1,1
0.833008500,0,1
0.833008700,0,0
0.833013700,1,0
0.833018750,0,0
0.833023900,1,0
0.833028950,0,0
0.833029450,0,1
0.833034150,1,1
0.833039200,0,1
0.833039450,0,0
0.833044350,1,0
0.833049400,0,0
0.833054600,1,0
0.833059600,0,0
0.833064800,1,0
0.833069850,0,0
0.833075050,1,0
0.833080050,0,0
0.833085250,1,0
0.833090300,0,0
0.833095500,1,0
0.833100500,0,0
0.833105700,1,0
0.833110750,0,0
0.833115900,1,0
0.833120950,0,0
0.833126150,1,0
0.833131200,0,0
0.833136350,1,0
0.833141400,0,0
0.833146600,1,0
0.833151600,0,0
0.833156800,1,0
0.833161850,0,0
0.833167050,1,0
0.833172050,0,0
0.833177250,1,0
0.833182300,0,0
0.833182850,0,1
0.833187450,1,1
0.833192500,0,1
0.833192800,0,0
0.833197700,1,0
0.833202750,0,0
0.833203200,0,1
0.833207900,1,1
0.833212950,0,1
0.833213200,0,0
0.833218150,1,0
0.833223200,0,0
0.833223600,0,1
0.833228350,1,1
0.833233400,0,1
0.833238600,1,1
0.833243600,0,1
0.833244600,0,0
0.833248800,1,0
0.833253850,0,0
0.833257050,0,1
0.833259050,1,1
0.833264050,0,1
0.833269250,1,1
0.833274300,0,1
0.833279450,1,1
0.833284500,0,1
0.833284750,0,0
0.833289700,1,0
0.833294750,0,0
0.833295100,0,1
0.833299900,1,1
0.833304950,0,1
0.833305250,0,0
0.833310150,1,0
0.833315200,0,0
0.833315650,0,1
0.833320350,1,1
0.833325400,0,1
0.833330600,1,1
0.833335600,0,1
0.833336600,0,0
0.833340800,1,0
0.833345850,0,0
0.833351050,1,0
0.833356050,0,0
0.833361250,1,0
0.833366300,0,0
0.833371500,1,0
0.833376500,0,0
0.833381700,1,0
0.833386750,0,0
0.833391900,1,0
0.833396950,0,0
0.833402150,1,0
0.833407200,0,0
0.833412350,1,0
0.833417400,0,0
0.833422600,1,0
0.833427600,0,0
0.833432800,1,0
0.833437850,0,0
0.833443050,1,0
0.833448050,0,0
0.833453250,1,0
0.833458300,0,0
0.833463500,1,0
0.833468500,0,0
0.833473700,1,0
0.833478750,0,0
0.833483900,1,0
0.833488950,0,0
0.833494150,1,0
0.833499150,0,0
0.833504350,1,0
0.833509400,0,0
0.833514600,1,0
0.833519600,0,0
0.833524800,1,0
0.833529850,0,0
0.833535050,1,0
0.833540050,0,0
0.833545250,1,0
0.833550300,0,0
0.833555450,1,0
0.833560500,0,0
0.833565700,1,0
0.833570750,0,0
0.833575900,1,0
0.833580950,0,0
0.833586150,1,0
0.833591150,0,0
0.833596350,1,0
0.833601400,0,0
0.833606600,1,0
0.833611600,0,0
0.833616800,1,0
0.833621850,0,0
0.833627050,1,0
0.833632050,0,0
0.833637250,1,0
0.833642300,0,0
0.833647450,1,0
0.833652500,0,0
0.833657700,1,0
0.833662750,0,0
0.833667900,1,0
0.833672950,0,0
0.833678150,1,0
0.833683150,0,0
0.833688350,1,0
0.833693400,0,0
0.833698600,1,0
0.833703600,0,0
0.833708800,1,0
0.833713850,0,0
0.833719050,1,0
0.833724050,0,0
0.833729250,1,0
0.833734300,0,0
0.833739450,1,0
0.833744500,0,0
0.833749700,1,0
0.833754750,0,0
0.833759900,1,0
0.833764950,0,0
0.833770150,1,0
0.833775150,0,0
0.833780350,1,0
0.833785400,0,0
0.833790600,1,0
0.833795600,0,0
0.833796050,0,1
0.835232600,0,0
0.835236850,1,0
0.835241850,0,0
0.835247050,1,0
0.835252050,0,0
0.835257250,1,0
0.835262250,0,0
0.835267450,1,0
0.835272500,0,0
0.835277700,1,0
0.835282700,0,0
0.835287900,1,0
0.835292950,0,0
0.835298150,1,0
0.835303150,0,0
0.835308350,1,0
0.835313400,0,0
0.835318550,1,0
0.835323600,0,0
0.835328800,1,0
0.835333850,0,0
0.835339000,1,0
0.835344050,0,0
0.835349250,1,0
0.835354250,0,0
0.835359450,1,0
0.835364500,0,0
0.835369700,1,0
0.835374700,0,0
0.835379900,1,0
0.835384950,0,0
0.835390150,1,0
0.835395150,0,0
0.835400350,1,0
0.835405400,0,0
0.835410550,1,0
0.835415600,0,0
0.835420800,1,0
0.835425850,0,0
0.835431000,1,0
0.835436050,0,0
0.835441250,1,0
0.835446250,0,0
0.835451450,1,0
0.835456500,0,0
0.835461700,1,0
0.835466700,0,0
0.835471900,1,0
0.835476950,0,0
0.835482100,1,0
0.835487150,0,0
0.835492350,1,0
0.835497400,0,0
0.835502550,1,0
0.835507600,0,0
0.835512800,1,0
0.835517850,0,0
0.835523000,1,0
0.835528050,0,0
0.835533250,1,0
0.835538250,0,0
0.835543450,1,0
0.835548500,0,0
0.835553700,1,0
0.835558700,0,0
0.835563900,1,0
0.835568950,0,0
0.835574150,1,0
0.835579150,0,0
0.835584350,1,0
0.835589400,0,0
0.835594550,1,0
0.835599600,0,0
0.835604800,1,0
0.835609850,0,0
0.835615000,1,0
0.835620050,0,0
0.835625250,1,0
0.835630250,0,0
0.835635450,1,0
0.835640500,0,0
0.835645700,1,0
0.835650700,0,0
0.835655900,1,0
0.835660950,0,0
0.835666150,1,0
0.835671150,0,0
0.835676350,1,0
0.835681400,0,0
0.835686550,1,0
0.835691600,0,0
0.835696800,1,0
0.835701800,0,0
0.835707000,1,0
0.835712050,0,0
0.835717250,1,0
0.835722250,0,0
0.835727450,1,0
0.835732500,0,0
0.835737700,1,0
0.835742700,0,0
0.835747900,1,0
0.835752950,0,0
0.835758100,1,0
0.835763150,0,0
0.835768350,1,0
0.835773400,0,0
0.835778550,1,0
0.835783600,0,0
0.835788800,1,0
0.835793800,0,0
0.835799000,1,0
0.835804050,0,0
0.835809250,1,0
0.835814250,0,0
0.835819450,1,0
0.835824500,0,0
0.835829700,1,0
0.835834700,0,0
0.835839900,1,0
0.835844950,0,0
0.835850100,1,0
0.835855150,0,0
0.835860350,1,0
0.835865400,0,0
0.835870550,1,0
0.835875600,0,0
0.835880800,1,0
0.835885800,0,0
0.835891000,1,0
0.835896050,0,0
0.835901250,1,0
0.835906250,0,0
0.835911450,1,0
0.835916500,0,0
0.835921700,1,0
0.835926700,0,0
0.835931900,1,0
0.835936950,0,0
0.835942100,1,0
0.835947150,0,0
0.835952350,1,0
0.835957400,0,0
0.835962550,1,0
0.835967600,0,0
0.835972800,1,0
0.835977800,0,0
0.835983000,1,0
0.835988050,0,0
0.835993250,1,0
0.835998250,0,0
0.836003450,1,0
0.836008500,0,0
0.836013700,1,0
0.836018700,0,0
0.836023900,1,0
0.836028950,0,0
0.836034100,1,0
0.836039150,0,0
0.836044350,1,0
0.836049400,0,0
0.836054550,1,0
0.836059600,0,0
0.836064800,1,0
0.836069800,0,0
0.836075000,1,0
0.836080050,0,0
0.836085250,1,0
0.836090250,0,0
0.836095450,1,0
0.836100500,0,0
0.836105700,1,0
0.836110700,0,0
0.836115900,1,0
0.836120950,0,0
0.836126100,1,0
0.836131150,0,0
0.836136350,1,0
0.836141400,0,0
0.836146550,1,0
0.836151600,0,0
0.836156800,1,0
0.836161800,0,0
0.836167000,1,0
0.836172050,0,0
0.836177250,1,0
0.836182250,0,0
0.836187450,1,0
0.836192500,0,0
0.836197700,1,0
0.836202700,0,0
0.836207900,1,0
0.836212950,0,0
0.836218100,1,0
0.836223150,0,0
0.836228350,1,0
0.836233400,0,0
0.836238550,1,0
0.836243600,0,0
0.836248800,1,0
0.836253800,0,0
0.836259000,1,0
0.836264050,0,0
0.836269250,1,0
0.836274250,0,0
0.836279450,1,0
0.836284500,0,0
0.836289700,1,0
0.836294700,0,0
0.836299900,1,0
0.836304950,0,0
0.836310100,1,0
0.836315150,0,0
0.836320350,1,0
0.836325400,0,0
0.836330550,1,0
0.836335600,0,0
0.836340800,1,0
0.836345800,0,0
0.836351000,1,0
0.836356050,0,0
0.836361250,1,0
0.836366250,0,0
0.836371450,1,0
0.836376500,0,0
0.836381700,1,0
0.836386700,0,0
0.836391900,1,0
0.836396950,0,0
0.836402100,1,0
0.836407150,0,0
0.836412350,1,0
0.836417350,0,0
0.836422550,1,0
0.836427600,0,0
0.836432800,1,0
0.836437800,0,0
0.836443000,1,0
0.836448050,0,0
0.836453250,1,0
0.836458250,0,0
0.836463450,1,0
0.836468500,0,0
0.836473700,1,0
0.836478700,0,0
0.836483900,1,0
0.836488950,0,0
0.836494100,1,0
0.836499150,0,0
0.836504350,1,0
0.836509350,0,0
0.836514550,1,0
0.836519600,0,0
0.836524800,1,0
0.836529800,0,0
0.836535000,1,0
0.836540050,0,0
0.836545250,1,0
0.836550250,0,0
0.836555450,1,0
0.836560500,0,0
0.836565700,1,0
0.836570700,0,0
0.836575900,1,0
0.836580950,0,0
0.836586100,1,0
0.836591150,0,0
0.836596350,1,0
0.836601350,0,0
0.836606550,1,0
0.836611600,0,0
0.836616800,1,0
0.836621800,0,0
0.836627000,1,0
0.836632050,0,0
0.836637250,1,0
0.836642250,0,0
0.836647450,1,0
0.836652500,0,0
0.836657650,1,0
0.836662700,0,0
0.836667900,1,0
0.836672950,0,0
0.836678100,1,0
0.836683150,0,0
0.836688350,1,0
0.836693350,0,0
0.836698550,1,0
0.836703600,0,0
0.836704050,0,1
0.838139600,0,0
0.838143800,1,0
0.838148800,0,0
0.838154000,1,0
0.838159050,0,0
0.838159550,0,1
0.838164200,1,1
0.838169250,0,1
0.838174450,1,1
0.838179450,0,1
0.838179750,0,0
0.838184650,1,0
0.838189700,0,0
0.838190100,0,1
0.838194900,1,1
0.838199900,0,1
0.838205100,1,1
0.838210150,0,1
0.838215350,1,1
0.838220350,0,1
0.838220650,0,0
0.838225550,1,0
0.838230600,0,0
0.838235750,1,0
0.838240800,0,0
0.838244050,0,1
0.838246000,1,1
0.838251050,0,1
0.838251250,0,0
0.838256200,1,0
0.838261250,0,0
0.838266450,1,0
0.838271450,0,0
0.838276650,1,0
0.838281700,0,0
0.838282200,0,1
0.838286900,1,1
0.838291900,0,1
0.838292200,0,0
0.838297100,1,0
0.838302150,0,0
0.838307350,1,0
0.838312350,0,0
0.838317550,1,0
0.838322600,0,0
0.838327750,1,0
0.838332800,0,0
0.838338000,1,0
0.838343050,0,0
0.838348200,1,0
0.838353250,0,0
0.838358450,1,0
0.838363450,0,0
0.838368650,1,0
0.838373700,0,0
0.838378900,1,0
0.838383900,0,0
0.838389100,1,0
0.838394150,0,0
0.838394650,0,1
0.838399300,1,1
0.838404350,0,1
0.838404650,0,0
0.838409550,1,0
0.838414600,0,0
0.838419750,1,0
0.838424800,0,0
0.838430000,1,0
0.838435050,0,0
0.838440200,1,0
0.838445250,0,0
0.838450450,1,0
0.838455450,0,0
0.838460650,1,0
0.838465700,0,0
0.838470900,1,0
0.838475900,0,0
0.838481100,1,0
0.838486150,0,0
0.838491350,1,0
0.838496350,0,0
0.838501550,1,0
0.838506600,0,0
0.838511750,1,0
0.838516800,0,0
0.838522000,1,0
0.838527050,0,0
0.838532200,1,0
0.838537250,0,0
0.838542450,1,0
0.838547450,0,0
0.838547900,0,1
0.838552650,1,1
0.838557700,0,1
0.838558000,0,0
0.838562900,1,0
0.838567900,0,0
0.838573100,1,0
0.838578150,0,0
0.838583350,1,0
0.838588350,0,0
0.838593550,1,0
0.838598600,0,0
0.838603750,1,0
0.838608800,0,0
0.838614000,1,0
0.838619000,0,0
0.838624200,1,0
0.838629250,0,0
0.838634450,1,0
0.838639450,0,0
0.838644650,1,0
0.838649700,0,0
0.838654900,1,0
0.838659900,0,0
0.838665100,1,0
0.838670150,0,0
0.838675350,1,0
0.838680350,0,0
0.838685550,1,0
0.838690600,0,0
0.838695750,1,0
0.838700800,0,0
0.838706000,1,0
0.838711000,0,0
0.838716200,1,0
0.838721250,0,0
0.838726450,1,0
0.838731450,0,0
0.838736650,1,0
0.838741700,0,0
0.838746900,1,0
0.838751900,0,0
0.838757100,1,0
0.838762150,0,0
0.838767300,1,0
0.838772350,0,0
0.838777550,1,0
0.838782600,0,0
0.838787750,1,0
0.838792800,0,0
0.838798000,1,0
0.838803000,0,0
0.838803500,0,1
0.838808200,1,1
0.838813250,0,1
0.838818450,1,1
0.838823450,0,1
0.838823700,0,0
0.838828650,1,0
0.838833700,0,0
0.838838900,1,0
0.838843900,0,0
0.838844450,0,1
0.838849100,1,1
0.838854150,0,1
0.838854400,0,0
0.838859300,1,0
0.838864350,0,0
0.838869550,1,0
0.838874600,0,0
0.838875000,0,1
0.840945800,1,1
0.840950800,0,1
0.840951800,0,0
0.840956000,1,0
0.840962200,1,1
0.841189000,1,0
0.841195000,0,0
0.841196200,0,1
0.841200150,1,1
0.841205250,0,1
0.841206250,0,0
0.841210400,1,0
0.841215450,0,0
0.841216650,0,1
0.841220650,1,1
0.841225650,0,1
0.841226650,0,0
0.841230850,1,0
0.841235900,0,0
0.841237100,0,1
0.841241100,1,1
0.841246100,0,1
0.841247100,0,0
0.841251300,1,0
0.841256350,0,0
0.841261550,1,0
0.841266550,0,0
0.841271750,1,0
0.841276800,0,0
0.841281950,1,0
0.841287000,0,0
0.841292200,1,0
0.841297250,0,0
0.841298450,0,1
0.841302400,1,1
0.841307450,0,1
0.841308450,0,0
0.841312650,1,0
0.841317650,0,0
0.841322850,1,0
0.841327900,0,0
0.841333100,1,0
0.841338100,0,0
0.841343300,1,0
0.841348350,0,0
0.841353550,1,0
0.841358550,0,0
0.841363750,1,0
0.841368800,0,0
0.841373950,1,0
0.841379000,0,0
0.841379650,0,1
0.841384200,1,1
0.841391250,1,0
0.841397250,0,0
0.841398450,0,1
0.841402400,1,1
0.841407450,0,1
0.841408450,0,0
0.841412650,1,0
0.841417650,0,0
0.841418900,0,1
0.841422850,1,1
0.841427900,0,1
0.841428900,0,0
0.841433100,1,0
0.841438100,0,0
0.841439350,0,1
0.841443300,1,1
0.841448350,0,1
0.841449350,0,0
0.841453550,1,0
0.841458550,0,0
0.841463750,1,0
0.841468800,0,0
0.841470000,0,1
0.841473950,1,1
0.841479000,0,1
0.841479450,0,0
0.841484200,1,0
0.841489250,0,0
0.841494400,1,0
0.841499450,0,0
0.841504650,1,0
0.841509650,0,0
0.841514850,1,0
0.841519900,0,0
0.841525100,1,0
0.841530100,0,0
0.841530800,0,1
0.841535300,1,1
0.841540350,0,1
0.841545500,1,1
0.841550550,0,1
0.841555750,1,1
0.841560800,0,1
0.841565950,1,1
0.841571000,0,1
0.841576200,1,1
0.841581200,0,1
0.841582200,0,0
0.841586400,1,0
0.841592650,1,1
0.841650450,1,0
0.841656450,0,0
0.841657650,0,1
0.841661600,1,1
0.841666650,0,1
0.841667650,0,0
0.841671850,1,0
0.841676900,0,0
0.841678100,0,1
0.841682050,1,1
0.841687100,0,1
0.841688100,0,0
0.841692300,1,0
0.841697350,0,0
0.841698550,0,1
0.841702500,1,1
0.841707550,0,1
0.841708550,0,0
0.841712750,1,0
0.841717800,0,0
0.841722950,1,0
0.841728000,0,0
0.841733200,1,0
0.841738200,0,0
0.841743400,1,0
0.841748450,0,0
0.841753650,1,0
0.841758650,0,0
0.841759900,0,1
0.841763850,1,1
0.841768900,0,1
0.841769900,0,0
0.841774100,1,0
0.841779100,0,0
0.841780350,0,1
0.841784300,1,1
0.841789350,0,1
0.841790350,0,0
0.841794500,1,0
0.841799550,0,0
0.841804750,1,0
0.841809800,0,0
0.841814950,1,0
0.841820000,0,0
0.841825200,1,0
0.841830200,0,0
0.841835400,1,0
0.841840450,0,0
0.841841100,0,1
0.841845650,1,1
0.841852650,1,0
0.841858650,0,0
0.841859850,0,1
0.841863850,1,1
0.841868900,0,1
0.841869900,0,0
0.841874050,1,0
0.841879100,0,0
0.841880300,0,1
0.841884300,1,1
0.841889350,0,1
0.841890350,0,0
0.841894500,1,0
0.841899550,0,0
0.841900750,0,1
0.841904750,1,1
0.841909800,0,1
0.841910800,0,0
0.841914950,1,0
0.841920000,0,0
0.841925200,1,0
0.841930200,0,0
0.841931450,0,1
0.841935400,1,1
0.841940450,0,1
0.841940900,0,0
0.841945650,1,0
0.841950650,0,0
0.841955850,1,0
0.841960900,0,0
0.841966100,1,0
0.841971100,0,0
0.841976300,1,0
0.841981350,0,0
0.841986500,1,0
0.841991550,0,0
0.841996750,1,0
0.842001800,0,0
0.842006950,1,0
0.842012000,0,0
0.842017200,1,0
0.842022200,0,0
0.842027400,1,0
0.842032450,0,0
0.842037650,1,0
0.842042650,0,0
0.842045900,0,1
0.842047850,1,1
0.842052900,0,1
0.842053350,0,0
0.842058100,1,0
0.842063100,0,0
0.842068300,1,0
0.842073350,0,0
0.842078500,1,0
0.842083550,0,0
0.842088750,1,0
0.842093800,0,0
0.842098950,1,0
0.842104000,0,0
0.842109200,1,0
0.842114200,0,0
0.842119400,1,0
0.842124450,0,0
0.842129650,1,0
0.842134650,0,0
0.842139850,1,0
0.842144900,0,0
0.842150100,1,0
0.842155100,0,0
0.842160300,1,0
0.842165350,0,0
0.842170500,1,0
0.842175550,0,0
0.842180750,1,0
0.842185800,0,0
0.842190950,1,0
0.842196000,0,0
0.842201200,1,0
0.842206200,0,0
0.842211400,1,0
0.842216450,0,0
0.842221650,1,0
0.842226650,0,0
0.842229900,0,1
0.842231850,1,1
0.842236900,0,1
0.842237300,0,0
0.842242100,1,0
0.842247100,0,0
0.842252300,1,0
0.842257350,0,0
0.842262500,1,0
0.842267550,0,0
0.842272750,1,0
0.842277750,0,0
0.842282950,1,0
0.842288000,0,0
0.842293200,1,0
0.842298200,0,0
0.842303400,1,0
0.842308450,0,0
0.842313650,1,0
0.842318650,0,0
0.842323850,1,0
0.842328900,0,0
0.842334100,1,0
0.842339100,0,0
0.842344300,1,0
0.842349350,0,0
0.842354500,1,0
0.842359550,0,0
0.842364750,1,0
0.842369750,0,0
0.842374950,1,0
0.842380000,0,0
0.842385200,1,0
0.842390200,0,0
0.842395400,1,0
0.842400450,0,0
0.842405650,1,0
0.842410650,0,0
0.842413900,0,1
0.842415850,1,1
0.842420900,0,1
0.842421300,0,0
0.842426050,1,0
0.842431100,0,0
0.842436300,1,0
0.842441350,0,0
0.842446500,1,0
0.842451550,0,0
0.842456750,1,0
0.842461750,0,0
0.842466950,1,0
0.842472000,0,0
0.842477200,1,0
0.842482200,0,0
0.842487400,1,0
0.842492450,0,0
0.842493100,0,1
0.842497650,1,1
0.842502650,0,1
0.842503650,0,0
0.842507850,1,0
0.842514100,1,1
0.843879850,1,0
0.843885850,0,0
0.843891050,1,0
0.843896100,0,0
0.843897300,0,1
0.843901250,1,1
0.843906300,0,1
0.843911500,1,1
0.843916550,0,1
0.843917550,0,0
0.843921750,1,0
0.843926750,0,0
0.843927950,0,1
0.843931950,1,1
0.843937000,0,1
0.843942150,1,1
0.843947200,0,1
0.843952400,1,1
0.843957450,0,1
0.843958450,0,0
0.843962600,1,0
0.843967650,0,0
0.843972850,1,0
0.843977850,0,0
0.843978300,0,1
0.844924850,0,0
0.844929100,1,0
0.844934100,0,0
0.844935300,0,1
0.844939300,1,1
0.844944300,0,1
0.844945300,0,0
0.844949500,1,0
0.844954550,0,0
0.844955750,0,1
0.844959700,1,1
0.844964750,0,1
0.844965750,0,0
0.844969950,1,0
0.844975000,0,0
0.844980150,1,0
0.844985200,0,0
0.844990400,1,0
0.844995400,0,0
0.844996650,0,1
0.845000600,1,1
0.845005650,0,1
0.845005900,0,0
0.845010850,1,0
0.845015850,0,0
0.845016300,0,1
0.845021050,1,1
0.845026100,0,1
0.845027100,0,0
0.845031300,1,0
0.845036300,0,0
0.845041500,1,0
0.845046550,0,0
0.845051700,1,0
0.845056750,0,0
0.845061950,1,0
0.845067000,0,0
0.845072150,1,0
0.845077200,0,0
0.845078450,0,1
0.845082400,1,1
0.845087400,0,1
0.845088400,0,0
0.845092600,1,0
0.845097650,0,0
0.845102850,1,0
0.845107850,0,0
0.845113050,1,0
0.845118100,0,0
0.845123300,1,0
0.845128300,0,0
0.845133500,1,0
0.845138550,0,0
0.845143700,1,0
0.845148750,0,0
0.845153950,1,0
0.845158950,0,0
0.845164150,1,0
0.845169200,0,0
0.845174400,1,0
0.845179400,0,0
0.845180650,0,1
0.845184600,1,1
0.845189650,0,1
0.845189850,0,0
0.845194850,1,0
0.845199850,0,0
0.845200250,0,1
0.845205050,1,1
0.845210100,0,1
0.845215250,1,1
0.845220300,0,1
0.845221300,0,0
0.845225500,1,0
0.845230550,0,0
0.845231750,0,1
0.845235700,1,1
0.845240750,0,1
0.845245950,1,1
0.845250950,0,1
0.845256150,1,1
0.845261200,0,1
0.845262200,0,0
0.845266400,1,0
0.845271400,0,0
0.845272600,0,1
0.845276600,1,1
0.845281650,0,1
0.845281900,0,0
0.845286850,1,0
0.845291850,0,0
0.845297050,1,0
0.845302100,0,0
0.845303300,0,1
0.845307250,1,1
0.845312300,0,1
0.845317500,1,1
0.845322550,0,1
0.845323550,0,0
0.845327700,1,0
0.845332750,0,0
0.845337950,1,0
0.845342950,0,0
0.845348150,1,0
0.845353200,0,0
0.845358400,1,0
0.845363400,0,0
0.845364650,0,1
0.845368600,1,1
0.845373650,0,1
0.845373950,0,0
0.845378850,1,0
0.845383850,0,0
0.845384350,0,1
0.847740850,0,0
0.847745100,1,0
0.847751250,1,1
0.848703050,1,0
0.848709050,0,0
0.848714200,1,0
0.848719300,0,0
0.848720500,0,1
0.848724450,1,1
0.848729500,0,1
0.848734700,1,1
0.848739750,0,1
0.848740750,0,0
0.848744900,1,0
0.848749950,0,0
0.848751150,0,1
0.848755150,1,1
0.848760150,0,1
0.848765350,1,1
0.848770400,0,1
0.848775600,1,1
0.848780600,0,1
0.848785800,1,1
0.848790850,0,1
0.848791100,0,0
0.848796050,1,0
0.848801050,0,0
0.849714300,1,0
0.849719250,0,0
0.849719800,0,1
0.849724500,1,1
0.849729500,0,1
0.849734700,1,1
0.849739700,0,1
0.849740000,0,0
0.849744900,1,0
0.849749950,0,0
0.849750350,0,1
0.849755150,1,1
0.849760150,0,1
0.849765350,1,1
0.849770400,0,1
0.849775550,1,1
0.849780600,0,1
0.849780900,0,0
0.849785800,1,0
0.849790850,0,0
0.849796000,1,0
0.849801050,0,0
0.849804300,0,1
0.849806250,1,1
0.849811250,0,1
0.849811500,0,0
0.849816450,1,0
0.849821500,0,0
0.849826700,1,0
0.849831700,0,0
0.849836900,1,0
0.849841950,0,0
0.849842450,0,1
0.849847150,1,1
0.849852150,0,1
0.849852450,0,0
0.849857350,1,0
0.849862400,0,0
0.849867550,1,0
0.849872600,0,0
0.849877800,1,0
0.849882850,0,0
0.849888000,1,0
0.849893050,0,0
0.849898250,1,0
0.849903250,0,0
0.849908450,1,0
0.849913500,0,0
0.849918700,1,0
0.849923700,0,0
0.849928900,1,0
0.849933950,0,0
0.849939150,1,0
0.849944150,0,0
0.849949350,1,0
0.849954400,0,0
0.849954900,0,1
0.849959550,1,1
0.849964600,0,1
0.849964900,0,0
0.849969800,1,0
0.849974850,0,0
0.849980000,1,0
0.849985050,0,0
0.849990250,1,0
0.849995250,0,0
0.850000450,1,0
0.850005500,0,0
0.850010700,1,0
0.850015700,0,0
0.850020900,1,0
0.850025950,0,0
0.850031150,1,0
0.850036150,0,0
0.850041350,1,0
0.850046400,0,0
0.850051550,1,0
0.850056600,0,0
0.850057150,0,1
0.850061800,1,1
0.850066850,0,1
0.850067850,0,0
0.850072000,1,0
0.850077050,0,0
0.850080250,0,1
0.850082250,1,1
0.850087250,0,1
0.850092450,1,1
0.850097500,0,1
0.850097700,0,0
0.850102700,1,0
0.850107700,0,0
0.850108100,0,1
0.850112900,1,1
0.850117950,0,1
0.850123100,1,1
0.850128150,0,1
0.850133350,1,1
0.850138400,0,1
0.850138650,0,0
0.850143550,1,0
0.850148600,0,0
0.850149050,0,1
0.850153800,1,1
0.850158850,0,1
0.850159850,0,0
0.850164000,1,0
0.850169050,0,0
0.850174250,1,0
0.850179250,0,0
0.850184450,1,0
0.850189500,0,0
0.850194700,1,0
0.850199700,0,0
0.850204900,1,0
0.850209950,0,0
0.850215150,1,0
0.850220150,0,0
0.850225350,1,0
0.850230400,0,0
0.850235550,1,0
0.850240600,0,0
0.850245800,1,0
0.850250850,0,0
0.850256000,1,0
0.850261050,0,0
0.850266250,1,0
0.850271250,0,0
0.850276450,1,0
0.850281500,0,0
0.850286700,1,0
0.850291700,0,0
0.850296900,1,0
0.850301950,0,0
0.850307150,1,0
0.850312150,0,0
0.850317350,1,0
0.850322400,0,0
0.850327550,1,0
0.850332600,0,0
0.850337800,1,0
0.850342800,0,0
0.850348000,1,0
0.850353050,0,0
0.850358250,1,0
0.850363250,0,0
0.850363750,0,1
0.850368450,1,1
0.850373500,0,1
0.850378700,1,1
0.850383700,0,1
0.850383950,0,0
0.850388900,1,0
0.850393950,0,0
0.850399100,1,0
0.850404150,0,0
0.850404700,0,1
0.850409350,1,1
0.850414400,0,1
0.850414650,0,0
0.850419550,1,0
0.850424600,0,0
0.850429800,1,0
0.850434800,0,0
0.850440000,1,0
0.850445050,0,0
0.850450250,1,0
0.850455250,0,0
0.850460450,1,0
0.850465500,0,0
0.850470700,1,0
0.850475700,0,0
0.850480900,1,0
0.850485950,0,0
0.850491100,1,0
0.850496150,0,0
0.850501350,1,0
0.850506400,0,0
0.850511550,1,0
0.850516600,0,0
0.850521800,1,0
0.850526800,0,0
0.850532000,1,0
0.850537050,0,0
0.850542250,1,0
0.850547250,0,0
0.850552450,1,0
0.850557500,0,0
0.850557950,0,1
0.850562700,1,1
0.850567700,0,1
0.850568050,0,0
0.850572900,1,0
0.850577950,0,0
0.850578450,0,1
0.850583100,1,1
0.850588150,0,1
0.850588450,0,0
0.850593350,1,0
0.850598400,0,0
0.850598850,0,1
0.850603550,1,1
0.850608600,0,1
0.850613800,1,1
0.850618800,0,1
0.850619800,0,0
0.850624000,1,0
0.850629050,0,0
0.850634250,1,0
0.850639250,0,0
0.850644450,1,0
0.850649500,0,0
0.850650000,0,1
0.850654700,1,1
0.850659700,0,1
0.850659950,0,0
0.850664900,1,0
0.850669950,0,0
0.850675100,1,0
0.850680150,0,0
0.850680550,0,1
0.850685350,1,1
0.850690400,0,1
0.850695550,1,1
0.850700600,0,1
0.850705800,1,1
0.850710800,0,1
0.850711800,0,0
0.850716000,1,0
0.850721050,0,0
0.850726250,1,0
0.850731250,0,0
0.850736450,1,0
0.850741500,0,0
0.850746700,1,0
0.850751700,0,0
0.850756900,1,0
0.850761950,0,0
0.850767100,1,0
0.850772150,0,0
0.850777350,1,0
0.850782400,0,0
0.850787550,1,0
0.850792600,0,0
0.850797800,1,0
0.850802800,0,0
0.850808000,1,0
0.850813050,0,0
0.850818250,1,0
0.850823250,0,0
0.850828450,1,0
0.850833500,0,0
0.850838700,1,0
0.850843700,0,0
0.850848900,1,0
0.850853950,0,0
0.850859100,1,0
0.850864150,0,0
0.850869350,1,0
0.850874400,0,0
0.850879550,1,0
0.850884600,0,0
0.850889800,1,0
0.850894800,0,0
0.850900000,1,0
0.850905050,0,0
0.850910250,1,0
0.850915250,0,0
0.850920450,1,0
0.850925500,0,0
0.850930700,1,0
0.850935700,0,0
0.850940900,1,0
0.850945950,0,0
0.850951100,1,0
0.850956150,0,0
0.850961350,1,0
0.850966400,0,0
0.850971550,1,0
0.850976600,0,0
0.850981800,1,0
0.850986800,0,0
0.850992000,1,0
0.850997050,0,0
0.851002250,1,0
0.851007250,0,0
0.851012450,1,0
0.851017500,0,0
0.851022700,1,0
0.851027700,0,0
0.851032900,1,0
0.851037950,0,0
0.851043100,1,0
0.851048150,0,0
0.851053350,1,0
0.851058350,0,0
0.851063550,1,0
0.851068600,0,0
0.851073800,1,0
0.851078800,0,0
0.851084000,1,0
0.851089050,0,0
0.851094250,1,0
0.851099250,0,0
0.851104450,1,0
0.851109500,0,0
0.851114700,1,0
0.851119700,0,0
0.851124900,1,0
0.851129950,0,0
0.851135100,1,0
0.851140150,0,0
0.851145350,1,0
0.851150350,0,0
0.851155550,1,0
0.851160600,0,0
0.851165800,1,0
0.851170800,0,0
0.851171300,0,1
0.852591800,0,0
0.852596050,1,0
0.852601050,0,0
0.852606250,1,0
0.852611250,0,0
0.852616450,1,0
0.852621450,0,0
0.852626650,1,0
0.852631700,0,0
0.852636900,1,0
0.852641900,0,0
0.852647100,1,0
0.852652150,0,0
0.852657350,1,0
0.852662350,0,0
0.852667550,1,0
0.852672600,0,0
0.852677750,1,0
0.852682800,0,0
0.852688000,1,0
0.852693050,0,0
0.852698200,1,0
0.852703250,0,0
0.852708450,1,0
0.852713450,0,0
0.852718650,1,0
0.852723700,0,0
0.852728900,1,0
0.852733900,0,0
0.852739100,1,0
0.852744150,0,0
0.852749350,1,0
0.852754350,0,0
0.852759550,1,0
0.852764600,0,0
0.852769750,1,0
0.852774800,0,0
0.852780000,1,0
0.852785050,0,0
0.852790200,1,0
0.852795250,0,0
0.852800450,1,0
0.852805450,0,0
0.852810650,1,0
0.852815700,0,0
0.852820900,1,0
0.852825900,0,0
0.852831100,1,0
0.852836150,0,0
0.852841350,1,0
0.852846350,0,0
0.852851550,1,0
0.852856600,0,0
0.852861750,1,0
0.852866800,0,0
0.852872000,1,0
0.852877050,0,0
0.852882200,1,0
0.852887250,0,0
0.852892450,1,0
0.852897450,0,0
0.852902650,1,0
0.852907700,0,0
0.852912900,1,0
0.852917900,0,0
0.852923100,1,0
0.852928150,0,0
0.852933350,1,0
0.852938350,0,0
0.852943550,1,0
0.852948600,0,0
0.852953750,1,0
0.852958800,0,0
0.852964000,1,0
0.852969050,0,0
0.852974200,1,0
0.852979250,0,0
0.852984450,1,0
0.852989450,0,0
0.852994650,1,0
0.852999700,0,0
0.853004900,1,0
0.853009900,0,0
0.853015100,1,0
0.853020150,0,0
0.853025350,1,0
0.853030350,0,0
0.853035550,1,0
0.853040600,0,0
0.853045750,1,0
0.853050800,0,0
0.853056000,1,0
0.853061050,0,0
0.853066200,1,0
0.853071250,0,0
0.853076450,1,0
0.853081450,0,0
0.853086650,1,0
0.853091700,0,0
0.853096900,1,0
0.853101900,0,0
0.853107100,1,0
0.853112150,0,0
0.853117350,1,0
0.853122350,0,0
0.853127550,1,0
0.853132600,0,0
0.853137750,1,0
0.853142800,0,0
0.853148000,1,0
0.853153050,0,0
0.853158200,1,0
0.853163250,0,0
0.853168450,1,0
0.853173450,0,0
0.853178650,1,0
0.853183700,0,0
0.853188900,1,0
0.853193900,0,0
0.853199100,1,0
0.853204150,0,0
0.853209350,1,0
0.853214350,0,0
0.853219550,1,0
0.853224600,0,0
0.853229750,1,0
0.853234800,0,0
0.853240000,1,0
0.853245000,0,0
0.853250200,1,0
0.853255250,0,0
0.853260450,1,0
0.853265450,0,0
0.853270650,1,0
0.853275700,0,0
0.853280900,1,0
0.853285900,0,0
0.853291100,1,0
0.853296150,0,0
0.853301350,1,0
0.853306350,0,0
0.853311550,1,0
0.853316600,0,0
0.853321750,1,0
0.853326800,0,0
0.853332000,1,0
0.853337000,0,0
0.853342200,1,0
0.853347250,0,0
0.853352450,1,0
0.853357450,0,0
0.853362650,1,0
0.853367700,0,0
0.853372900,1,0
0.853377900,0,0
0.853383100,1,0
0.853388150,0,0
0.853393300,1,0
0.853398350,0,0
0.853403550,1,0
0.853408600,0,0
0.853413750,1,0
0.853418800,0,0
0.853424000,1,0
0.853429000,0,0
0.853434200,1,0
0.853439250,0,0
0.853444450,1,0
0.853449450,0,0
0.853454650,1,0
0.853459700,0,0
0.853464900,1,0
0.853469900,0,0
0.853475100,1,0
0.853480150,0,0
0.853485300,1,0
0.853490350,0,0
0.853495550,1,0
0.853500600,0,0
0.853505750,1,0
0.853510800,0,0
0.853516000,1,0
0.853521000,0,0
0.853526200,1,0
0.853531250,0,0
0.853536450,1,0
0.853541450,0,0
0.853546650,1,0
0.853551700,0,0
0.853556900,1,0
0.853561900,0,0
0.853567100,1,0
0.853572150,0,0
0.853577300,1,0
0.853582350,0,0
0.853587550,1,0
0.853592600,0,0
0.853597750,1,0
0.853602800,0,0
0.853608000,1,0
0.853613000,0,0
0.853618200,1,0
0.853623250,0,0
0.853628450,1,0
0.853633450,0,0
0.853638650,1,0
0.853643700,0,0
0.853648900,1,0
0.853653900,0,0
0.853659100,1,0
0.853664150,0,0
0.853669300,1,0
0.853674350,0,0
0.853679550,1,0
0.853684600,0,0
0.853689750,1,0
0.853694800,0,0
0.853700000,1,0
0.853705000,0,0
0.853710200,1,0
0.853715250,0,0
0.853720450,1,0
0.853725450,0,0
0.853730650,1,0
0.853735700,0,0
0.853740900,1,0
0.853745900,0,0
0.853751100,1,0
0.853756150,0,0
0.853761300,1,0
0.853766350,0,0
0.853771550,1,0
0.853776600,0,0
0.853781750,1,0
0.853786800,0,0
0.853792000,1,0
0.853797000,0,0
0.853802200,1,0
0.853807250,0,0
0.853812450,1,0
0.853817450,0,0
0.853822650,1,0
0.853827700,0,0
0.853832900,1,0
0.853837900,0,0
0.853843100,1,0
0.853848150,0,0
0.853853300,1,0
0.853858350,0,0
0.853863550,1,0
0.853868600,0,0
0.853873750,1,0
0.853878800,0,0
0.853884000,1,0
0.853889000,0,0
0.853894200,1,0
0.853899250,0,0
0.853904450,1,0
0.853909450,0,0
0.853914650,1,0
0.853919700,0,0
0.853924900,1,0
0.853929900,0,0
0.853935100,1,0
0.853940150,0,0
0.853945300,1,0
0.853950350,0,0
0.853955550,1,0
0.853960550,0,0
0.853965750,1,0
0.853970800,0,0
0.853976000,1,0
0.853981000,0,0
0.853986200,1,0
0.853991250,0,0
0.853996450,1,0
0.854001450,0,0
0.854006650,1,0
0.854011700,0,0
0.854016900,1,0
0.854021900,0,0
0.854027100,1,0
0.854032150,0,0
0.854037300,1,0
0.854042350,0,0
0.854047550,1,0
0.854052550,0,0
0.854057750,1,0
0.854062800,0,0
0.854063350,0,1
0.855512800,0,0
0.855517000,1,0
0.855522000,0,0
0.855527200,1,0
0.855532250,0,0
0.855532700,0,1
0.855537400,1,1
0.855542450,0,1
0.855547650,1,1
0.855552650,0,1
0.855552850,0,0
0.855557850,1,0
0.855562900,0,0
0.855563400,0,1
0.855568100,1,1
0.855573100,0,1
0.855578300,1,1
0.855583350,0,1
0.855588550,1,1
0.855593550,0,1
0.855593800,0,0
0.855598750,1,0
0.855603800,0,0
0.855608950,1,0
0.855614000,0,0
0.855617250,0,1
0.855619200,1,1
0.855624250,0,1
0.855624550,0,0
0.855629400,1,0
0.855634450,0,0
0.855639650,1,0
0.855644650,0,0
0.855649850,1,0
0.855654900,0,0
0.855655350,0,1
0.855660100,1,1
0.855665100,0,1
0.855665300,0,0
0.855670300,1,0
0.855675350,0,0
0.855680550,1,0
0.855685550,0,0
0.855690750,1,0
0.855695800,0,0
0.855700950,1,0
0.855706000,0,0
0.855711200,1,0
0.855716250,0,0
0.855721400,1,0
0.855726450,0,0
0.855731650,1,0
0.855736650,0,0
0.855741850,1,0
0.855746900,0,0
0.855752100,1,0
0.855757100,0,0
0.855762300,1,0
0.855767350,0,0
0.855767800,0,1
0.855772550,1,1
0.855777550,0,1
0.855777750,0,0
0.855782750,1,0
0.855787800,0,0
0.855792950,1,0
0.855798000,0,0
0.855803200,1,0
0.855808250,0,0
0.855813400,1,0
0.855818450,0,0
0.855823650,1,0
0.855828650,0,0
0.855833850,1,0
0.855838900,0,0
0.855844100,1,0
0.855849100,0,0
0.855854300,1,0
0.855859350,0,0
0.855864550,1,0
0.855869550,0,0
0.855870050,0,1
0.855874750,1,1
0.855879800,0,1
0.855880800,0,0
0.855884950,1,0
0.855890000,0,0
0.855893250,0,1
0.855895200,1,1
0.855900250,0,1
0.855905400,1,1
0.855910450,0,1
0.855910750,0,0
0.855915650,1,0
0.855920650,0,0
0.855921100,0,1
0.855925850,1,1
0.855930900,0,1
0.855936100,1,1
0.855941100,0,1
0.855946300,1,1
0.855951350,0,1
0.855951550,0,0
0.855956550,1,0
0.855961550,0,0
0.855962050,0,1
0.855966750,1,1
0.855971800,0,1
0.855972800,0,0
0.855976950,1,0
0.855982000,0,0
0.855987200,1,0
0.855992250,0,0
0.855997400,1,0
0.856002450,0,0
0.856007650,1,0
0.856012650,0,0
0.856017850,1,0
0.856022900,0,0
0.856028100,1,0
0.856033100,0,0
0.856038300,1,0
0.856043350,0,0
0.856048550,1,0
0.856053550,0,0
0.856058750,1,0
0.856063800,0,0
0.856068950,1,0
0.856074000,0,0
0.856079200,1,0
0.856084200,0,0
0.856089400,1,0
0.856094450,0,0
0.856099650,1,0
0.856104650,0,0
0.856109850,1,0
0.856114900,0,0
0.856120100,1,0
0.856125100,0,0
0.856130300,1,0
0.856135350,0,0
0.856140500,1,0
0.856145550,0,0
0.856150750,1,0
0.856155800,0,0
0.856160950,1,0
0.856166000,0,0
0.856171200,1,0
0.856176200,0,0
0.856176650,0,1
0.856181400,1,1
0.856186450,0,1
0.856191650,1,1
0.856196650,0,1
0.856196950,0,0
0.856201850,1,0
0.856206900,0,0
0.856212100,1,0
0.856217100,0,0
0.856217550,0,1
0.856222300,1,1
0.856227350,0,1
0.856227550,0,0
0.856232500,1,0
0.856237550,0,0
0.856242750,1,0
0.856247800,0,0
0.856248300,0,1
0.858309750,0,0
0.858310900,0,1
0.858314000,1,1
0.858319000,0,1
0.858320000,0,0
0.858324200,1,0
0.858330400,1,1
0.859418200,1,0
0.859424200,0,0
0.859429350,1,0
0.859434400,0,0
0.859435650,0,1
0.859439600,1,1
0.859444650,0,1
0.859449850,1,1
0.859454850,0,1
0.859455850,0,0
0.859460050,1,0
0.859465100,0,0
0.859466300,0,1
0.859470250,1,1
0.859475300,0,1
0.859480500,1,1
0.859485550,0,1
0.859490700,1,1
0.859495750,0,1
0.859496750,0,0
0.859500950,1,0
0.859506000,0,0
0.859511150,1,0
0.859516200,0,0
0.859516650,0,1
0.860461200,0,0
0.860465450,1,0
0.860470400,0,0
0.860471600,0,1
0.860475600,1,1
0.860480650,0,1
0.860481650,0,0
0.860485850,1,0
0.860490850,0,0
0.860492050,0,1
0.860496050,1,1
0.860501100,0,1
0.860502100,0,0
0.860506250,1,0
0.860511300,0,0
0.860516500,1,0
0.860521500,0,0
0.860526700,1,0
0.860531750,0,0
0.860533000,0,1
0.860536950,1,1
0.860541950,0,1
0.860542150,0,0
0.860547150,1,0
0.860552200,0,0
0.860552700,0,1
0.860557400,1,1
0.860562400,0,1
0.860563400,0,0
0.860567600,1,0
0.860572650,0,0
0.860577850,1,0
0.860582850,0,0
0.860588050,1,0
0.860593100,0,0
0.860598250,1,0
0.860603300,0,0
0.860608500,1,0
0.860613500,0,0
0.860614750,0,1
0.860618700,1,1
0.860623750,0,1
0.860624750,0,0
0.860628950,1,0
0.860633950,0,0
0.860639150,1,0
0.860644200,0,0
0.860649400,1,0
0.860654400,0,0
0.860659600,1,0
0.860664650,0,0
0.860669800,1,0
0.860674850,0,0
0.860680050,1,0
0.860685100,0,0
0.860690250,1,0
0.860695300,0,0
0.860700500,1,0
0.860705500,0,0
0.860710700,1,0
0.860715750,0,0
0.860717000,0,1
0.860720950,1,1
0.860725950,0,1
0.860726250,0,0
0.860731150,1,0
0.860736200,0,0
0.860736650,0,1
0.860741400,1,1
0.860746400,0,1
0.860751600,1,1
0.860756650,0,1
0.860757650,0,0
0.860761800,1,0
0.860766850,0,0
0.860768050,0,1
0.860772050,1,1
0.860777100,0,1
0.860782250,1,1
0.860787300,0,1
0.860792500,1,1
0.860797500,0,1
0.860802700,1,1
0.860807750,0,1
0.860812950,1,1
0.860817950,0,1
0.860818200,0,0
0.860823150,1,0
0.860828200,0,0
0.860833400,1,0
0.860838400,0,0
0.860839650,0,1
0.860843600,1,1
0.860848650,0,1
0.860853800,1,1
0.860858850,0,1
0.860859850,0,0
0.860864050,1,0
0.860869100,0,0
0.860874250,1,0
0.860879300,0,0
0.860884500,1,0
0.860889500,0,0
0.860890750,0,1
0.860894700,1,1
0.860899750,0,1
0.860904950,1,1
0.860909950,0,1
0.860910250,0,0
0.860915150,1,0
0.860920200,0,0
0.860920600,0,1
0.863289150,0,0
0.863293400,1,0
0.863299600,1,1
0.864293400,1,0
0.864299400,0,0
0.864304550,1,0
0.864309600,0,0
0.864310850,0,1
0.864314800,1,1
0.864319850,0,1
0.864325000,1,1
0.864330050,0,1
0.864331050,0,0
0.864335250,1,0
0.864340250,0,0
0.864341500,0,1
0.864345450,1,1
0.864350500,0,1
0.864355700,1,1
0.864360700,0,1
0.864365900,1,1
0.864370950,0,1
0.864376150,1,1
0.864381150,0,1
0.864381450,0,0
0.864386350,1,0
0.864391400,0,0
0.865295600,1,0
0.865300600,0,0
0.865301050,0,1
0.865305800,1,1
0.865310800,0,1
0.865316000,1,1
0.865321050,0,1
0.865321350,0,0
0.865326250,1,0
0.865331250,0,0
0.865331750,0,1
0.865336450,1,1
0.865341500,0,1
0.865346700,1,1
0.865351700,0,1
0.865356900,1,1
0.865361950,0,1
0.865362150,0,0
0.865367100,1,0
0.865372150,0,0
0.865377350,1,0
0.865382400,0,0
0.865385600,0,1
0.865387550,1,1
0.865392600,0,1
0.865392900,0,0
0.865397800,1,0
0.865402800,0,0
0.865408000,1,0
0.865413050,0,0
0.865418250,1,0
0.865423250,0,0
0.865423700,0,1
0.865428450,1,1
0.865433500,0,1
0.865433800,0,0
0.865438700,1,0
0.865443700,0,0
0.865448900,1,0
0.865453950,0,0
0.865459100,1,0
0.865464150,0,0
0.865469350,1,0
0.865474400,0,0
0.865479550,1,0
0.865484600,0,0
0.865489800,1,0
0.865494800,0,0
0.865500000,1,0
0.865505050,0,0
0.865510250,1,0
0.865515250,0,0
0.865520450,1,0
0.865525500,0,0
0.865530700,1,0
0.865535700,0,0
0.865536150,0,1
0.865540900,1,1
0.865545950,0,1
0.865546100,0,0
0.865551100,1,0
0.865556150,0,0
0.865561350,1,0
0.865566400,0,0
0.865571550,1,0
0.865576600,0,0
0.865581800,1,0
0.865586800,0,0
0.865592000,1,0
0.865597050,0,0
0.865602250,1,0
0.865607250,0,0
0.865612450,1,0
0.865617500,0,0
0.865622700,1,0
0.865627700,0,0
0.865632900,1,0
0.865637950,0,0
0.865643100,1,0
0.865648150,0,0
0.865653350,1,0
0.865658350,0,0
0.865661600,0,1
0.865663550,1,1
0.865668600,0,1
0.865673800,1,1
0.865678800,0,1
0.865679100,0,0
0.865684000,1,0
0.865689050,0,0
0.865689500,0,1
0.865694250,1,1
0.865699250,0,1
0.865704450,1,1
0.865709500,0,1
0.865714650,1,1
0.865719700,0,1
0.865724900,1,1
0.865729950,0,1
0.865735100,1,1
0.865740150,0,1
0.865741150,0,0
0.865745350,1,0
0.865750350,0,0
0.865755550,1,0
0.865760600,0,0
0.865765800,1,0
0.865770800,0,0
0.865776000,1,0
0.865781050,0,0
0.865786250,1,0
0.865791250,0,0
0.865796450,1,0
0.865801500,0,0
0.865806650,1,0
0.865811700,0,0
0.865816900,1,0
0.865821950,0,0
0.865827100,1,0
0.865832150,0,0
0.865837350,1,0
0.865842350,0,0
0.865845600,0,1
0.865847550,1,1
0.865852600,0,1
0.865857800,1,1
0.865862800,0,1
0.865868000,1,1
0.865873050,0,1
0.865878250,1,1
0.865883250,0,1
0.865888450,1,1
0.865893500,0,1
0.865898650,1,1
0.865903700,0,1
0.865908900,1,1
0.865913950,0,1
0.865919100,1,1
0.865924150,0,1
0.865925150,0,0
0.865929350,1,0
0.865934350,0,0
0.865937600,0,1
0.865939550,1,1
0.865944600,0,1
0.865949800,1,1
0.865954800,0,1
0.865960000,1,1
0.865965050,0,1
0.865970250,1,1
0.865975250,0,1
0.865980450,1,1
0.865985500,0,1
0.865990650,1,1
0.865995700,0,1
0.866000900,1,1
0.866005950,0,1
0.866011100,1,1
0.866016150,0,1
0.866017150,0,0
0.866021350,1,0
0.866026350,0,0
0.866031550,1,0
0.866036600,0,0
0.866041800,1,0
0.866046800,0,0
0.866052000,1,0
0.866057050,0,0
0.866062250,1,0
0.866067250,0,0
0.866072450,1,0
0.866077500,0,0
0.866082650,1,0
0.866087700,0,0
0.866088200,0,1
0.866092900,1,1
0.866097950,0,1
0.866098150,0,0
0.866103100,1,0
0.866108150,0,0
0.866113350,1,0
0.866118350,0,0
0.866123550,1,0
0.866128600,0,0
0.866133800,1,0
0.866138800,0,0
0.866144000,1,0
0.866149050,0,0
0.866154250,1,0
0.866159250,0,0
0.866164450,1,0
0.866169500,0,0
0.866174650,1,0
0.866179700,0,0
0.866180250,0,1
0.866184900,1,1
0.866189950,0,1
0.866190200,0,0
0.866195100,1,0
0.866200150,0,0
0.866205350,1,0
0.866210350,0,0
0.866215550,1,0
0.866220600,0,0
0.866221000,0,1
0.866225800,1,1
0.866230800,0,1
0.866236000,1,1
0.866241050,0,1
0.866241350,0,0
0.866246250,1,0
0.866251250,0,0
0.866251700,0,1
0.866256450,1,1
0.866261500,0,1
0.866261750,0,0
0.866266650,1,0
0.866271700,0,0
0.866272100,0,1
0.866276900,1,1
0.866281950,0,1
0.866287100,1,1
0.866292150,0,1
0.866293150,0,0
0.866297350,1,0
0.866302350,0,0
0.866307550,1,0
0.866312600,0,0
0.866317800,1,0
0.866322800,0,0
0.866328000,1,0
0.866333050,0,0
0.866338250,1,0
0.866343250,0,0
0.866348450,1,0
0.866353500,0,0
0.866358650,1,0
0.866363700,0,0
0.866368900,1,0
0.866373900,0,0
0.866379100,1,0
0.866384150,0,0
0.866389350,1,0
0.866394350,0,0
0.866399550,1,0
0.866404600,0,0
0.866409800,1,0
0.866414800,0,0
0.866420000,1,0
0.866425050,0,0
0.866430250,1,0
0.866435250,0,0
0.866440450,1,0
0.866445500,0,0
0.866450650,1,0
0.866455700,0,0
0.866460900,1,0
0.866465900,0,0
0.866471100,1,0
0.866476150,0,0
0.866481350,1,0
0.866486350,0,0
0.866491550,1,0
0.866496600,0,0
0.866501800,1,0
0.866506800,0,0
0.866512000,1,0
0.866517050,0,0
0.866522200,1,0
0.866527250,0,0
0.866532450,1,0
0.866537500,0,0
0.866542650,1,0
0.866547700,0,0
0.866552900,1,0
0.866557900,0,0
0.866563100,1,0
0.866568150,0,0
0.866573350,1,0
0.866578350,0,0
0.866583550,1,0
0.866588600,0,0
0.866593800,1,0
0.866598800,0,0
0.866604000,1,0
0.866609050,0,0
0.866614200,1,0
0.866619250,0,0
0.866624450,1,0
0.866629500,0,0
0.866634650,1,0
0.866639700,0,0
0.866644900,1,0
0.866649900,0,0
0.866655100,1,0
0.866660150,0,0
0.866665350,1,0
0.866670350,0,0
0.866675550,1,0
0.866680600,0,0
0.866685800,1,0
0.866690800,0,0
0.866696000,1,0
0.866701050,0,0
0.866706200,1,0
0.866711250,0,0
0.866716450,1,0
0.866721500,0,0
0.866726650,1,0
0.866731700,0,0
0.866736900,1,0
0.866741900,0,0
0.866747100,1,0
0.866752150,0,0
0.866752650,0,1
0.868172150,0,0
0.868176350,1,0
0.868181350,0,0
0.868186550,1,0
0.868191600,0,0
0.868196750,1,0
0.868201800,0,0
0.868207000,1,0
0.868212000,0,0
0.868217200,1,0
0.868222250,0,0
0.868227450,1,0
0.868232450,0,0
0.868237650,1,0
0.868242700,0,0
0.868247900,1,0
0.868252900,0,0
0.868258100,1,0
0.868263150,0,0
0.868268300,1,0
0.868273350,0,0
0.868278550,1,0
0.868283600,0,0
0.868288750,1,0
0.868293800,0,0
0.868299000,1,0
0.868304000,0,0
0.868309200,1,0
0.868314250,0,0
0.868319450,1,0
0.868324450,0,0
0.868329650,1,0
0.868334700,0,0
0.868339900,1,0
0.868344900,0,0
0.868350100,1,0
0.868355150,0,0
0.868360300,1,0
0.868365350,0,0
0.868370550,1,0
0.868375600,0,0
0.868380750,1,0
0.868385800,0,0
0.868391000,1,0
0.868396000,0,0
0.868401200,1,0
0.868406250,0,0
0.868411450,1,0
0.868416450,0,0
0.868421650,1,0
0.868426700,0,0
0.868431900,1,0
0.868436900,0,0
0.868442100,1,0
0.868447150,0,0
0.868452300,1,0
0.868457350,0,0
0.868462550,1,0
0.868467600,0,0
0.868472750,1,0
0.868477800,0,0
0.868483000,1,0
0.868488000,0,0
0.868493200,1,0
0.868498250,0,0
0.868503450,1,0
0.868508450,0,0
0.868513650,1,0
0.868518700,0,0
0.868523900,1,0
0.868528900,0,0
0.868534100,1,0
0.868539150,0,0
0.868544300,1,0
0.868549350,0,0
0.868554550,1,0
0.868559550,0,0
0.868564750,1,0
0.868569800,0,0
0.868575000,1,0
0.868580000,0,0
0.868585200,1,0
0.868590250,0,0
0.868595450,1,0
0.868600450,0,0
0.868605650,1,0
0.868610700,0,0
0.868615850,1,0
0.868620900,0,0
0.868626100,1,0
0.868631150,0,0
0.868636300,1,0
0.868641350,0,0
0.868646550,1,0
0.868651550,0,0
0.868656750,1,0
0.868661800,0,0
0.868667000,1,0
0.868672000,0,0
0.868677200,1,0
0.868682250,0,0
0.868687450,1,0
0.868692450,0,0
0.868697650,1,0
0.868702700,0,0
0.868707850,1,0
0.868712900,0,0
0.868718100,1,0
0.868723150,0,0
0.868728300,1,0
0.868733350,0,0
0.868738550,1,0
0.868743550,0,0
0.868748750,1,0
0.868753800,0,0
0.868759000,1,0
0.868764000,0,0
0.868769200,1,0
0.868774250,0,0
0.868779450,1,0
0.868784450,0,0
0.868789650,1,0
0.868794700,0,0
0.868799850,1,0
0.868804900,0,0
0.868810100,1,0
0.868815150,0,0
0.868820300,1,0
0.868825350,0,0
0.868830550,1,0
0.868835550,0,0
0.868840750,1,0
0.868845800,0,0
0.868851000,1,0
0.868856000,0,0
0.868861200,1,0
0.868866250,0,0
0.868871450,1,0
0.868876450,0,0
0.868881650,1,0
0.868886700,0,0
0.868891850,1,0
0.868896900,0,0
0.868902100,1,0
0.868907150,0,0
0.868912300,1,0
0.868917350,0,0
0.868922550,1,0
0.868927550,0,0
0.868932750,1,0
0.868937800,0,0
0.868943000,1,0
0.868948000,0,0
0.868953200,1,0
0.868958250,0,0
0.868963450,1,0
0.868968450,0,0
0.868973650,1,0
0.868978700,0,0
0.868983850,1,0
0.868988900,0,0
0.868994100,1,0
0.868999150,0,0
0.869004300,1,0
0.869009350,0,0
0.869014550,1,0
0.869019550,0,0
0.869024750,1,0
0.869029800,0,0
0.869035000,1,0
0.869040000,0,0
0.869045200,1,0
0.869050250,0,0
0.869055450,1,0
0.869060450,0,0
0.869065650,1,0
0.869070700,0,0
0.869075850,1,0
0.869080900,0,0
0.869086100,1,0
0.869091150,0,0
0.869096300,1,0
0.869101350,0,0
0.869106550,1,0
0.869111550,0,0
0.869116750,1,0
0.869121800,0,0
0.869127000,1,0
0.869132000,0,0
0.869137200,1,0
0.869142250,0,0
0.869147450,1,0
0.869152450,0,0
0.869157650,1,0
0.869162700,0,0
0.869167850,1,0
0.869172900,0,0
0.869178100,1,0
0.869183150,0,0
0.869188300,1,0
0.869193350,0,0
0.869198550,1,0
0.869203550,0,0
0.869208750,1,0
0.869213800,0,0
0.869219000,1,0
0.869224000,0,0
0.869229200,1,0
0.869234250,0,0
0.869239450,1,0
0.869244450,0,0
0.869249650,1,0
0.869254700,0,0
0.869259850,1,0
0.869264900,0,0
0.869270100,1,0
0.869275100,0,0
0.869280300,1,0
0.869285350,0,0
0.869290550,1,0
0.869295550,0,0
0.869300750,1,0
0.869305800,0,0
0.869311000,1,0
0.869316000,0,0
0.869321200,1,0
0.869326250,0,0
0.869331450,1,0
0.869336450,0,0
0.869341650,1,0
0.869346700,0,0
0.869351850,1,0
0.869356900,0,0
0.869362100,1,0
0.869367100,0,0
0.869372300,1,0
0.869377350,0,0
0.869382550,1,0
0.869387550,0,0
0.869392750,1,0
0.869397800,0,0
0.869403000,1,0
0.869408000,0,0
0.869413200,1,0
0.869418250,0,0
0.869423400,1,0
0.869428450,0,0
0.869433650,1,0
0.869438700,0,0
0.869443850,1,0
0.869448900,0,0
0.869454100,1,0
0.869459100,0,0
0.869464300,1,0
0.869469350,0,0
0.869474550,1,0
0.869479550,0,0
0.869484750,1,0
0.869489800,0,0
0.869495000,1,0
0.869500000,0,0
0.869505200,1,0
0.869510250,0,0
0.869515400,1,0
0.869520450,0,0
0.869525650,1,0
0.869530700,0,0
0.869535850,1,0
0.869540900,0,0
0.869546100,1,0
0.869551100,0,0
0.869556300,1,0
0.869561350,0,0
0.869566550,1,0
0.869571550,0,0
0.869576750,1,0
0.869581800,0,0
0.869587000,1,0
0.869592000,0,0
0.869597200,1,0
0.869602250,0,0
0.869607400,1,0
0.869612450,0,0
0.869617650,1,0
0.869622700,0,0
0.869627850,1,0
0.869632900,0,0
0.869638100,1,0
0.869643100,0,0
0.869643600,0,1
0.871060100,0,0
0.871064350,1,0
0.871069350,0,0
0.871074550,1,0
0.871079550,0,0
0.871080000,0,1
0.871084750,1,1
0.871089800,0,1
0.871094950,1,1
0.871100000,0,1
0.871100300,0,0
0.871105200,1,0
0.871110200,0,0
0.871110700,0,1
0.871115400,1,1
0.871120450,0,1
0.871125650,1,1
0.871130650,0,1
0.871135850,1,1
0.871140900,0,1
0.871141100,0,0
0.871146100,1,0
0.871151100,0,0
0.871156300,1,0
0.871161350,0,0
0.871164550,0,1
0.871166500,1,1
0.871171550,0,1
0.871171850,0,0
0.871176750,1,0
0.871181800,0,0
0.871186950,1,0
0.871192000,0,0
0.871197200,1,0
0.871202200,0,0
0.871202650,0,1
0.871207400,1,1
0.871212450,0,1
0.871212750,0,0
0.871217650,1,0
0.871222650,0,0
0.871227850,1,0
0.871232900,0,0
0.871238100,1,0
0.871243100,0,0
0.871248300,1,0
0.871253350,0,0
0.871258500,1,0
0.871263550,0,0
0.871268750,1,0
0.871273800,0,0
0.871278950,1,0
0.871284000,0,0
0.871289200,1,0
0.871294200,0,0
0.871299400,1,0
0.871304450,0,0
0.871309650,1,0
0.871314650,0,0
0.871315100,0,1
0.871319850,1,1
0.871324900,0,1
0.871325200,0,0
0.871330100,1,0
0.871335100,0,0
0.871340300,1,0
0.871345350,0,0
0.871350500,1,0
0.871355550,0,0
0.871360750,1,0
0.871365800,0,0
0.871370950,1,0
0.871376000,0,0
0.871381200,1,0
0.871386200,0,0
0.871391400,1,0
0.871396450,0,0
0.871401650,1,0
0.871406650,0,0
0.871411850,1,0
0.871416900,0,0
0.871422100,1,0
0.871427100,0,0
0.871432300,1,0
0.871437350,0,0
0.871440550,0,1
0.871442500,1,1
0.871447550,0,1
0.871452750,1,1
0.871457750,0,1
0.871458050,0,0
0.871462950,1,0
0.871468000,0,0
0.871468450,0,1
0.871473200,1,1
0.871478200,0,1
0.871483400,1,1
0.871488450,0,1
0.871493650,1,1
0.871498650,0,1
0.871503850,1,1
0.871508900,0,1
0.871514050,1,1
0.871519100,0,1
0.871520100,0,0
0.871524300,1,0
0.871529350,0,0
0.871534500,1,0
0.871539550,0,0
0.871544750,1,0
0.871549750,0,0
0.871554950,1,0
0.871560000,0,0
0.871565200,1,0
0.871570200,0,0
0.871575400,1,0
0.871580450,0,0
0.871585650,1,0
0.871590650,0,0
0.871595850,1,0
0.871600900,0,0
0.871606050,1,0
0.871611100,0,0
0.871616300,1,0
0.871621350,0,0
0.871624550,0,1
0.871626500,1,1
0.871631550,0,1
0.871636750,1,1
0.871641750,0,1
0.871646950,1,1
0.871652000,0,1
0.871657200,1,1
0.871662200,0,1
0.871667400,1,1
0.871672450,0,1
0.871677650,1,1
0.871682650,0,1
0.871687850,1,1
0.871692900,0,1
0.871698050,1,1
0.871703100,0,1
0.871704100,0,0
0.871708300,1,0
0.871713350,0,0
0.871716550,0,1
0.871718500,1,1
0.871723550,0,1
0.871728750,1,1
0.871733750,0,1
0.871738950,1,1
0.871744000,0,1
0.871749200,1,1
0.871754200,0,1
0.871759400,1,1
0.871764450,0,1
0.871769650,1,1
0.871774650,0,1
0.871779850,1,1
0.871784900,0,1
0.871790050,1,1
0.871795100,0,1
0.873887300,1,1
0.873892300,0,1
0.873893300,0,0
0.873897500,1,0
0.873903750,1,1
0.875354500,1,0
0.875360500,0,0
0.875365700,1,0
0.875370750,0,0
0.875371950,0,1
0.875375900,1,1
0.875380950,0,1
0.875386150,1,1
0.875391200,0,1
0.875392200,0,0
0.875396400,1,0
0.875401400,0,0
0.875402600,0,1
0.875406600,1,1
0.875411650,0,1
0.875416800,1,1
0.875421850,0,1
0.875427050,1,1
0.875432100,0,1
0.875433100,0,0
0.875437250,1,0
0.875442300,0,0
0.875447500,1,0
0.875452500,0,0
0.875453000,0,1
0.876406500,0,0
0.876410750,1,0
0.876415750,0,0
0.876416950,0,1
0.876420950,1,1
0.876425950,0,1
0.876426950,0,0
0.876431150,1,0
0.876436200,0,0
0.876437400,0,1
0.876441350,1,1
0.876446400,0,1
0.876447400,0,0
0.876451600,1,0
0.876456650,0,0
0.876461800,1,0
0.876466850,0,0
0.876472050,1,0
0.876477050,0,0
0.876478300,0,1
0.876482250,1,1
0.876487300,0,1
0.876487550,0,0
0.876492500,1,0
0.876497500,0,0
0.876497950,0,1
0.876502700,1,1
0.876507750,0,1
0.876508750,0,0
0.876512900,1,0
0.876517950,0,0
0.876523150,1,0
0.876528200,0,0
0.876533350,1,0
0.876538400,0,0
0.876543600,1,0
0.876548600,0,0
0.876553800,1,0
0.876558850,0,0
0.876560100,0,1
0.876564050,1,1
0.876569050,0,1
0.876574250,1,1
0.876579300,0,1
0.876579600,0,0
0.876584500,1,0
0.876589500,0,0
0.876590000,0,1
0.876594700,1,1
0.876599750,0,1
0.876604900,1,1
0.876609950,0,1
0.876615150,1,1
0.876620200,0,1
0.876625350,1,1
0.876630400,0,1
0.876631400,0,0
0.876635600,1,0
0.876640600,0,0
0.876645800,1,0
0.876650850,0,0
0.876652050,0,1
0.876656050,1,1
0.876661050,0,1
0.876666250,1,1
0.876671300,0,1
0.876671550,0,0
0.876676500,1,0
0.876681500,0,0
0.876686700,1,0
0.876691750,0,0
0.876696900,1,0
0.876701950,0,0
0.876707150,1,0
0.876712200,0,0
0.876717350,1,0
0.876722400,0,0
0.876727600,1,0
0.876732600,0,0
0.876737800,1,0
0.876742850,0,0
0.876748050,1,0
0.876753050,0,0
0.876758250,1,0
0.876763300,0,0
0.876768500,1,0
0.876773500,0,0
0.876778700,1,0
0.876783750,0,0
0.876788900,1,0
0.876793950,0,0
0.876799150,1,0
0.876804200,0,0
0.876809350,1,0
0.876814400,0,0
0.876819600,1,0
0.876824600,0,0
0.876829800,1,0
0.876834850,0,0
0.876840050,1,0
0.876845050,0,0
0.876850250,1,0
0.876855300,0,0
0.876860500,1,0
0.876865500,0,0
0.876870700,1,0
0.876875750,0,0
0.876877000,0,1
0.876880900,1,1
0.876885950,0,1
0.876886950,0,0
0.876891150,1,0
0.876896200,0,0
0.876901350,1,0
0.876906400,0,0
0.876907650,0,1
0.876911600,1,1
0.876916600,0,1
0.876921800,1,1
0.876926850,0,1
0.876932050,1,1
0.876937050,0,1
0.876942250,1,1
0.876947300,0,1
0.876947550,0,0
0.876952500,1,0
0.876957500,0,0
0.876957950,0,1
0.879158500,0,0
0.879162750,1,0
0.879168900,1,1
0.880087700,1,0
0.880093700,0,0
0.880098850,1,0
0.880103950,0,0
0.880105150,0,1
0.880109100,1,1
0.880114150,0,1
0.880119350,1,1
0.880124400,0,1
0.880125400,0,0
0.880129550,1,0
0.880134600,0,0
0.880135800,0,1
0.880139800,1,1
0.880144800,0,1
0.880150000,1,1
0.880155050,0,1
0.880160250,1,1
0.880165250,0,1
0.880170450,1,1
0.880175500,0,1
0.880175700,0,0
0.880180700,1,0
0.880185700,0,0
0.881100950,1,0
0.881105900,0,0
0.881106350,0,1
0.881111150,1,1
0.881116150,0,1
0.881121350,1,1
0.881126350,0,1
0.881126650,0,0
0.881131550,1,0
0.881136600,0,0
0.881137050,0,1
0.881141800,1,1
0.881146800,0,1
0.881152000,1,1
0.881157050,0,1
0.881162200,1,1
0.881167250,0,1
0.881167450,0,0
0.881172450,1,0
0.881177500,0,0
0.881182650,1,0
0.881187700,0,0
0.881190950,0,1
0.881192900,1,1
0.881197900,0,1
0.881198200,0,0
0.881203100,1,0
0.881208150,0,0
0.881213350,1,0
0.881218350,0,0
0.881218800,0,1
0.881223550,1,1
0.881228600,0,1
0.881233800,1,1
0.881238800,0,1
0.881244000,1,1
0.881249050,0,1
0.881249300,0,0
0.881254200,1,0
0.881259250,0,0
0.881259700,0,1
0.881264450,1,1
0.881269500,0,1
0.881270500,0,0
0.881274650,1,0
0.881279700,0,0
0.881282900,0,1
0.881284900,1,1
0.881289900,0,1
0.881295100,1,1
0.881300150,0,1
0.881305350,1,1
0.881310350,0,1
0.881310650,0,0
0.881315550,1,0
0.881320600,0,0
0.881325800,1,0
0.881330800,0,0
0.881336000,1,0
0.881341050,0,0
0.881341450,0,1
0.881346200,1,1
0.881351250,0,1
0.881356450,1,1
0.881361500,0,1
0.881362500,0,0
0.881366650,1,0
0.881371700,0,0
0.881376900,1,0
0.881381900,0,0
0.881387100,1,0
0.881392150,0,0
0.881397350,1,0
0.881402350,0,0
0.881407550,1,0
0.881412600,0,0
0.881417800,1,0
0.881422800,0,0
0.881428000,1,0
0.881433050,0,0
0.881438200,1,0
0.881443250,0,0
0.881448450,1,0
0.881453500,0,0
0.881458650,1,0
0.881463700,0,0
0.881468900,1,0
0.881473900,0,0
0.881479100,1,0
0.881484150,0,0
0.881489350,1,0
0.881494350,0,0
0.881499550,1,0
0.881504600,0,0
0.881509800,1,0
0.881514800,0,0
0.881520000,1,0
0.881525050,0,0
0.881530200,1,0
0.881535250,0,0
0.881540450,1,0
0.881545500,0,0
0.881550650,1,0
0.881555700,0,0
0.881560900,1,0
0.881565900,0,0
0.881571100,1,0
0.881576150,0,0
0.881576700,0,1
0.881581350,1,1
0.881586350,0,1
0.881586650,0,0
0.881591550,1,0
0.881596600,0,0
0.881597050,0,1
0.881601750,1,1
0.881606800,0,1
0.881607050,0,0
0.881612000,1,0
0.881617050,0,0
0.881622200,1,0
0.881627250,0,0
0.881632450,1,0
0.881637450,0,0
0.881642650,1,0
0.881647700,0,0
0.881652900,1,0
0.881657900,0,0
0.881658400,0,1
0.881663100,1,1
0.881668150,0,1
0.881673350,1,1
0.881678350,0,1
0.881683550,1,1
0.881688600,0,1
0.881688900,0,0
0.881693800,1,0
0.881698800,0,0
0.881704000,1,0
0.881709050,0,0
0.881714200,1,0
0.881719250,0,0
0.881724450,1,0
0.881729450,0,0
0.881734650,1,0
0.881739700,0,0
0.881744900,1,0
0.881749900,0,0
0.881750450,0,1
0.881755100,1,1
0.881760150,0,1
0.881765350,1,1
0.881770350,0,1
0.881775550,1,1
0.881780600,0,1
0.881780800,0,0
0.881785750,1,0
0.881790800,0,0
0.881796000,1,0
0.881801050,0,0
0.881801550,0,1
0.881806200,1,1
0.881811250,0,1
0.881811550,0,0
0.881816450,1,0
0.881821450,0,0
0.881826650,1,0
0.881831700,0,0
0.881836900,1,0
0.881841900,0,0
0.881842350,0,1
0.881847100,1,1
0.881852150,0,1
0.881857350,1,1
0.881862350,0,1
0.881862700,0,0
0.881867550,1,0
0.881872600,0,0
0.881873050,0,1
0.881877750,1,1
0.881882800,0,1
0.881888000,1,1
0.881893050,0,1
0.881898200,1,1
0.881903250,0,1
0.881908450,1,1
0.881913450,0,1
0.881914450,0,0
0.881918650,1,0
0.881923700,0,0
0.881928900,1,0
0.881933900,0,0
0.881934400,0,1
0.881939100,1,1
0.881944150,0,1
0.881949350,1,1
0.881954350,0,1
0.881959550,1,1
0.881964600,0,1
0.881964800,0,0
0.881969750,1,0
0.881974800,0,0
0.881975300,0,1
0.881980000,1,1
0.881985050,0,1
0.881985300,0,0
0.881990200,1,0
0.881995250,0,0
0.882000450,1,0
0.882005450,0,0
0.882010650,1,0
0.882015700,0,0
0.882020900,1,0
0.882025900,0,0
0.882031100,1,0
0.882036150,0,0
0.882036650,0,1
0.882041350,1,1
0.882046350,0,1
0.882046650,0,0
0.882051550,1,0
0.882056600,0,0
0.882057050,0,1
0.882061750,1,1
0.882066800,0,1
0.882067050,0,0
0.882072000,1,0
0.882077050,0,0
0.882082200,1,0
0.882087250,0,0
0.882092450,1,0
0.882097450,0,0
0.882102650,1,0
0.882107700,0,0
0.882112900,1,0
0.882117900,0,0
0.882118400,0,1
0.882123100,1,1
0.882128150,0,1
0.882133300,1,1
0.882138350,0,1
0.882138550,0,0
0.882143550,1,0
0.882148600,0,0
0.882149050,0,1
0.882153750,1,1
0.882158800,0,1
0.882164000,1,1
0.882169050,0,1
0.882169300,0,0
0.882174200,1,0
0.882179250,0,0
0.882179650,0,1
0.882184450,1,1
0.882189450,0,1
0.882190450,0,0
0.882194650,1,0
0.882199700,0,0
0.882204900,1,0
0.882209900,0,0
0.882210400,0,1
0.882215100,1,1
0.882220150,0,1
0.882225300,1,1
0.882230350,0,1
0.882230600,0,0
0.882235550,1,0
0.882240600,0,0
0.882241000,0,1
0.882245750,1,1
0.882250800,0,1
0.882256000,1,1
0.882261050,0,1
0.882266200,1,1
0.882271250,0,1
0.882276450,1,1
0.882281450,0,1
0.882282450,0,0
0.882286650,1,0
0.882291700,0,0
0.882296900,1,0
0.882301900,0,0
0.882302350,0,1
0.882307100,1,1
0.882312150,0,1
0.882317300,1,1
0.882322350,0,1
0.882322650,0,0
0.882327550,1,0
0.882332600,0,0
0.882333050,0,1
0.882337750,1,1
0.882342800,0,1
0.882348000,1,1
0.882353050,0,1
0.882358200,1,1
0.882363250,0,1
0.882363450,0,0
0.882368450,1,0
0.882373450,0,0
0.882378650,1,0
0.882383700,0,0
0.882388900,1,0
0.882393900,0,0
0.882394400,0,1
0.882399100,1,1
0.882404150,0,1
0.882409300,1,1
0.882414350,0,1
0.882414550,0,0
0.882419550,1,0
0.882424600,0,0
0.882425100,0,1
0.882429750,1,1
0.882434800,0,1
0.882435100,0,0
0.882440000,1,0
0.882445000,0,0
0.882450200,1,0
0.882455250,0,0
0.882455700,0,1
0.882460450,1,1
0.882465450,0,1
0.882466450,0,0
0.882470650,1,0
0.882475700,0,0
0.882480900,1,0
0.882485900,0,0
0.882486450,0,1
0.882491100,1,1
0.882496150,0,1
0.882501300,1,1
0.882506350,0,1
0.882511550,1,1
0.882516600,0,1
0.882516850,0,0
0.882521750,1,0
0.882526800,0,0
0.882527200,0,1
0.882532000,1,1
0.882537000,0,1
0.882537200,0,0
0.882542200,1,0
0.882547250,0,0
0.882552450,1,0
0.882557450,0,0
0.882557950,0,1
0.883956450,0,0
0.883960700,1,0
0.883965700,0,0
0.883970900,1,0
0.883975900,0,0
0.883976300,0,1
0.883981100,1,1
0.883986100,0,1
0.883991300,1,1
0.883996350,0,1
0.883996650,0,0
0.884001550,1,0
0.884006550,0,0
0.884007050,0,1
0.884011750,1,1
0.884016800,0,1
0.884022000,1,1
0.884027000,0,1
0.884032200,1,1
0.884037250,0,1
0.884042400,1,1
0.884047450,0,1
0.884048450,0,0
0.884052650,1,0
0.884057700,0,0
0.884062850,1,0
0.884067900,0,0
0.884068400,0,1
0.884073100,1,1
0.884078100,0,1
0.884083300,1,1
0.884088350,0,1
0.884093550,1,1
0.884098550,0,1
0.884098750,0,0
0.884103750,1,0
0.884108800,0,0
0.884114000,1,0
0.884119000,0,0
0.884119500,0,1
0.884124200,1,1
0.884129250,0,1
0.884129500,0,0
0.884134400,1,0
0.884139450,0,0
0.884144650,1,0
0.884149700,0,0
0.884154850,1,0
0.884159900,0,0
0.884165100,1,0
0.884170100,0,0
0.884170650,0,1
0.884175300,1,1
0.884180350,0,1
0.884180600,0,0
0.884185550,1,0
0.884190550,0,0
0.884191000,0,1
0.884195750,1,1
0.884200800,0,1
0.884201000,0,0
0.884206000,1,0
0.884211000,0,0
0.884216200,1,0
0.884221250,0,0
0.884221750,0,1
0.884226400,1,1
0.884231450,0,1
0.884232450,0,0
0.884236650,1,0
0.884241700,0,0
0.884246850,1,0
0.884251900,0,0
0.884252350,0,1
0.884257100,1,1
0.884262100,0,1
0.884267300,1,1
0.884272350,0,1
0.884277550,1,1
0.884282550,0,1
0.884282850,0,0
0.884287750,1,0
0.884292800,0,0
0.884293250,0,1
0.884298000,1,1
0.884303000,0,1
0.884303250,0,0
0.884308200,1,0
0.884313250,0,0
0.884318400,1,0
0.884323450,0,0
0.884328650,1,0
0.884333700,0,0
0.884338850,1,0
0.884343900,0,0
0.884344400,0,1
0.884349100,1,1
0.884354100,0,1
0.884359300,1,1
0.884364350,0,1
0.884369550,1,1
0.884374550,0,1
0.884379750,1,1
0.884384800,0,1
0.884385000,0,0
0.884390000,1,0
0.884395000,0,0
0.884400200,1,0
0.884405250,0,0
0.884405700,0,1
0.884410400,1,1
0.884415450,0,1
0.884416450,0,0
0.884420650,1,0
0.884425700,0,0
0.884430850,1,0
0.884435900,0,0
0.884436300,0,1
0.884441100,1,1
0.884446100,0,1
0.884451300,1,1
0.884456350,0,1
0.884461550,1,1
0.884466550,0,1
0.884466850,0,0
0.884471750,1,0
0.884476800,0,0
0.884482000,1,0
0.884487000,0,0
0.884492200,1,0
0.884497250,0,0
0.884502400,1,0
0.884507450,0,0
0.884512650,1,0
0.884517700,0,0
0.884522850,1,0
0.884527900,0,0
0.884528400,0,1
0.884533100,1,1
0.884538100,0,1
0.884543300,1,1
0.884548350,0,1
0.884548550,0,0
0.884553550,1,0
0.884558550,0,0
0.884563750,1,0
0.884568800,0,0
0.884569300,0,1
0.884573950,1,1
0.884579000,0,1
0.884579300,0,0
0.884584200,1,0
0.884589250,0,0
0.884589650,0,1
0.884594400,1,1
0.884599450,0,1
0.884600450,0,0
0.884604650,1,0
0.884609650,0,0
0.884614850,1,0
0.884619900,0,0
0.884625100,1,0
0.884630100,0,0
0.884630600,0,1
0.884635300,1,1
0.884640350,0,1
0.884640600,0,0
0.884645550,1,0
0.884650550,0,0
0.884651000,0,1
0.884655750,1,1
0.884660800,0,1
0.884661000,0,0
0.884665950,1,0
0.884671000,0,0
0.884676200,1,0
0.884681250,0,0
0.884686400,1,0
0.884691450,0,0
0.884696650,1,0
0.884701650,0,0
0.884706850,1,0
0.884711900,0,0
0.884712350,0,1
0.884717100,1,1
0.884722100,0,1
0.884727300,1,1
0.884732350,0,1
0.884732650,0,0
0.884737550,1,0
0.884742550,0,0
0.884743050,0,1
0.884747750,1,1
0.884752800,0,1
0.884757950,1,1
0.884763000,0,1
0.884763250,0,0
0.884768200,1,0
0.884773250,0,0
0.884778400,1,0
0.884783450,0,0
0.884788650,1,0
0.884793650,0,0
0.884798850,1,0
0.884803900,0,0
0.884804400,0,1
0.884809100,1,1
0.884814100,0,1
0.884819300,1,1
0.884824350,0,1
0.884824550,0,0
0.884829550,1,0
0.884834550,0,0
0.884839750,1,0
0.884844800,0,0
0.884849950,1,0
0.884855000,0,0
0.884855500,0,1
0.884860200,1,1
0.884865250,0,1
0.884870400,1,1
0.884875450,0,1
0.884876450,0,0
0.884880650,1,0
0.884885650,0,0
0.884890850,1,0
0.884895900,0,0
0.884896300,0,1
0.884901100,1,1
0.884906100,0,1
0.884911300,1,1
0.884916350,0,1
0.884916650,0,0
0.884921550,1,0
0.884926550,0,0
0.884931750,1,0
0.884936800,0,0
0.884937250,0,1
0.884941950,1,1
0.884947000,0,1
0.884947200,0,0
0.884952200,1,0
0.884957250,0,0
0.884962400,1,0
0.884967450,0,0
0.884972650,1,0
0.884977650,0,0
0.884982850,1,0
0.884987900,0,0
0.884993100,1,0
0.884998100,0,0
0.884998550,0,1
0.885003300,1,1
0.885008350,0,1
0.885008550,0,0
0.885013550,1,0
0.885018550,0,0
0.885019050,0,1
0.885023750,1,1
0.885028800,0,1
0.885029050,0,0
0.885033950,1,0
0.885039000,0,0
0.885044200,1,0
0.885049250,0,0
0.885049650,0,1
0.885054400,1,1
0.885059450,0,1
0.885060450,0,0
0.885064650,1,0
0.885069650,0,0
0.885074850,1,0
0.885079900,0,0
0.885080400,0,1
0.885085100,1,1
0.885090100,0,1
0.885095300,1,1
0.885100350,0,1
0.885100600,0,0
0.885105550,1,0
0.885110550,0,0
0.885110950,0,1
0.885115750,1,1
0.885120800,0,1
0.885125950,1,1
0.885131000,0,1
0.885131300,0,0
0.885136200,1,0
0.885141250,0,0
0.885141700,0,1
0.885146400,1,1
0.885151450,0,1
0.885152450,0,0
0.885156650,1,0
0.885161650,0,0
0.885166850,1,0
0.885171900,0,0
0.885172300,0,1
0.885177100,1,1
0.885182100,0,1
0.885187300,1,1
0.885192350,0,1
0.885192650,0,0
0.885197550,1,0
0.885202550,0,0
0.885203000,0,1
0.885207750,1,1
0.885212800,0,1
0.885217950,1,1
0.885223000,0,1
0.885228200,1,1
0.885233250,0,1
0.885238400,1,1
0.885243450,0,1
0.885244450,0,0
0.885248650,1,0
0.885253650,0,0
0.885258850,1,0
0.885263900,0,0
0.885264350,0,1
0.885269100,1,1
0.885274100,0,1
0.885279300,1,1
0.885284350,0,1
0.885284550,0,0
0.885289550,1,0
0.885294550,0,0
0.885299750,1,0
0.885304800,0,0
0.885305300,0,1
0.885309950,1,1
0.885315000,0,1
0.885315300,0,0
0.885320200,1,0
0.885325200,0,0
0.885330400,1,0
0.885335450,0,0
0.885340650,1,0
0.885345650,0,0
0.885350850,1,0
0.885355900,0,0
0.885361100,1,0
0.885366100,0,0
0.885371300,1,0
0.885376350,0,0
0.885381500,1,0
0.885386550,0,0
0.885387050,0,1
0.885391750,1,1
0.885396800,0,1
0.885397000,0,0
0.885401950,1,0
0.885407000,0,0
0.885412200,1,0
0.885417200,0,0
0.885422400,1,0
0.885427450,0,0
0.885427950,0,1
0.886843450,0,0
0.886847650,1,0
0.886852650,0,0
0.886857850,1,0
0.886862900,0,0
0.886863350,0,1
0.886868050,1,1
0.886873100,0,1
0.886878300,1,1
0.886883300,0,1
0.886883550,0,0
0.886888500,1,0
0.886893550,0,0
0.886894050,0,1
0.886898750,1,1
0.886903750,0,1
0.886908950,1,1
0.886914000,0,1
0.886919200,1,1
0.886924200,0,1
0.886924450,0,0
0.886929400,1,0
0.886934450,0,0
0.886939600,1,0
0.886944650,0,0
0.886947900,0,1
0.886949850,1,1
0.886954900,0,1
0.886955200,0,0
0.886960050,1,0
0.886965100,0,0
0.886970300,1,0
0.886975300,0,0
0.886975800,0,1
0.886980500,1,1
0.886985550,0,1
0.886990750,1,1
0.886995750,0,1
0.887000950,1,1
0.887006000,0,1
0.887006200,0,0
0.887011200,1,0
0.887016200,0,0
0.887016700,0,1
0.887021400,1,1
0.887026450,0,1
0.887027450,0,0
0.887031600,1,0
0.887036650,0,0
0.887039850,0,1
0.887041850,1,1
0.887046900,0,1
0.887052050,1,1
0.887057100,0,1
0.887062300,1,1
0.887067300,0,1
0.887067650,0,0
0.887072500,1,0
0.887077550,0,0
0.887082750,1,0
0.887087750,0,0
0.887092950,1,0
0.887098000,0,0
0.887098450,0,1
0.887103200,1,1
0.887108200,0,1
0.887113400,1,1
0.887118450,0,1
0.887119450,0,0
0.887123600,1,0
0.887128650,0,0
0.887133850,1,0
0.887138900,0,0
0.887144050,1,0
0.887149100,0,0
0.887154300,1,0
0.887159300,0,0
0.887164500,1,0
0.887169550,0,0
0.887174750,1,0
0.887179750,0,0
0.887184950,1,0
0.887190000,0,0
0.887195200,1,0
0.887200200,0,0
0.887205400,1,0
0.887210450,0,0
0.887215600,1,0
0.887220650,0,0
0.887225850,1,0
0.887230900,0,0
0.887236050,1,0
0.887241100,0,0
0.887246300,1,0
0.887251300,0,0
0.887256500,1,0
0.887261550,0,0
0.887266750,1,0
0.887271750,0,0
0.887276950,1,0
0.887282000,0,0
0.887287200,1,0
0.887292200,0,0
0.887297400,1,0
0.887302450,0,0
0.887307600,1,0
0.887312650,0,0
0.887317850,1,0
0.887322900,0,0
0.887328050,1,0
0.887333100,0,0
0.887333550,0,1
0.887338300,1,1
0.887343300,0,1
0.887343500,0,0
0.887348500,1,0
0.887353550,0,0
0.887354050,0,1
0.887358750,1,1
0.887363750,0,1
0.887364050,0,0
0.887368950,1,0
0.887374000,0,0
0.887379200,1,0
0.887384200,0,0
0.887389400,1,0
0.887394450,0,0
0.887399600,1,0
0.887404650,0,0
0.887409850,1,0
0.887414900,0,0
0.887415400,0,1
0.887420050,1,1
0.887425100,0,1
0.887430300,1,1
0.887435300,0,1
0.887440500,1,1
0.887445550,0,1
0.887445800,0,0
0.887450750,1,0
0.887455750,0,0
0.887460950,1,0
0.887466000,0,0
0.887471200,1,0
0.887476200,0,0
0.887481400,1,0
0.887486450,0,0
0.887491600,1,0
0.887496650,0,0
0.887501850,1,0
0.887506850,0,0
0.887507300,0,1
0.887512050,1,1
0.887517100,0,1
0.887522300,1,1
0.887527300,0,1
0.887532500,1,1
0.887537550,0,1
0.887537850,0,0
0.887542750,1,0
0.887547750,0,0
0.887552950,1,0
0.887558000,0,0
0.887558450,0,1
0.887563150,1,1
0.887568200,0,1
0.887568400,0,0
0.887573400,1,0
0.887578450,0,0
0.887578950,0,1
0.889696650,1,1
0.889701650,0,1
0.889702650,0,0
0.889706850,1,0
0.889713050,1,1
0.890740850,1,0
0.890746850,0,0
0.890752000,1,0
0.890757050,0,0
0.890758300,0,1
0.890762250,1,1
0.890767300,0,1
0.890772500,1,1
0.890777500,0,1
0.890778500,0,0
0.890782700,1,0
0.890787750,0,0
0.890788950,0,1
0.890792950,1,1
0.890797950,0,1
0.890803150,1,1
0.890808200,0,1
0.890813350,1,1
0.890818400,0,1
0.890819400,0,0
0.890823600,1,0
0.890828650,0,0
0.890833800,1,0
0.890838850,0,0
0.890839350,0,1
0.891787850,0,0
0.891792100,1,0
0.891797050,0,0
0.891798250,0,1
0.891802250,1,1
0.891807300,0,1
0.891808300,0,0
0.891812500,1,0
0.891817500,0,0
0.891818700,0,1
0.891822700,1,1
0.891827750,0,1
0.891828750,0,0
0.891832900,1,0
0.891837950,0,0
0.891843150,1,0
0.891848150,0,0
0.891853350,1,0
0.891858400,0,0
0.891859650,0,1
0.891863600,1,1
0.891868600,0,1
0.891868900,0,0
0.891873800,1,0
0.891878850,0,0
0.891879300,0,1
0.891884050,1,1
0.891889050,0,1
0.891890050,0,0
0.891894250,1,0
0.891899300,0,0
0.891904450,1,0
0.891909500,0,0
0.891914700,1,0
0.891919750,0,0
0.891924900,1,0
0.891929950,0,0
0.891935150,1,0
0.891940150,0,0
0.891941400,0,1
0.891945350,1,1
0.891950400,0,1
0.891955600,1,1
0.891960600,0,1
0.891960850,0,0
0.891965800,1,0
0.891970850,0,0
0.891971200,0,1
0.891976050,1,1
0.891981050,0,1
0.891986250,1,1
0.891991300,0,1
0.891996450,1,1
0.892001500,0,1
0.892006700,1,1
0.892011750,0,1
0.892012750,0,0
0.892016900,1,0
0.892021950,0,0
0.892027150,1,0
0.892032150,0,0
0.892033400,0,1
0.892037350,1,1
0.892042400,0,1
0.892047600,1,1
0.892052600,0,1
0.892052900,0,0
0.892057800,1,0
0.892062850,0,0
0.892068050,1,0
0.892073050,0,0
0.892078250,1,0
0.892083300,0,0
0.892088450,1,0
0.892093500,0,0
0.892098700,1,0
0.892103750,0,0
0.892108900,1,0
0.892113950,0,0
0.892119150,1,0
0.892124150,0,0
0.892129350,1,0
0.892134400,0,0
0.892139600,1,0
0.892144600,0,0
0.892149800,1,0
0.892154850,0,0
0.892160050,1,0
0.892165050,0,0
0.892170250,1,0
0.892175300,0,0
0.892180450,1,0
0.892185500,0,0
0.892186750,0,1
0.892190700,1,1
0.892195750,0,1
0.892200900,1,1
0.892205950,0,1
0.892206950,0,0
0.892211150,1,0
0.892216150,0,0
0.892217400,0,1
0.892221350,1,1
0.892226400,0,1
0.892227400,0,0
0.892231600,1,0
0.892236600,0,0
0.892241800,1,0
0.892246850,0,0
0.892252050,1,0
0.892257050,0,0
0.892258300,0,1
0.892262250,1,1
0.892267300,0,1
0.892268300,0,0
0.892272450,1,0
0.892277500,0,0
0.892278700,0,1
0.892282700,1,1
0.892287750,0,1
0.892288750,0,0
0.892292900,1,0
0.892297950,0,0
0.892299150,0,1
0.892303150,1,1
0.892308150,0,1
0.892309150,0,0
0.892313350,1,0
0.892318400,0,0
0.892319600,0,1
0.892323600,1,1
0.892328600,0,1
0.892328900,0,0
0.892333800,1,0
0.892338850,0,0
0.892339300,0,1
0.894612800,0,0
0.894617050,1,0
0.894623250,1,1
0.895531050,1,0
0.895537050,0,0
0.895542200,1,0
0.895547250,0,0
0.895548500,0,1
0.895552450,1,1
0.895557500,0,1
0.895562650,1,1
0.895567700,0,1
0.895568700,0,0
0.895572900,1,0
0.895577900,0,0
0.895579150,0,1
0.895583100,1,1
0.895588150,0,1
0.895593350,1,1
0.895598350,0,1
0.895603550,1,1
0.895608600,0,1
0.895613800,1,1
0.895618800,0,1
0.895619050,0,0
0.895624000,1,0
0.895629050,0,0
0.896551250,1,0
0.896556250,0,0
0.896561450,1,0
0.896566450,0,0
0.896571650,1,0
0.896576700,0,0
0.896581900,1,0
0.896586900,0,0
0.896592100,1,0
0.896597150,0,0
0.896602350,1,0
0.896607350,0,0
0.896612550,1,0
0.896617600,0,0
0.896622750,1,0
0.896627800,0,0
0.896633000,1,0
0.896638050,0,0
0.896641250,0,1
0.896643200,1,1
0.896648250,0,1
0.896648550,0,0
0.896653450,1,0
0.896658450,0,0
0.896663650,1,0
0.896668700,0,0
0.896669150,0,1
0.896673900,1,1
0.896678900,0,1
0.896684100,1,1
0.896689150,0,1
0.896694350,1,1
0.896699350,0,1
0.896699700,0,0
0.896704550,1,0
0.896709600,0,0
0.896710050,0,1
0.896714750,1,1
0.896719800,0,1
0.896720800,0,0
0.896725000,1,0
0.896730050,0,0
0.896733250,0,1
0.896735200,1,1
0.896740250,0,1
0.896745450,1,1
0.896750450,0,1
0.896755650,1,1
0.896760700,0,1
0.896761000,0,0
0.896765900,1,0
0.896770900,0,0
0.896776100,1,0
0.896781150,0,0
0.896786350,1,0
0.896791350,0,0
0.896791800,0,1
0.896796550,1,1
0.896801600,0,1
0.896806750,1,1
0.896811800,0,1
0.896812800,0,0
0.896817000,1,0
0.896822050,0,0
0.896827200,1,0
0.896832250,0,0
0.896837450,1,0
0.896842450,0,0
0.896847650,1,0
0.896852700,0,0
0.896857900,1,0
0.896862900,0,0
0.896868100,1,0
0.896873150,0,0
0.896878350,1,0
0.896883350,0,0
0.896888550,1,0
0.896893600,0,0
0.896898750,1,0
0.896903800,0,0
0.896909000,1,0
0.896914050,0,0
0.896919200,1,0
0.896924250,0,0
0.896929450,1,0
0.896934450,0,0
0.896939650,1,0
0.896944700,0,0
0.896945200,0,1
0.896949900,1,1
0.896954900,0,1
0.896960100,1,1
0.896965150,0,1
0.896965350,0,0
0.896970300,1,0
0.896975350,0,0
0.896975750,0,1
0.896980550,1,1
0.896985600,0,1
0.896985900,0,0
0.896990750,1,0
0.896995800,0,0
0.897001000,1,0
0.897006000,0,0
0.897011200,1,0
0.897016250,0,0
0.897016700,0,1
0.897021450,1,1
0.897026450,0,1
0.897031650,1,1
0.897036700,0,1
0.897037000,0,0
0.897041900,1,0
0.897046900,0,0
0.897052100,1,0
0.897057150,0,0
0.897057600,0,1
0.897062300,1,1
0.897067350,0,1
0.897067600,0,0
0.897072550,1,0
0.897077600,0,0
0.897078000,0,1
0.897082750,1,1
0.897087800,0,1
0.897088800,0,0
0.897093000,1,0
0.897098000,0,0
0.897103200,1,0
0.897108250,0,0
0.897108750,0,1
0.897113450,1,1
0.897118450,0,1
0.897123650,1,1
0.897128700,0,1
0.897128950,0,0
0.897133900,1,0
0.897138900,0,0
0.897139300,0,1
0.897144100,1,1
0.897149150,0,1
0.897154300,1,1
0.897159350,0,1
0.897159650,0,0
0.897164550,1,0
0.897169600,0,0
0.897174750,1,0
0.897179800,0,0
0.897185000,1,0
0.897190000,0,0
0.897195200,1,0
0.897200250,0,0
0.897205450,1,0
0.897210450,0,0
0.897211000,0,1
0.897215650,1,1
0.897220700,0,1
0.897221000,0,0
0.897225900,1,0
0.897230900,0,0
0.897231350,0,1
0.897236100,1,1
0.897241150,0,1
0.897241400,0,0
0.897246300,1,0
0.897251350,0,0
0.897256550,1,0
0.897261600,0,0
0.897266750,1,0
0.897271800,0,0
0.897277000,1,0
0.897282000,0,0
0.897287200,1,0
0.897292250,0,0
0.897292700,0,1
0.897297450,1,1
0.897302450,0,1
0.897302700,0,0
0.897307650,1,0
0.897312700,0,0
0.897313100,0,1
0.897317900,1,1
0.897322900,0,1
0.897328100,1,1
0.897333150,0,1
0.897333450,0,0
0.897338300,1,0
0.897343350,0,0
0.897348550,1,0
0.897353600,0,0
0.897358750,1,0
0.897363800,0,0
0.897369000,1,0
0.897374000,0,0
0.897379200,1,0
0.897384250,0,0
0.897384800,0,1
0.897389450,1,1
0.897394450,0,1
0.897394750,0,0
0.897399650,1,0
0.897404700,0,0
0.897409900,1,0
0.897414900,0,0
0.897420100,1,0
0.897425150,0,0
0.897425550,0,1
0.897430300,1,1
0.897435350,0,1
0.897440550,1,1
0.897445600,0,1
0.897450750,1,1
0.897455800,0,1
0.897456800,0,0
0.897461000,1,0
0.897466000,0,0
0.897471200,1,0
0.897476250,0,0
0.897481450,1,0
0.897486450,0,0
0.897486900,0,1
0.897491650,1,1
0.897496700,0,1
0.897501850,1,1
0.897506900,0,1
0.897507200,0,0
0.897512100,1,0
0.897517150,0,0
0.897522300,1,0
0.897527350,0,0
0.897532550,1,0
0.897537600,0,0
0.897538000,0,1
0.897542750,1,1
0.897547800,0,1
0.897548800,0,0
0.897553000,1,0
0.897558000,0,0
0.897563200,1,0
0.897568250,0,0
0.897573450,1,0
0.897578450,0,0
0.897578950,0,1
0.897583650,1,1
0.897588700,0,1
0.897593850,1,1
0.897598900,0,1
0.897599100,0,0
0.897604100,1,0
0.897609150,0,0
0.897609650,0,1
0.897614300,1,1
0.897619350,0,1
0.897624550,1,1
0.897629600,0,1
0.897629850,0,0
0.897634750,1,0
0.897639800,0,0
0.897645000,1,0
0.897650000,0,0
0.897655200,1,0
0.897660250,0,0
0.897660800,0,1
0.897665450,1,1
0.897670450,0,1
0.897670750,0,0
0.897675650,1,0
0.897680700,0,0
0.897685900,1,0
0.897690900,0,0
0.897696100,1,0
0.897701150,0,0
0.897706300,1,0
0.897711350,0,0
0.897716550,1,0
0.897721550,0,0
0.897722100,0,1
0.897726750,1,1
0.897731800,0,1
0.897732800,0,0
0.897737000,1,0
0.897742000,0,0
0.897747200,1,0
0.897752250,0,0
0.897752700,0,1
0.897757450,1,1
0.897762450,0,1
0.897762700,0,0
0.897767650,1,0
0.897772700,0,0
0.897777900,1,0
0.897782900,0,0
0.897783450,0,1
0.897788100,1,1
0.897793150,0,1
0.897793400,0,0
0.897798300,1,0
0.897803350,0,0
0.897808550,1,0
0.897813550,0,0
0.897818750,1,0
0.897823800,0,0
0.897829000,1,0
0.897834000,0,0
0.897839200,1,0
0.897844250,0,0
0.897844750,0,1
0.897849450,1,1
0.897854450,0,1
0.897854750,0,0
0.897859650,1,0
0.897864700,0,0
0.897865150,0,1
0.897869850,1,1
0.897874900,0,1
0.897875150,0,0
0.897880100,1,0
0.897885150,0,0
0.897890300,1,0
0.897895350,0,0
0.897900550,1,0
0.897905550,0,0
0.897910750,1,0
0.897915800,0,0
0.897921000,1,0
0.897926000,0,0
0.897931200,1,0
0.897936250,0,0
0.897941450,1,0
0.897946450,0,0
0.897947000,0,1
0.897951650,1,1
0.897956700,0,1
0.897957000,0,0
0.897961850,1,0
0.897966900,0,0
0.897967400,0,1
0.897972100,1,1
0.897977150,0,1
0.897977400,0,0
0.897982300,1,0
0.897987350,0,0
0.897992550,1,0
0.897997550,0,0
0.897998000,0,1
0.898002750,1,1
0.898007800,0,1
0.899418800,0,0
0.899423000,1,0
0.899428000,0,0
0.899433200,1,0
0.899438250,0,0
0.899438700,0,1
0.899443400,1,1
0.899448450,0,1
0.899453650,1,1
0.899458650,0,1
0.899458900,0,0
0.899463850,1,0
0.899468900,0,0
0.899474100,1,0
0.899479100,0,0
0.899484300,1,0
0.899489350,0,0
0.899489850,0,1
0.899494550,1,1
0.899499550,0,1
0.899504750,1,1
0.899509800,0,1
0.899510800,0,0
0.899514950,1,0
0.899520000,0,0
0.899525200,1,0
0.899530250,0,0
0.899530750,0,1
0.899535400,1,1
0.899540450,0,1
0.899545650,1,1
0.899550650,0,1
0.899550950,0,0
0.899555850,1,0
0.899560900,0,0
0.899561300,0,1
0.899566100,1,1
0.899571100,0,1
0.899576300,1,1
0.899581350,0,1
0.899581550,0,0
0.899586550,1,0
0.899591550,0,0
0.899592050,0,1
0.899596750,1,1
0.899601800,0,1
0.899602800,0,0
0.899606950,1,0
0.899612000,0,0
0.899617200,1,0
0.899622250,0,0
0.899622650,0,1
0.899627400,1,1
0.899632450,0,1
0.899637650,1,1
0.899642650,0,1
0.899643000,0,0
0.899647850,1,0
0.899652900,0,0
0.899658100,1,0
0.899663100,0,0
0.899663600,0,1
0.899668300,1,1
0.899673350,0,1
0.899673600,0,0
0.899678550,1,0
0.899683550,0,0
0.899688750,1,0
0.899693800,0,0
0.899698950,1,0
0.899704000,0,0
0.899709200,1,0
0.899714250,0,0
0.899714750,0,1
0.899719400,1,1
0.899724450,0,1
0.899729650,1,1
0.899734650,0,1
0.899739850,1,1
0.899744900,0,1
0.899745100,0,0
0.899750100,1,0
0.899755100,0,0
0.899760300,1,0
0.899765350,0,0
0.899765850,0,1
0.899770500,1,1
0.899775550,0,1
0.899780750,1,1
0.899785800,0,1
0.899786800,0,0
0.899790950,1,0
0.899796000,0,0
0.899801200,1,0
0.899806250,0,0
0.899811400,1,0
0.899816450,0,0
0.899817000,0,1
0.899821650,1,1
0.899826650,0,1
0.899826950,0,0
0.899831850,1,0
0.899836900,0,0
0.899837350,0,1
0.899842100,1,1
0.899847100,0,1
0.899847350,0,0
0.899852300,1,0
0.899857350,0,0
0.899862550,1,0
0.899867550,0,0
0.899872750,1,0
0.899877800,0,0
0.899882950,1,0
0.899888000,0,0
0.899893200,1,0
0.899898200,0,0
0.899903400,1,0
0.899908450,0,0
0.899908900,0,1
0.899913650,1,1
0.899918650,0,1
0.899923850,1,1
0.899928900,0,1
0.899929200,0,0
0.899934100,1,0
0.899939100,0,0
0.899944300,1,0
0.899949350,0,0
0.899954500,1,0
0.899959550,0,0
0.899964750,1,0
0.899969800,0,0
0.899974950,1,0
0.899980000,0,0
0.899985200,1,0
0.899990200,0,0
0.899995400,1,0
0.900000450,0,0
0.900000950,0,1
0.900005650,1,1
0.900010650,0,1
0.900015850,1,1
0.900020900,0,1
0.900021100,0,0
0.900026100,1,0
0.900031100,0,0
0.900036300,1,0
0.900041350,0,0
0.900046500,1,0
0.900051550,0,0
0.900052050,0,1
0.900056750,1,1
0.900061800,0,1
0.900062800,0,0
0.900066950,1,0
0.900072000,0,0
0.900077200,1,0
0.900082200,0,0
0.900087400,1,0
0.900092450,0,0
0.900092850,0,1
0.900097650,1,1
0.900102650,0,1
0.900103000,0,0
0.900107850,1,0
0.900112900,0,0
0.900118100,1,0
0.900123100,0,0
0.900128300,1,0
0.900133350,0,0
0.900138500,1,0
0.900143550,0,0
0.900148750,1,0
0.900153800,0,0
0.900158950,1,0
0.900164000,0,0
0.900169200,1,0
0.900174200,0,0
0.900179400,1,0
0.900184450,0,0
0.900184900,0,1
0.900189650,1,1
0.900194650,0,1
0.900199850,1,1
0.900204900,0,1
0.900205100,0,0
0.900210100,1,0
0.900215100,0,0
0.900220300,1,0
0.900225350,0,0
0.900230500,1,0
0.900235550,0,0
0.900240750,1,0
0.900245800,0,0
0.900250950,1,0
0.900256000,0,0
0.900261200,1,0
0.900266200,0,0
0.900271400,1,0
0.900276450,0,0
0.900276950,0,1
0.900281650,1,1
0.900286650,0,1
0.900291850,1,1
0.900296900,0,1
0.900297150,0,0
0.900302100,1,0
0.900307100,0,0
0.900312300,1,0
0.900317350,0,0
0.900317750,0,1
0.900322500,1,1
0.900327550,0,1
0.900327850,0,0
0.900332750,1,0
0.900337800,0,0
0.900342950,1,0
0.900348000,0,0
0.900353200,1,0
0.900358200,0,0
0.900363400,1,0
0.900368450,0,0
0.900368900,0,1
0.900373650,1,1
0.900378650,0,1
0.900378850,0,0
0.900383850,1,0
0.900388900,0,0
0.900394100,1,0
0.900399100,0,0
0.900404300,1,0
0.900409350,0,0
0.900414500,1,0
0.900419550,0,0
0.900424750,1,0
0.900429800,0,0
0.900434950,1,0
0.900440000,0,0
0.900445200,1,0
0.900450200,0,0
0.900455400,1,0
0.900460450,0,0
0.900460950,0,1
0.900465650,1,1
0.900470650,0,1
0.900475850,1,1
0.900480900,0,1
0.900481100,0,0
0.900486100,1,0
0.900491100,0,0
0.900496300,1,0
0.900501350,0,0
0.900506500,1,0
0.900511550,0,0
0.900516750,1,0
0.900521800,0,0
0.900526950,1,0
0.900532000,0,0
0.900537200,1,0
0.900542200,0,0
0.900547400,1,0
0.900552450,0,0
0.900553000,0,1
0.900557650,1,1
0.900562650,0,1
0.900567850,1,1
0.900572900,0,1
0.900573150,0,0
0.900578100,1,0
0.900583100,0,0
0.900588300,1,0
0.900593350,0,0
0.900593750,0,1
0.900598500,1,1
0.900603550,0,1
0.900608750,1,1
0.900613750,0,1
0.900614750,0,0
0.900618950,1,0
0.900624000,0,0
0.900629200,1,0
0.900634200,0,0
0.900639400,1,0
0.900644450,0,0
0.900644900,0,1
0.900649650,1,1
0.900654650,0,1
0.900654900,0,0
0.900659850,1,0
0.900664900,0,0
0.900670100,1,0
0.900675100,0,0
0.900680300,1,0
0.900685350,0,0
0.900690500,1,0
0.900695550,0,0
0.900700750,1,0
0.900705750,0,0
0.900710950,1,0
0.900716000,0,0
0.900721200,1,0
0.900726200,0,0
0.900731400,1,0
0.900736450,0,0
0.900736950,0,1
0.900741650,1,1
0.900746650,0,1
0.900751850,1,1
0.900756900,0,1
0.900757150,0,0
0.900762050,1,0
0.900767100,0,0
0.900772300,1,0
0.900777350,0,0
0.900782500,1,0
0.900787550,0,0
0.900792750,1,0
0.900797750,0,0
0.900802950,1,0
0.900808000,0,0
0.900813200,1,0
0.900818200,0,0
0.900823400,1,0
0.900828450,0,0
0.900828850,0,1
0.900833650,1,1
0.900838650,0,1
0.900843850,1,1
0.900848900,0,1
0.900849200,0,0
0.900854050,1,0
0.900859100,0,0
0.900864300,1,0
0.900869350,0,0
0.900869800,0,1
0.900874500,1,1
0.900879550,0,1
0.900879750,0,0
0.900884750,1,0
0.900889750,0,0
0.900890150,0,1
0.902344750,0,0
0.902349000,1,0
0.902354000,0,0
0.902359200,1,0
0.902364200,0,0
0.902364700,0,1
0.902369400,1,1
0.902374450,0,1
0.902379600,1,1
0.902384650,0,1
0.902384900,0,0
0.902389850,1,0
0.902394850,0,0
0.902395250,0,1
0.902400050,1,1
0.902405100,0,1
0.902410300,1,1
0.902415300,0,1
0.902420500,1,1
0.902425550,0,1
0.902425800,0,0
0.902430750,1,0
0.902435750,0,0
0.902440950,1,0
0.902446000,0,0
0.902449200,0,1
0.902451150,1,1
0.902456200,0,1
0.902456400,0,0
0.902461400,1,0
0.902466450,0,0
0.902471600,1,0
0.902476650,0,0
0.902477150,0,1
0.902481850,1,1
0.902486850,0,1
0.902492050,1,1
0.902497100,0,1
0.902502300,1,1
0.902507300,0,1
0.902507550,0,0
0.902512500,1,0
0.902517550,0,0
0.902518050,0,1
0.902522750,1,1
0.902527750,0,1
0.902528750,0,0
0.902532950,1,0
0.902538000,0,0
0.902541200,0,1
0.902543150,1,1
0.902548200,0,1
0.902553400,1,1
0.902558450,0,1
0.902563600,1,1
0.902568650,0,1
0.902568850,0,0
0.902573850,1,0
0.902578850,0,0
0.902584050,1,0
0.902589100,0,0
0.902594300,1,0
0.902599300,0,0
0.902599800,0,1
0.902604500,1,1
0.902609550,0,1
0.902614700,1,1
0.902619750,0,1
0.902620750,0,0
0.902624950,1,0
0.902630000,0,0
0.902635150,1,0
0.902640200,0,0
0.902645400,1,0
0.902650450,0,0
0.902655600,1,0
0.902660650,0,0
0.902665850,1,0
0.902670850,0,0
0.902676050,1,0
0.902681100,0,0
0.902686300,1,0
0.902691300,0,0
0.902696500,1,0
0.902701550,0,0
0.902706750,1,0
0.902711750,0,0
0.902716950,1,0
0.902722000,0,0
0.902727150,1,0
0.902732200,0,0
0.902737400,1,0
0.902742450,0,0
0.902747600,1,0
0.902752650,0,0
0.902753200,0,1
0.902757850,1,1
0.902762850,0,1
0.902768050,1,1
0.902773100,0,1
0.902773350,0,0
0.902778300,1,0
0.902783300,0,0
0.902783750,0,1
0.902788500,1,1
0.902793550,0,1
0.902793750,0,0
0.902798750,1,0
0.902803750,0,0
0.902808950,1,0
0.902814000,0,0
0.902819150,1,0
0.902824200,0,0
0.902824700,0,1
0.902829400,1,1
0.902834400,0,1
0.902839600,1,1
0.902844650,0,1
0.902844850,0,0
0.902849850,1,0
0.902854850,0,0
0.902860050,1,0
0.902865100,0,0
0.902865600,0,1
0.902870300,1,1
0.902875300,0,1
0.902875600,0,0
0.902880500,1,0
0.902885550,0,0
0.902886000,0,1
0.902890700,1,1
0.902895750,0,1
0.902896750,0,0
0.902900950,1,0
0.902906000,0,0
0.902911150,1,0
0.902916200,0,0
0.902916750,0,1
0.902921400,1,1
0.902926400,0,1
0.902931600,1,1
0.902936650,0,1
0.902936900,0,0
0.902941850,1,0
0.902946850,0,0
0.902947300,0,1
0.902952050,1,1
0.902957100,0,1
0.902962300,1,1
0.902967300,0,1
0.902967500,0,0
0.902972500,1,0
0.902977550,0,0
0.902982700,1,0
0.902987750,0,0
0.902992950,1,0
0.902998000,0,0
0.903003150,1,0
0.903008200,0,0
0.903013400,1,0
0.903018400,0,0
0.903018850,0,1
0.903023600,1,1
0.903028650,0,1
0.903029000,0,0
0.903033850,1,0
0.903038850,0,0
0.903039350,0,1
0.903044050,1,1
0.903049100,0,1
0.903049350,0,0
0.903054300,1,0
0.903059300,0,0
0.903064500,1,0
0.903069550,0,0
0.903074700,1,0
0.903079750,0,0
0.903080150,0,1
0.905140950,1,1
0.905145950,0,1
0.905146950,0,0
0.905151150,1,0
0.905157400,1,1
0.906124200,1,0
0.906130200,0,0
0.906135350,1,0
0.906140400,0,0
0.906141600,0,1
0.906145600,1,1
0.906150600,0,1
0.906155800,1,1
0.906160850,0,1
0.906161850,0,0
0.906166050,1,0
0.906171050,0,0
0.906172250,0,1
0.906176250,1,1
0.906181300,0,1
0.906186500,1,1
0.906191500,0,1
0.906196700,1,1
0.906201750,0,1
0.906202750,0,0
0.906206900,1,0
0.906211950,0,0
0.906217150,1,0
0.906222200,0,0
0.906222700,0,1
0.907165150,0,0
0.907169400,1,0
0.907174400,0,0
0.907175600,0,1
0.907179600,1,1
0.907184600,0,1
0.907185600,0,0
0.907189800,1,0
0.907194850,0,0
0.907196050,0,1
0.907200050,1,1
0.907205050,0,1
0.907206050,0,0
0.907210250,1,0
0.907215300,0,0
0.907220450,1,0
0.907225500,0,0
0.907230700,1,0
0.907235700,0,0
0.907236950,0,1
0.907240900,1,1
0.907245950,0,1
0.907246250,0,0
0.907251150,1,0
0.907256150,0,0
0.907256600,0,1
0.907261350,1,1
0.907266400,0,1
0.907267400,0,0
0.907271600,1,0
0.907276600,0,0
0.907281800,1,0
0.907286850,0,0
0.907292000,1,0
0.907297050,0,0
0.907302250,1,0
0.907307300,0,0
0.907312450,1,0
0.907317500,0,0
0.907318750,0,1
0.907322700,1,1
0.907327700,0,1
0.907332900,1,1
0.907337950,0,1
0.907338150,0,0
0.907343150,1,0
0.907348150,0,0
0.907348650,0,1
0.907353350,1,1
0.907358400,0,1
0.907363600,1,1
0.907368600,0,1
0.907373800,1,1
0.907378850,0,1
0.907384000,1,1
0.907389050,0,1
0.907390050,0,0
0.907394250,1,0
0.907399300,0,0
0.907404450,1,0
0.907409500,0,0
0.907410750,0,1
0.907414700,1,1
0.907419700,0,1
0.907424900,1,1
0.907429950,0,1
0.907430200,0,0
0.907435150,1,0
0.907440150,0,0
0.907445350,1,0
0.907450400,0,0
0.907455600,1,0
0.907460600,0,0
0.907465800,1,0
0.907470850,0,0
0.907476000,1,0
0.907481050,0,0
0.907486250,1,0
0.907491300,0,0
0.907496450,1,0
0.907501500,0,0
0.907506700,1,0
0.907511700,0,0
0.907516900,1,0
0.907521950,0,0
0.907527150,1,0
0.907532150,0,0
0.907537350,1,0
0.907542400,0,0
0.907547600,1,0
0.907552600,0,0
0.907557800,1,0
0.907562850,0,0
0.907564100,0,1
0.907568000,1,1
0.907573050,0,1
0.907578250,1,1
0.907583300,0,1
0.907584300,0,0
0.907588450,1,0
0.907593500,0,0
0.907594700,0,1
0.907598700,1,1
0.907603700,0,1
0.907604700,0,0
0.907608900,1,0
0.907613950,0,0
0.907619150,1,0
0.907624150,0,0
0.907629350,1,0
0.907634400,0,0
0.907635650,0,1
0.907639600,1,1
0.907644600,0,1
0.907645600,0,0
0.907649800,1,0
0.907654850,0,0
0.907656050,0,1
0.907660000,1,1
0.907665050,0,1
0.907666050,0,0
0.907670250,1,0
0.907675300,0,0
0.907676500,0,1
0.907680450,1,1
0.907685500,0,1
0.907686500,0,0
0.907690700,1,0
0.907695700,0,0
0.907696950,0,1
0.907700900,1,1
0.907705950,0,1
0.907706200,0,0
0.907711150,1,0
0.907716150,0,0
0.907716600,0,1
0.909935150,0,0
0.909939400,1,0
0.909945550,1,1
0.913406350,1,0
0.913412350,0,0
0.913417500,1,0
0.913422550,0,0
0.913423800,0,1
0.913427750,1,1
0.913432800,0,1
0.913437950,1,1
0.913443000,0,1
0.913444000,0,0
0.913448200,1,0
0.913453250,0,0
0.913454450,0,1
0.913458400,1,1
0.913463450,0,1
0.913468650,1,1
0.913473700,0,1
0.913478850,1,1
0.913483900,0,1
0.913489100,1,1
0.913494100,0,1
0.913494350,0,0
0.913499300,1,0
0.913504350,0,0
0.914424550,1,0
0.914429550,0,0
0.914430050,0,1
0.914434750,1,1
0.914439800,0,1
0.914445000,1,1
0.914450000,0,1
0.914450250,0,0
0.914455200,1,0
0.914460200,0,0
0.914460600,0,1
0.914465400,1,1
0.914470450,0,1
0.914475650,1,1
0.914480650,0,1
0.914485850,1,1
0.914490900,0,1
0.914491150,0,0
0.914496100,1,0
0.914501100,0,0
0.914506300,1,0
0.914511350,0,0
0.914514550,0,1
0.914516500,1,1
0.914521550,0,1
0.914521750,0,0
0.914526750,1,0
0.914531800,0,0
0.914536950,1,0
0.914542000,0,0
0.914542500,0,1
0.914547200,1,1
0.914552200,0,1
0.914557400,1,1
0.914562450,0,1
0.914567650,1,1
0.914572650,0,1
0.914572900,0,0
0.914577850,1,0
0.914582900,0,0
0.914583400,0,1
0.914588100,1,1
0.914593100,0,1
0.914594100,0,0
0.914598300,1,0
0.914603350,0,0
0.914606550,0,1
0.914608500,1,1
0.914613550,0,1
0.914618750,1,1
0.914623800,0,1
0.914628950,1,1
0.914634000,0,1
0.914634200,0,0
0.914639200,1,0
0.914644200,0,0
0.914649400,1,0
0.914654450,0,0
0.914659650,1,0
0.914664650,0,0
0.914665150,0,1
0.914669850,1,1
0.914674900,0,1
0.914680100,1,1
0.914685100,0,1
0.914686100,0,0
0.914690300,1,0
0.914695350,0,0
0.914700500,1,0
0.914705550,0,0
0.914710750,1,0
0.914715800,0,0
0.914720950,1,0
0.914726000,0,0
0.914731200,1,0
0.914736200,0,0
0.914741400,1,0
0.914746450,0,0
0.914751650,1,0
0.914756650,0,0
0.914761850,1,0
0.914766900,0,0
0.914772100,1,0
0.914777100,0,0
0.914782300,1,0
0.914787350,0,0
0.914792500,1,0
0.914797550,0,0
0.914802750,1,0
0.914807800,0,0
0.914812950,1,0
0.914818000,0,0
0.914818550,0,1
0.914823200,1,1
0.914828200,0,1
0.914833400,1,1
0.914838450,0,1
0.914838700,0,0
0.914843650,1,0
0.914848650,0,0
0.914849100,0,1
0.914853850,1,1
0.914858900,0,1
0.914859100,0,0
0.914864100,1,0
0.914869100,0,0
0.914874300,1,0
0.914879350,0,0
0.914884500,1,0
0.914889550,0,0
0.914890050,0,1
0.914894750,1,1
0.914899800,0,1
0.914904950,1,1
0.914910000,0,1
0.914910250,0,0
0.914915200,1,0
0.914920200,0,0
0.914925400,1,0
0.914930450,0,0
0.914930950,0,1
0.914935650,1,1
0.914940650,0,1
0.914940950,0,0
0.914945850,1,0
0.914950900,0,0
0.914951350,0,1
0.914956100,1,1
0.914961100,0,1
0.914962100,0,0
0.914966300,1,0
0.914971350,0,0
0.914976500,1,0
0.914981550,0,0
0.914982100,0,1
0.914986750,1,1
0.914991800,0,1
0.914996950,1,1
0.915002000,0,1
0.915002300,0,0
0.915007200,1,0
0.915012200,0,0
0.915012650,0,1
0.915017400,1,1
0.915022450,0,1
0.915027650,1,1
0.915032650,0,1
0.915032850,0,0
0.915037850,1,0
0.915042900,0,0
0.915048100,1,0
0.915053100,0,0
0.915058300,1,0
0.915063350,0,0
0.915068500,1,0
0.915073550,0,0
0.915078750,1,0
0.915083800,0,0
0.915084200,0,1
0.915088950,1,1
0.915094000,0,1
0.915094200,0,0
0.915099200,1,0
0.915104200,0,0
0.915104700,0,1
0.915109400,1,1
0.915114450,0,1
0.915114700,0,0
0.915119650,1,0
0.915124650,0,0
0.915129850,1,0
0.915134900,0,0
0.915140100,1,0
0.915145100,0,0
0.915150300,1,0
0.915155350,0,0
0.915160500,1,0
0.915165550,0,0
0.915166050,0,1
0.915170750,1,1
0.915175750,0,1
0.915176050,0,0
0.915180950,1,0
0.915186000,0,0
0.915186450,0,1
0.915191200,1,1
0.915196200,0,1
0.915201400,1,1
0.915206450,0,1
0.915206650,0,0
0.915211650,1,0
0.915216650,0,0
0.915221850,1,0
0.915226900,0,0
0.915232050,1,0
0.915237100,0,0
0.915242300,1,0
0.915247350,0,0
0.915252500,1,0
0.915257550,0,0
0.915258000,0,1
0.915262750,1,1
0.915267750,0,1
0.915268100,0,0
0.915272950,1,0
0.915278000,0,0
0.915283200,1,0
0.915288200,0,0
0.915293400,1,0
0.915298450,0,0
0.915298900,0,1
0.915303650,1,1
0.915308650,0,1
0.915313850,1,1
0.915318900,0,1
0.915324050,1,1
0.915329100,0,1
0.915330100,0,0
0.915334300,1,0
0.915339350,0,0
0.915344500,1,0
0.915349550,0,0
0.915354750,1,0
0.915359750,0,0
0.915360250,0,1
0.915364950,1,1
0.915370000,0,1
0.915375200,1,1
0.915380200,0,1
0.915380550,0,0
0.915385400,1,0
0.915390450,0,0
0.915395650,1,0
0.915400650,0,0
0.915405850,1,0
0.915410900,0,0
0.915411350,0,1
0.915416050,1,1
0.915421100,0,1
0.915422100,0,0
0.915426300,1,0
0.915431350,0,0
0.915436500,1,0
0.915441550,0,0
0.915446750,1,0
0.915451750,0,0
0.915452300,0,1
0.915456950,1,1
0.915462000,0,1
0.915467200,1,1
0.915472200,0,1
0.915472450,0,0
0.915477400,1,0
0.915482450,0,0
0.915482850,0,1
0.915487650,1,1
0.915492650,0,1
0.915497850,1,1
0.915502900,0,1
0.915503200,0,0
0.915508050,1,0
0.915513100,0,0
0.915518300,1,0
0.915523350,0,0
0.915528500,1,0
0.915533550,0,0
0.915534000,0,1
0.915538750,1,1
0.915543750,0,1
0.915544000,0,0
0.915548950,1,0
0.915554000,0,0
0.915559200,1,0
0.915564200,0,0
0.915569400,1,0
0.915574450,0,0
0.915579650,1,0
0.915584650,0,0
0.915589850,1,0
0.915594900,0,0
0.915595300,0,1
0.915600050,1,1
0.915605100,0,1
0.915606100,0,0
0.915610300,1,0
0.915615350,0,0
0.915620500,1,0
0.915625550,0,0
0.915626050,0,1
0.915630750,1,1
0.915635750,0,1
0.915636050,0,0
0.915640950,1,0
0.915646000,0,0
0.915651200,1,0
0.915656200,0,0
0.915656650,0,1
0.915661400,1,1
0.915666450,0,1
0.915666750,0,0
0.915671650,1,0
0.915676650,0,0
0.915681850,1,0
0.915686900,0,0
0.915692050,1,0
0.915697100,0,0
0.915702300,1,0
0.915707350,0,0
0.915712500,1,0
0.915717550,0,0
0.915717950,0,1
0.915722750,1,1
0.915727750,0,1
0.915728100,0,0
0.915732950,1,0
0.915738000,0,0
0.915738500,0,1
0.915743200,1,1
0.915748200,0,1
0.915748500,0,0
0.915753400,1,0
0.915758450,0,0
0.915763650,1,0
0.915768650,0,0
0.915773850,1,0
0.915778900,0,0
0.915784050,1,0
0.915789100,0,0
0.915794300,1,0
0.915799350,0,0
0.915804500,1,0
0.915809550,0,0
0.915814750,1,0
0.915819750,0,0
0.915820200,0,1
0.915824950,1,1
0.915830000,0,1
0.915830200,0,0
0.915835200,1,0
0.915840200,0,0
0.915840750,0,1
0.915845400,1,1
0.915850450,0,1
0.915850750,0,0
0.915855650,1,0
0.915860650,0,0
0.915865850,1,0
0.915870900,0,0
0.915871350,0,1
0.915876050,1,1
0.915881100,0,1
0.917402100,0,0
0.917406350,1,0
0.917411300,0,0
0.917416500,1,0
0.917421550,0,0
0.917422000,0,1
0.917426750,1,1
0.917431750,0,1
0.917436950,1,1
0.917442000,0,1
0.917442300,0,0
0.917447150,1,0
0.917452200,0,0
0.917457400,1,0
0.917462400,0,0
0.917467600,1,0
0.917472650,0,0
0.917473100,0,1
0.917477850,1,1
0.917482850,0,1
0.917488050,1,1
0.917493100,0,1
0.917494100,0,0
0.917498300,1,0
0.917503300,0,0
0.917508500,1,0
0.917513550,0,0
0.917514050,0,1
0.917518700,1,1
0.917523750,0,1
0.917528950,1,1
0.917534000,0,1
0.917534200,0,0
0.917539150,1,0
0.917544200,0,0
0.917544600,0,1
0.917549400,1,1
0.917554400,0,1
0.917559600,1,1
0.917564650,0,1
0.917564950,0,0
0.917569850,1,0
0.917574850,0,0
0.917575350,0,1
0.917580050,1,1
0.917585100,0,1
0.917586100,0,0
0.917590300,1,0
0.917595300,0,0
0.917600500,1,0
0.917605550,0,0
0.917605950,0,1
0.917610700,1,1
0.917615750,0,1
0.917620950,1,1
0.917626000,0,1
0.917626300,0,0
0.917631150,1,0
0.917636200,0,0
0.917641400,1,0
0.917646400,0,0
0.917646850,0,1
0.917651600,1,1
0.917656650,0,1
0.917656850,0,0
0.917661850,1,0
0.917666850,0,0
0.917672050,1,0
0.917677100,0,0
0.917682300,1,0
0.917687300,0,0
0.917692500,1,0
0.917697550,0,0
0.917698000,0,1
0.917702700,1,1
0.917707750,0,1
0.917712950,1,1
0.917718000,0,1
0.917723150,1,1
0.917728200,0,1
0.917728550,0,0
0.917733400,1,0
0.917738400,0,0
0.917743600,1,0
0.917748650,0,0
0.917749100,0,1
0.917753850,1,1
0.917758850,0,1
0.917764050,1,1
0.917769100,0,1
0.917770100,0,0
0.917774300,1,0
0.917779300,0,0
0.917784500,1,0
0.917789550,0,0
0.917794700,1,0
0.917799750,0,0
0.917800250,0,1
0.917804950,1,1
0.917810000,0,1
0.917810250,0,0
0.917815150,1,0
0.917820200,0,0
0.917820650,0,1
0.917825400,1,1
0.917830400,0,1
0.917830650,0,0
0.917835600,1,0
0.917840650,0,0
0.917845850,1,0
0.917850850,0,0
0.917856050,1,0
0.917861100,0,0
0.917866300,1,0
0.917871300,0,0
0.917876500,1,0
0.917881550,0,0
0.917886700,1,0
0.917891750,0,0
0.917892200,0,1
0.917896950,1,1
0.917902000,0,1
0.917907150,1,1
0.917912200,0,1
0.917912500,0,0
0.917917400,1,0
0.917922400,0,0
0.917927600,1,0
0.917932650,0,0
0.917937850,1,0
0.917942850,0,0
0.917948050,1,0
0.917953100,0,0
0.917958300,1,0
0.917963300,0,0
0.917968500,1,0
0.917973550,0,0
0.917978700,1,0
0.917983750,0,0
0.917984250,0,1
0.917988950,1,1
0.917994000,0,1
0.917999150,1,1
0.918004200,0,1
0.918004400,0,0
0.918009400,1,0
0.918014400,0,0
0.918019600,1,0
0.918024650,0,0
0.918029850,1,0
0.918034850,0,0
0.918035350,0,1
0.918040050,1,1
0.918045100,0,1
0.918046100,0,0
0.918050300,1,0
0.918055300,0,0
0.918060500,1,0
0.918065550,0,0
0.918070700,1,0
0.918075750,0,0
0.918076300,0,1
0.918080950,1,1
0.918086000,0,1
0.918086250,0,0
0.918091150,1,0
0.918096200,0,0
0.918101400,1,0
0.918106400,0,0
0.918111600,1,0
0.918116650,0,0
0.918121850,1,0
0.918126850,0,0
0.918132050,1,0
0.918137100,0,0
0.918142300,1,0
0.918147300,0,0
0.918152500,1,0
0.918157550,0,0
0.918162700,1,0
0.918167750,0,0
0.918168200,0,1
0.918172950,1,1
0.918177950,0,1
0.918183150,1,1
0.918188200,0,1
0.918188500,0,0
0.918193400,1,0
0.918198400,0,0
0.918203600,1,0
0.918208650,0,0
0.918213850,1,0
0.918218850,0,0
0.918224050,1,0
0.918229100,0,0
0.918234250,1,0
0.918239300,0,0
0.918244500,1,0
0.918249550,0,0
0.918254700,1,0
0.918259750,0,0
0.918260250,0,1
0.918264950,1,1
0.918269950,0,1
0.918275150,1,1
0.918280200,0,1
0.918280400,0,0
0.918285400,1,0
0.918290400,0,0
0.918295600,1,0
0.918300650,0,0
0.918301150,0,1
0.918305850,1,1
0.918310850,0,1
0.918311150,0,0
0.918316050,1,0
0.918321100,0,0
0.918326250,1,0
0.918331300,0,0
0.918336500,1,0
0.918341550,0,0
0.918346700,1,0
0.918351750,0,0
0.918352300,0,1
0.918356950,1,1
0.918361950,0,1
0.918362300,0,0
0.918367150,1,0
0.918372200,0,0
0.918377400,1,0
0.918382400,0,0
0.918387600,1,0
0.918392650,0,0
0.918397850,1,0
0.918402850,0,0
0.918408050,1,0
0.918413100,0,0
0.918418250,1,0
0.918423300,0,0
0.918428500,1,0
0.918433550,0,0
0.918438700,1,0
0.918443750,0,0
0.918444200,0,1
0.918448950,1,1
0.918453950,0,1
0.918459150,1,1
0.918464200,0,1
0.918464400,0,0
0.918469400,1,0
0.918474400,0,0
0.918479600,1,0
0.918484650,0,0
0.918489850,1,0
0.918494850,0,0
0.918500050,1,0
0.918505100,0,0
0.918510250,1,0
0.918515300,0,0
0.918520500,1,0
0.918525550,0,0
0.918530700,1,0
0.918535750,0,0
0.918536250,0,1
0.918540950,1,1
0.918545950,0,1
0.918551150,1,1
0.918556200,0,1
0.918556450,0,0
0.918561400,1,0
0.918566400,0,0
0.918571600,1,0
0.918576650,0,0
0.918577050,0,1
0.918581850,1,1
0.918586850,0,1
0.918592050,1,1
0.918597100,0,1
0.918598100,0,0
0.918602250,1,0
0.918607300,0,0
0.918612500,1,0
0.918617550,0,0
0.918622700,1,0
0.918627750,0,0
0.918628200,0,1
0.918632950,1,1
0.918637950,0,1
0.918638300,0,0
0.918643150,1,0
0.918648200,0,0
0.918653400,1,0
0.918658400,0,0
0.918663600,1,0
0.918668650,0,0
0.918673850,1,0
0.918678850,0,0
0.918684050,1,0
0.918689100,0,0
0.918694250,1,0
0.918699300,0,0
0.918704500,1,0
0.918709550,0,0
0.918714700,1,0
0.918719750,0,0
0.918720250,0,1
0.918724950,1,1
0.918729950,0,1
0.918735150,1,1
0.918740200,0,1
0.918740400,0,0
0.918745400,1,0
0.918750400,0,0
0.918755600,1,0
0.918760650,0,0
0.918765850,1,0
0.918770850,0,0
0.918776050,1,0
0.918781100,0,0
0.918786250,1,0
0.918791300,0,0
0.918796500,1,0
0.918801500,0,0
0.918806700,1,0
0.918811750,0,0
0.918812300,0,1
0.918816950,1,1
0.918821950,0,1
0.918827150,1,1
0.918832200,0,1
0.918832450,0,0
0.918837400,1,0
0.918842400,0,0
0.918847600,1,0
0.918852650,0,0
0.918853050,0,1
0.918857800,1,1
0.918862850,0,1
0.918863050,0,0
0.918868050,1,0
0.918873100,0,0
0.918873600,0,1
0.920329050,0,0
0.920333300,1,0
0.920338300,0,0
0.920343500,1,0
0.920348500,0,0
0.920348950,0,1
0.920353700,1,1
0.920358750,0,1
0.920363950,1,1
0.920368950,0,1
0.920369300,0,0
0.920374150,1,0
0.920379200,0,0
0.920379650,0,1
0.920384350,1,1
0.920389400,0,1
0.920394600,1,1
0.920399600,0,1
0.920404800,1,1
0.920409850,0,1
0.920410050,0,0
0.920415050,1,0
0.920420050,0,0
0.920425250,1,0
0.920430300,0,0
0.920433500,0,1
0.920435500,1,1
0.920440500,0,1
0.920440800,0,0
0.920445700,1,0
0.920450750,0,0
0.920455900,1,0
0.920460950,0,0
0.920461400,0,1
0.920466150,1,1
0.920471200,0,1
0.920476350,1,1
0.920481400,0,1
0.920486600,1,1
0.920491600,0,1
0.920491950,0,0
0.920496800,1,0
0.920501850,0,0
0.920502300,0,1
0.920507050,1,1
0.920512050,0,1
0.920513050,0,0
0.920517250,1,0
0.920522300,0,0
0.920525500,0,1
0.920527500,1,1
0.920532500,0,1
0.920537700,1,1
0.920542750,0,1
0.920547900,1,1
0.920552950,0,1
0.920553250,0,0
0.920558150,1,0
0.920563200,0,0
0.920568350,1,0
0.920573400,0,0
0.920578600,1,0
0.920583600,0,0
0.920584050,0,1
0.920588800,1,1
0.920593850,0,1
0.920599050,1,1
0.920604050,0,1
0.920605050,0,0
0.920609250,1,0
0.920614300,0,0
0.920619500,1,0
0.920624500,0,0
0.920629700,1,0
0.920634750,0,0
0.920639900,1,0
0.920644950,0,0
0.920650150,1,0
0.920655200,0,0
0.920660350,1,0
0.920665400,0,0
0.920670600,1,0
0.920675600,0,0
0.920680800,1,0
0.920685850,0,0
0.920691050,1,0
0.920696050,0,0
0.920701250,1,0
0.920706300,0,0
0.920711500,1,0
0.920716500,0,0
0.920721700,1,0
0.920726750,0,0
0.920731900,1,0
0.920736950,0,0
0.920737450,0,1
0.920742150,1,1
0.920747200,0,1
0.920752350,1,1
0.920757400,0,1
0.920757600,0,0
0.920762600,1,0
0.920767600,0,0
0.920768150,0,1
0.920772800,1,1
0.920777850,0,1
0.920778150,0,0
0.920783050,1,0
0.920788050,0,0
0.920793250,1,0
0.920798300,0,0
0.920803500,1,0
0.920808500,0,0
0.920808950,0,1
0.920813700,1,1
0.920818750,0,1
0.920823900,1,1
0.920828950,0,1
0.920829250,0,0
0.920834150,1,0
0.920839200,0,0
0.920844350,1,0
0.920849400,0,0
0.920849850,0,1
0.920854600,1,1
0.920859600,0,1
0.920859850,0,0
0.920864800,1,0
0.920869850,0,0
0.920870250,0,1
0.920875050,1,1
0.920880050,0,1
0.920881050,0,0
0.920885250,1,0
0.920890300,0,0
0.920895500,1,0
0.920900500,0,0
0.920901000,0,1
0.920905700,1,1
0.920910750,0,1
0.920915900,1,1
0.920920950,0,1
0.920921200,0,0
0.920926150,1,0
0.920931200,0,0
0.920931550,0,1
0.920936350,1,1
0.920941400,0,1
0.920946600,1,1
0.920951600,0,1
0.920951900,0,0
0.920956800,1,0
0.920961850,0,0
0.920967050,1,0
0.920972050,0,0
0.920977250,1,0
0.920982300,0,0
0.920987500,1,0
0.920992500,0,0
0.920997700,1,0
0.921002750,0,0
0.921003250,0,1
0.921007900,1,1
0.921012950,0,1
0.921013250,0,0
0.921018150,1,0
0.921023150,0,0
0.921023650,0,1
0.921028350,1,1
0.921033400,0,1
0.921033650,0,0
0.921038600,1,0
0.921043600,0,0
0.921048800,1,0
0.921053850,0,0
0.921059050,1,0
0.921064050,0,0
0.921064600,0,1
0.923161300,1,1
0.923166250,0,1
0.923167250,0,0
0.923171500,1,0
0.923177700,1,1
0.926381450,1,0
0.926387450,0,0
0.926392600,1,0
0.926397700,0,0
0.926398900,0,1
0.926402850,1,1
0.926407900,0,1
0.926413100,1,1
0.926418150,0,1
0.926419150,0,0
0.926423300,1,0
0.926428350,0,0
0.926429550,0,1
0.926433550,1,1
0.926438600,0,1
0.926443750,1,1
0.926448800,0,1
0.926454000,1,1
0.926459000,0,1
0.926460000,0,0
0.926464200,1,0
0.926469250,0,0
0.926474450,1,0
0.926479450,0,0
0.926479900,0,1
0.927440450,0,0
0.927444700,1,0
0.927449700,0,0
0.927450900,0,1
0.927454900,1,1
0.927459900,0,1
0.927460900,0,0
0.927465100,1,0
0.927470150,0,0
0.927471350,0,1
0.927475300,1,1
0.927480350,0,1
0.927481350,0,0
0.927485550,1,0
0.927490550,0,0
0.927495750,1,0
0.927500800,0,0
0.927506000,1,0
0.927511000,0,0
0.927512250,0,1
0.927516200,1,1
0.927521250,0,1
0.927521450,0,0
0.927526450,1,0
0.927531450,0,0
0.927531850,0,1
0.927536650,1,1
0.927541700,0,1
0.927542700,0,0
0.927546850,1,0
0.927551900,0,0
0.927557100,1,0
0.927562150,0,0
0.927567300,1,0
0.927572350,0,0
0.927577550,1,0
0.927582550,0,0
0.927587750,1,0
0.927592800,0,0
0.927594050,0,1
0.927598000,1,1
0.927603000,0,1
0.927608200,1,1
0.927613250,0,1
0.927613550,0,0
0.927618400,1,0
0.927623450,0,0
0.927623900,0,1
0.927628650,1,1
0.927633700,0,1
0.927638850,1,1
0.927643900,0,1
0.927649100,1,1
0.927654100,0,1
0.927659300,1,1
0.927664350,0,1
0.927665350,0,0
0.927669550,1,0
0.927674550,0,0
0.927679750,1,0
0.927684800,0,0
0.927686000,0,1
0.927690000,1,1
0.927695000,0,1
0.927700200,1,1
0.927705250,0,1
0.927705450,0,0
0.927710400,1,0
0.927715450,0,0
0.927720650,1,0
0.927725700,0,0
0.927730850,1,0
0.927735900,0,0
0.927741100,1,0
0.927746100,0,0
0.927751300,1,0
0.927756350,0,0
0.927761550,1,0
0.927766550,0,0
0.927771750,1,0
0.927776800,0,0
0.927782000,1,0
0.927787000,0,0
0.927792200,1,0
0.927797250,0,0
0.927802400,1,0
0.927807450,0,0
0.927812650,1,0
0.927817700,0,0
0.927822850,1,0
0.927827900,0,0
0.927829150,0,1
0.927833100,1,1
0.927838100,0,1
0.927843300,1,1
0.927848350,0,1
0.927849350,0,0
0.927853550,1,0
0.927858550,0,0
0.927859750,0,1
0.927863750,1,1
0.927868800,0,1
0.927869800,0,0
0.927874000,1,0
0.927879000,0,0
0.927884200,1,0
0.927889250,0,0
0.927894400,1,0
0.927899450,0,0
0.927904650,1,0
0.927909700,0,0
0.927910900,0,1
0.927914850,1,1
0.927919900,0,1
0.927925100,1,1
0.927930100,0,1
0.927935300,1,1
0.927940350,0,1
0.927945550,1,1
0.927950550,0,1
0.927951550,0,0
0.927955750,1,0
0.927960800,0,0
0.927962000,0,1
0.927966000,1,1
0.927971000,0,1
0.927976200,1,1
0.927981250,0,1
0.927981450,0,0
0.927986400,1,0
0.927991450,0,0
0.927991850,0,1
0.930196450,0,0
0.930200650,1,0
0.930206850,1,1
0.931138650,1,0
0.931144650,0,0
0.931149800,1,0
0.931154900,0,0
0.931156100,0,1
0.931160050,1,1
0.931165100,0,1
0.931170300,1,1
0.931175300,0,1
0.931176300,0,0
0.931180500,1,0
0.931185550,0,0
0.931186750,0,1
0.931190750,1,1
0.931195750,0,1
0.931200950,1,1
0.931206000,0,1
0.931211150,1,1
0.931216200,0,1
0.931221400,1,1
0.931226450,0,1
0.931226650,0,0
0.931231600,1,0
0.931236650,0,0
0.932159900,1,0
0.932164850,0,0
0.932165400,0,1
0.932170050,1,1
0.932175100,0,1
0.932180300,1,1
0.932185300,0,1
0.932185600,0,0
0.932190500,1,0
0.932195550,0,0
0.932195950,0,1
0.932200700,1,1
0.932205750,0,1
0.932210950,1,1
0.932216000,0,1
0.932221150,1,1
0.932226200,0,1
0.932226500,0,0
0.932231400,1,0
0.932236400,0,0
0.932241600,1,0
0.932246650,0,0
0.932249850,0,1
0.932251850,1,1
0.932256850,0,1
0.932257100,0,0
0.932262050,1,0
0.932267100,0,0
0.932272300,1,0
0.932277300,0,0
0.932277850,0,1
0.932282500,1,1
0.932287550,0,1
0.932292700,1,1
0.932297750,0,1
0.932302950,1,1
0.932308000,0,1
0.932308200,0,0
0.932313150,1,0
0.932318200,0,0
0.932318600,0,1
0.932323400,1,1
0.932328400,0,1
0.932329400,0,0
0.932333600,1,0
0.932338650,0,0
0.932341850,0,1
0.932343850,1,1
0.932348850,0,1
0.932354050,1,1
0.932359100,0,1
0.932364300,1,1
0.932369300,0,1
0.932369550,0,0
0.932374500,1,0
0.932379550,0,0
0.932384700,1,0
0.932389750,0,0
0.932394950,1,0
0.932400000,0,0
0.932400500,0,1
0.932405150,1,1
0.932410200,0,1
0.932415400,1,1
0.932420400,0,1
0.932421400,0,0
0.932425600,1,0
0.932430650,0,0
0.932435850,1,0
0.932440850,0,0
0.932446050,1,0
0.932451100,0,0
0.932456300,1,0
0.932461300,0,0
0.932466500,1,0
0.932471550,0,0
0.932476700,1,0
0.932481750,0,0
0.932486950,1,0
0.932492000,0,0
0.932497150,1,0
0.932502200,0,0
0.932507400,1,0
0.932512400,0,0
0.932517600,1,0
0.932522650,0,0
0.932527850,1,0
0.932532850,0,0
0.932538050,1,0
0.932543100,0,0
0.932543550,0,1
0.932548300,1,1
0.932553300,0,1
0.932558500,1,1
0.932563550,0,1
0.932563850,0,0
0.932568700,1,0
0.932573750,0,0
0.932574250,0,1
0.932578950,1,1
0.932584000,0,1
0.932584250,0,0
0.932589150,1,0
0.932594200,0,0
0.932599400,1,0
0.932604400,0,0
0.932609600,1,0
0.932614650,0,0
0.932619850,1,0
0.932624850,0,0
0.932630050,1,0
0.932635100,0,0
0.932635600,0,1
0.932640250,1,1
0.932645300,0,1
0.932650500,1,1
0.932655550,0,1
0.932655750,0,0
0.932660700,1,0
0.932665750,0,0
0.932666150,0,1
0.932670950,1,1
0.932675950,0,1
0.932681150,1,1
0.932686200,0,1
0.932691400,1,1
0.932696400,0,1
0.932697400,0,0
0.932701600,1,0
0.932706650,0,0
0.932711850,1,0
0.932716850,0,0
0.932722050,1,0
0.932727100,0,0
0.932727500,0,1
0.932732250,1,1
0.932737300,0,1
0.932737600,0,0
0.932742500,1,0
0.932747550,0,0
0.932752700,1,0
0.932757750,0,0
0.932762950,1,0
0.932767950,0,0
0.932773150,1,0
0.932778200,0,0
0.932783400,1,0
0.932788400,0,0
0.932793600,1,0
0.932798650,0,0
0.932803850,1,0
0.932808850,0,0
0.932814050,1,0
0.932819100,0,0
0.932819550,0,1
0.932824250,1,1
0.932829300,0,1
0.932834500,1,1
0.932839550,0,1
0.932839750,0,0
0.932844700,1,0
0.932849750,0,0
0.932854950,1,0
0.932859950,0,0
0.932865150,1,0
0.932870200,0,0
0.932875400,1,0
0.932880400,0,0
0.932885600,1,0
0.932890650,0,0
0.932895850,1,0
0.932900850,0,0
0.932901400,0,1
0.932906050,1,1
0.932911100,0,1
0.932911400,0,0
0.932916250,1,0
0.932921300,0,0
0.932926500,1,0
0.932931550,0,0
0.932936700,1,0
0.932941750,0,0
0.932946950,1,0
0.932951950,0,0
0.932952400,0,1
0.932957150,1,1
0.932962200,0,1
0.932967400,1,1
0.932972400,0,1
0.932973400,0,0
0.932977600,1,0
0.932982650,0,0
0.932987850,1,0
0.932992850,0,0
0.932998050,1,0
0.933003100,0,0
0.933003500,0,1
0.933008250,1,1
0.933013300,0,1
0.933013650,0,0
0.933018500,1,0
0.933023550,0,0
0.933028700,1,0
0.933033750,0,0
0.933038950,1,0
0.933043950,0,0
0.933049150,1,0
0.933054200,0,0
0.933059400,1,0
0.933064400,0,0
0.933069600,1,0
0.933074650,0,0
0.933079850,1,0
0.933084850,0,0
0.933085400,0,1
0.933090050,1,1
0.933095100,0,1
0.933095350,0,0
0.933100250,1,0
0.933105300,0,0
0.933110500,1,0
0.933115550,0,0
0.933120700,1,0
0.933125750,0,0
0.933126150,0,1
0.933130950,1,1
0.933135950,0,1
0.933141150,1,1
0.933146200,0,1
0.933146500,0,0
0.933151400,1,0
0.933156400,0,0
0.933161600,1,0
0.933166650,0,0
0.933171850,1,0
0.933176850,0,0
0.933182050,1,0
0.933187100,0,0
0.933187600,0,1
0.933192250,1,1
0.933197300,0,1
0.933202500,1,1
0.933207550,0,1
0.933207800,0,0
0.933212700,1,0
0.933217750,0,0
0.933222950,1,0
0.933227950,0,0
0.933228400,0,1
0.933233150,1,1
0.933238200,0,1
0.933243400,1,1
0.933248400,0,1
0.933249400,0,0
0.933253600,1,0
0.933258650,0,0
0.933263850,1,0
0.933268850,0,0
0.933274050,1,0
0.933279100,0,0
0.933279550,0,1
0.933284250,1,1
0.933289300,0,1
0.933289500,0,0
0.933294500,1,0
0.933299550,0,0
0.933300050,0,1
0.933304700,1,1
0.933309750,0,1
0.933310050,0,0
0.933314950,1,0
0.933319950,0,0
0.933325150,1,0
0.933330200,0,0
0.933330650,0,1
0.933335400,1,1
0.933340400,0,1
0.933341400,0,0
0.933345600,1,0
0.933350650,0,0
0.933355850,1,0
0.933360850,0,0
0.933361400,0,1
0.933366050,1,1
0.933371100,0,1
0.933376250,1,1
0.933381300,0,1
0.933386500,1,1
0.933391550,0,1
0.933391750,0,0
0.933396700,1,0
0.933401750,0,0
0.933402150,0,1
0.933406950,1,1
0.933411950,0,1
0.933417150,1,1
0.933422200,0,1
0.933422500,0,0
0.933427400,1,0
0.933432400,0,0
0.933437600,1,0
0.933442650,0,0
0.933447850,1,0
0.933452850,0,0
0.933453300,0,1
0.933458050,1,1
0.933463100,0,1
0.933468250,1,1
0.933473300,0,1
0.933473600,0,0
0.933478500,1,0
0.933483500,0,0
0.933488700,1,0
0.933493750,0,0
0.933498950,1,0
0.933503950,0,0
0.933504450,0,1
0.933509150,1,1
0.933514200,0,1
0.933519400,1,1
0.933524400,0,1
0.933525400,0,0
0.933529600,1,0
0.933534650,0,0
0.933539800,1,0
0.933544850,0,0
0.933545350,0,1
0.933550050,1,1
0.933555100,0,1
0.933560250,1,1
0.933565300,0,1
0.933570500,1,1
0.933575500,0,1
0.933575750,0,0
0.933580700,1,0
0.933585750,0,0
0.933590950,1,0
0.933595950,0,0
0.933601150,1,0
0.933606200,0,0
0.933611400,1,0
0.933616400,0,0
0.933616900,0,1
0.935097400,0,0
0.935101650,1,0
0.935106600,0,0
0.935111850,1,0
0.935116850,0,0
0.935122050,1,0
0.935127050,0,0
0.935127550,0,1
0.935132250,1,1
0.935137300,0,1
0.935137550,0,0
0.935142500,1,0
0.935147500,0,0
0.935147950,0,1
0.935152700,1,1
0.935157750,0,1
0.935157950,0,0
0.935162900,1,0
0.935167950,0,0
0.935173150,1,0
0.935178200,0,0
0.935183350,1,0
0.935188400,0,0
0.935193600,1,0
0.935198600,0,0
0.935203800,1,0
0.935208850,0,0
0.935214050,1,0
0.935219050,0,0
0.935219500,0,1
0.935224250,1,1
0.935229300,0,1
0.935234500,1,1
0.935239500,0,1
0.935239800,0,0
0.935244700,1,0
0.935249750,0,0
0.935254900,1,0
0.935259950,0,0
0.935265150,1,0
0.935270200,0,0
0.935275350,1,0
0.935280400,0,0
0.935285600,1,0
0.935290600,0,0
0.935295800,1,0
0.935300850,0,0
0.935306050,1,0
0.935311050,0,0
0.935311550,0,1
0.935316250,1,1
0.935321300,0,1
0.935326500,1,1
0.935331500,0,1
0.935331700,0,0
0.935336700,1,0
0.935341750,0,0
0.935346900,1,0
0.935351950,0,0
0.935352450,0,1
0.935357150,1,1
0.935362200,0,1
0.935362450,0,0
0.935367350,1,0
0.935372400,0,0
0.935377600,1,0
0.935382600,0,0
0.935387800,1,0
0.935392850,0,0
0.935398050,1,0
0.935403050,0,0
0.935403600,0,1
0.935408250,1,1
0.935413300,0,1
0.935413600,0,0
0.935418500,1,0
0.935423500,0,0
0.935428700,1,0
0.935433750,0,0
0.935438900,1,0
0.935443950,0,0
0.935449150,1,0
0.935454200,0,0
0.935459350,1,0
0.935464400,0,0
0.935469600,1,0
0.935474600,0,0
0.935479800,1,0
0.935484850,0,0
0.935490050,1,0
0.935495050,0,0
0.935495500,0,1
0.935500250,1,1
0.935505300,0,1
0.935510450,1,1
0.935515500,0,1
0.935515850,0,0
0.935520700,1,0
0.935525750,0,0
0.935530900,1,0
0.935535950,0,0
0.935541150,1,0
0.935546200,0,0
0.935551350,1,0
0.935556400,0,0
0.935561600,1,0
0.935566600,0,0
0.935571800,1,0
0.935576850,0,0
0.935582050,1,0
0.935587050,0,0
0.935587550,0,1
0.935592250,1,1
0.935597300,0,1
0.935602450,1,1
0.935607500,0,1
0.935607750,0,0
0.935612700,1,0
0.935617750,0,0
0.935618100,0,1
0.935622900,1,1
0.935627950,0,1
0.935628250,0,0
0.935633150,1,0
0.935638150,0,0
0.935643350,1,0
0.935648400,0,0
0.935653600,1,0
0.935658600,0,0
0.935663800,1,0
0.935668850,0,0
0.935674050,1,0
0.935679050,0,0
0.935679500,0,1
0.935684250,1,1
0.935689300,0,1
0.935689600,0,0
0.935694450,1,0
0.935699500,0,0
0.935704700,1,0
0.935709750,0,0
0.935714900,1,0
0.935719950,0,0
0.935725150,1,0
0.935730150,0,0
0.935735350,1,0
0.935740400,0,0
0.935745600,1,0
0.935750600,0,0
0.935755800,1,0
0.935760850,0,0
0.935766050,1,0
0.935771050,0,0
0.935771550,0,1
0.935776250,1,1
0.935781300,0,1
0.935786450,1,1
0.935791500,0,1
0.935791700,0,0
0.935796700,1,0
0.935801750,0,0
0.935806900,1,0
0.935811950,0,0
0.935817150,1,0
0.935822150,0,0
0.935827350,1,0
0.935832400,0,0
0.935837600,1,0
0.935842600,0,0
0.935847800,1,0
0.935852850,0,0
0.935858050,1,0
0.935863050,0,0
0.935863600,0,1
0.935868250,1,1
0.935873300,0,1
0.935878450,1,1
0.935883500,0,1
0.935883750,0,0
0.935888700,1,0
0.935893750,0,0
0.935894150,0,1
0.935898900,1,1
0.935903950,0,1
0.935904150,0,0
0.935909150,1,0
0.935914150,0,0
0.935914700,0,1
0.935919350,1,1
0.935924400,0,1
0.935925400,0,0
0.935929600,1,0
0.935934600,0,0
0.935939800,1,0
0.935944850,0,0
0.935950050,1,0
0.935955050,0,0
0.935955500,0,1
0.935960250,1,1
0.935965300,0,1
0.935965600,0,0
0.935970450,1,0
0.935975500,0,0
0.935980700,1,0
0.935985750,0,0
0.935990900,1,0
0.935995950,0,0
0.936001150,1,0
0.936006150,0,0
0.936011350,1,0
0.936016400,0,0
0.936021600,1,0
0.936026600,0,0
0.936031800,1,0
0.936036850,0,0
0.936042050,1,0
0.936047050,0,0
0.936047550,0,1
0.936052250,1,1
0.936057300,0,1
0.936062450,1,1
0.936067500,0,1
0.936067750,0,0
0.936072700,1,0
0.936077750,0,0
0.936082900,1,0
0.936087950,0,0
0.936093150,1,0
0.936098150,0,0
0.936103350,1,0
0.936108400,0,0
0.936113600,1,0
0.936118600,0,0
0.936123800,1,0
0.936128850,0,0
0.936134050,1,0
0.936139050,0,0
0.936139600,0,1
0.936144250,1,1
0.936149300,0,1
0.936154450,1,1
0.936159500,0,1
0.936164700,1,1
0.936169750,0,1
0.936170000,0,0
0.936174900,1,0
0.936179950,0,0
0.936185150,1,0
0.936190150,0,0
0.936195350,1,0
0.936200400,0,0
0.936205600,1,0
0.936210600,0,0
0.936215800,1,0
0.936220850,0,0
0.936226050,1,0
0.936231050,0,0
0.936231500,0,1
0.936236250,1,1
0.936241300,0,1
0.936241500,0,0
0.936246450,1,0
0.936251500,0,0
0.936256700,1,0
0.936261750,0,0
0.936266900,1,0
0.936271950,0,0
0.936277150,1,0
0.936282150,0,0
0.936287350,1,0
0.936292400,0,0
0.936297600,1,0
0.936302600,0,0
0.936307800,1,0
0.936312850,0,0
0.936318050,1,0
0.936323050,0,0
0.936323550,0,1
0.936328250,1,1
0.936333300,0,1
0.936338450,1,1
0.936343500,0,1
0.936343750,0,0
0.936348700,1,0
0.936353700,0,0
0.936358900,1,0
0.936363950,0,0
0.936369150,1,0
0.936374150,0,0
0.936374700,0,1
0.936379350,1,1
0.936384400,0,1
0.936385400,0,0
0.936389600,1,0
0.936394600,0,0
0.936399800,1,0
0.936404850,0,0
0.936410000,1,0
0.936415050,0,0
0.936415500,0,1
0.936420250,1,1
0.936425300,0,1
0.936430450,1,1
0.936435500,0,1
0.936435800,0,0
0.936440700,1,0
0.936445700,0,0
0.936450900,1,0
0.936455950,0,0
0.936461150,1,0
0.936466150,0,0
0.936471350,1,0
0.936476400,0,0
0.936481600,1,0
0.936486600,0,0
0.936491800,1,0
0.936496850,0,0
0.936502000,1,0
0.936507050,0,0
0.936507550,0,1
0.936512250,1,1
0.936517300,0,1
0.936517500,0,0
0.936522450,1,0
0.936527500,0,0
0.936527900,0,1
0.936532700,1,1
0.936537700,0,1
0.936538050,0,0
0.936542900,1,0
0.936547950,0,0
0.936548450,0,1
0.936553150,1,1
0.936558150,0,1
0.936563350,1,1
0.936568400,0,1
0.938033400,0,0
0.938037600,1,0
0.938042600,0,0
0.938047800,1,0
0.938052800,0,0
0.938053300,0,1
0.938058000,1,1
0.938063050,0,1
0.938068250,1,1
0.938073250,0,1
0.938073450,0,0
0.938078450,1,0
0.938083500,0,0
0.938084000,0,1
0.938088700,1,1
0.938093700,0,1
0.938098900,1,1
0.938103950,0,1
0.938109100,1,1
0.938114150,0,1
0.938114400,0,0
0.938119350,1,0
0.938124400,0,0
0.938129550,1,0
0.938134600,0,0
0.938137850,0,1
0.938139800,1,1
0.938144800,0,1
0.938145150,0,0
0.938150000,1,0
0.938155050,0,0
0.938160250,1,0
0.938165250,0,0
0.938165750,0,1
0.938170450,1,1
0.938175500,0,1
0.938180700,1,1
0.938185700,0,1
0.938190900,1,1
0.938195950,0,1
0.938196250,0,0
0.938201100,1,0
0.938206150,0,0
0.938206650,0,1
0.938211350,1,1
0.938216400,0,1
0.938217400,0,0
0.938221550,1,0
0.938226600,0,0
0.938229800,0,1
0.938231800,1,1
0.938236800,0,1
0.938242000,1,1
0.938247050,0,1
0.938252250,1,1
0.938257250,0,1
0.938257600,0,0
0.938262450,1,0
0.938267500,0,0
0.938272700,1,0
0.938277700,0,0
0.938282900,1,0
0.938287950,0,0
0.938288400,0,1
0.938293100,1,1
0.938298150,0,1
0.938303350,1,1
0.938308400,0,1
0.938309400,0,0
0.938313550,1,0
0.938318600,0,0
0.938323800,1,0
0.938328800,0,0
0.938334000,1,0
0.938339050,0,0
0.938344250,1,0
0.938349250,0,0
0.938354450,1,0
0.938359500,0,0
0.938364700,1,0
0.938369700,0,0
0.938374900,1,0
0.938379950,0,0
0.938385100,1,0
0.938390150,0,0
0.938395350,1,0
0.938400400,0,0
0.938405550,1,0
0.938410600,0,0
0.938415800,1,0
0.938420800,0,0
0.938426000,1,0
0.938431050,0,0
0.938431550,0,1
0.938436250,1,1
0.938441250,0,1
0.938446450,1,1
0.938451500,0,1
0.938451750,0,0
0.938456700,1,0
0.938461700,0,0
0.938462100,0,1
0.938466900,1,1
0.938471950,0,1
0.938472150,0,0
0.938477100,1,0
0.938482150,0,0
0.938487350,1,0
0.938492400,0,0
0.938497550,1,0
0.938502600,0,0
0.938507800,1,0
0.938512800,0,0
0.938518000,1,0
0.938523050,0,0
0.938523500,0,1
0.938528250,1,1
0.938533250,0,1
0.938538450,1,1
0.938543500,0,1
0.938543800,0,0
0.938548700,1,0
0.938553700,0,0
0.938554150,0,1
0.938558900,1,1
0.938563950,0,1
0.938569100,1,1
0.938574150,0,1
0.938579350,1,1
0.938584350,0,1
0.938585350,0,0
0.938589550,1,0
0.938594600,0,0
0.938599800,1,0
0.938604800,0,0
0.938610000,1,0
0.938615050,0,0
0.938615550,0,1
0.938620250,1,1
0.938625250,0,1
0.938625500,0,0
0.938630450,1,0
0.938635500,0,0
0.938640700,1,0
0.938645700,0,0
0.938650900,1,0
0.938655950,0,0
0.938661100,1,0
0.938666150,0,0
0.938671350,1,0
0.938676350,0,0
0.938681550,1,0
0.938686600,0,0
0.938691800,1,0
0.938696800,0,0
0.938702000,1,0
0.938707050,0,0
0.938707600,0,1
0.938712250,1,1
0.938717250,0,1
0.938722450,1,1
0.938727500,0,1
0.938727750,0,0
0.938732650,1,0
0.938737700,0,0
0.938742900,1,0
0.938747950,0,0
0.938753100,1,0
0.938758150,0,0
0.938763350,1,0
0.938768350,0,0
0.938768900,0,1
0.940843600,1,1
0.940848600,0,1
0.940849600,0,0
0.940853800,1,0
0.940860000,1,1
0.940873800,1,0
0.940879800,0,0
0.940881000,0,1
0.940884950,1,1
0.940890000,0,1
0.940891000,0,0
0.940895200,1,0
0.940900250,0,0
0.940901450,0,1
0.940905450,1,1
0.940910450,0,1
0.940911450,0,0
0.940915650,1,0
0.940920700,0,0
0.940921900,0,1
0.940925900,1,1
0.940930900,0,1
0.940931900,0,0
0.940936100,1,0
0.940941150,0,0
0.940946300,1,0
0.940951350,0,0
0.940956550,1,0
0.940961600,0,0
0.940966750,1,0
0.940971800,0,0
0.940977000,1,0
0.940982000,0,0
0.940983250,0,1
0.940987200,1,1
0.940992250,0,1
0.940993250,0,0
0.940997450,1,0
0.941002450,0,0
0.941007650,1,0
0.941012700,0,0
0.941017900,1,0
0.941022900,0,0
0.941028100,1,0
0.941033150,0,0
0.941038300,1,0
0.941043350,0,0
0.941048550,1,0
0.941053600,0,0
0.941058750,1,0
0.941063800,0,0
0.941064450,0,1
0.941069000,1,1
0.941076000,1,0
0.941082000,0,0
0.941083250,0,1
0.941087200,1,1
0.941092250,0,1
0.941093250,0,0
0.941097450,1,0
0.941102450,0,0
0.941103700,0,1
0.941107650,1,1
0.941112700,0,1
0.941113700,0,0
0.941117900,1,0
0.941122900,0,0
0.941124100,0,1
0.941128100,1,1
0.941133150,0,1
0.941134150,0,0
0.941138300,1,0
0.941143350,0,0
0.941148550,1,0
0.941153600,0,0
0.941154800,0,1
0.941158750,1,1
0.941163800,0,1
0.941164250,0,0
0.941169000,1,0
0.941174000,0,0
0.941179200,1,0
0.941184250,0,0
0.941189450,1,0
0.941194450,0,0
0.941199650,1,0
0.941204700,0,0
0.941209900,1,0
0.941214900,0,0
0.941215550,0,1
0.941220100,1,1
0.941225150,0,1
0.941230300,1,1
0.941235350,0,1
0.941240550,1,1
0.941245600,0,1
0.941250750,1,1
0.941255800,0,1
0.941261000,1,1
0.941266000,0,1
0.941267000,0,0
0.941271200,1,0
0.941277450,1,1
0.941334250,1,0
0.941340250,0,0
0.941341450,0,1
0.941345400,1,1
0.941350450,0,1
0.941351450,0,0
0.941355650,1,0
0.941360700,0,0
0.941361900,0,1
0.941365850,1,1
0.941370900,0,1
0.941371900,0,0
0.941376100,1,0
0.941381150,0,0
0.941382350,0,1
0.941386300,1,1
0.941391350,0,1
0.941392350,0,0
0.941396550,1,0
0.941401600,0,0
0.941406750,1,0
0.941411800,0,0
0.941417000,1,0
0.941422000,0,0
0.941427200,1,0
0.941432250,0,0
0.941437450,1,0
0.941442450,0,0
0.941443700,0,1
0.941447650,1,1
0.941452700,0,1
0.941453700,0,0
0.941457900,1,0
0.941462900,0,0
0.941464100,0,1
0.941468100,1,1
0.941473150,0,1
0.941474150,0,0
0.941478300,1,0
0.941483350,0,0
0.941488550,1,0
0.941493550,0,0
0.941498750,1,0
0.941503800,0,0
0.941509000,1,0
0.941514000,0,0
0.941519200,1,0
0.941524250,0,0
0.941524900,0,1
0.941529450,1,1
0.941536450,1,0
0.941542450,0,0
0.941543650,0,1
0.941547650,1,1
0.941552700,0,1
0.941553700,0,0
0.941557850,1,0
0.941562900,0,0
0.941564100,0,1
0.941568100,1,1
0.941573150,0,1
0.941574150,0,0
0.941578300,1,0
0.941583350,0,0
0.941584550,0,1
0.941588550,1,1
0.941593550,0,1
0.941594550,0,0
0.941598750,1,0
0.941603800,0,0
0.941609000,1,0
0.941614000,0,0
0.941615250,0,1
0.941619200,1,1
0.941624250,0,1
0.941624700,0,0
0.941629450,1,0
0.941634450,0,0
0.941639650,1,0
0.941644700,0,0
0.941649850,1,0
0.941654900,0,0
0.941660100,1,0
0.941665150,0,0
0.941670300,1,0
0.941675350,0,0
0.941680550,1,0
0.941685550,0,0
0.941690750,1,0
0.941695800,0,0
0.941701000,1,0
0.941706000,0,0
0.941711200,1,0
0.941716250,0,0
0.941721450,1,0
0.941726450,0,0
0.941729700,0,1
0.941731650,1,1
0.941736700,0,1
0.941737150,0,0
0.941741850,1,0
0.941746900,0,0
0.941752100,1,0
0.941757150,0,0
0.941762300,1,0
0.941767350,0,0
0.941772550,1,0
0.941777550,0,0
0.941782750,1,0
0.941787800,0,0
0.941793000,1,0
0.941798000,0,0
0.941803200,1,0
0.941808250,0,0
0.941813450,1,0
0.941818450,0,0
0.941823650,1,0
0.941828700,0,0
0.941833850,1,0
0.941838900,0,0
0.941844100,1,0
0.941849150,0,0
0.941854300,1,0
0.941859350,0,0
0.941864550,1,0
0.941869550,0,0
0.941874750,1,0
0.941879800,0,0
0.941885000,1,0
0.941890000,0,0
0.941895200,1,0
0.941900250,0,0
0.941905450,1,0
0.941910450,0,0
0.941913700,0,1
0.941915650,1,1
0.941920700,0,1
0.941921100,0,0
0.941925850,1,0
0.941930900,0,0
0.941936100,1,0
0.941941150,0,0
0.941946300,1,0
0.941951350,0,0
0.941956550,1,0
0.941961550,0,0
0.941966750,1,0
0.941971800,0,0
0.941977000,1,0
0.941982000,0,0
0.941987200,1,0
0.941992250,0,0
0.941997450,1,0
0.942002450,0,0
0.942007650,1,0
0.942012700,0,0
0.942017850,1,0
0.942022900,0,0
0.942028100,1,0
0.942033150,0,0
0.942038300,1,0
0.942043350,0,0
0.942048550,1,0
0.942053550,0,0
0.942058750,1,0
0.942063800,0,0
0.942069000,1,0
0.942074000,0,0
0.942079200,1,0
0.942084250,0,0
0.942089450,1,0
0.942094450,0,0
0.942097700,0,1
0.942099650,1,1
0.942104700,0,1
0.942105150,0,0
0.942109850,1,0
0.942114900,0,0
0.942120100,1,0
0.942125150,0,0
0.942130300,1,0
0.942135350,0,0
0.942140550,1,0
0.942145550,0,0
0.942150750,1,0
0.942155800,0,0
0.942161000,1,0
0.942166000,0,0
0.942171200,1,0
0.942176250,0,0
0.942176900,0,1
0.942181400,1,1
0.942186450,0,1
0.942187450,0,0
0.942191650,1,0
0.942197900,1,1
0.943847700,1,0
0.943853650,0,0
0.943858800,1,0
0.943863900,0,0
0.943865100,0,1
0.943869050,1,1
0.943874100,0,1
0.943879300,1,1
0.943884350,0,1
0.943885350,0,0
0.943889500,1,0
0.943894550,0,0
0.943895750,0,1
0.943899750,1,1
0.943904800,0,1
0.943909950,1,1
0.943915000,0,1
0.943920200,1,1
0.943925200,0,1
0.943926200,0,0
0.943930400,1,0
0.943935450,0,0
0.943940650,1,0
0.943945650,0,0
0.943946050,0,1
0.944898650,0,0
0.944902900,1,0
0.944907900,0,0
0.944909100,0,1
0.944913100,1,1
0.944918100,0,1
0.944919100,0,0
0.944923300,1,0
0.944928350,0,0
0.944929550,0,1
0.944933500,1,1
0.944938550,0,1
0.944939550,0,0
0.944943750,1,0
0.944948750,0,0
0.944953950,1,0
0.944959000,0,0
0.944964200,1,0
0.944969200,0,0
0.944970450,0,1
0.944974400,1,1
0.944979450,0,1
0.944979650,0,0
0.944984650,1,0
0.944989650,0,0
0.944990050,0,1
0.944994850,1,1
0.944999900,0,1
0.945000900,0,0
0.945005050,1,0
0.945010100,0,0
0.945015300,1,0
0.945020350,0,0
0.945025500,1,0
0.945030550,0,0
0.945035750,1,0
0.945040750,0,0
0.945045950,1,0
0.945051000,0,0
0.945052250,0,1
0.945056200,1,1
0.945061200,0,1
0.945066400,1,1
0.945071450,0,1
0.945071750,0,0
0.945076650,1,0
0.945081650,0,0
0.945082100,0,1
0.945086850,1,1
0.945091900,0,1
0.945097050,1,1
0.945102100,0,1
0.945107300,1,1
0.945112300,0,1
0.945117500,1,1
0.945122550,0,1
0.945123550,0,0
0.945127750,1,0
0.945132750,0,0
0.945137950,1,0
0.945143000,0,0
0.945144200,0,1
0.945148200,1,1
0.945153200,0,1
0.945158400,1,1
0.945163450,0,1
0.945163650,0,0
0.945168650,1,0
0.945173650,0,0
0.945178850,1,0
0.945183900,0,0
0.945189050,1,0
0.945194100,0,0
0.945199300,1,0
0.945204300,0,0
0.945209500,1,0
0.945214550,0,0
0.945219750,1,0
0.945224750,0,0
0.945229950,1,0
0.945235000,0,0
0.945240200,1,0
0.945245200,0,0
0.945250400,1,0
0.945255450,0,0
0.945260650,1,0
0.945265650,0,0
0.945270850,1,0
0.945275900,0,0
0.945277100,0,1
0.945281050,1,1
0.945286100,0,1
0.945287100,0,0
0.945291300,1,0
0.945296300,0,0
0.945301500,1,0
0.945306550,0,0
0.945307800,0,1
0.945311750,1,1
0.945316750,0,1
0.945321950,1,1
0.945327000,0,1
0.945332200,1,1
0.945337200,0,1
0.945338200,0,0
0.945342400,1,0
0.945347450,0,0
0.945352600,1,0
0.945357650,0,0
0.945362850,1,0
0.945367900,0,0
0.945373050,1,0
0.945378100,0,0
0.945383300,1,0
0.945388300,0,0
0.945393500,1,0
0.945398550,0,0
0.945403750,1,0
0.945408750,0,0
0.945413950,1,0
0.945419000,0,0
0.945424200,1,0
0.945429200,0,0
0.945430450,0,1
0.945434400,1,1
0.945439450,0,1
0.945439650,0,0
0.945444600,1,0
0.945449650,0,0
0.945450050,0,1
0.947643650,0,0
0.947647850,1,0
0.947654050,1,1
0.948567850,1,0
0.948573850,0,0
0.948579000,1,0
0.948584100,0,0
0.948585300,0,1
0.948589250,1,1
0.948594300,0,1
0.948599500,1,1
0.948604500,0,1
0.948605500,0,0
0.948609700,1,0
0.948614750,0,0
0.948615950,0,1
0.948619950,1,1
0.948624950,0,1
0.948630150,1,1
0.948635200,0,1
0.948640350,1,1
0.948645400,0,1
0.948650600,1,1
0.948655650,0,1
0.948655950,0,0
0.948660800,1,0
0.948665850,0,0
0.949606100,1,0
0.949611050,0,0
0.949616300,1,0
0.949621300,0,0
0.949626500,1,0
0.949631500,0,0
0.949636700,1,0
0.949641750,0,0
0.949646950,1,0
0.949651950,0,0
0.949657150,1,0
0.949662200,0,0
0.949667350,1,0
0.949672400,0,0
0.949677600,1,0
0.949682600,0,0
0.949687800,1,0
0.949692850,0,0
0.949696100,0,1
0.949698050,1,1
0.949703050,0,1
0.949703300,0,0
0.949708250,1,0
0.949713300,0,0
0.949718500,1,0
0.949723500,0,0
0.949724050,0,1
0.949728700,1,1
0.949733750,0,1
0.949738900,1,1
0.949743950,0,1
0.949749150,1,1
0.949754200,0,1
0.949754400,0,0
0.949759350,1,0
0.949764400,0,0
0.949764800,0,1
0.949769600,1,1
0.949774600,0,1
0.949775600,0,0
0.949779800,1,0
0.949784850,0,0
0.949788050,0,1
0.949790050,1,1
0.949795050,0,1
0.949800250,1,1
0.949805300,0,1
0.949810500,1,1
0.949815500,0,1
0.949815750,0,0
0.949820700,1,0
0.949825750,0,0
0.949830900,1,0
0.949835950,0,0
0.949841150,1,0
0.949846200,0,0
0.949846700,0,1
0.949851350,1,1
0.949856400,0,1
0.949861600,1,1
0.949866600,0,1
0.949867600,0,0
0.949871800,1,0
0.949876850,0,0
0.949882050,1,0
0.949887050,0,0
0.949892250,1,0
0.949897300,0,0
0.949902500,1,0
0.949907500,0,0
0.949912700,1,0
0.949917750,0,0
0.949922900,1,0
0.949927950,0,0
0.949933150,1,0
0.949938200,0,0
0.949943350,1,0
0.949948400,0,0
0.949953600,1,0
0.949958600,0,0
0.949963800,1,0
0.949968850,0,0
0.949974050,1,0
0.949979050,0,0
0.949979550,0,1
0.949984250,1,1
0.949989300,0,1
0.949989500,0,0
0.949994500,1,0
0.949999500,0,0
0.950004700,1,0
0.950009750,0,0
0.950010250,0,1
0.950014900,1,1
0.950019950,0,1
0.950025150,1,1
0.950030200,0,1
0.950035350,1,1
0.950040400,0,1
0.950040650,0,0
0.950045600,1,0
0.950050600,0,0
0.950055800,1,0
0.950060850,0,0
0.950066050,1,0
0.950071050,0,0
0.950076250,1,0
0.950081300,0,0
0.950081800,0,1
0.950086500,1,1
0.950091500,0,1
0.950091750,0,0
0.950096700,1,0
0.950101750,0,0
0.950106900,1,0
0.950111950,0,0
0.950117150,1,0
0.950122200,0,0
0.950127350,1,0
0.950132400,0,0
0.950137600,1,0
0.950142600,0,0
0.950147800,1,0
0.950152850,0,0
0.950158050,1,0
0.950163050,0,0
0.950168250,1,0
0.950173300,0,0
0.950173850,0,1
0.950178450,1,1
0.950183500,0,1
0.950188700,1,1
0.950193750,0,1
0.950194000,0,0
0.950198900,1,0
0.950203950,0,0
0.950209150,1,0
0.950214150,0,0
0.950219350,1,0
0.950224400,0,0
0.950224800,0,1
0.950229600,1,1
0.950234600,0,1
0.950235600,0,0
0.950239800,1,0
0.950244850,0,0
0.950250050,1,0
0.950255050,0,0
0.950260250,1,0
0.950265300,0,0
0.950265750,0,1
0.950270450,1,1
0.950275500,0,1
0.950280700,1,1
0.950285750,0,1
0.950286050,0,0
0.950290900,1,0
0.950295950,0,0
0.950301150,1,0
0.950306150,0,0
0.950306650,0,1
0.950311350,1,1
0.950316400,0,1
0.950316650,0,0
0.950321600,1,0
0.950326600,0,0
0.950331800,1,0
0.950336850,0,0
0.950342050,1,0
0.950347050,0,0
0.950352250,1,0
0.950357300,0,0
0.950357800,0,1
0.950362450,1,1
0.950367500,0,1
0.950367750,0,0
0.950372700,1,0
0.950377750,0,0
0.950382900,1,0
0.950387950,0,0
0.950393150,1,0
0.950398150,0,0
0.950403350,1,0
0.950408400,0,0
0.950413600,1,0
0.950418600,0,0
0.950423800,1,0
0.950428850,0,0
0.950434050,1,0
0.950439050,0,0
0.950444250,1,0
0.950449300,0,0
0.950449700,0,1
0.950454450,1,1
0.950459500,0,1
0.950464700,1,1
0.950469750,0,1
0.950470000,0,0
0.950474900,1,0
0.950479950,0,0
0.950485150,1,0
0.950490150,0,0
0.950495350,1,0
0.950500400,0,0
0.950500850,0,1
0.950505600,1,1
0.950510600,0,1
0.950511600,0,0
0.950515800,1,0
0.950520850,0,0
0.950526050,1,0
0.950531050,0,0
0.950536250,1,0
0.950541300,0,0
0.950541750,0,1
0.950546450,1,1
0.950551500,0,1
0.950556700,1,1
0.950561750,0,1
0.950561950,0,0
0.950566900,1,0
0.950571950,0,0
0.950572450,0,1
0.950577150,1,1
0.950582150,0,1
0.950582450,0,0
0.950587350,1,0
0.950592400,0,0
0.950597600,1,0
0.950602600,0,0
0.950607800,1,0
0.950612850,0,0
0.950618050,1,0
0.950623050,0,0
0.950628250,1,0
0.950633300,0,0
0.950633800,0,1
0.950638450,1,1
0.950643500,0,1
0.950643800,0,0
0.950648700,1,0
0.950653750,0,0
0.950654200,0,1
0.950658900,1,1
0.950663950,0,1
0.950664200,0,0
0.950669150,1,0
0.950674150,0,0
0.950679350,1,0
0.950684400,0,0
0.950689600,1,0
0.950694600,0,0
0.950699800,1,0
0.950704850,0,0
0.950710050,1,0
0.950715050,0,0
0.950720250,1,0
0.950725300,0,0
0.950725750,0,1
0.950730450,1,1
0.950735500,0,1
0.950740700,1,1
0.950745750,0,1
0.950746050,0,0
0.950750900,1,0
0.950755950,0,0
0.950761150,1,0
0.950766150,0,0
0.950771350,1,0
0.950776400,0,0
0.950781600,1,0
0.950786600,0,0
0.950791800,1,0
0.950796850,0,0
0.950802050,1,0
0.950807050,0,0
0.950812250,1,0
0.950817300,0,0
0.950817800,0,1
0.950822450,1,1
0.950827500,0,1
0.950832700,1,1
0.950837750,0,1
0.950837950,0,0
0.950842900,1,0
0.950847950,0,0
0.950848350,0,1
0.950853150,1,1
0.950858150,0,1
0.950858500,0,0
0.950863350,1,0
0.950868400,0,0
0.950868850,0,1
0.950873600,1,1
0.950878600,0,1
0.950879600,0,0
0.950883800,1,0
0.950888850,0,0
0.950894050,1,0
0.950899050,0,0
0.950904250,1,0
0.950909300,0,0
0.950909700,0,1
0.950914450,1,1
0.950919500,0,1
0.950919800,0,0
0.950924700,1,0
0.950929700,0,0
0.950934900,1,0
0.950939950,0,0
0.950945150,1,0
0.950950150,0,0
0.950955350,1,0
0.950960400,0,0
0.950965600,1,0
0.950970600,0,0
0.950975800,1,0
0.950980850,0,0
0.950986000,1,0
0.950991050,0,0
0.950996250,1,0
0.951001300,0,0
0.951001750,0,1
0.951006450,1,1
0.951011500,0,1
0.951016700,1,1
0.951021700,0,1
0.951021900,0,0
0.951026900,1,0
0.951031950,0,0
0.951037150,1,0
0.951042150,0,0
0.951047350,1,0
0.951052400,0,0
0.951057600,1,0
0.951062600,0,0
0.951063050,0,1
0.952483600,0,0
0.952487850,1,0
0.952492800,0,0
0.952498050,1,0
0.952503050,0,0
0.952508250,1,0
0.952513250,0,0
0.952513700,0,1
0.952518450,1,1
0.952523500,0,1
0.952528700,1,1
0.952533700,0,1
0.952534000,0,0
0.952538900,1,0
0.952543950,0,0
0.952544400,0,1
0.952549100,1,1
0.952554150,0,1
0.952559350,1,1
0.952564400,0,1
0.952564600,0,0
0.952569550,1,0
0.952574600,0,0
0.952579800,1,0
0.952584800,0,0
0.952590000,1,0
0.952595050,0,0
0.952600250,1,0
0.952605250,0,0
0.952605750,0,1
0.952610450,1,1
0.952615500,0,1
0.952615750,0,0
0.952620700,1,0
0.952625700,0,0
0.952630900,1,0
0.952635950,0,0
0.952641100,1,0
0.952646150,0,0
0.952651350,1,0
0.952656400,0,0
0.952661550,1,0
0.952666600,0,0
0.952671800,1,0
0.952676800,0,0
0.952682000,1,0
0.952687050,0,0
0.952692250,1,0
0.952697250,0,0
0.952697800,0,1
0.952702450,1,1
0.952707500,0,1
0.952712700,1,1
0.952717700,0,1
0.952718000,0,0
0.952722900,1,0
0.952727950,0,0
0.952733100,1,0
0.952738150,0,0
0.952743350,1,0
0.952748400,0,0
0.952753550,1,0
0.952758600,0,0
0.952763800,1,0
0.952768800,0,0
0.952774000,1,0
0.952779050,0,0
0.952784250,1,0
0.952789250,0,0
0.952789750,0,1
0.952794450,1,1
0.952799500,0,1
0.952804700,1,1
0.952809700,0,1
0.952814900,1,1
0.952819950,0,1
0.952820250,0,0
0.952825100,1,0
0.952830150,0,0
0.952835350,1,0
0.952840400,0,0
0.952845550,1,0
0.952850600,0,0
0.952855800,1,0
0.952860800,0,0
0.952866000,1,0
0.952871050,0,0
0.952876250,1,0
0.952881250,0,0
0.952881800,0,1
0.952886450,1,1
0.952891500,0,1
0.952891750,0,0
0.952896700,1,0
0.952901700,0,0
0.952906900,1,0
0.952911950,0,0
0.952917100,1,0
0.952922150,0,0
0.952927350,1,0
0.952932400,0,0
0.952937550,1,0
0.952942600,0,0
0.952947800,1,0
0.952952800,0,0
0.952958000,1,0
0.952963050,0,0
0.952968250,1,0
0.952973250,0,0
0.952973700,0,1
0.952978450,1,1
0.952983500,0,1
0.952988650,1,1
0.952993700,0,1
0.952994000,0,0
0.952998900,1,0
0.953003950,0,0
0.953009100,1,0
0.953014150,0,0
0.953019350,1,0
0.953024400,0,0
0.953029550,1,0
0.953034600,0,0
0.953039800,1,0
0.953044800,0,0
0.953050000,1,0
0.953055050,0,0
0.953055550,0,1
0.953060250,1,1
0.953065250,0,1
0.953065500,0,0
0.953070450,1,0
0.953075500,0,0
0.953080700,1,0
0.953085700,0,0
0.953090900,1,0
0.953095950,0,0
0.953101100,1,0
0.953106150,0,0
0.953106650,0,1
0.953111350,1,1
0.953116350,0,1
0.953116650,0,0
0.953121550,1,0
0.953126600,0,0
0.953131800,1,0
0.953136800,0,0
0.953142000,1,0
0.953147050,0,0
0.953152250,1,0
0.953157250,0,0
0.953157800,0,1
0.953162450,1,1
0.953167500,0,1
0.953167750,0,0
0.953172650,1,0
0.953177700,0,0
0.953178150,0,1
0.953182900,1,1
0.953187950,0,1
0.953188150,0,0
0.953193100,1,0
0.953198150,0,0
0.953203350,1,0
0.953208350,0,0
0.953208900,0,1
0.953213550,1,1
0.953218600,0,1
0.953219600,0,0
0.953223800,1,0
0.953228800,0,0
0.953234000,1,0
0.953239050,0,0
0.953244250,1,0
0.953249250,0,0
0.953249700,0,1
0.953254450,1,1
0.953259500,0,1
0.953259700,0,0
0.953264650,1,0
0.953269700,0,0
0.953274900,1,0
0.953279950,0,0
0.953285100,1,0
0.953290150,0,0
0.953295350,1,0
0.953300350,0,0
0.953305550,1,0
0.953310600,0,0
0.953315800,1,0
0.953320800,0,0
0.953326000,1,0
0.953331050,0,0
0.953336250,1,0
0.953341250,0,0
0.953341750,0,1
0.953346450,1,1
0.953351500,0,1
0.953356650,1,1
0.953361700,0,1
0.953361950,0,0
0.953366900,1,0
0.953371950,0,0
0.953377100,1,0
0.953382150,0,0
0.953387350,1,0
0.953392350,0,0
0.953392900,0,1
0.953397550,1,1
0.953402600,0,1
0.953403600,0,0
0.953407800,1,0
0.953412800,0,0
0.953418000,1,0
0.953423050,0,0
0.953428250,1,0
0.953433250,0,0
0.953433650,0,1
0.953438450,1,1
0.953443500,0,1
0.953448650,1,1
0.953453700,0,1
0.953454000,0,0
0.953458900,1,0
0.953463950,0,0
0.953464350,0,1
0.953469100,1,1
0.953474150,0,1
0.953479350,1,1
0.953484350,0,1
0.953484600,0,0
0.953489550,1,0
0.953494600,0,0
0.953499800,1,0
0.953504800,0,0
0.953510000,1,0
0.953515050,0,0
0.953520250,1,0
0.953525250,0,0
0.953525750,0,1
0.953530450,1,1
0.953535500,0,1
0.953535700,0,0
0.953540650,1,0
0.953545700,0,0
0.953550900,1,0
0.953555950,0,0
0.953561100,1,0
0.953566150,0,0
0.953571350,1,0
0.953576350,0,0
0.953581550,1,0
0.953586600,0,0
0.953591800,1,0
0.953596800,0,0
0.953602000,1,0
0.953607050,0,0
0.953612250,1,0
0.953617250,0,0
0.953617800,0,1
0.953622450,1,1
0.953627500,0,1
0.953632650,1,1
0.953637700,0,1
0.953637950,0,0
0.953642900,1,0
0.953647950,0,0
0.953653100,1,0
0.953658150,0,0
0.953663350,1,0
0.953668350,0,0
0.953668900,0,1
0.953673550,1,1
0.953678600,0,1
0.953679600,0,0
0.953683800,1,0
0.953688800,0,0
0.953694000,1,0
0.953699050,0,0
0.953704250,1,0
0.953709250,0,0
0.953709700,0,1
0.953714450,1,1
0.953719500,0,1
0.953724650,1,1
0.953729700,0,1
0.953734900,1,1
0.953739950,0,1
0.953740200,0,0
0.953745100,1,0
0.953750150,0,0
0.953755350,1,0
0.953760350,0,0
0.953765550,1,0
0.953770600,0,0
0.953775800,1,0
0.953780800,0,0
0.953786000,1,0
0.953791050,0,0
0.953796250,1,0
0.953801250,0,0
0.953801750,0,1
0.953806450,1,1
0.953811500,0,1
0.953811700,0,0
0.953816650,1,0
0.953821700,0,0
0.953826900,1,0
0.953831900,0,0
0.953837100,1,0
0.953842150,0,0
0.953847350,1,0
0.953852350,0,0
0.953857550,1,0
0.953862600,0,0
0.953867800,1,0
0.953872800,0,0
0.953878000,1,0
0.953883050,0,0
0.953883450,0,1
0.953888200,1,1
0.953893250,0,1
0.953898450,1,1
0.953903500,0,1
0.953908650,1,1
0.953913700,0,1
0.953918900,1,1
0.953923900,0,1
0.953929100,1,1
0.953934150,0,1
0.953939350,1,1
0.953944350,0,1
0.953944550,0,0
0.953949550,1,0
0.953954600,0,0
0.953955100,0,1
0.955363600,0,0
0.955367800,1,0
0.955372800,0,0
0.955378000,1,0
0.955383000,0,0
0.955383550,0,1
0.955388200,1,1
0.955393250,0,1
0.955398450,1,1
0.955403450,0,1
0.955403700,0,0
0.955408650,1,0
0.955413700,0,0
0.955414100,0,1
0.955418900,1,1
0.955423900,0,1
0.955429100,1,1
0.955434150,0,1
0.955439300,1,1
0.955444350,0,1
0.955444650,0,0
0.955449550,1,0
0.955454600,0,0
0.955459750,1,0
0.955464800,0,0
0.955468050,0,1
0.955470000,1,1
0.955475000,0,1
0.955475250,0,0
0.955480200,1,0
0.955485250,0,0
0.955490450,1,0
0.955495450,0,0
0.955496000,0,1
0.955500650,1,1
0.955505700,0,1
0.955510900,1,1
0.955515900,0,1
0.955521100,1,1
0.955526150,0,1
0.955526350,0,0
0.955531300,1,0
0.955536350,0,0
0.955536750,0,1
0.955541550,1,1
0.955546600,0,1
0.955547600,0,0
0.955551750,1,0
0.955556800,0,0
0.955560000,0,1
0.955562000,1,1
0.955567000,0,1
0.955572200,1,1
0.955577250,0,1
0.955582450,1,1
0.955587450,0,1
0.955587700,0,0
0.955592650,1,0
0.955597700,0,0
0.955602900,1,0
0.955607900,0,0
0.955613100,1,0
0.955618150,0,0
0.955618650,0,1
0.955623300,1,1
0.955628350,0,1
0.955633550,1,1
0.955638600,0,1
0.955639600,0,0
0.955643750,1,0
0.955648800,0,0
0.955654000,1,0
0.955659000,0,0
0.955664200,1,0
0.955669250,0,0
0.955674450,1,0
0.955679450,0,0
0.955684650,1,0
0.955689700,0,0
0.955694900,1,0
0.955699900,0,0
0.955705100,1,0
0.955710150,0,0
0.955715300,1,0
0.955720350,0,0
0.955725550,1,0
0.955730600,0,0
0.955735750,1,0
0.955740800,0,0
0.955746000,1,0
0.955751000,0,0
0.955751500,0,1
0.955756200,1,1
0.955761250,0,1
0.955761450,0,0
0.955766450,1,0
0.955771450,0,0
0.955776650,1,0
0.955781700,0,0
0.955782200,0,1
0.955786900,1,1
0.955791900,0,1
0.955797100,1,1
0.955802150,0,1
0.955807300,1,1
0.955812350,0,1
0.955812600,0,0
0.955817550,1,0
0.955822600,0,0
0.955827750,1,0
0.955832800,0,0
0.955838000,1,0
0.955843000,0,0
0.955848200,1,0
0.955853250,0,0
0.955853750,0,1
0.955858450,1,1
0.955863450,0,1
0.955863700,0,0
0.955868650,1,0
0.955873700,0,0
0.955878900,1,0
0.955883900,0,0
0.955889100,1,0
0.955894150,0,0
0.955899300,1,0
0.955904350,0,0
0.955909550,1,0
0.955914600,0,0
0.955919750,1,0
0.955924800,0,0
0.955930000,1,0
0.955935000,0,0
0.955940200,1,0
0.955945250,0,0
0.955945800,0,1
0.955950450,1,1
0.955955450,0,1
0.955960650,1,1
0.955965700,0,1
0.955965950,0,0
0.955970900,1,0
0.955975900,0,0
0.955981100,1,0
0.955986150,0,0
0.955991300,1,0
0.955996350,0,0
0.955996750,0,1
0.956001550,1,1
0.956006550,0,1
0.956007550,0,0
0.956011750,1,0
0.956016800,0,0
0.956022000,1,0
0.956027000,0,0
0.956032200,1,0
0.956037250,0,0
0.956037700,0,1
0.956042450,1,1
0.956047450,0,1
0.956052650,1,1
0.956057700,0,1
0.956058000,0,0
0.956062900,1,0
0.956067900,0,0
0.956073100,1,0
0.956078150,0,0
0.956078600,0,1
0.956083300,1,1
0.956088350,0,1
0.956088600,0,0
0.956093550,1,0
0.956098550,0,0
0.956099000,0,1
0.958150800,1,1
0.958155800,0,1
0.958156800,0,0
0.958161000,1,0
0.958167200,1,1
0.959150000,1,0
0.959156000,0,0
0.959161150,1,0
0.959166200,0,0
0.959167450,0,1
0.959171400,1,1
0.959176450,0,1
0.959181600,1,1
0.959186650,0,1
0.959187650,0,0
0.959191850,1,0
0.959196900,0,0
0.959198100,0,1
0.959202050,1,1
0.959207100,0,1
0.959212300,1,1
0.959217350,0,1
0.959222500,1,1
0.959227550,0,1
0.959228550,0,0
0.959232750,1,0
0.959237750,0,0
0.959242950,1,0
0.959248000,0,0
0.959248500,0,1
0.960197000,0,0
0.960201200,1,0
0.960206200,0,0
0.960207400,0,1
0.960211400,1,1
0.960216450,0,1
0.960217450,0,0
0.960221650,1,0
0.960226650,0,0
0.960227850,0,1
0.960231850,1,1
0.960236900,0,1
0.960237900,0,0
0.960242050,1,0
0.960247100,0,0
0.960252300,1,0
0.960257300,0,0
0.960262500,1,0
0.960267550,0,0
0.960268800,0,1
0.960272750,1,1
0.960277750,0,1
0.960278050,0,0
0.960282950,1,0
0.960288000,0,0
0.960288450,0,1
0.960293150,1,1
0.960298200,0,1
0.960299200,0,0
0.960303400,1,0
0.960308450,0,0
0.960313600,1,0
0.960318650,0,0
0.960323850,1,0
0.960328900,0,0
0.960334050,1,0
0.960339100,0,0
0.960344300,1,0
0.960349300,0,0
0.960350550,0,1
0.960354500,1,1
0.960359550,0,1
0.960364750,1,1
0.960369750,0,1
0.960369950,0,0
0.960374950,1,0
0.960380000,0,0
0.960380500,0,1
0.960385150,1,1
0.960390200,0,1
0.960395400,1,1
0.960400450,0,1
0.960405600,1,1
0.960410650,0,1
0.960415850,1,1
0.960420850,0,1
0.960421850,0,0
0.960426050,1,0
0.960431100,0,0
0.960436300,1,0
0.960441300,0,0
0.960442550,0,1
0.960446500,1,1
0.960451550,0,1
0.960456750,1,1
0.960461750,0,1
0.960462000,0,0
0.960466950,1,0
0.960472000,0,0
0.960477200,1,0
0.960482200,0,0
0.960487400,1,0
0.960492450,0,0
0.960497600,1,0
0.960502650,0,0
0.960507850,1,0
0.960512850,0,0
0.960518050,1,0
0.960523100,0,0
0.960528300,1,0
0.960533300,0,0
0.960538500,1,0
0.960543550,0,0
0.960548750,1,0
0.960553750,0,0
0.960558950,1,0
0.960564000,0,0
0.960569150,1,0
0.960574200,0,0
0.960575450,0,1
0.960579400,1,1
0.960584450,0,1
0.960585450,0,0
0.960589600,1,0
0.960594650,0,0
0.960599850,1,0
0.960604850,0,0
0.960606100,0,1
0.960610050,1,1
0.960615100,0,1
0.960620300,1,1
0.960625300,0,1
0.960630500,1,1
0.960635550,0,1
0.960636550,0,0
0.960640750,1,0
0.960645750,0,0
0.960650950,1,0
0.960656000,0,0
0.960661150,1,0
0.960666200,0,0
0.960671400,1,0
0.960676450,0,0
0.960681600,1,0
0.960686650,0,0
0.960691850,1,0
0.960696850,0,0
0.960702050,1,0
0.960707100,0,0
0.960712300,1,0
0.960717300,0,0
0.960722500,1,0
0.960727550,0,0
0.960728800,0,1
0.960732750,1,1
0.960737750,0,1
0.960738050,0,0
0.960742950,1,0
0.960748000,0,0
0.960748450,0,1
0.962991950,0,0
0.962996200,1,0
0.963002400,1,1
0.966066150,1,0
0.966072150,0,0
0.966077300,1,0
0.966082400,0,0
0.966083600,0,1
0.966087550,1,1
0.966092600,0,1
0.966097800,1,1
0.966102850,0,1
0.966103850,0,0
0.966108000,1,0
0.966113050,0,0
0.966114250,0,1
0.966118250,1,1
0.966123300,0,1
0.966128450,1,1
0.966133500,0,1
0.966138700,1,1
0.966143700,0,1
0.966148900,1,1
0.966153950,0,1
0.966154200,0,0
0.966159150,1,0
0.966164150,0,0
0.967076400,1,0
0.967081400,0,0
0.967081800,0,1
0.967086600,1,1
0.967091600,0,1
0.967096800,1,1
0.967101800,0,1
0.967102100,0,0
0.967107000,1,0
0.967112050,0,0
0.967112500,0,1
0.967117250,1,1
0.967122250,0,1
0.967127450,1,1
0.967132500,0,1
0.967137700,1,1
0.967142700,0,1
0.967142900,0,0
0.967147900,1,0
0.967152950,0,0
0.967158100,1,0
0.967163150,0,0
0.967166400,0,1
0.967168350,1,1
0.967173400,0,1
0.967173650,0,0
0.967178550,1,0
0.967183600,0,0
0.967188800,1,0
0.967193800,0,0
0.967194250,0,1
0.967199000,1,1
0.967204050,0,1
0.967209250,1,1
0.967214250,0,1
0.967219450,1,1
0.967224500,0,1
0.967224750,0,0
0.967229700,1,0
0.967234700,0,0
0.967235150,0,1
0.967239900,1,1
0.967244950,0,1
0.967245950,0,0
0.967250100,1,0
0.967255150,0,0
0.967258350,0,1
0.967260350,1,1
0.967265400,0,1
0.967270550,1,1
0.967275600,0,1
0.967280800,1,1
0.967285800,0,1
0.967286100,0,0
0.967291000,1,0
0.967296050,0,0
0.967301250,1,0
0.967306250,0,0
0.967311450,1,0
0.967316500,0,0
0.967317050,0,1
0.967321700,1,1
0.967326700,0,1
0.967331900,1,1
0.967336950,0,1
0.967337950,0,0
0.967342100,1,0
0.967347150,0,0
0.967352350,1,0
0.967357400,0,0
0.967362550,1,0
0.967367600,0,0
0.967372800,1,0
0.967377800,0,0
0.967383000,1,0
0.967388050,0,0
0.967393250,1,0
0.967398250,0,0
0.967403450,1,0
0.967408500,0,0
0.967413700,1,0
0.967418700,0,0
0.967423900,1,0
0.967428950,0,0
0.967434100,1,0
0.967439150,0,0
0.967444350,1,0
0.967449400,0,0
0.967449900,0,1
0.967454550,1,1
0.967459600,0,1
0.967459850,0,0
0.967464800,1,0
0.967469800,0,0
0.967475000,1,0
0.967480050,0,0
0.967480450,0,1
0.967485250,1,1
0.967490250,0,1
0.967495450,1,1
0.967500500,0,1
0.967505650,1,1
0.967510700,0,1
0.967511000,0,0
0.967515900,1,0
0.967520950,0,0
0.967526100,1,0
0.967531150,0,0
0.967536350,1,0
0.967541400,0,0
0.967546550,1,0
0.967551600,0,0
0.967552150,0,1
0.967556800,1,1
0.967561800,0,1
0.967562100,0,0
0.967567000,1,0
0.967572050,0,0
0.967577250,1,0
0.967582250,0,0
0.967587450,1,0
0.967592500,0,0
0.967597700,1,0
0.967602700,0,0
0.967607900,1,0
0.967612950,0,0
0.967618100,1,0
0.967623150,0,0
0.967628350,1,0
0.967633400,0,0
0.967638550,1,0
0.967643600,0,0
0.967644050,0,1
0.967648800,1,1
0.967653800,0,1
0.967659000,1,1
0.967664050,0,1
0.967664350,0,0
0.967669250,1,0
0.967674250,0,0
0.967679450,1,0
0.967684500,0,0
0.967689700,1,0
0.967694700,0,0
0.967695150,0,1
0.967699900,1,1
0.967704950,0,1
0.967705950,0,0
0.967710100,1,0
0.967715150,0,0
0.967720350,1,0
0.967725350,0,0
0.967730550,1,0
0.967735600,0,0
0.967736100,0,1
0.967740800,1,1
0.967745800,0,1
0.967751000,1,1
0.967756050,0,1
0.967756250,0,0
0.967761250,1,0
0.967766250,0,0
0.967771450,1,0
0.967776500,0,0
0.967777000,0,1
0.967781650,1,1
0.967786700,0,1
0.967787000,0,0
0.967791900,1,0
0.967796950,0,0
0.967802100,1,0
0.967807150,0,0
0.967812350,1,0
0.967817350,0,0
0.967822550,1,0
0.967827600,0,0
0.967828000,0,1
0.967832800,1,1
0.967837800,0,1
0.967838150,0,0
0.967843000,1,0
0.967848050,0,0
0.967853250,1,0
0.967858250,0,0
0.967863450,1,0
0.967868500,0,0
0.967873700,1,0
0.967878700,0,0
0.967883900,1,0
0.967888950,0,0
0.967894100,1,0
0.967899150,0,0
0.967904350,1,0
0.967909350,0,0
0.967914550,1,0
0.967919600,0,0
0.967920050,0,1
0.967924800,1,1
0.967929800,0,1
0.967935000,1,1
0.967940050,0,1
0.967940250,0,0
0.967945250,1,0
0.967950250,0,0
0.967955450,1,0
0.967960500,0,0
0.967965650,1,0
0.967970700,0,0
0.967971200,0,1
0.967975900,1,1
0.967980950,0,1
0.967981950,0,0
0.967986100,1,0
0.967991150,0,0
0.967996350,1,0
0.968001350,0,0
0.968006550,1,0
0.968011600,0,0
0.968012100,0,1
0.968016800,1,1
0.968021800,0,1
0.968027000,1,1
0.968032050,0,1
0.968032300,0,0
0.968037250,1,0
0.968042250,0,0
0.968042650,0,1
0.968047450,1,1
0.968052500,0,1
0.968052700,0,0
0.968057650,1,0
0.968062700,0,0
0.968067900,1,0
0.968072950,0,0
0.968078100,1,0
0.968083150,0,0
0.968088350,1,0
0.968093350,0,0
0.968098550,1,0
0.968103600,0,0
0.968104050,0,1
0.968108800,1,1
0.968113800,0,1
0.968114150,0,0
0.968119000,1,0
0.968124050,0,0
0.968124550,0,1
0.968129250,1,1
0.968134250,0,1
0.968134550,0,0
0.968139450,1,0
0.968144500,0,0
0.968149650,1,0
0.968154700,0,0
0.968159900,1,0
0.968164950,0,0
0.968170100,1,0
0.968175150,0,0
0.968180350,1,0
0.968185350,0,0
0.968190550,1,0
0.968195600,0,0
0.968196100,0,1
0.968200800,1,1
0.968205800,0,1
0.968211000,1,1
0.968216050,0,1
0.968216250,0,0
0.968221250,1,0
0.968226250,0,0
0.968231450,1,0
0.968236500,0,0
0.968241650,1,0
0.968246700,0,0
0.968251900,1,0
0.968256950,0,0
0.968262100,1,0
0.968267150,0,0
0.968272350,1,0
0.968277350,0,0
0.968282550,1,0
0.968287600,0,0
0.968288150,0,1
0.968292800,1,1
0.968297800,0,1
0.968303000,1,1
0.968308050,0,1
0.968308300,0,0
0.968313250,1,0
0.968318250,0,0
0.968318700,0,1
0.968323450,1,1
0.968328500,0,1
0.968328700,0,0
0.968333650,1,0
0.968338700,0,0
0.968339100,0,1
0.968343900,1,1
0.968348950,0,1
0.968349950,0,0
0.968354100,1,0
0.968359150,0,0
0.968364350,1,0
0.968369350,0,0
0.968374550,1,0
0.968379600,0,0
0.968380050,0,1
0.968384800,1,1
0.968389800,0,1
0.968390050,0,0
0.968395000,1,0
0.968400050,0,0
0.968405200,1,0
0.968410250,0,0
0.968415450,1,0
0.968420500,0,0
0.968425650,1,0
0.968430700,0,0
0.968435900,1,0
0.968440900,0,0
0.968446100,1,0
0.968451150,0,0
0.968456350,1,0
0.968461350,0,0
0.968466550,1,0
0.968471600,0,0
0.968472100,0,1
0.968476800,1,1
0.968481800,0,1
0.968487000,1,1
0.968492050,0,1
0.968492300,0,0
0.968497200,1,0
0.968502250,0,0
0.968507450,1,0
0.968512500,0,0
0.968517650,1,0
0.968522700,0,0
0.968527900,1,0
0.968532900,0,0
0.968533400,0,1
0.969984900,0,0
0.969989150,1,0
0.969994150,0,0
0.969999350,1,0
0.970004350,0,0
0.970009550,1,0
0.970014600,0,0
0.970015050,0,1
0.970019750,1,1
0.970024800,0,1
0.970030000,1,1
0.970035000,0,1
0.970035250,0,0
0.970040200,1,0
0.970045250,0,0
0.970045600,0,1
0.970050450,1,1
0.970055450,0,1
0.970060650,1,1
0.970065700,0,1
0.970066000,0,0
0.970070900,1,0
0.970075900,0,0
0.970081100,1,0
0.970086150,0,0
0.970091300,1,0
0.970096350,0,0
0.970101550,1,0
0.970106600,0,0
0.970107100,0,1
0.970111750,1,1
0.970116800,0,1
0.970117100,0,0
0.970122000,1,0
0.970127000,0,0
0.970132200,1,0
0.970137250,0,0
0.970142450,1,0
0.970147450,0,0
0.970152650,1,0
0.970157700,0,0
0.970162900,1,0
0.970167900,0,0
0.970173100,1,0
0.970178150,0,0
0.970183300,1,0
0.970188350,0,0
0.970193550,1,0
0.970198600,0,0
0.970199050,0,1
0.970203750,1,1
0.970208800,0,1
0.970214000,1,1
0.970219000,0,1
0.970219350,0,0
0.970224200,1,0
0.970229250,0,0
0.970234450,1,0
0.970239450,0,0
0.970244650,1,0
0.970249700,0,0
0.970254900,1,0
0.970259900,0,0
0.970265100,1,0
0.970270150,0,0
0.970275300,1,0
0.970280350,0,0
0.970285550,1,0
0.970290600,0,0
0.970291100,0,1
0.970295750,1,1
0.970300800,0,1
0.970306000,1,1
0.970311000,0,1
0.970316200,1,1
0.970321250,0,1
0.970321450,0,0
0.970326450,1,0
0.970331450,0,0
0.970336650,1,0
0.970341700,0,0
0.970346900,1,0
0.970351900,0,0
0.970357100,1,0
0.970362150,0,0
0.970367300,1,0
0.970372350,0,0
0.970377550,1,0
0.970382600,0,0
0.970383000,0,1
0.970387750,1,1
0.970392800,0,1
0.970393100,0,0
0.970398000,1,0
0.970403000,0,0
0.970408200,1,0
0.970413250,0,0
0.970418450,1,0
0.970423450,0,0
0.970428650,1,0
0.970433700,0,0
0.970438900,1,0
0.970443900,0,0
0.970449100,1,0
0.970454150,0,0
0.970459300,1,0
0.970464350,0,0
0.970469550,1,0
0.970474600,0,0
0.970475050,0,1
0.970479750,1,1
0.970484800,0,1
0.970490000,1,1
0.970495000,0,1
0.970495250,0,0
0.970500200,1,0
0.970505250,0,0
0.970510450,1,0
0.970515450,0,0
0.970520650,1,0
0.970525700,0,0
0.970530900,1,0
0.970535900,0,0
0.970541100,1,0
0.970546150,0,0
0.970551300,1,0
0.970556350,0,0
0.970556750,0,1
0.970561550,1,1
0.970566600,0,1
0.970566900,0,0
0.970571750,1,0
0.970576800,0,0
0.970582000,1,0
0.970587000,0,0
0.970592200,1,0
0.970597250,0,0
0.970602450,1,0
0.970607450,0,0
0.970607900,0,1
0.970612650,1,1
0.970617700,0,1
0.970618000,0,0
0.970622850,1,0
0.970627900,0,0
0.970633100,1,0
0.970638150,0,0
0.970643300,1,0
0.970648350,0,0
0.970653550,1,0
0.970658550,0,0
0.970659000,0,1
0.970663750,1,1
0.970668800,0,1
0.970669000,0,0
0.970674000,1,0
0.970679000,0,0
0.970679550,0,1
0.970684200,1,1
0.970689250,0,1
0.970689550,0,0
0.970694450,1,0
0.970699450,0,0
0.970704650,1,0
0.970709700,0,0
0.970710150,0,1
0.970714850,1,1
0.970719900,0,1
0.970720900,0,0
0.970725100,1,0
0.970730150,0,0
0.970735300,1,0
0.970740350,0,0
0.970745550,1,0
0.970750550,0,0
0.970751050,0,1
0.970755750,1,1
0.970760800,0,1
0.970761050,0,0
0.970766000,1,0
0.970771000,0,0
0.970776200,1,0
0.970781250,0,0
0.970786450,1,0
0.970791450,0,0
0.970796650,1,0
0.970801700,0,0
0.970806850,1,0
0.970811900,0,0
0.970817100,1,0
0.970822150,0,0
0.970827300,1,0
0.970832350,0,0
0.970837550,1,0
0.970842550,0,0
0.970843000,0,1
0.970847750,1,1
0.970852800,0,1
0.970858000,1,1
0.970863000,0,1
0.970863300,0,0
0.970868200,1,0
0.970873250,0,0
0.970878450,1,0
0.970883450,0,0
0.970888650,1,0
0.970893700,0,0
0.970894100,0,1
0.970898850,1,1
0.970903900,0,1
0.970904900,0,0
0.970909100,1,0
0.970914150,0,0
0.970919300,1,0
0.970924350,0,0
0.970929550,1,0
0.970934550,0,0
0.970935050,0,1
0.970939750,1,1
0.970944800,0,1
0.970950000,1,1
0.970955000,0,1
0.970955200,0,0
0.970960200,1,0
0.970965250,0,0
0.970965750,0,1
0.970970450,1,1
0.970975450,0,1
0.970980650,1,1
0.970985700,0,1
0.970985950,0,0
0.970990850,1,0
0.970995900,0,0
0.971001100,1,0
0.971006150,0,0
0.971011300,1,0
0.971016350,0,0
0.971021550,1,0
0.971026550,0,0
0.971027100,0,1
0.971031750,1,1
0.971036800,0,1
0.971037050,0,0
0.971042000,1,0
0.971047000,0,0
0.971052200,1,0
0.971057250,0,0
0.971062450,1,0
0.971067450,0,0
0.971072650,1,0
0.971077700,0,0
0.971082850,1,0
0.971087900,0,0
0.971093100,1,0
0.971098150,0,0
0.971103300,1,0
0.971108350,0,0
0.971113550,1,0
0.971118550,0,0
0.971119000,0,1
0.971123750,1,1
0.971128800,0,1
0.971134000,1,1
0.971139000,0,1
0.971139300,0,0
0.971144200,1,0
0.971149250,0,0
0.971154450,1,0
0.971159450,0,0
0.971164650,1,0
0.971169700,0,0
0.971170150,0,1
0.971174850,1,1
0.971179900,0,1
0.971180900,0,0
0.971185100,1,0
0.971190150,0,0
0.971195300,1,0
0.971200350,0,0
0.971205550,1,0
0.971210550,0,0
0.971211050,0,1
0.971215750,1,1
0.971220800,0,1
0.971226000,1,1
0.971231000,0,1
0.971236200,1,1
0.971241250,0,1
0.971241450,0,0
0.971246450,1,0
0.971251450,0,0
0.971256650,1,0
0.971261700,0,0
0.971266850,1,0
0.971271900,0,0
0.971277100,1,0
0.971282100,0,0
0.971287300,1,0
0.971292350,0,0
0.971297550,1,0
0.971302550,0,0
0.971303100,0,1
0.971307750,1,1
0.971312800,0,1
0.971313100,0,0
0.971318000,1,0
0.971323000,0,0
0.971328200,1,0
0.971333250,0,0
0.971338400,1,0
0.971343450,0,0
0.971348650,1,0
0.971353700,0,0
0.971358850,1,0
0.971363900,0,0
0.971369100,1,0
0.971374100,0,0
0.971379300,1,0
0.971384350,0,0
0.971384850,0,1
0.971389550,1,1
0.971394550,0,1
0.971399750,1,1
0.971404800,0,1
0.971410000,1,1
0.971415000,0,1
0.971420200,1,1
0.971425250,0,1
0.971430400,1,1
0.971435450,0,1
0.971440650,1,1
0.971445700,0,1
0.971445950,0,0
0.971450850,1,0
0.971455900,0,0
0.971456300,0,1
0.972915900,0,0
0.972920150,1,0
0.972925100,0,0
0.972930300,1,0
0.972935350,0,0
0.972935750,0,1
0.972940550,1,1
0.972945550,0,1
0.972950750,1,1
0.972955800,0,1
0.972956050,0,0
0.972960950,1,0
0.972966000,0,0
0.972966450,0,1
0.972971200,1,1
0.972976200,0,1
0.972981400,1,1
0.972986450,0,1
0.972991650,1,1
0.972996650,0,1
0.972996850,0,0
0.973001850,1,0
0.973006900,0,0
0.973012100,1,0
0.973017100,0,0
0.973020350,0,1
0.973022300,1,1
0.973027350,0,1
0.973027600,0,0
0.973032500,1,0
0.973037550,0,0
0.973042750,1,0
0.973047800,0,0
0.973048200,0,1
0.973052950,1,1
0.973058000,0,1
0.973063200,1,1
0.973068200,0,1
0.973073400,1,1
0.973078450,0,1
0.973078700,0,0
0.973083650,1,0
0.973088650,0,0
0.973089100,0,1
0.973093850,1,1
0.973098900,0,1
0.973099900,0,0
0.973104100,1,0
0.973109100,0,0
0.973112350,0,1
0.973114300,1,1
0.973119350,0,1
0.973124500,1,1
0.973129550,0,1
0.973134750,1,1
0.973139800,0,1
0.973140050,0,0
0.973144950,1,0
0.973150000,0,0
0.973155200,1,0
0.973160200,0,0
0.973165400,1,0
0.973170450,0,0
0.973171000,0,1
0.973175650,1,1
0.973180650,0,1
0.973185850,1,1
0.973190900,0,1
0.973191900,0,0
0.973196100,1,0
0.973201100,0,0
0.973206300,1,0
0.973211350,0,0
0.973216500,1,0
0.973221550,0,0
0.973226750,1,0
0.973231800,0,0
0.973236950,1,0
0.973242000,0,0
0.973247200,1,0
0.973252200,0,0
0.973257400,1,0
0.973262450,0,0
0.973267650,1,0
0.973272650,0,0
0.973277850,1,0
0.973282900,0,0
0.973288100,1,0
0.973293100,0,0
0.973298300,1,0
0.973303350,0,0
0.973303850,0,1
0.973308500,1,1
0.973313550,0,1
0.973313800,0,0
0.973318750,1,0
0.973323800,0,0
0.973328950,1,0
0.973334000,0,0
0.973334400,0,1
0.973339200,1,1
0.973344200,0,1
0.973349400,1,1
0.973354450,0,1
0.973359650,1,1
0.973364650,0,1
0.973364950,0,0
0.973369850,1,0
0.973374900,0,0
0.973380100,1,0
0.973385100,0,0
0.973390300,1,0
0.973395350,0,0
0.973400500,1,0
0.973405550,0,0
0.973406100,0,1
0.973410750,1,1
0.973415800,0,1
0.973416050,0,0
0.973420950,1,0
0.973426000,0,0
0.973431200,1,0
0.973436200,0,0
0.973441400,1,0
0.973446450,0,0
0.973451650,1,0
0.973456650,0,0
0.973461850,1,0
0.973466900,0,0
0.973472100,1,0
0.973477100,0,0
0.973482300,1,0
0.973487350,0,0
0.973492500,1,0
0.973497550,0,0
0.973498000,0,1
0.973502750,1,1
0.973507750,0,1
0.973512950,1,1
0.973518000,0,1
0.973518300,0,0
0.973523200,1,0
0.973528200,0,0
0.973533400,1,0
0.973538450,0,0
0.973543650,1,0
0.973548650,0,0
0.973549100,0,1
0.973553850,1,1
0.973558900,0,1
0.973559900,0,0
0.973564100,1,0
0.973569100,0,0
0.973574300,1,0
0.973579350,0,0
0.973584500,1,0
0.973589550,0,0
0.973590050,0,1
0.973594750,1,1
0.973599750,0,1
0.973604950,1,1
0.973610000,0,1
0.973610200,0,0
0.973615200,1,0
0.973620200,0,0
0.973625400,1,0
0.973630450,0,0
0.973630950,0,1
0.973635650,1,1
0.973640650,0,1
0.973640950,0,0
0.973645850,1,0
0.973650900,0,0
0.973651350,0,1
0.975734100,1,1
0.975739100,0,1
0.975740100,0,0
0.975744300,1,0
0.975750500,1,1
0.979105300,1,0
0.979111300,0,0
0.979116450,1,0
0.979121500,0,0
0.979122750,0,1
0.979126700,1,1
0.979131750,0,1
0.979136900,1,1
0.979141950,0,1
0.979142950,0,0
0.979147150,1,0
0.979152200,0,0
0.979153400,0,1
0.979157350,1,1
0.979162400,0,1
0.979167600,1,1
0.979172600,0,1
0.979177800,1,1
0.979182850,0,1
0.979183850,0,0
0.979188050,1,0
0.979193050,0,0
0.979198250,1,0
0.979203300,0,0
0.979203700,0,1
0.980175300,0,0
0.980179500,1,0
0.980184500,0,0
0.980185700,0,1
0.980189700,1,1
0.980194700,0,1
0.980195700,0,0
0.980199900,1,0
0.980204950,0,0
0.980206150,0,1
0.980210150,1,1
0.980215150,0,1
0.980216150,0,0
0.980220350,1,0
0.980225400,0,0
0.980230600,1,0
0.980235600,0,0
0.980240800,1,0
0.980245850,0,0
0.980247050,0,1
0.980251000,1,1
0.980256050,0,1
0.980256350,0,0
0.980261250,1,0
0.980266300,0,0
0.980266700,0,1
0.980271450,1,1
0.980276500,0,1
0.980277500,0,0
0.980281700,1,0
0.980286700,0,0
0.980291900,1,0
0.980296950,0,0
0.980302150,1,0
0.980307150,0,0
0.980312350,1,0
0.980317400,0,0
0.980322600,1,0
0.980327600,0,0
0.980328850,0,1
0.980332800,1,1
0.980337850,0,1
0.980343000,1,1
0.980348050,0,1
0.980348400,0,0
0.980353250,1,0
0.980358300,0,0
0.980358750,0,1
0.980363450,1,1
0.980368500,0,1
0.980373700,1,1
0.980378700,0,1
0.980383900,1,1
0.980388950,0,1
0.980394150,1,1
0.980399150,0,1
0.980400150,0,0
0.980404350,1,0
0.980409400,0,0
0.980414600,1,0
0.980419600,0,0
0.980420850,0,1
0.980424800,1,1
0.980429850,0,1
0.980435000,1,1
0.980440050,0,1
0.980440300,0,0
0.980445250,1,0
0.980450300,0,0
0.980455450,1,0
0.980460500,0,0
0.980465700,1,0
0.980470700,0,0
0.980475900,1,0
0.980480950,0,0
0.980486150,1,0
0.980491150,0,0
0.980496350,1,0
0.980501400,0,0
0.980506600,1,0
0.980511600,0,0
0.980516800,1,0
0.980521850,0,0
0.980527000,1,0
0.980532050,0,0
0.980537250,1,0
0.980542300,0,0
0.980547450,1,0
0.980552500,0,0
0.980553750,0,1
0.980557700,1,1
0.980562700,0,1
0.980567900,1,1
0.980572950,0,1
0.980573950,0,0
0.980578150,1,0
0.980583150,0,0
0.980584350,0,1
0.980588350,1,1
0.980593400,0,1
0.980594400,0,0
0.980598600,1,0
0.980603600,0,0
0.980608800,1,0
0.980613850,0,0
0.980619000,1,0
0.980624050,0,0
0.980629250,1,0
0.980634300,0,0
0.980639450,1,0
0.980644500,0,0
0.980649700,1,0
0.980654700,0,0
0.980655950,0,1
0.980659900,1,1
0.980664950,0,1
0.980665950,0,0
0.980670150,1,0
0.980675150,0,0
0.980680350,1,0
0.980685400,0,0
0.980686600,0,1
0.980690550,1,1
0.980695600,0,1
0.980700800,1,1
0.980705850,0,1
0.980711000,1,1
0.980716050,0,1
0.980716300,0,0
0.980721250,1,0
0.980726300,0,0
0.980726700,0,1
0.982945250,0,0
0.982949500,1,0
0.982955700,1,1
0.983883450,1,0
0.983889450,0,0
0.983894650,1,0
0.983899700,0,0
0.983900900,0,1
0.983904850,1,1
0.983909900,0,1
0.983915100,1,1
0.983920150,0,1
0.983921150,0,0
0.983925350,1,0
0.983930350,0,0
0.983931550,0,1
0.983935550,1,1
0.983940600,0,1
0.983945750,1,1
0.983950800,0,1
0.983956000,1,1
0.983961050,0,1
0.983966200,1,1
0.983971250,0,1
0.983971550,0,0
0.983976450,1,0
0.983981450,0,0
0.984880700,1,0
0.984885700,0,0
0.984886150,0,1
0.984890900,1,1
0.984895900,0,1
0.984901100,1,1
0.984906150,0,1
0.984906350,0,0
0.984911300,1,0
0.984916350,0,0
0.984916850,0,1
0.984921550,1,1
0.984926600,0,1
0.984931750,1,1
0.984936800,0,1
0.984942000,1,1
0.984947000,0,1
0.984947250,0,0
0.984952200,1,0
0.984957250,0,0
0.984962450,1,0
0.984967450,0,0
0.984970700,0,1
0.984972650,1,1
0.984977700,0,1
0.984978000,0,0
0.984982900,1,0
0.984987900,0,0
0.984993100,1,0
0.984998150,0,0
0.984998600,0,1
0.985003300,1,1
0.985008350,0,1
0.985013550,1,1
0.985018600,0,1
0.985023750,1,1
0.985028800,0,1
0.985029100,0,0
0.985034000,1,0
0.985039000,0,0
0.985039500,0,1
0.985044200,1,1
0.985049250,0,1
0.985050250,0,0
0.985054450,1,0
0.985059450,0,0
0.985062700,0,1
0.985064650,1,1
0.985069700,0,1
0.985074850,1,1
0.985079900,0,1
0.985085100,1,1
0.985090150,0,1
0.985090450,0,0
0.985095300,1,0
0.985100350,0,0
0.985105550,1,0
0.985110600,0,0
0.985115750,1,0
0.985120800,0,0
0.985121250,0,1
0.985126000,1,1
0.985131000,0,1
0.985136200,1,1
0.985141250,0,1
0.985142250,0,0
0.985146450,1,0
0.985151450,0,0
0.985156650,1,0
0.985161700,0,0
0.985166900,1,0
0.985171900,0,0
0.985177100,1,0
0.985182150,0,0
0.985187300,1,0
0.985192350,0,0
0.985197550,1,0
0.985202550,0,0
0.985207750,1,0
0.985212800,0,0
0.985218000,1,0
0.985223000,0,0
0.985228200,1,0
0.985233250,0,0
0.985238450,1,0
0.985243450,0,0
0.985248650,1,0
0.985253700,0,0
0.985254250,0,1
0.985258850,1,1
0.985263900,0,1
0.985269100,1,1
0.985274150,0,1
0.985274400,0,0
0.985279300,1,0
0.985284350,0,0
0.985284800,0,1
0.985289550,1,1
0.985294550,0,1
0.985294800,0,0
0.985299750,1,0
0.985304800,0,0
0.985310000,1,0
0.985315000,0,0
0.985320200,1,0
0.985325250,0,0
0.985330450,1,0
0.985335450,0,0
0.985340650,1,0
0.985345700,0,0
0.985350900,1,0
0.985355900,0,0
0.985356350,0,1
0.985361100,1,1
0.985366150,0,1
0.985371300,1,1
0.985376350,0,1
0.985376650,0,0
0.985381550,1,0
0.985386550,0,0
0.985391750,1,0
0.985396800,0,0
0.985402000,1,0
0.985407000,0,0
0.985407450,0,1
0.985412200,1,1
0.985417250,0,1
0.985418250,0,0
0.985422450,1,0
0.985427450,0,0
0.985432650,1,0
0.985437700,0,0
0.985438200,0,1
0.985442850,1,1
0.985447900,0,1
0.985448150,0,0
0.985453100,1,0
0.985458150,0,0
0.985463300,1,0
0.985468350,0,0
0.985473550,1,0
0.985478550,0,0
0.985483750,1,0
0.985488800,0,0
0.985494000,1,0
0.985499000,0,0
0.985499500,0,1
0.985504200,1,1
0.985509250,0,1
0.985510250,0,0
0.985514450,1,0
0.985519450,0,0
0.985524650,1,0
0.985529700,0,0
0.985534850,1,0
0.985539900,0,0
0.985540450,0,1
0.985545100,1,1
0.985550150,0,1
0.985550400,0,0
0.985555300,1,0
0.985560350,0,0
0.985565550,1,0
0.985570550,0,0
0.985575750,1,0
0.985580800,0,0
0.985586000,1,0
0.985591000,0,0
0.985596200,1,0
0.985601250,0,0
0.985606450,1,0
0.985611450,0,0
0.985616650,1,0
0.985621700,0,0
0.985626850,1,0
0.985631900,0,0
0.985632350,0,1
0.985637100,1,1
0.985642150,0,1
0.985647300,1,1
0.985652350,0,1
0.985652650,0,0
0.985657550,1,0
0.985662550,0,0
0.985663050,0,1
0.985667750,1,1
0.985672800,0,1
0.985673050,0,0
0.985678000,1,0
0.985683000,0,0
0.985683450,0,1
0.985688200,1,1
0.985693250,0,1
0.985694250,0,0
0.985698450,1,0
0.985703450,0,0
0.985708650,1,0
0.985713700,0,0
0.985718850,1,0
0.985723900,0,0
0.985724400,0,1
0.985729100,1,1
0.985734150,0,1
0.985739300,1,1
0.985744350,0,1
0.985744600,0,0
0.985749550,1,0
0.985754550,0,0
0.985759750,1,0
0.985764800,0,0
0.985765300,0,1
0.985770000,1,1
0.985775000,0,1
0.985775300,0,0
0.985780200,1,0
0.985785250,0,0
0.985790450,1,0
0.985795450,0,0
0.985800650,1,0
0.985805700,0,0
0.985810850,1,0
0.985815900,0,0
0.985816300,0,1
0.985821100,1,1
0.985826150,0,1
0.985826450,0,0
0.985831300,1,0
0.985836350,0,0
0.985841550,1,0
0.985846550,0,0
0.985851750,1,0
0.985856800,0,0
0.985862000,1,0
0.985867000,0,0
0.985872200,1,0
0.985877250,0,0
0.985882450,1,0
0.985887450,0,0
0.985892650,1,0
0.985897700,0,0
0.985902850,1,0
0.985907900,0,0
0.985908350,0,1
0.985913100,1,1
0.985918100,0,1
0.985923300,1,1
0.985928350,0,1
0.985928550,0,0
0.985933550,1,0
0.985938550,0,0
0.985939050,0,1
0.985943750,1,1
0.985948800,0,1
0.985954000,1,1
0.985959000,0,1
0.985959300,0,0
0.985964200,1,0
0.985969250,0,0
0.985974450,1,0
0.985979450,0,0
0.985984650,1,0
0.985989700,0,0
0.985994850,1,0
0.985999900,0,0
0.986000400,0,1
0.986005100,1,1
0.986010100,0,1
0.986015300,1,1
0.986020350,0,1
0.986020600,0,0
0.986025550,1,0
0.986030550,0,0
0.986035750,1,0
0.986040800,0,0
0.986046000,1,0
0.986051000,0,0
0.986056200,1,0
0.986061250,0,0
0.986066400,1,0
0.986071450,0,0
0.986076650,1,0
0.986081700,0,0
0.986086850,1,0
0.986091900,0,0
0.986092350,0,1
0.986097100,1,1
0.986102100,0,1
0.986102300,0,0
0.986107300,1,0
0.986112350,0,0
0.986112850,0,1
0.986117550,1,1
0.986122550,0,1
0.986122850,0,0
0.986127750,1,0
0.986132800,0,0
0.986138000,1,0
0.986143000,0,0
0.986148200,1,0
0.986153250,0,0
0.986158400,1,0
0.986163450,0,0
0.986168650,1,0
0.986173700,0,0
0.986178850,1,0
0.986183900,0,0
0.986184400,0,1
0.986189100,1,1
0.986194100,0,1
0.986199300,1,1
0.986204350,0,1
0.986204550,0,0
0.986209550,1,0
0.986214550,0,0
0.986219750,1,0
0.986224800,0,0
0.986230000,1,0
0.986235000,0,0
0.986235500,0,1
0.986240200,1,1
0.986245250,0,1
0.986246250,0,0
0.986250400,1,0
0.986255450,0,0
0.986260650,1,0
0.986265700,0,0
0.986270850,1,0
0.986275900,0,0
0.986276450,0,1
0.986281100,1,1
0.986286100,0,1
0.986291300,1,1
0.986296350,0,1
0.986296600,0,0
0.986301550,1,0
0.986306550,0,0
0.986311750,1,0
0.986316800,0,0
0.986322000,1,0
0.986327000,0,0
0.986327450,0,1
0.986332200,1,1
0.986337250,0,1
0.987748200,0,0
0.987752450,1,0
0.987757450,0,0
0.987762650,1,0
0.987767650,0,0
0.987772850,1,0
0.987777900,0,0
0.987778350,0,1
0.987783100,1,1
0.987788100,0,1
0.987788300,0,0
0.987793300,1,0
0.987798350,0,0
0.987803500,1,0
0.987808550,0,0
0.987813750,1,0
0.987818800,0,0
0.987823950,1,0
0.987829000,0,0
0.987834200,1,0
0.987839200,0,0
0.987844400,1,0
0.987849450,0,0
0.987854650,1,0
0.987859650,0,0
0.987864850,1,0
0.987869900,0,0
0.987870400,0,1
0.987875050,1,1
0.987880100,0,1
0.987885300,1,1
0.987890350,0,1
0.987890550,0,0
0.987895500,1,0
0.987900550,0,0
0.987905750,1,0
0.987910800,0,0
0.987915950,1,0
0.987921000,0,0
0.987921500,0,1
0.987926200,1,1
0.987931200,0,1
0.987932200,0,0
0.987936400,1,0
0.987941450,0,0
0.987946650,1,0
0.987951650,0,0
0.987956850,1,0
0.987961900,0,0
0.987962300,0,1
0.987967100,1,1
0.987972100,0,1
0.987977300,1,1
0.987982350,0,1
0.987982650,0,0
0.987987500,1,0
0.987992550,0,0
0.987997750,1,0
0.988002800,0,0
0.988003250,0,1
0.988007950,1,1
0.988013000,0,1
0.988018200,1,1
0.988023200,0,1
0.988024200,0,0
0.988028400,1,0
0.988033450,0,0
0.988038650,1,0
0.988043650,0,0
0.988048850,1,0
0.988053900,0,0
0.988054350,0,1
0.988059050,1,1
0.988064100,0,1
0.988064350,0,0
0.988069300,1,0
0.988074350,0,0
0.988074750,0,1
0.988079500,1,1
0.988084550,0,1
0.988084900,0,0
0.988089750,1,0
0.988094750,0,0
0.988099950,1,0
0.988105000,0,0
0.988105500,0,1
0.988110200,1,1
0.988115200,0,1
0.988116200,0,0
0.988120400,1,0
0.988125450,0,0
0.988130650,1,0
0.988135650,0,0
0.988140850,1,0
0.988145900,0,0
0.988146400,0,1
0.988151050,1,1
0.988156100,0,1
0.988156400,0,0
0.988161300,1,0
0.988166350,0,0
0.988171500,1,0
0.988176550,0,0
0.988181750,1,0
0.988186750,0,0
0.988191950,1,0
0.988197000,0,0
0.988202200,1,0
0.988207200,0,0
0.988212400,1,0
0.988217450,0,0
0.988222650,1,0
0.988227650,0,0
0.988232850,1,0
0.988237900,0,0
0.988238350,0,1
0.988243050,1,1
0.988248100,0,1
0.988253300,1,1
0.988258350,0,1
0.988258650,0,0
0.988263500,1,0
0.988268550,0,0
0.988269050,0,1
0.988273750,1,1
0.988278750,0,1
0.988283950,1,1
0.988289000,0,1
0.988289250,0,0
0.988294200,1,0
0.988299200,0,0
0.988304400,1,0
0.988309450,0,0
0.988314650,1,0
0.988319650,0,0
0.988324850,1,0
0.988329900,0,0
0.988330400,0,1
0.988335050,1,1
0.988340100,0,1
0.988345300,1,1
0.988350350,0,1
0.988350550,0,0
0.988355500,1,0
0.988360550,0,0
0.988365750,1,0
0.988370750,0,0
0.988371300,0,1
0.988375950,1,1
0.988381000,0,1
0.988381300,0,0
0.988386200,1,0
0.988391200,0,0
0.988396400,1,0
0.988401450,0,0
0.988406650,1,0
0.988411650,0,0
0.988416850,1,0
0.988421900,0,0
0.988422300,0,1
0.988427050,1,1
0.988432100,0,1
0.988432400,0,0
0.988437300,1,0
0.988442350,0,0
0.988447500,1,0
0.988452550,0,0
0.988457750,1,0
0.988462750,0,0
0.988467950,1,0
0.988473000,0,0
0.988478200,1,0
0.988483200,0,0
0.988488400,1,0
0.988493450,0,0
0.988498650,1,0
0.988503650,0,0
0.988508850,1,0
0.988513900,0,0
0.988514350,0,1
0.988519050,1,1
0.988524100,0,1
0.988529300,1,1
0.988534350,0,1
0.988534500,0,0
0.988539500,1,0
0.988544550,0,0
0.988545050,0,1
0.988549750,1,1
0.988554750,0,1
0.988559950,1,1
0.988565000,0,1
0.988570200,1,1
0.988575200,0,1
0.988576200,0,0
0.988580400,1,0
0.988585450,0,0
0.988590650,1,0
0.988595650,0,0
0.988600850,1,0
0.988605900,0,0
0.988606400,0,1
0.988611050,1,1
0.988616100,0,1
0.988621300,1,1
0.988626350,0,1
0.988626600,0,0
0.988631500,1,0
0.988636550,0,0
0.988641750,1,0
0.988646750,0,0
0.988647200,0,1
0.988651950,1,1
0.988657000,0,1
0.988657300,0,0
0.988662200,1,0
0.988667200,0,0
0.988672400,1,0
0.988677450,0,0
0.988682600,1,0
0.988687650,0,0
0.988692850,1,0
0.988697900,0,0
0.988698300,0,1
0.988703050,1,1
0.988708100,0,1
0.988708450,0,0
0.988713300,1,0
0.988718350,0,0
0.988718800,0,1
0.988723500,1,1
0.988728550,0,1
0.988728850,0,0
0.988733750,1,0
0.988738750,0,0
0.988743950,1,0
0.988749000,0,0
0.988754200,1,0
0.988759200,0,0
0.988764400,1,0
0.988769450,0,0
0.988774650,1,0
0.988779650,0,0
0.988784850,1,0
0.988789900,0,0
0.988790350,0,1
0.988795050,1,1
0.988800100,0,1
0.988805300,1,1
0.988810350,0,1
0.988810550,0,0
0.988815500,1,0
0.988820550,0,0
0.988820900,0,1
0.988825750,1,1
0.988830750,0,1
0.988831100,0,0
0.988835950,1,0
0.988841000,0,0
0.988841450,0,1
0.988846200,1,1
0.988851200,0,1
0.988852200,0,0
0.988856400,1,0
0.988861450,0,0
0.988866600,1,0
0.988871650,0,0
0.988876850,1,0
0.988881900,0,0
0.988882400,0,1
0.988887050,1,1
0.988892100,0,1
0.988897300,1,1
0.988902300,0,1
0.988902600,0,0
0.988907500,1,0
0.988912550,0,0
0.988917750,1,0
0.988922750,0,0
0.988927950,1,0
0.988933000,0,0
0.988938200,1,0
0.988943200,0,0
0.988948400,1,0
0.988953450,0,0
0.988958600,1,0
0.988963650,0,0
0.988968850,1,0
0.988973900,0,0
0.988974350,0,1
0.988979050,1,1
0.988984100,0,1
0.988984300,0,0
0.988989300,1,0
0.988994300,0,0
0.988999500,1,0
0.989004550,0,0
0.989009750,1,0
0.989014750,0,0
0.989019950,1,0
0.989025000,0,0
0.989030200,1,0
0.989035200,0,0
0.989040400,1,0
0.989045450,0,0
0.989050600,1,0
0.989055650,0,0
0.989060850,1,0
0.989065900,0,0
0.989066400,0,1
0.989071050,1,1
0.989076100,0,1
0.989081300,1,1
0.989086300,0,1
0.989086550,0,0
0.989091500,1,0
0.989096550,0,0
0.989096950,0,1
0.989101750,1,1
0.989106750,0,1
0.989111950,1,1
0.989117000,0,1
0.989122200,1,1
0.989127200,0,1
0.989128200,0,0
0.989132400,1,0
0.989137450,0,0
0.989142600,1,0
0.989147650,0,0
0.989148100,0,1
0.989152850,1,1
0.989157900,0,1
0.989158100,0,0
0.989163050,1,0
0.989168100,0,0
0.989173300,1,0
0.989178300,0,0
0.989183500,1,0
0.989188550,0,0
0.989193750,1,0
0.989198750,0,0
0.989203950,1,0
0.989209000,0,0
0.989209450,0,1
0.989214200,1,1
0.989219200,0,1
0.990682200,0,0
0.990686450,1,0
0.990691400,0,0
0.990696650,1,0
0.990701650,0,0
0.990702100,0,1
0.990706850,1,1
0.990711850,0,1
0.990717050,1,1
0.990722100,0,1
0.990722300,0,0
0.990727300,1,0
0.990732300,0,0
0.990732800,0,1
0.990737500,1,1
0.990742550,0,1
0.990747700,1,1
0.990752750,0,1
0.990757950,1,1
0.990763000,0,1
0.990763200,0,0
0.990768150,1,0
0.990773200,0,0
0.990778400,1,0
0.990783400,0,0
0.990786650,0,1
0.990788600,1,1
0.990793650,0,1
0.990793950,0,0
0.990798850,1,0
0.990803850,0,0
0.990809050,1,0
0.990814100,0,0
0.990814550,0,1
0.990819300,1,1
0.990824300,0,1
0.990829500,1,1
0.990834550,0,1
0.990839700,1,1
0.990844750,0,1
0.990845050,0,0
0.990849950,1,0
0.990855000,0,0
0.990855450,0,1
0.990860150,1,1
0.990865200,0,1
0.990866200,0,0
0.990870400,1,0
0.990875400,0,0
0.990878650,0,1
0.990880600,1,1
0.990885650,0,1
0.990890850,1,1
0.990895850,0,1
0.990901050,1,1
0.990906100,0,1
0.990906400,0,0
0.990911300,1,0
0.990916300,0,0
0.990921500,1,0
0.990926550,0,0
0.990931700,1,0
0.990936750,0,0
0.990937200,0,1
0.990941950,1,1
0.990947000,0,1
0.990952150,1,1
0.990957200,0,1
0.990958200,0,0
0.990962400,1,0
0.990967400,0,0
0.990972600,1,0
0.990977650,0,0
0.990982850,1,0
0.990987850,0,0
0.990993050,1,0
0.990998100,0,0
0.991003300,1,0
0.991008300,0,0
0.991013500,1,0
0.991018550,0,0
0.991023700,1,0
0.991028750,0,0
0.991033950,1,0
0.991038950,0,0
0.991044150,1,0
0.991049200,0,0
0.991054400,1,0
0.991059400,0,0
0.991064600,1,0
0.991069650,0,0
0.991070200,0,1
0.991074850,1,1
0.991079850,0,1
0.991085050,1,1
0.991090100,0,1
0.991090350,0,0
0.991095250,1,0
0.991100300,0,0
0.991100750,0,1
0.991105500,1,1
0.991110550,0,1
0.991110750,0,0
0.991115700,1,0
0.991120750,0,0
0.991125950,1,0
0.991130950,0,0
0.991136150,1,0
0.991141200,0,0
0.991146400,1,0
0.991151400,0,0
0.991156600,1,0
0.991161650,0,0
0.991166850,1,0
0.991171850,0,0
0.991172300,0,1
0.991177050,1,1
0.991182100,0,1
0.991187250,1,1
0.991192300,0,1
0.991192600,0,0
0.991197500,1,0
0.991202550,0,0
0.991207700,1,0
0.991212750,0,0
0.991217950,1,0
0.991222950,0,0
0.991223400,0,1
0.991228150,1,1
0.991233200,0,1
0.991234200,0,0
0.991238400,1,0
0.991243400,0,0
0.991248600,1,0
0.991253650,0,0
0.991254150,0,1
0.991258850,1,1
0.991263850,0,1
0.991264100,0,0
0.991269050,1,0
0.991274100,0,0
0.991279250,1,0
0.991284300,0,0
0.991289500,1,0
0.991294550,0,0
0.991299700,1,0
0.991304750,0,0
0.991309950,1,0
0.991314950,0,0
0.991315450,0,1
0.991320150,1,1
0.991325200,0,1
0.991326200,0,0
0.991330400,1,0
0.991335400,0,0
0.991340600,1,0
0.991345650,0,0
0.991350850,1,0
0.991355850,0,0
0.991356400,0,1
0.991361050,1,1
0.991366100,0,1
0.991366350,0,0
0.991371250,1,0
0.991376300,0,0
0.991381500,1,0
0.991386550,0,0
0.991391700,1,0
0.991396750,0,0
0.991401950,1,0
0.991406950,0,0
0.991412150,1,0
0.991417200,0,0
0.991417700,0,1
0.993523400,1,1
0.993528400,0,1
0.993529400,0,0
0.993533600,1,0
0.993539800,1,1
0.994577600,1,0
0.994583600,0,0
0.994588750,1,0
0.994593850,0,0
0.994595050,0,1
0.994599000,1,1
0.994604050,0,1
0.994609250,1,1
0.994614300,0,1
0.994615300,0,0
0.994619450,1,0
0.994624500,0,0
0.994625700,0,1
0.994629700,1,1
0.994634700,0,1
0.994639900,1,1
0.994644950,0,1
0.994650150,1,1
0.994655150,0,1
0.994656150,0,0
0.994660350,1,0
0.994665400,0,0
0.994670600,1,0
0.994675600,0,0
0.994676000,0,1
0.995629600,0,0
0.995633850,1,0
0.995638850,0,0
0.995640050,0,1
0.995644050,1,1
0.995649050,0,1
0.995650050,0,0
0.995654250,1,0
0.995659250,0,0
0.995660500,0,1
0.995664450,1,1
0.995669500,0,1
0.995670500,0,0
0.995674700,1,0
0.995679700,0,0
0.995684900,1,0
0.995689950,0,0
0.995695150,1,0
0.995700150,0,0
0.995701400,0,1
0.995705350,1,1
0.995710400,0,1
0.995710600,0,0
0.995715600,1,0
0.995720600,0,0
0.995721150,0,1
0.995725800,1,1
0.995730850,0,1
0.995731850,0,0
0.995736000,1,0
0.995741050,0,0
0.995746250,1,0
0.995751250,0,0
0.995756450,1,0
0.995761500,0,0
0.995766700,1,0
0.995771700,0,0
0.995776900,1,0
0.995781950,0,0
0.995783200,0,1
0.995787150,1,1
0.995792150,0,1
0.995797350,1,1
0.995802400,0,1
0.995802650,0,0
0.995807550,1,0
0.995812600,0,0
0.995813050,0,1
0.995817800,1,1
0.995822850,0,1
0.995828000,1,1
0.995833050,0,1
0.995838250,1,1
0.995843250,0,1
0.995848450,1,1
0.995853500,0,1
0.995854500,0,0
0.995858700,1,0
0.995863700,0,0
0.995868900,1,0
0.995873950,0,0
0.995875150,0,1
0.995879100,1,1
0.995884150,0,1
0.995889350,1,1
0.995894400,0,1
0.995894700,0,0
0.995899550,1,0
0.995904600,0,0
0.995909800,1,0
0.995914850,0,0
0.995920000,1,0
0.995925050,0,0
0.995930250,1,0
0.995935250,0,0
0.995940450,1,0
0.995945500,0,0
0.995950700,1,0
0.995955700,0,0
0.995960900,1,0
0.995965950,0,0
0.995971150,1,0
0.995976150,0,0
0.995981350,1,0
0.995986400,0,0
0.995991550,1,0
0.995996600,0,0
0.995997050,0,1
0.996001800,1,1
0.996006850,0,1
0.996007850,0,0
0.996012000,1,0
0.996017050,0,0
0.996022250,1,0
0.996027250,0,0
0.996032450,1,0
0.996037500,0,0
0.996042700,1,0
0.996047700,0,0
0.996052900,1,0
0.996057950,0,0
0.996059200,0,1
0.996063150,1,1
0.996068150,0,1
0.996069150,0,0
0.996073350,1,0
0.996078400,0,0
0.996083550,1,0
0.996088600,0,0
0.996089100,0,1
0.996093800,1,1
0.996098800,0,1
0.996104000,1,1
0.996109050,0,1
0.996110050,0,0
0.996114250,1,0
0.996119250,0,0
0.996124450,1,0
0.996129500,0,0
0.996130700,0,1
0.996134700,1,1
0.996139700,0,1
0.996144900,1,1
0.996149950,0,1
0.996150950,0,0
0.996155100,1,0
0.996160150,0,0
0.996161350,0,1
0.996165350,1,1
0.996170400,0,1
0.996170600,0,0
0.996175550,1,0
0.996180600,0,0
0.996181100,0,1
0.998380600,0,0
0.998384800,1,0
0.998391000,1,1
0.999297800,1,0
0.999303800,0,0
0.999308950,1,0
0.999314000,0,0
0.999315250,0,1
0.999319200,1,1
0.999324250,0,1
0.999329450,1,1
0.999334450,0,1
0.999335450,0,0
0.999339650,1,0
0.999344700,0,0
0.999345900,0,1
0.999349900,1,1
0.999354900,0,1
0.999360100,1,1
0.999365150,0,1
0.999370300,1,1
0.999375350,0,1
0.999380550,1,1
0.999385600,0,1
0.999385850,0,0
0.999390750,1,0
0.999395800,0,0
1.000306050,1,0
1.000311000,0,0
1.000311500,0,1
1.000316200,1,1
1.000321250,0,1
1.000326450,1,1
1.000331450,0,1
1.000331700,0,0
1.000336650,1,0
1.000341700,0,0
1.000342050,0,1
1.000346850,1,1
1.000351900,0,1
1.000357100,1,1
1.000362150,0,1
1.000367300,1,1
1.000372350,0,1
1.000372600,0,0
1.000377550,1,0
1.000382550,0,0
1.000387750,1,0
1.000392800,0,0
1.000396000,0,1
1.000398000,1,1
1.000403000,0,1
1.000403350,0,0
1.000408200,1,0
1.000413250,0,0
1.000418450,1,0
1.000423450,0,0
1.000423950,0,1
1.000428650,1,1
1.000433700,0,1
1.000438850,1,1
1.000443900,0,1
1.000449100,1,1
1.000454150,0,1
1.000454350,0,0
1.000459300,1,0
1.000464350,0,0
1.000464850,0,1
1.000469550,1,1
1.000474550,0,1
1.000475550,0,0
1.000479750,1,0
1.000484800,0,0
1.000488000,0,1
1.000490000,1,1
1.000495000,0,1
1.000500200,1,1
1.000505250,0,1
1.000510400,1,1
1.000515450,0,1
1.000515800,0,0
1.000520650,1,0
1.000525700,0,0
1.000530850,1,0
1.000535900,0,0
1.000541100,1,0
1.000546100,0,0
1.000546600,0,1
1.000551300,1,1
1.000556350,0,1
1.000561550,1,1
1.000566550,0,1
1.000567550,0,0
1.000571750,1,0
1.000576800,0,0
1.000582000,1,0
1.000587000,0,0
1.000592200,1,0
1.000597250,0,0
1.000602400,1,0
1.000607450,0,0
1.000612650,1,0
1.000617700,0,0
1.000622850,1,0
1.000627900,0,0
1.000633100,1,0
1.000638100,0,0
1.000643300,1,0
1.000648350,0,0
1.000653550,1,0
1.000658550,0,0
1.000663750,1,0
1.000668800,0,0
1.000672050,0,1
1.000674000,1,1
1.000679000,0,1
1.000679200,0,0
1.000684200,1,0
1.000689250,0,0
1.000694400,1,0
1.000699450,0,0
1.000704650,1,0
1.000709700,0,0
1.000714850,1,0
1.000719900,0,0
1.000725100,1,0
1.000730100,0,0
1.000730550,0,1
1.000735300,1,1
1.000740350,0,1
1.000740550,0,0
1.000745550,1,0
1.000750550,0,0
1.000755750,1,0
1.000760800,0,0
1.000766000,1,0
1.000771000,0,0
1.000776200,1,0
1.000781250,0,0
1.000781700,0,1
1.000786400,1,1
1.000791450,0,1
1.000796650,1,1
1.000801700,0,1
1.000806850,1,1
1.000811900,0,1
1.000812200,0,0
1.000817100,1,0
1.000822100,0,0
1.000827300,1,0
1.000832350,0,0
1.000837550,1,0
1.000842550,0,0
1.000847750,1,0
1.000852800,0,0
1.000858000,1,0
1.000863000,0,0
1.000868200,1,0
1.000873250,0,0
1.000873750,0,1
1.000878400,1,1
1.000883450,0,1
1.000883700,0,0
1.000888650,1,0
1.000893700,0,0
1.000898850,1,0
1.000903900,0,0
1.000909100,1,0
1.000914100,0,0
1.000919300,1,0
1.000924350,0,0
1.000929550,1,0
1.000934550,0,0
1.000939750,1,0
1.000944800,0,0
1.000950000,1,0
1.000955000,0,0
1.000960200,1,0
1.000965250,0,0
1.000965650,0,1
1.000970400,1,1
1.000975450,0,1
1.000980650,1,1
1.000985700,0,1
1.000990850,1,1
1.000995900,0,1
1.000996150,0,0
1.001001100,1,0
1.001006100,0,0
1.001011300,1,0
1.001016350,0,0
1.001016750,0,1
1.001021550,1,1
1.001026550,0,1
1.001027550,0,0
1.001031750,1,0
1.001036800,0,0
1.001042000,1,0
1.001047000,0,0
1.001052200,1,0
1.001057250,0,0
1.001057700,0,1
1.001062400,1,1
1.001067450,0,1
1.001072650,1,1
1.001077700,0,1
1.001077900,0,0
1.001082850,1,0
1.001087900,0,0
1.001088400,0,1
1.001093100,1,1
1.001098100,0,1
1.001103300,1,1
1.001108350,0,1
1.001108600,0,0
1.001113550,1,0
1.001118550,0,0
1.001123750,1,0
1.001128800,0,0
1.001133950,1,0
1.001139000,0,0
1.001144200,1,0
1.001149250,0,0
1.001149750,0,1
1.001154400,1,1
1.001159450,0,1
1.001159750,0,0
1.001164650,1,0
1.001169700,0,0
1.001170150,0,1
1.001174850,1,1
1.001179900,0,1
1.001180150,0,0
1.001185100,1,0
1.001190100,0,0
1.001195300,1,0
1.001200350,0,0
1.001200900,0,1
1.001205550,1,1
1.001210550,0,1
1.001211550,0,0
1.001215750,1,0
1.001220800,0,0
1.001226000,1,0
1.001231000,0,0
1.001236200,1,0
1.001241250,0,0
1.001241650,0,1
1.001246400,1,1
1.001251450,0,1
1.001251650,0,0
1.001256650,1,0
1.001261650,0,0
1.001266850,1,0
1.001271900,0,0
1.001277100,1,0
1.001282100,0,0
1.001287300,1,0
1.001292350,0,0
1.001297550,1,0
1.001302550,0,0
1.001307750,1,0
1.001312800,0,0
1.001317950,1,0
1.001323000,0,0
1.001328200,1,0
1.001333250,0,0
1.001333750,0,1
1.001338400,1,1
1.001343450,0,1
1.001348650,1,1
1.001353650,0,1
1.001358850,1,1
1.001363900,0,1
1.001364100,0,0
1.001369100,1,0
1.001374100,0,0
1.001379300,1,0
1.001384350,0,0
1.001389550,1,0
1.001394550,0,0
1.001399750,1,0
1.001404800,0,0
1.001409950,1,0
1.001415000,0,0
1.001420200,1,0
1.001425250,0,0
1.001425650,0,1
1.001430400,1,1
1.001435450,0,1
1.001440650,1,1
1.001445650,0,1
1.001445950,0,0
1.001450850,1,0
1.001455900,0,0
1.001456350,0,1
1.001461100,1,1
1.001466100,0,1
1.001471300,1,1
1.001476350,0,1
1.001476550,0,0
1.001481550,1,0
1.001486550,0,0
1.001491750,1,0
1.001496800,0,0
1.001501950,1,0
1.001507000,0,0
1.001512200,1,0
1.001517250,0,0
1.001517700,0,1
1.001522400,1,1
1.001527450,0,1
1.001527650,0,0
1.001532650,1,0
1.001537650,0,0
1.001538050,0,1
1.001542850,1,1
1.001547900,0,1
1.001548200,0,0
1.001553100,1,0
1.001558100,0,0
1.001563300,1,0
1.001568350,0,0
1.001573550,1,0
1.001578550,0,0
1.001583750,1,0
1.001588800,0,0
1.001593950,1,0
1.001599000,0,0
1.001604200,1,0
1.001609250,0,0
1.001609750,0,1
1.001614400,1,1
1.001619450,0,1
1.001624650,1,1
1.001629650,0,1
1.001629900,0,0
1.001634850,1,0
1.001639900,0,0
1.001645100,1,0
1.001650100,0,0
1.001655300,1,0
1.001660350,0,0
1.001665550,1,0
1.001670550,0,0
1.001675750,1,0
1.001680800,0,0
1.001685950,1,0
1.001691000,0,0
1.001696200,1,0
1.001701250,0,0
1.001701650,0,1
1.001706400,1,1
1.001711450,0,1
1.001716650,1,1
1.001721650,0,1
1.001722000,0,0
1.001726850,1,0
1.001731900,0,0
1.001737100,1,0
1.001742100,0,0
1.001747300,1,0
1.001752350,0,0
1.001752800,0,1
1.001757550,1,1
1.001762550,0,1
1.003187550,0,0
1.003191800,1,0
1.003196750,0,0
1.003202000,1,0
1.003207000,0,0
1.003212200,1,0
1.003217200,0,0
1.003217650,0,1
1.003222400,1,1
1.003227450,0,1
1.003227650,0,0
1.003232650,1,0
1.003237650,0,0
1.003242850,1,0
1.003247900,0,0
1.003253050,1,0
1.003258100,0,0
1.003263300,1,0
1.003268350,0,0
1.003273500,1,0
1.003278550,0,0
1.003283750,1,0
1.003288750,0,0
1.003293950,1,0
1.003299000,0,0
1.003304200,1,0
1.003309200,0,0
1.003309700,0,1
1.003314400,1,1
1.003319450,0,1
1.003324600,1,1
1.003329650,0,1
1.003329900,0,0
1.003334850,1,0
1.003339900,0,0
1.003345050,1,0
1.003350100,0,0
1.003355300,1,0
1.003360350,0,0
1.003365500,1,0
1.003370550,0,0
1.003375750,1,0
1.003380750,0,0
1.003385950,1,0
1.003391000,0,0
1.003396200,1,0
1.003401200,0,0
1.003401650,0,1
1.003406400,1,1
1.003411450,0,1
1.003416600,1,1
1.003421650,0,1
1.003421950,0,0
1.003426850,1,0
1.003431900,0,0
1.003437050,1,0
1.003442100,0,0
1.003442550,0,1
1.003447300,1,1
1.003452300,0,1
1.003452550,0,0
1.003457500,1,0
1.003462550,0,0
1.003467750,1,0
1.003472750,0,0
1.003477950,1,0
1.003483000,0,0
1.003488200,1,0
1.003493200,0,0
1.003493700,0,1
1.003498400,1,1
1.003503450,0,1
1.003503650,0,0
1.003508600,1,0
1.003513650,0,0
1.003518850,1,0
1.003523900,0,0
1.003529050,1,0
1.003534100,0,0
1.003539300,1,0
1.003544300,0,0
1.003549500,1,0
1.003554550,0,0
1.003559750,1,0
1.003564750,0,0
1.003569950,1,0
1.003575000,0,0
1.003580200,1,0
1.003585200,0,0
1.003585750,0,1
1.003590400,1,1
1.003595450,0,1
1.003600600,1,1
1.003605650,0,1
1.003605900,0,0
1.003610850,1,0
1.003615900,0,0
1.003621050,1,0
1.003626100,0,0
1.003631300,1,0
1.003636300,0,0
1.003641500,1,0
1.003646550,0,0
1.003651750,1,0
1.003656750,0,0
1.003661950,1,0
1.003667000,0,0
1.003667450,0,1
1.003672200,1,1
1.003677200,0,1
1.003677450,0,0
1.003682400,1,0
1.003687450,0,0
1.003692600,1,0
1.003697650,0,0
1.003702850,1,0
1.003707900,0,0
1.003713050,1,0
1.003718100,0,0
1.003718600,0,1
1.003723300,1,1
1.003728300,0,1
1.003728550,0,0
1.003733500,1,0
1.003738550,0,0
1.003743750,1,0
1.003748750,0,0
1.003753950,1,0
1.003759000,0,0
1.003764200,1,0
1.003769200,0,0
1.003769700,0,1
1.003774400,1,1
1.003779450,0,1
1.003779700,0,0
1.003784600,1,0
1.003789650,0,0
1.003790100,0,1
1.003794850,1,1
1.003799900,0,1
1.003800100,0,0
1.003805050,1,0
1.003810100,0,0
1.003815300,1,0
1.003820300,0,0
1.003820800,0,1
1.003825500,1,1
1.003830550,0,1
1.003831550,0,0
1.003835750,1,0
1.003840750,0,0
1.003845950,1,0
1.003851000,0,0
1.003856200,1,0
1.003861200,0,0
1.003861750,0,1
1.003866400,1,1
1.003871450,0,1
1.003871750,0,0
1.003876600,1,0
1.003881650,0,0
1.003886850,1,0
1.003891900,0,0
1.003897050,1,0
1.003902100,0,0
1.003907300,1,0
1.003912300,0,0
1.003917500,1,0
1.003922550,0,0
1.003927750,1,0
1.003932750,0,0
1.003937950,1,0
1.003943000,0,0
1.003948200,1,0
1.003953200,0,0
1.003953700,0,1
1.003958400,1,1
1.003963450,0,1
1.003968600,1,1
1.003973650,0,1
1.003978850,1,1
1.003983900,0,1
1.003984200,0,0
1.003989050,1,0
1.003994100,0,0
1.003999300,1,0
1.004004300,0,0
1.004009500,1,0
1.004014550,0,0
1.004019750,1,0
1.004024750,0,0
1.004029950,1,0
1.004035000,0,0
1.004040200,1,0
1.004045200,0,0
1.004045750,0,1
1.004050400,1,1
1.004055450,0,1
1.004060600,1,1
1.004065650,0,1
1.004065900,0,0
1.004070850,1,0
1.004075900,0,0
1.004076300,0,1
1.004081050,1,1
1.004086100,0,1
1.004091300,1,1
1.004096300,0,1
1.004101500,1,1
1.004106550,0,1
1.004107550,0,0
1.004111750,1,0
1.004116750,0,0
1.004121950,1,0
1.004127000,0,0
1.004132200,1,0
1.004137200,0,0
1.004137650,0,1
1.004142400,1,1
1.004147450,0,1
1.004147750,0,0
1.004152600,1,0
1.004157650,0,0
1.004158150,0,1
1.004162850,1,1
1.004167850,0,1
1.004168150,0,0
1.004173050,1,0
1.004178100,0,0
1.004183300,1,0
1.004188300,0,0
1.004193500,1,0
1.004198550,0,0
1.004203750,1,0
1.004208750,0,0
1.004213950,1,0
1.004219000,0,0
1.004224200,1,0
1.004229200,0,0
1.004229700,0,1
1.004234400,1,1
1.004239450,0,1
1.004244600,1,1
1.004249650,0,1
1.004249850,0,0
1.004254850,1,0
1.004259850,0,0
1.004265050,1,0
1.004270100,0,0
1.004275300,1,0
1.004280300,0,0
1.004285500,1,0
1.004290550,0,0
1.004295750,1,0
1.004300750,0,0
1.004305950,1,0
1.004311000,0,0
1.004316150,1,0
1.004321200,0,0
1.004321750,0,1
1.004326400,1,1
1.004331450,0,1
1.004336600,1,1
1.004341650,0,1
1.004341900,0,0
1.004346850,1,0
1.004351850,0,0
1.004357050,1,0
1.004362100,0,0
1.004367300,1,0
1.004372300,0,0
1.004377500,1,0
1.004382550,0,0
1.004387750,1,0
1.004392750,0,0
1.004397950,1,0
1.004403000,0,0
1.004408150,1,0
1.004413200,0,0
1.004413650,0,1
1.004418400,1,1
1.004423450,0,1
1.004423650,0,0
1.004428600,1,0
1.004433650,0,0
1.004438850,1,0
1.004443850,0,0
1.004449050,1,0
1.004454100,0,0
1.004459300,1,0
1.004464300,0,0
1.004469500,1,0
1.004474550,0,0
1.004479750,1,0
1.004484750,0,0
1.004489950,1,0
1.004495000,0,0
1.004500150,1,0
1.004505200,0,0
1.004505700,0,1
1.004510400,1,1
1.004515450,0,1
1.004520600,1,1
1.004525650,0,1
1.004525900,0,0
1.004530850,1,0
1.004535850,0,0
1.004541050,1,0
1.004546100,0,0
1.004551300,1,0
1.004556300,0,0
1.004561500,1,0
1.004566550,0,0
1.004571750,1,0
1.004576750,0,0
1.004580000,0,1
1.004581950,1,1
1.004587000,0,1
1.004587200,0,0
1.004592150,1,0
1.004597200,0,0
1.004597600,0,1
1.004602400,1,1
1.004607450,0,1
1.004612600,1,1
1.004617650,0,1
1.004617950,0,0
1.004622850,1,0
1.004627850,0,0
1.004628300,0,1
1.004633050,1,1
1.004638100,0,1
1.004638350,0,0
1.004643300,1,0
1.004648300,0,0
1.004648700,0,1
1.004653500,1,1
1.004658550,0,1
1.006091550,0,0
1.006095750,1,0
1.006100750,0,0
1.006105950,1,0
1.006110950,0,0
1.006111400,0,1
1.006116150,1,1
1.006121200,0,1
1.006126400,1,1
1.006131400,0,1
1.006131700,0,0
1.006136600,1,0
1.006141650,0,0
1.006142100,0,1
1.006146850,1,1
1.006151850,0,1
1.006157050,1,1
1.006162100,0,1
1.006167250,1,1
1.006172300,0,1
1.006172500,0,0
1.006177500,1,0
1.006182550,0,0
1.006187700,1,0
1.006192750,0,0
1.006196000,0,1
1.006197950,1,1
1.006202950,0,1
1.006203250,0,0
1.006208150,1,0
1.006213200,0,0
1.006218400,1,0
1.006223400,0,0
1.006223850,0,1
1.006228600,1,1
1.006233650,0,1
1.006238800,1,1
1.006243850,0,1
1.006249050,1,1
1.006254100,0,1
1.006254350,0,0
1.006259250,1,0
1.006264300,0,0
1.006264750,0,1
1.006269500,1,1
1.006274550,0,1
1.006275500,0,0
1.006279700,1,0
1.006284750,0,0
1.006287950,0,1
1.006289950,1,1
1.006294950,0,1
1.006300150,1,1
1.006305200,0,1
1.006310400,1,1
1.006315400,0,1
1.006315700,0,0
1.006320600,1,0
1.006325650,0,0
1.006330850,1,0
1.006335850,0,0
1.006341050,1,0
1.006346100,0,0
1.006346650,0,1
1.006351250,1,1
1.006356300,0,1
1.006361500,1,1
1.006366500,0,1
1.006367500,0,0
1.006371700,1,0
1.006376750,0,0
1.006381950,1,0
1.006386950,0,0
1.006392150,1,0
1.006397200,0,0
1.006402400,1,0
1.006407400,0,0
1.006412600,1,0
1.006417650,0,0
1.006422850,1,0
1.006427850,0,0
1.006433050,1,0
1.006438100,0,0
1.006443250,1,0
1.006448300,0,0
1.006453500,1,0
1.006458500,0,0
1.006463700,1,0
1.006468750,0,0
1.006472000,0,1
1.006473950,1,1
1.006478950,0,1
1.006479250,0,0
1.006484150,1,0
1.006489200,0,0
1.006494400,1,0
1.006499400,0,0
1.006504600,1,0
1.006509650,0,0
1.006514800,1,0
1.006519850,0,0
1.006525050,1,0
1.006530100,0,0
1.006530600,0,1
1.006535250,1,1
1.006540300,0,1
1.006540550,0,0
1.006545500,1,0
1.006550500,0,0
1.006555700,1,0
1.006560750,0,0
1.006565950,1,0
1.006570950,0,0
1.006576150,1,0
1.006581200,0,0
1.006581700,0,1
1.006586400,1,1
1.006591400,0,1
1.006596600,1,1
1.006601650,0,1
1.006606800,1,1
1.006611850,0,1
1.006612100,0,0
1.006617050,1,0
1.006622100,0,0
1.006627250,1,0
1.006632300,0,0
1.006637500,1,0
1.006642500,0,0
1.006647700,1,0
1.006652750,0,0
1.006657950,1,0
1.006662950,0,0
1.006668150,1,0
1.006673200,0,0
1.006673650,0,1
1.006678400,1,1
1.006683400,0,1
1.006683600,0,0
1.006688600,1,0
1.006693650,0,0
1.006698800,1,0
1.006703850,0,0
1.006709050,1,0
1.006714100,0,0
1.006719250,1,0
1.006724300,0,0
1.006729500,1,0
1.006734500,0,0
1.006739700,1,0
1.006744750,0,0
1.006749950,1,0
1.006754950,0,0
1.006760150,1,0
1.006765200,0,0
1.006765700,0,1
1.006770400,1,1
1.006775400,0,1
1.006780600,1,1
1.006785650,0,1
1.006790800,1,1
1.006795850,0,1
1.006796050,0,0
1.006801050,1,0
1.006806100,0,0
1.006811250,1,0
1.006816300,0,0
1.006816800,0,1
1.006821500,1,1
1.006826500,0,1
1.008898750,1,1
1.008903750,0,1
1.008904750,0,0
1.008908950,1,0
1.008915150,1,1
1.009875950,1,0
1.009881950,0,0
1.009887100,1,0
1.009892150,0,0
1.009893400,0,1
1.009897350,1,1
1.009902400,0,1
1.009907550,1,1
1.009912600,0,1
1.009913600,0,0
1.009917800,1,0
1.009922850,0,0
1.009924050,0,1
1.009928000,1,1
1.009933050,0,1
1.009938250,1,1
1.009943250,0,1
1.009948450,1,1
1.009953500,0,1
1.009954500,0,0
1.009958700,1,0
1.009963700,0,0
1.009968900,1,0
1.009973950,0,0
1.009974400,0,1
1.010971950,0,0
1.010976150,1,0
1.010981150,0,0
1.010982350,0,1
1.010986350,1,1
1.010991400,0,1
1.010992400,0,0
1.010996550,1,0
1.011001600,0,0
1.011002800,0,1
1.011006800,1,1
1.011011800,0,1
1.011012800,0,0
1.011017000,1,0
1.011022050,0,0
1.011027250,1,0
1.011032250,0,0
1.011037450,1,0
1.011042500,0,0
1.011043750,0,1
1.011047700,1,1
1.011052700,0,1
1.011053000,0,0
1.011057900,1,0
1.011062950,0,0
1.011063400,0,1
1.011068100,1,1
1.011073150,0,1
1.011074150,0,0
1.011078350,1,0
1.011083400,0,0
1.011088550,1,0
1.011093600,0,0
1.011098800,1,0
1.011103800,0,0
1.011109000,1,0
1.011114050,0,0
1.011119250,1,0
1.011124250,0,0
1.011125500,0,1
1.011129450,1,1
1.011134500,0,1
1.011139700,1,1
1.011144700,0,1
1.011145050,0,0
1.011149900,1,0
1.011154950,0,0
1.011155400,0,1
1.011160100,1,1
1.011165150,0,1
1.011170350,1,1
1.011175400,0,1
1.011180550,1,1
1.011185600,0,1
1.011190800,1,1
1.011195800,0,1
1.011196800,0,0
1.011201000,1,0
1.011206050,0,0
1.011211250,1,0
1.011216250,0,0
1.011217500,0,1
1.011221450,1,1
1.011226500,0,1
1.011231650,1,1
1.011236700,0,1
1.011236950,0,0
1.011241900,1,0
1.011246950,0,0
1.011252100,1,0
1.011257150,0,0
1.011262350,1,0
1.011267400,0,0
1.011272550,1,0
1.011277600,0,0
1.011282800,1,0
1.011287800,0,0
1.011293000,1,0
1.011298050,0,0
1.011303250,1,0
1.011308250,0,0
1.011313450,1,0
1.011318500,0,0
1.011323700,1,0
1.011328700,0,0
1.011333900,1,0
1.011338950,0,0
1.011339400,0,1
1.011344100,1,1
1.011349150,0,1
1.011350150,0,0
1.011354350,1,0
1.011359400,0,0
1.011364550,1,0
1.011369600,0,0
1.011370850,0,1
1.011374800,1,1
1.011379800,0,1
1.011385000,1,1
1.011390050,0,1
1.011395250,1,1
1.011400250,0,1
1.011401250,0,0
1.011405450,1,0
1.011410500,0,0
1.011415650,1,0
1.011420700,0,0
1.011425900,1,0
1.011430950,0,0
1.011431450,0,1
1.011436100,1,1
1.011441150,0,1
1.011446350,1,1
1.011451350,0,1
1.011452350,0,0
1.011456550,1,0
1.011461600,0,0
1.011462800,0,1
1.011466800,1,1
1.011471800,0,1
1.011472800,0,0
1.011477000,1,0
1.011482050,0,0
1.011487250,1,0
1.011492250,0,0
1.011493500,0,1
1.011497450,1,1
1.011502500,0,1
1.011507650,1,1
1.011512700,0,1
1.011512950,0,0
1.011517900,1,0
1.011522950,0,0
1.011523350,0,1
1.013739900,0,0
1.013744150,1,0
1.013750350,1,1
1.014689150,1,0
1.014695150,0,0
1.014700300,1,0
1.014705350,0,0
1.014706550,0,1
1.014710500,1,1
1.014715550,0,1
1.014720750,1,1
1.014725800,0,1
1.014726800,0,0
1.014731000,1,0
1.014736000,0,0
1.014737200,0,1
1.014741200,1,1
1.014746250,0,1
1.014751450,1,1
1.014756450,0,1
1.014761650,1,1
1.014766700,0,1
1.014771850,1,1
1.014776900,0,1
1.014777150,0,0
1.014782100,1,0
1.014787150,0,0
1.015703350,1,0
1.015708350,0,0
1.015708800,0,1
1.015713550,1,1
1.015718550,0,1
1.015723750,1,1
1.015728800,0,1
1.015729100,0,0
1.015734000,1,0
1.015739000,0,0
1.015739500,0,1
1.015744200,1,1
1.015749250,0,1
1.015754400,1,1
1.015759450,0,1
1.015764650,1,1
1.015769700,0,1
1.015769900,0,0
1.015774850,1,0
1.015779900,0,0
1.015785100,1,0
1.015790100,0,0
1.015793350,0,1
1.015795300,1,1
1.015800350,0,1
1.015800600,0,0
1.015805550,1,0
1.015810550,0,0
1.015815750,1,0
1.015820800,0,0
1.015821250,0,1
1.015825950,1,1
1.015831000,0,1
1.015836200,1,1
1.015841250,0,1
1.015846400,1,1
1.015851450,0,1
1.015851750,0,0
1.015856650,1,0
1.015861650,0,0
1.015862100,0,1
1.015866850,1,1
1.015871900,0,1
1.015872900,0,0
1.015877100,1,0
1.015882100,0,0
1.015885350,0,1
1.015887300,1,1
1.015892350,0,1
1.015897550,1,1
1.015902550,0,1
1.015907750,1,1
1.015912800,0,1
1.015913050,0,0
1.015917950,1,0
1.015923000,0,0
1.015928200,1,0
1.015933250,0,0
1.015938400,1,0
1.015943450,0,0
1.015943850,0,1
1.015948650,1,1
1.015953650,0,1
1.015958850,1,1
1.015963900,0,1
1.015964900,0,0
1.015969100,1,0
1.015974100,0,0
1.015979300,1,0
1.015984350,0,0
1.015989550,1,0
1.015994550,0,0
1.015999750,1,0
1.016004800,0,0
1.016009950,1,0
1.016015000,0,0
1.016020200,1,0
1.016025250,0,0
1.016030400,1,0
1.016035450,0,0
1.016040650,1,0
1.016045650,0,0
1.016050850,1,0
1.016055900,0,0
1.016061100,1,0
1.016066100,0,0
1.016069350,0,1
1.016071300,1,1
1.016076350,0,1
1.016076650,0,0
1.016081550,1,0
1.016086550,0,0
1.016091750,1,0
1.016096800,0,0
1.016097250,0,1
1.016101950,1,1
1.016107000,0,1
1.016112200,1,1
1.016117250,0,1
1.016122400,1,1
1.016127450,0,1
1.016127750,0,0
1.016132650,1,0
1.016137650,0,0
1.016142850,1,0
1.016147900,0,0
1.016153100,1,0
1.016158100,0,0
1.016163300,1,0
1.016168350,0,0
1.016168750,0,1
1.016173550,1,1
1.016178550,0,1
1.016178900,0,0
1.016183750,1,0
1.016188800,0,0
1.016193950,1,0
1.016199000,0,0
1.016204200,1,0
1.016209250,0,0
1.016214400,1,0
1.016219450,0,0
1.016224650,1,0
1.016229650,0,0
1.016230100,0,1
1.016234850,1,1
1.016239900,0,1
1.016240900,0,0
1.016245100,1,0
1.016250100,0,0
1.016255300,1,0
1.016260350,0,0
1.016265550,1,0
1.016270550,0,0
1.016271000,0,1
1.016275750,1,1
1.016280800,0,1
1.016281000,0,0
1.016285950,1,0
1.016291000,0,0
1.016296200,1,0
1.016301250,0,0
1.016306400,1,0
1.016311450,0,0
1.016316650,1,0
1.016321650,0,0
1.016326850,1,0
1.016331900,0,0
1.016337100,1,0
1.016342100,0,0
1.016347300,1,0
1.016352350,0,0
1.016357550,1,0
1.016362550,0,0
1.016363100,0,1
1.016367750,1,1
1.016372800,0,1
1.016377950,1,1
1.016383000,0,1
1.016383250,0,0
1.016388200,1,0
1.016393250,0,0
1.016398400,1,0
1.016403450,0,0
1.016408650,1,0
1.016413650,0,0
1.016414200,0,1
1.016418850,1,1
1.016423900,0,1
1.016424900,0,0
1.016429100,1,0
1.016434100,0,0
1.016439300,1,0
1.016444350,0,0
1.016449550,1,0
1.016454550,0,0
1.016455000,0,1
1.016459750,1,1
1.016464800,0,1
1.016469950,1,1
1.016475000,0,1
1.016475300,0,0
1.016480200,1,0
1.016485200,0,0
1.016485700,0,1
1.016490400,1,1
1.016495450,0,1
1.016495700,0,0
1.016500650,1,0
1.016505650,0,0
1.016510850,1,0
1.016515900,0,0
1.016521100,1,0
1.016526100,0,0
1.016531300,1,0
1.016536350,0,0
1.016541500,1,0
1.016546550,0,0
1.016547050,0,1
1.016551750,1,1
1.016556800,0,1
1.016557000,0,0
1.016561950,1,0
1.016567000,0,0
1.016572200,1,0
1.016577200,0,0
1.016582400,1,0
1.016587450,0,0
1.016592650,1,0
1.016597650,0,0
1.016602850,1,0
1.016607900,0,0
1.016613100,1,0
1.016618100,0,0
1.016623300,1,0
1.016628350,0,0
1.016633500,1,0
1.016638550,0,0
1.016639100,0,1
1.016643750,1,1
1.016648800,0,1
1.016653950,1,1
1.016659000,0,1
1.016659250,0,0
1.016664200,1,0
1.016669200,0,0
1.016674400,1,0
1.016679450,0,0
1.016684650,1,0
1.016689650,0,0
1.016690200,0,1
1.016694850,1,1
1.016699900,0,1
1.016700900,0,0
1.016705100,1,0
1.016710100,0,0
1.016715300,1,0
1.016720350,0,0
1.016720800,0,1
1.016725500,1,1
1.016730550,0,1
1.016730800,0,0
1.016735750,1,0
1.016740800,0,0
1.016745950,1,0
1.016751000,0,0
1.016756200,1,0
1.016761200,0,0
1.016761750,0,1
1.016766400,1,1
1.016771450,0,1
1.016771700,0,0
1.016776650,1,0
1.016781650,0,0
1.016782100,0,1
1.016786850,1,1
1.016791900,0,1
1.016792900,0,0
1.016797100,1,0
1.016802100,0,0
1.016807300,1,0
1.016812350,0,0
1.016817500,1,0
1.016822550,0,0
1.016823050,0,1
1.016827750,1,1
1.016832800,0,1
1.016833050,0,0
1.016837950,1,0
1.016843000,0,0
1.016848200,1,0
1.016853200,0,0
1.016858400,1,0
1.016863450,0,0
1.016868650,1,0
1.016873650,0,0
1.016878850,1,0
1.016883900,0,0
1.016889100,1,0
1.016894100,0,0
1.016899300,1,0
1.016904350,0,0
1.016909500,1,0
1.016914550,0,0
1.016914950,0,1
1.016919750,1,1
1.016924800,0,1
1.016929950,1,1
1.016935000,0,1
1.016935300,0,0
1.016940200,1,0
1.016945200,0,0
1.016950400,1,0
1.016955450,0,0
1.016955900,0,1
1.016960650,1,1
1.016965650,0,1
1.016965900,0,0
1.016970850,1,0
1.016975900,0,0
1.016981100,1,0
1.016986100,0,0
1.016991300,1,0
1.016996350,0,0
1.017001500,1,0
1.017006550,0,0
1.017007050,0,1
1.017011750,1,1
1.017016800,0,1
1.017021950,1,1
1.017027000,0,1
1.017032200,1,1
1.017037200,0,1
1.017037550,0,0
1.017042400,1,0
1.017047450,0,0
1.017052650,1,0
1.017057650,0,0
1.017062850,1,0
1.017067900,0,0
1.017073100,1,0
1.017078100,0,0
1.017083300,1,0
1.017088350,0,0
1.017093500,1,0
1.017098550,0,0
1.017099100,0,1
1.017103750,1,1
1.017108800,0,1
1.017109050,0,0
1.017113950,1,0
1.017119000,0,0
1.017124200,1,0
1.017129200,0,0
1.017134400,1,0
1.017139450,0,0
1.017144650,1,0
1.017149650,0,0
1.017154850,1,0
1.017159900,0,0
1.017160400,0,1
1.018587900,0,0
1.018592100,1,0
1.018597100,0,0
1.018602300,1,0
1.018607300,0,0
1.018612500,1,0
1.018617550,0,0
1.018618000,0,1
1.018622750,1,1
1.018627750,0,1
1.018632950,1,1
1.018638000,0,1
1.018638200,0,0
1.018643200,1,0
1.018648200,0,0
1.018653400,1,0
1.018658450,0,0
1.018658950,0,1
1.018663600,1,1
1.018668650,0,1
1.018673850,1,1
1.018678900,0,1
1.018679850,0,0
1.018684050,1,0
1.018689100,0,0
1.018694300,1,0
1.018699300,0,0
1.018704500,1,0
1.018709550,0,0
1.018710050,0,1
1.018714750,1,1
1.018719750,0,1
1.018724950,1,1
1.018730000,0,1
1.018730250,0,0
1.018735150,1,0
1.018740200,0,0
1.018745400,1,0
1.018750450,0,0
1.018750850,0,1
1.018755600,1,1
1.018760650,0,1
1.018761000,0,0
1.018765850,1,0
1.018770850,0,0
1.018776050,1,0
1.018781100,0,0
1.018786300,1,0
1.018791300,0,0
1.018796500,1,0
1.018801550,0,0
1.018802000,0,1
1.018806750,1,1
1.018811750,0,1
1.018811950,0,0
1.018816950,1,0
1.018822000,0,0
1.018827150,1,0
1.018832200,0,0
1.018837400,1,0
1.018842450,0,0
1.018847600,1,0
1.018852650,0,0
1.018857850,1,0
1.018862850,0,0
1.018868050,1,0
1.018873100,0,0
1.018878300,1,0
1.018883300,0,0
1.018888500,1,0
1.018893550,0,0
1.018894050,0,1
1.018898750,1,1
1.018903750,0,1
1.018908950,1,1
1.018914000,0,1
1.018914200,0,0
1.018919150,1,0
1.018924200,0,0
1.018929400,1,0
1.018934450,0,0
1.018934950,0,1
1.018939600,1,1
1.018944650,0,1
1.018949850,1,1
1.018954850,0,1
1.018955850,0,0
1.018960050,1,0
1.018965100,0,0
1.018970300,1,0
1.018975300,0,0
1.018975750,0,1
1.018980500,1,1
1.018985550,0,1
1.018985750,0,0
1.018990750,1,0
1.018995750,0,0
1.019000950,1,0
1.019006000,0,0
1.019011150,1,0
1.019016200,0,0
1.019021400,1,0
1.019026450,0,0
1.019026900,0,1
1.019031600,1,1
1.019036650,0,1
1.019041850,1,1
1.019046850,0,1
1.019047850,0,0
1.019052050,1,0
1.019057100,0,0
1.019062300,1,0
1.019067300,0,0
1.019072500,1,0
1.019077550,0,0
1.019078000,0,1
1.019082750,1,1
1.019087750,0,1
1.019088000,0,0
1.019092950,1,0
1.019098000,0,0
1.019103150,1,0
1.019108200,0,0
1.019113400,1,0
1.019118450,0,0
1.019123600,1,0
1.019128650,0,0
1.019133850,1,0
1.019138850,0,0
1.019144050,1,0
1.019149100,0,0
1.019154300,1,0
1.019159300,0,0
1.019164500,1,0
1.019169550,0,0
1.019170050,0,1
1.019174750,1,1
1.019179750,0,1
1.019184950,1,1
1.019190000,0,1
1.019190250,0,0
1.019195150,1,0
1.019200200,0,0
1.019200600,0,1
1.019205400,1,1
1.019210450,0,1
1.019210650,0,0
1.019215600,1,0
1.019220650,0,0
1.019225850,1,0
1.019230850,0,0
1.019236050,1,0
1.019241100,0,0
1.019246300,1,0
1.019251300,0,0
1.019256500,1,0
1.019261550,0,0
1.019261950,0,1
1.019266700,1,1
1.019271750,0,1
1.019276950,1,1
1.019282000,0,1
1.019282300,0,0
1.019287150,1,0
1.019292200,0,0
1.019292650,0,1
1.019297400,1,1
1.019302450,0,1
1.019307600,1,1
1.019312650,0,1
1.019312900,0,0
1.019317850,1,0
1.019322850,0,0
1.019328050,1,0
1.019333100,0,0
1.019338300,1,0
1.019343300,0,0
1.019348500,1,0
1.019353550,0,0
1.019354000,0,1
1.019358750,1,1
1.019363750,0,1
1.019364000,0,0
1.019368950,1,0
1.019374000,0,0
1.019379150,1,0
1.019384200,0,0
1.019389400,1,0
1.019394450,0,0
1.019399600,1,0
1.019404650,0,0
1.019409850,1,0
1.019414850,0,0
1.019420050,1,0
1.019425100,0,0
1.019430300,1,0
1.019435300,0,0
1.019440500,1,0
1.019445550,0,0
1.019446100,0,1
1.019450700,1,1
1.019455750,0,1
1.019460950,1,1
1.019466000,0,1
1.019466250,0,0
1.019471150,1,0
1.019476200,0,0
1.019476650,0,1
1.019481400,1,1
1.019486400,0,1
1.019486650,0,0
1.019491600,1,0
1.019496650,0,0
1.019497050,0,1
1.019501850,1,1
1.019506850,0,1
1.019507850,0,0
1.019512050,1,0
1.019517100,0,0
1.019522300,1,0
1.019527300,0,0
1.019532500,1,0
1.019537550,0,0
1.019538000,0,1
1.019542700,1,1
1.019547750,0,1
1.019552950,1,1
1.019558000,0,1
1.019558300,0,0
1.019563150,1,0
1.019568200,0,0
1.019573400,1,0
1.019578400,0,0
1.019583600,1,0
1.019588650,0,0
1.019593850,1,0
1.019598850,0,0
1.019604050,1,0
1.019609100,0,0
1.019614300,1,0
1.019619300,0,0
1.019624500,1,0
1.019629550,0,0
1.019630050,0,1
1.019634700,1,1
1.019639750,0,1
1.019640000,0,0
1.019644950,1,0
1.019650000,0,0
1.019655150,1,0
1.019660200,0,0
1.019665400,1,0
1.019670400,0,0
1.019675600,1,0
1.019680650,0,0
1.019685850,1,0
1.019690850,0,0
1.019696050,1,0
1.019701100,0,0
1.019706300,1,0
1.019711300,0,0
1.019716500,1,0
1.019721550,0,0
1.019721950,0,1
1.019726700,1,1
1.019731750,0,1
1.019736950,1,1
1.019742000,0,1
1.019742250,0,0
1.019747150,1,0
1.019752200,0,0
1.019752650,0,1
1.019757400,1,1
1.019762400,0,1
1.019762650,0,0
1.019767600,1,0
1.019772650,0,0
1.019773050,0,1
1.019777850,1,1
1.019782850,0,1
1.019783850,0,0
1.019788050,1,0
1.019793100,0,0
1.019798300,1,0
1.019803300,0,0
1.019803800,0,1
1.019808500,1,1
1.019813550,0,1
1.019813800,0,0
1.019818700,1,0
1.019823750,0,0
1.019828950,1,0
1.019834000,0,0
1.019839150,1,0
1.019844200,0,0
1.019849400,1,0
1.019854400,0,0
1.019859600,1,0
1.019864650,0,0
1.019865150,0,1
1.019869850,1,1
1.019874850,0,1
1.019875850,0,0
1.019880050,1,0
1.019885100,0,0
1.019890300,1,0
1.019895300,0,0
1.019900500,1,0
1.019905550,0,0
1.019906050,0,1
1.019910700,1,1
1.019915750,0,1
1.019916050,0,0
1.019920950,1,0
1.019926000,0,0
1.019931150,1,0
1.019936200,0,0
1.019941400,1,0
1.019946400,0,0
1.019951600,1,0
1.019956650,0,0
1.019961850,1,0
1.019966850,0,0
1.019972050,1,0
1.019977100,0,0
1.019980350,0,1
1.019982300,1,1
1.019987300,0,1
1.019992500,1,1
1.019997550,0,1
1.019997750,0,0
1.020002700,1,0
1.020007750,0,0
1.020012950,1,0
1.020018000,0,0
1.020023150,1,0
1.020028200,0,0
1.020028700,0,1
1.020033400,1,1
1.020038400,0,1
1.020038700,0,0
1.020043600,1,0
1.020048650,0,0
1.020053850,1,0
1.020058850,0,0
1.020059300,0,1
1.021572850,0,0
1.021577100,1,0
1.021582050,0,0
1.021587300,1,0
1.021592300,0,0
1.021592750,0,1
1.021597500,1,1
1.021602500,0,1
1.021607700,1,1
1.021612750,0,1
1.021612950,0,0
1.021617950,1,0
1.021622950,0,0
1.021623450,0,1
1.021628150,1,1
1.021633200,0,1
1.021638350,1,1
1.021643400,0,1
1.021648600,1,1
1.021653650,0,1
1.021653850,0,0
1.021658800,1,0
1.021663850,0,0
1.021669050,1,0
1.021674050,0,0
1.021677300,0,1
1.021679250,1,1
1.021684300,0,1
1.021684600,0,0
1.021689500,1,0
1.021694500,0,0
1.021699700,1,0
1.021704750,0,0
1.021705200,0,1
1.021709950,1,1
1.021714950,0,1
1.021720150,1,1
1.021725200,0,1
1.021730350,1,1
1.021735400,0,1
1.021735750,0,0
1.021740600,1,0
1.021745650,0,0
1.021746100,0,1
1.021750800,1,1
1.021755850,0,1
1.021756850,0,0
1.021761050,1,0
1.021766050,0,0
1.021769300,0,1
1.021771250,1,1
1.021776300,0,1
1.021781500,1,1
1.021786500,0,1
1.021791700,1,1
1.021796750,0,1
1.021797050,0,0
1.021801950,1,0
1.021806950,0,0
1.021812150,1,0
1.021817200,0,0
1.021822350,1,0
1.021827400,0,0
1.021827850,0,1
1.021832600,1,1
1.021837650,0,1
1.021842800,1,1
1.021847850,0,1
1.021848850,0,0
1.021853050,1,0
1.021858050,0,0
1.021863250,1,0
1.021868300,0,0
1.021873500,1,0
1.021878500,0,0
1.021883700,1,0
1.021888750,0,0
1.021893950,1,0
1.021898950,0,0
1.021904150,1,0
1.021909200,0,0
1.021914350,1,0
1.021919400,0,0
1.021924600,1,0
1.021929650,0,0
1.021934800,1,0
1.021939850,0,0
1.021945050,1,0
1.021950050,0,0
1.021953300,0,1
1.021955250,1,1
1.021960300,0,1
1.021960600,0,0
1.021965500,1,0
1.021970500,0,0
1.021975700,1,0
1.021980750,0,0
1.021981250,0,1
1.021985950,1,1
1.021990950,0,1
1.021996150,1,1
1.022001200,0,1
1.022006350,1,1
1.022011400,0,1
1.022011600,0,0
1.022016600,1,0
1.022021650,0,0
1.022026800,1,0
1.022031850,0,0
1.022037050,1,0
1.022042050,0,0
1.022047250,1,0
1.022052300,0,0
1.022052750,0,1
1.022057500,1,1
1.022062500,0,1
1.022062750,0,0
1.022067700,1,0
1.022072750,0,0
1.022077950,1,0
1.022082950,0,0
1.022088150,1,0
1.022093200,0,0
1.022098350,1,0
1.022103400,0,0
1.022108600,1,0
1.022113650,0,0
1.022114100,0,1
1.022118800,1,1
1.022123850,0,1
1.022124850,0,0
1.022129050,1,0
1.022134050,0,0
1.022139250,1,0
1.022144300,0,0
1.022149500,1,0
1.022154500,0,0
1.022155000,0,1
1.022159700,1,1
1.022164750,0,1
1.022165000,0,0
1.022169950,1,0
1.022174950,0,0
1.022180150,1,0
1.022185200,0,0
1.022190350,1,0
1.022195400,0,0
1.022200600,1,0
1.022205650,0,0
1.022210800,1,0
1.022215850,0,0
1.022221050,1,0
1.022226050,0,0
1.022231250,1,0
1.022236300,0,0
1.022241500,1,0
1.022246500,0,0
1.022247050,0,1
1.022251700,1,1
1.022256750,0,1
1.022261900,1,1
1.022266950,0,1
1.022267250,0,0
1.022272150,1,0
1.022277200,0,0
1.022282350,1,0
1.022287400,0,0
1.022292600,1,0
1.022297650,0,0
1.022298050,0,1
1.022302800,1,1
1.022307850,0,1
1.024389050,1,1
1.024394050,0,1
1.024395050,0,0
1.024399250,1,0
1.024405450,1,1
1.025650250,1,0
1.025656250,0,0
1.025661400,1,0
1.025666500,0,0
1.025667700,0,1
1.025671650,1,1
1.025676700,0,1
1.025681900,1,1
1.025686950,0,1
1.025687950,0,0
1.025692100,1,0
1.025697150,0,0
1.025698350,0,1
1.025702350,1,1
1.025707400,0,1
1.025712550,1,1
1.025717600,0,1
1.025722800,1,1
1.025727800,0,1
1.025728800,0,0
1.025733000,1,0
1.025738050,0,0
1.025743250,1,0
1.025748250,0,0
1.025748700,0,1
1.026701250,0,0
1.026705500,1,0
1.026710500,0,0
1.026711700,0,1
1.026715700,1,1
1.026720700,0,1
1.026721700,0,0
1.026725900,1,0
1.026730900,0,0
1.026732150,0,1
1.026736100,1,1
1.026741150,0,1
1.026742150,0,0
1.026746350,1,0
1.026751350,0,0
1.026756550,1,0
1.026761600,0,0
1.026766800,1,0
1.026771800,0,0
1.026773050,0,1
1.026777000,1,1
1.026782050,0,1
1.026782300,0,0
1.026787200,1,0
1.026792250,0,0
1.026792700,0,1
1.026797450,1,1
1.026802500,0,1
1.026803500,0,0
1.026807650,1,0
1.026812700,0,0
1.026817900,1,0
1.026822900,0,0
1.026828100,1,0
1.026833150,0,0
1.026838350,1,0
1.026843350,0,0
1.026848550,1,0
1.026853600,0,0
1.026854850,0,1
1.026858800,1,1
1.026863800,0,1
1.026869000,1,1
1.026874050,0,1
1.026874350,0,0
1.026879200,1,0
1.026884250,0,0
1.026884750,0,1
1.026889450,1,1
1.026894500,0,1
1.026899650,1,1
1.026904700,0,1
1.026909900,1,1
1.026914900,0,1
1.026920100,1,1
1.026925150,0,1
1.026926150,0,0
1.026930350,1,0
1.026935350,0,0
1.026940550,1,0
1.026945600,0,0
1.026946800,0,1
1.026950800,1,1
1.026955800,0,1
1.026961000,1,1
1.026966050,0,1
1.026966250,0,0
1.026971200,1,0
1.026976250,0,0
1.026981450,1,0
1.026986500,0,0
1.026991650,1,0
1.026996700,0,0
1.027001900,1,0
1.027006900,0,0
1.027012100,1,0
1.027017150,0,0
1.027022350,1,0
1.027027350,0,0
1.027032550,1,0
1.027037600,0,0
1.027042800,1,0
1.027047800,0,0
1.027053000,1,0
1.027058050,0,0
1.027063200,1,0
1.027068250,0,0
1.027068750,0,1
1.027073450,1,1
1.027078500,0,1
1.027079500,0,0
1.027083650,1,0
1.027088700,0,0
1.027089900,0,1
1.027093900,1,1
1.027098900,0,1
1.027104100,1,1
1.027109150,0,1
1.027110150,0,0
1.027114350,1,0
1.027119350,0,0
1.027120550,0,1
1.027124550,1,1
1.027129600,0,1
1.027134800,1,1
1.027139800,0,1
1.027140800,0,0
1.027145000,1,0
1.027150050,0,0
1.027155200,1,0
1.027160250,0,0
1.027160750,0,1
1.027165450,1,1
1.027170500,0,1
1.027175650,1,1
1.027180700,0,1
1.027185900,1,1
1.027190900,0,1
1.027196100,1,1
1.027201150,0,1
1.027206350,1,1
1.027211350,0,1
1.027212350,0,0
1.027216550,1,0
1.027221600,0,0
1.027226800,1,0
1.027231800,0,0
1.027233050,0,1
1.027237000,1,1
1.027242050,0,1
1.027242300,0,0
1.027247200,1,0
1.027252250,0,0
1.027252650,0,1
1.029530250,0,0
1.029534450,1,0
1.029540650,1,1
1.030520450,1,0
1.030526450,0,0
1.030531600,1,0
1.030536650,0,0
1.030537900,0,1
1.030541850,1,1
1.030546900,0,1
1.030552100,1,1
1.030557100,0,1
1.030558100,0,0
1.030562300,1,0
1.030567350,0,0
1.030568550,0,1
1.030572550,1,1
1.030577550,0,1
1.030582750,1,1
1.030587800,0,1
1.030592950,1,1
1.030598000,0,1
1.030603200,1,1
1.030608250,0,1
1.030608450,0,0
1.030613400,1,0
1.030618450,0,0
1.031522700,1,0
1.031527650,0,0
1.031528200,0,1
1.031532850,1,1
1.031537900,0,1
1.031543100,1,1
1.031548100,0,1
1.031548350,0,0
1.031553300,1,0
1.031558350,0,0
1.031558750,0,1
1.031563500,1,1
1.031568550,0,1
1.031573750,1,1
1.031578800,0,1
1.031583950,1,1
1.031589000,0,1
1.031589300,0,0
1.031594200,1,0
1.031599200,0,0
1.031604400,1,0
1.031609450,0,0
1.031612650,0,1
1.031614650,1,1
1.031619650,0,1
1.031619900,0,0
1.031624850,1,0
1.031629900,0,0
1.031635100,1,0
1.031640100,0,0
1.031640650,0,1
1.031645300,1,1
1.031650350,0,1
1.031655500,1,1
1.031660550,0,1
1.031665750,1,1
1.031670800,0,1
1.031671000,0,0
1.031675950,1,0
1.031681000,0,0
1.031681400,0,1
1.031686200,1,1
1.031691200,0,1
1.031692200,0,0
1.031696400,1,0
1.031701450,0,0
1.031704650,0,1
1.031706650,1,1
1.031711650,0,1
1.031716850,1,1
1.031721900,0,1
1.031727050,1,1
1.031732100,0,1
1.031732350,0,0
1.031737300,1,0
1.031742350,0,0
1.031747500,1,0
1.031752550,0,0
1.031757750,1,0
1.031762800,0,0
1.031763300,0,1
1.031767950,1,1
1.031773000,0,1
1.031778200,1,1
1.031783200,0,1
1.031784200,0,0
1.031788400,1,0
1.031793450,0,0
1.031798650,1,0
1.031803650,0,0
1.031808850,1,0
1.031813900,0,0
1.031819100,1,0
1.031824100,0,0
1.031829300,1,0
1.031834350,0,0
1.031839500,1,0
1.031844550,0,0
1.031849750,1,0
1.031854750,0,0
1.031859950,1,0
1.031865000,0,0
1.031870200,1,0
1.031875200,0,0
1.031880400,1,0
1.031885450,0,0
1.031888700,0,1
1.031890650,1,1
1.031895650,0,1
1.031895900,0,0
1.031900850,1,0
1.031905900,0,0
1.031906300,0,1
1.031911050,1,1
1.031916100,0,1
1.031921300,1,1
1.031926350,0,1
1.031926650,0,0
1.031931500,1,0
1.031936550,0,0
1.031937000,0,1
1.031941750,1,1
1.031946750,0,1
1.031951950,1,1
1.031957000,0,1
1.031957250,0,0
1.031962200,1,0
1.031967200,0,0
1.031972400,1,0
1.031977450,0,0
1.031982650,1,0
1.031987650,0,0
1.031992850,1,0
1.031997900,0,0
1.031998400,0,1
1.032003050,1,1
1.032008100,0,1
1.032013300,1,1
1.032018350,0,1
1.032018550,0,0
1.032023500,1,0
1.032028550,0,0
1.032028950,0,1
1.032033750,1,1
1.032038750,0,1
1.032043950,1,1
1.032049000,0,1
1.032049300,0,0
1.032054200,1,0
1.032059200,0,0
1.032064400,1,0
1.032069450,0,0
1.032074650,1,0
1.032079650,0,0
1.032084850,1,0
1.032089900,0,0
1.032090450,0,1
1.032095050,1,1
1.032100100,0,1
1.032105300,1,1
1.032110350,0,1
1.032110600,0,0
1.032115500,1,0
1.032120550,0,0
1.032121000,0,1
1.032125750,1,1
1.032130750,0,1
1.032131000,0,0
1.032135950,1,0
1.032141000,0,0
1.032146200,1,0
1.032151200,0,0
1.032156400,1,0
1.032161450,0,0
1.032166650,1,0
1.032171650,0,0
1.032176850,1,0
1.032181900,0,0
1.032182350,0,1
1.032187050,1,1
1.032192100,0,1
1.032192300,0,0
1.032197300,1,0
1.032202350,0,0
1.032202850,0,1
1.032207500,1,1
1.032212550,0,1
1.032212850,0,0
1.032217750,1,0
1.032222750,0,0
1.032227950,1,0
1.032233000,0,0
1.032233450,0,1
1.032238200,1,1
1.032243200,0,1
1.032244200,0,0
1.032248400,1,0
1.032253450,0,0
1.032258650,1,0
1.032263650,0,0
1.032268850,1,0
1.032273900,0,0
1.032274400,0,1
1.032279050,1,1
1.032284100,0,1
1.032284350,0,0
1.032289300,1,0
1.032294350,0,0
1.032299500,1,0
1.032304550,0,0
1.032309750,1,0
1.032314750,0,0
1.032319950,1,0
1.032325000,0,0
1.032330200,1,0
1.032335200,0,0
1.032340400,1,0
1.032345450,0,0
1.032350650,1,0
1.032355650,0,0
1.032360850,1,0
1.032365900,0,0
1.032366300,0,1
1.032371050,1,1
1.032376100,0,1
1.032381300,1,1
1.032386350,0,1
1.032391500,1,1
1.032396550,0,1
1.032396800,0,0
1.032401750,1,0
1.032406750,0,0
1.032411950,1,0
1.032417000,0,0
1.032422200,1,0
1.032427200,0,0
1.032432400,1,0
1.032437450,0,0
1.032442650,1,0
1.032447650,0,0
1.032448150,0,1
1.032452850,1,1
1.032457900,0,1
1.032458150,0,0
1.032463050,1,0
1.032468100,0,0
1.032473300,1,0
1.032478350,0,0
1.032483500,1,0
1.032488550,0,0
1.032493750,1,0
1.032498750,0,0
1.032503950,1,0
1.032509000,0,0
1.032509500,0,1
1.032514200,1,1
1.032519200,0,1
1.032520200,0,0
1.032524400,1,0
1.032529450,0,0
1.032534650,1,0
1.032539650,0,0
1.032544850,1,0
1.032549900,0,0
1.032550400,0,1
1.032555050,1,1
1.032560100,0,1
1.032560400,0,0
1.032565300,1,0
1.032570300,0,0
1.032575500,1,0
1.032580550,0,0
1.032585750,1,0
1.032590750,0,0
1.032595950,1,0
1.032601000,0,0
1.032606200,1,0
1.032611200,0,0
1.032616400,1,0
1.032621450,0,0
1.032626600,1,0
1.032631650,0,0
1.032632150,0,1
1.032636850,1,1
1.032641900,0,1
1.032642100,0,0
1.032647050,1,0
1.032652100,0,0
1.032657300,1,0
1.032662300,0,0
1.032667500,1,0
1.032672550,0,0
1.032677750,1,0
1.032682750,0,0
1.032687950,1,0
1.032693000,0,0
1.032693450,0,1
1.032698200,1,1
1.032703200,0,1
1.032704200,0,0
1.032708400,1,0
1.032713450,0,0
1.032718600,1,0
1.032723650,0,0
1.032724200,0,1
1.032728850,1,1
1.032733900,0,1
1.032734150,0,0
1.032739050,1,0
1.032744100,0,0
1.032749300,1,0
1.032754300,0,0
1.032759500,1,0
1.032764550,0,0
1.032769750,1,0
1.032774750,0,0
1.032779950,1,0
1.032785000,0,0
1.032785500,0,1
1.032790200,1,1
1.032795200,0,1
1.032796200,0,0
1.032800400,1,0
1.032805450,0,0
1.032810600,1,0
1.032815650,0,0
1.032820850,1,0
1.032825900,0,0
1.032826300,0,1
1.032831050,1,1
1.032836100,0,1
1.032836400,0,0
1.032841300,1,0
1.032846300,0,0
1.032846800,0,1
1.032851500,1,1
1.032856550,0,1
1.032856800,0,0
1.032861750,1,0
1.032866750,0,0
1.032871950,1,0
1.032877000,0,0
1.032882200,1,0
1.032887200,0,0
1.032892400,1,0
1.032897450,0,0
1.032902600,1,0
1.032907650,0,0
1.032912850,1,0
1.032917900,0,0
1.032918350,0,1
1.032923050,1,1
1.032928100,0,1
1.032933300,1,1
1.032938300,0,1
1.032938500,0,0
1.032943500,1,0
1.032948550,0,0
1.032953750,1,0
1.032958750,0,0
1.032963950,1,0
1.032969000,0,0
1.032974200,1,0
1.032979200,0,0
1.032979650,0,1
1.034450200,0,0
1.034454450,1,0
1.034459400,0,0
1.034464650,1,0
1.034469650,0,0
1.034474850,1,0
1.034479850,0,0
1.034480300,0,1
1.034485050,1,1
1.034490100,0,1
1.034495300,1,1
1.034500300,0,1
1.034500650,0,0
1.034505500,1,0
1.034510550,0,0
1.034515700,1,0
1.034520750,0,0
1.034525950,1,0
1.034531000,0,0
1.034531450,0,1
1.034536150,1,1
1.034541200,0,1
1.034542200,0,0
1.034546400,1,0
1.034551400,0,0
1.034556600,1,0
1.034561650,0,0
1.034566850,1,0
1.034571850,0,0
1.034572350,0,1
1.034577050,1,1
1.034582100,0,1
1.034582350,0,0
1.034587300,1,0
1.034592300,0,0
1.034597500,1,0
1.034602550,0,0
1.034607700,1,0
1.034612750,0,0
1.034617950,1,0
1.034623000,0,0
1.034628150,1,0
1.034633200,0,0
1.034638400,1,0
1.034643400,0,0
1.034648600,1,0
1.034653650,0,0
1.034658850,1,0
1.034663850,0,0
1.034664300,0,1
1.034669050,1,1
1.034674100,0,1
1.034679250,1,1
1.034684300,0,1
1.034684600,0,0
1.034689500,1,0
1.034694550,0,0
1.034699700,1,0
1.034704750,0,0
1.034709950,1,0
1.034714950,0,0
1.034720150,1,0
1.034725200,0,0
1.034730400,1,0
1.034735400,0,0
1.034740600,1,0
1.034745650,0,0
1.034750850,1,0
1.034755850,0,0
1.034756350,0,1
1.034761050,1,1
1.034766100,0,1
1.034771250,1,1
1.034776300,0,1
1.034776500,0,0
1.034781500,1,0
1.034786550,0,0
1.034791700,1,0
1.034796750,0,0
1.034797250,0,1
1.034801950,1,1
1.034806950,0,1
1.034807250,0,0
1.034812150,1,0
1.034817200,0,0
1.034822400,1,0
1.034827400,0,0
1.034832600,1,0
1.034837650,0,0
1.034842850,1,0
1.034847850,0,0
1.034848400,0,1
1.034853050,1,1
1.034858100,0,1
1.034858350,0,0
1.034863250,1,0
1.034868300,0,0
1.034873500,1,0
1.034878550,0,0
1.034883700,1,0
1.034888750,0,0
1.034893950,1,0
1.034898950,0,0
1.034904150,1,0
1.034909200,0,0
1.034914400,1,0
1.034919400,0,0
1.034924600,1,0
1.034929650,0,0
1.034934850,1,0
1.034939850,0,0
1.034940300,0,1
1.034945050,1,1
1.034950100,0,1
1.034955250,1,1
1.034960300,0,1
1.034960600,0,0
1.034965500,1,0
1.034970550,0,0
1.034975700,1,0
1.034980750,0,0
1.034985950,1,0
1.034990950,0,0
1.034996150,1,0
1.035001200,0,0
1.035006400,1,0
1.035011400,0,0
1.035016600,1,0
1.035021650,0,0
1.035026850,1,0
1.035031850,0,0
1.035032350,0,1
1.035037050,1,1
1.035042100,0,1
1.035047250,1,1
1.035052300,0,1
1.035052550,0,0
1.035057500,1,0
1.035062550,0,0
1.035067700,1,0
1.035072750,0,0
1.035073250,0,1
1.035077950,1,1
1.035082950,0,1
1.035088150,1,1
1.035093200,0,1
1.035094200,0,0
1.035098400,1,0
1.035103400,0,0
1.035108600,1,0
1.035113650,0,0
1.035118850,1,0
1.035123850,0,0
1.035124400,0,1
1.035129050,1,1
1.035134100,0,1
1.035134400,0,0
1.035139250,1,0
1.035144300,0,0
1.035149500,1,0
1.035154550,0,0
1.035159700,1,0
1.035164750,0,0
1.035169950,1,0
1.035174950,0,0
1.035180150,1,0
1.035185200,0,0
1.035190400,1,0
1.035195400,0,0
1.035200600,1,0
1.035205650,0,0
1.035210850,1,0
1.035215850,0,0
1.035216300,0,1
1.035221050,1,1
1.035226100,0,1
1.035231250,1,1
1.035236300,0,1
1.035236650,0,0
1.035241500,1,0
1.035246550,0,0
1.035251700,1,0
1.035256750,0,0
1.035261950,1,0
1.035266950,0,0
1.035272150,1,0
1.035277200,0,0
1.035282400,1,0
1.035287400,0,0
1.035292600,1,0
1.035297650,0,0
1.035302850,1,0
1.035307850,0,0
1.035308350,0,1
1.035313050,1,1
1.035318100,0,1
1.035323250,1,1
1.035328300,0,1
1.035328550,0,0
1.035333500,1,0
1.035338550,0,0
1.035338950,0,1
1.035343700,1,1
1.035348750,0,1
1.035349100,0,0
1.035353950,1,0
1.035358950,0,0
1.035364150,1,0
1.035369200,0,0
1.035374400,1,0
1.035379400,0,0
1.035384600,1,0
1.035389650,0,0
1.035394850,1,0
1.035399850,0,0
1.035400300,0,1
1.035405050,1,1
1.035410100,0,1
1.035410400,0,0
1.035415250,1,0
1.035420300,0,0
1.035425500,1,0
1.035430500,0,0
1.035435700,1,0
1.035440750,0,0
1.035445950,1,0
1.035450950,0,0
1.035456150,1,0
1.035461200,0,0
1.035466400,1,0
1.035471400,0,0
1.035476600,1,0
1.035481650,0,0
1.035482150,0,1
1.035486850,1,1
1.035491850,0,1
1.035492100,0,0
1.035497050,1,0
1.035502100,0,0
1.035507250,1,0
1.035512300,0,0
1.035517500,1,0
1.035522500,0,0
1.035523050,0,1
1.035527700,1,1
1.035532750,0,1
1.035537950,1,1
1.035542950,0,1
1.035543250,0,0
1.035548150,1,0
1.035553200,0,0
1.035558400,1,0
1.035563400,0,0
1.035568600,1,0
1.035573650,0,0
1.035574050,0,1
1.035578800,1,1
1.035583850,0,1
1.035584150,0,0
1.035589050,1,0
1.035594100,0,0
1.035599250,1,0
1.035604300,0,0
1.035609500,1,0
1.035614500,0,0
1.035615000,0,1
1.035619700,1,1
1.035624750,0,1
1.035629950,1,1
1.035634950,0,1
1.035635300,0,0
1.035640150,1,0
1.035645200,0,0
1.035650400,1,0
1.035655400,0,0
1.035660600,1,0
1.035665650,0,0
1.035670800,1,0
1.035675850,0,0
1.035676300,0,1
1.035681050,1,1
1.035686100,0,1
1.035686300,0,0
1.035691250,1,0
1.035696300,0,0
1.035696800,0,1
1.035701500,1,1
1.035706500,0,1
1.035706800,0,0
1.035711700,1,0
1.035716750,0,0
1.035721950,1,0
1.035726950,0,0
1.035727400,0,1
1.035732150,1,1
1.035737200,0,1
1.035738200,0,0
1.035742400,1,0
1.035747400,0,0
1.035752600,1,0
1.035757650,0,0
1.035762800,1,0
1.035767850,0,0
1.035768350,0,1
1.035773050,1,1
1.035778100,0,1
1.035778350,0,0
1.035783250,1,0
1.035788300,0,0
1.035793500,1,0
1.035798500,0,0
1.035803700,1,0
1.035808750,0,0
1.035813950,1,0
1.035818950,0,0
1.035824150,1,0
1.035829200,0,0
1.035834400,1,0
1.035839400,0,0
1.035842650,0,1
1.035844600,1,1
1.035849650,0,1
1.035849850,0,0
1.035854800,1,0
1.035859850,0,0
1.035865050,1,0
1.035870100,0,0
1.035875250,1,0
1.035880300,0,0
1.035885500,1,0
1.035890500,0,0
1.035895700,1,0
1.035900750,0,0
1.035905950,1,0
1.035910950,0,0
1.035911400,0,1
1.035916150,1,1
1.035921200,0,1
1.037380200,0,0
1.037384400,1,0
1.037389400,0,0
1.037394600,1,0
1.037399600,0,0
1.037400150,0,1
1.037404800,1,1
1.037409850,0,1
1.037415050,1,1
1.037420050,0,1
1.037420350,0,0
1.037425250,1,0
1.037430300,0,0
1.037430700,0,1
1.037435500,1,1
1.037440500,0,1
1.037445700,1,1
1.037450750,0,1
1.037455900,1,1
1.037460950,0,1
1.037461250,0,0
1.037466150,1,0
1.037471200,0,0
1.037476350,1,0
1.037481400,0,0
1.037484650,0,1
1.037486600,1,1
1.037491600,0,1
1.037491850,0,0
1.037496800,1,0
1.037501850,0,0
1.037507050,1,0
1.037512050,0,0
1.037512600,0,1
1.037517250,1,1
1.037522300,0,1
1.037527450,1,1
1.037532500,0,1
1.037537700,1,1
1.037542750,0,1
1.037543000,0,0
1.037547900,1,0
1.037552950,0,0
1.037553350,0,1
1.037558150,1,1
1.037563200,0,1
1.037564200,0,0
1.037568350,1,0
1.037573400,0,0
1.037576600,0,1
1.037578600,1,1
1.037583600,0,1
1.037588800,1,1
1.037593850,0,1
1.037599050,1,1
1.037604050,0,1
1.037604300,0,0
1.037609250,1,0
1.037614300,0,0
1.037619500,1,0
1.037624500,0,0
1.037629700,1,0
1.037634750,0,0
1.037635250,0,1
1.037639900,1,1
1.037644950,0,1
1.037650150,1,1
1.037655150,0,1
1.037656150,0,0
1.037660350,1,0
1.037665400,0,0
1.037670600,1,0
1.037675600,0,0
1.037680800,1,0
1.037685850,0,0
1.037691050,1,0
1.037696050,0,0
1.037701250,1,0
1.037706300,0,0
1.037711500,1,0
1.037716500,0,0
1.037721700,1,0
1.037726750,0,0
1.037731900,1,0
1.037736950,0,0
1.037742150,1,0
1.037747150,0,0
1.037752350,1,0
1.037757400,0,0
1.037760650,0,1
1.037762600,1,1
1.037767600,0,1
1.037767900,0,0
1.037772800,1,0
1.037777850,0,0
1.037778250,0,1
1.037783050,1,1
1.037788050,0,1
1.037793250,1,1
1.037798300,0,1
1.037798600,0,0
1.037803450,1,0
1.037808500,0,0
1.037809000,0,1
1.037813700,1,1
1.037818750,0,1
1.037823900,1,1
1.037828950,0,1
1.037829200,0,0
1.037834150,1,0
1.037839150,0,0
1.037844350,1,0
1.037849400,0,0
1.037854600,1,0
1.037859600,0,0
1.037864800,1,0
1.037869850,0,0
1.037870350,0,1
1.037875050,1,1
1.037880050,0,1
1.037885250,1,1
1.037890300,0,1
1.037890500,0,0
1.037895450,1,0
1.037900500,0,0
1.037900900,0,1
1.037905700,1,1
1.037910750,0,1
1.037915900,1,1
1.037920950,0,1
1.037921250,0,0
1.037926150,1,0
1.037931150,0,0
1.037936350,1,0
1.037941400,0,0
1.037946600,1,0
1.037951600,0,0
1.037956800,1,0
1.037961850,0,0
1.037962250,0,1
1.037967050,1,1
1.037972050,0,1
1.037977250,1,1
1.037982300,0,1
1.037982600,0,0
1.037987450,1,0
1.037992500,0,0
1.037992950,0,1
1.037997700,1,1
1.038002750,0,1
1.038002950,0,0
1.038007900,1,0
1.038012950,0,0
1.038018150,1,0
1.038023150,0,0
1.038028350,1,0
1.038033400,0,0
1.038038600,1,0
1.038043600,0,0
1.038048800,1,0
1.038053850,0,0
1.038054300,0,1
1.038059050,1,1
1.038064050,0,1
1.038064300,0,0
1.038069250,1,0
1.038074300,0,0
1.038074700,0,1
1.038079450,1,1
1.038084500,0,1
1.038084800,0,0
1.038089700,1,0
1.038094750,0,0
1.038099900,1,0
1.038104950,0,0
1.038105450,0,1
1.038110150,1,1
1.038115150,0,1
1.040217400,1,1
1.040222400,0,1
1.040223400,0,0
1.040227600,1,0
1.040233800,1,1
1.040247600,1,0
1.040253600,0,0
1.040254800,0,1
1.040258750,1,1
1.040263800,0,1
1.040264800,0,0
1.040269000,1,0
1.040274050,0,0
1.040275250,0,1
1.040279250,1,1
1.040284250,0,1
1.040285250,0,0
1.040289450,1,0
1.040294500,0,0
1.040295700,0,1
1.040299700,1,1
1.040304700,0,1
1.040305700,0,0
1.040309900,1,0
1.040314950,0,0
1.040320100,1,0
1.040325150,0,0
1.040330350,1,0
1.040335400,0,0
1.040340550,1,0
1.040345600,0,0
1.040350800,1,0
1.040355800,0,0
1.040357050,0,1
1.040361000,1,1
1.040366050,0,1
1.040367050,0,0
1.040371250,1,0
1.040376250,0,0
1.040381450,1,0
1.040386500,0,0
1.040391700,1,0
1.040396700,0,0
1.040401900,1,0
1.040406950,0,0
1.040412100,1,0
1.040417150,0,0
1.040422350,1,0
1.040427400,0,0
1.040432550,1,0
1.040437600,0,0
1.040438250,0,1
1.040442800,1,1
1.040449800,1,0
1.040455800,0,0
1.040457050,0,1
1.040461000,1,1
1.040466050,0,1
1.040467050,0,0
1.040471250,1,0
1.040476250,0,0
1.040477500,0,1
1.040481450,1,1
1.040486500,0,1
1.040487500,0,0
1.040491650,1,0
1.040496700,0,0
1.040497900,0,1
1.040501900,1,1
1.040506950,0,1
1.040507950,0,0
1.040512100,1,0
1.040517150,0,0
1.040522350,1,0
1.040527350,0,0
1.040528600,0,1
1.040532550,1,1
1.040537600,0,1
1.040538050,0,0
1.040542800,1,0
1.040547800,0,0
1.040553000,1,0
1.040558050,0,0
1.040563250,1,0
1.040568250,0,0
1.040573450,1,0
1.040578500,0,0
1.040583700,1,0
1.040588700,0,0
1.040589350,0,1
1.040593900,1,1
1.040598950,0,1
1.040604100,1,1
1.040609150,0,1
1.040614350,1,1
1.040619350,0,1
1.040624550,1,1
1.040629600,0,1
1.040634800,1,1
1.040639800,0,1
1.040640800,0,0
1.040645000,1,0
1.040651250,1,1
1.040722050,1,0
1.040728050,0,0
1.040729200,0,1
1.040733200,1,1
1.040738250,0,1
1.040739250,0,0
1.040743450,1,0
1.040748500,0,0
1.040749700,0,1
1.040753650,1,1
1.040758700,0,1
1.040759700,0,0
1.040763900,1,0
1.040768950,0,0
1.040770150,0,1
1.040774100,1,1
1.040779150,0,1
1.040780150,0,0
1.040784350,1,0
1.040789350,0,0
1.040794550,1,0
1.040799600,0,0
1.040804800,1,0
1.040809800,0,0
1.040815000,1,0
1.040820050,0,0
1.040825250,1,0
1.040830250,0,0
1.040831500,0,1
1.040835450,1,1
1.040840500,0,1
1.040841500,0,0
1.040845650,1,0
1.040850700,0,0
1.040851900,0,1
1.040855900,1,1
1.040860950,0,1
1.040861950,0,0
1.040866100,1,0
1.040871150,0,0
1.040876350,1,0
1.040881350,0,0
1.040886550,1,0
1.040891600,0,0
1.040896800,1,0
1.040901800,0,0
1.040907000,1,0
1.040912050,0,0
1.040912700,0,1
1.040917250,1,1
1.040924250,1,0
1.040930250,0,0
1.040931450,0,1
1.040935450,1,1
1.040940500,0,1
1.040941500,0,0
1.040945650,1,0
1.040950700,0,0
1.040951900,0,1
1.040955900,1,1
1.040960950,0,1
1.040961950,0,0
1.040966100,1,0
1.040971150,0,0
1.040972350,0,1
1.040976350,1,1
1.040981350,0,1
1.040982350,0,0
1.040986550,1,0
1.040991600,0,0
1.040996800,1,0
1.041001800,0,0
1.041003050,0,1
1.041007000,1,1
1.041012050,0,1
1.041012500,0,0
1.041017250,1,0
1.041022250,0,0
1.041027450,1,0
1.041032500,0,0
1.041037650,1,0
1.041042700,0,0
1.041047900,1,0
1.041052950,0,0
1.041058100,1,0
1.041063150,0,0
1.041068350,1,0
1.041073350,0,0
1.041078550,1,0
1.041083600,0,0
1.041088800,1,0
1.041093800,0,0
1.041099000,1,0
1.041104050,0,0
1.041109250,1,0
1.041114250,0,0
1.041117500,0,1
1.041119450,1,1
1.041124500,0,1
1.041124950,0,0
1.041129650,1,0
1.041134700,0,0
1.041139900,1,0
1.041144950,0,0
1.041150100,1,0
1.041155150,0,0
1.041160350,1,0
1.041165350,0,0
1.041170550,1,0
1.041175600,0,0
1.041180800,1,0
1.041185800,0,0
1.041191000,1,0
1.041196050,0,0
1.041201250,1,0
1.041206250,0,0
1.041211450,1,0
1.041216500,0,0
1.041221650,1,0
1.041226700,0,0
1.041231900,1,0
1.041236950,0,0
1.041242100,1,0
1.041247150,0,0
1.041252350,1,0
1.041257350,0,0
1.041262550,1,0
1.041267600,0,0
1.041272800,1,0
1.041277800,0,0
1.041283000,1,0
1.041288050,0,0
1.041293250,1,0
1.041298250,0,0
1.041301500,0,1
1.041303450,1,1
1.041308500,0,1
1.041308900,0,0
1.041313650,1,0
1.041318700,0,0
1.041323900,1,0
1.041328900,0,0
1.041334100,1,0
1.041339150,0,0
1.041344350,1,0
1.041349350,0,0
1.041354550,1,0
1.041359600,0,0
1.041364800,1,0
1.041369800,0,0
1.041375000,1,0
1.041380050,0,0
1.041385250,1,0
1.041390250,0,0
1.041395450,1,0
1.041400500,0,0
1.041405650,1,0
1.041410700,0,0
1.041415900,1,0
1.041420900,0,0
1.041426100,1,0
1.041431150,0,0
1.041436350,1,0
1.041441350,0,0
1.041446550,1,0
1.041451600,0,0
1.041456800,1,0
1.041461800,0,0
1.041467000,1,0
1.041472050,0,0
1.041477200,1,0
1.041482250,0,0
1.041485500,0,1
1.041487450,1,1
1.041492500,0,1
1.041492950,0,0
1.041497650,1,0
1.041502700,0,0
1.041507900,1,0
1.041512900,0,0
1.041518100,1,0
1.041523150,0,0
1.041528350,1,0
1.041533350,0,0
1.041538550,1,0
1.041543600,0,0
1.041548800,1,0
1.041553800,0,0
1.041559000,1,0
1.041564050,0,0
1.041564700,0,1
1.041569200,1,1
1.041574250,0,1
1.041575250,0,0
1.041579450,1,0
1.041585700,1,1
1.043195450,1,0
1.043201450,0,0
1.043206600,1,0
1.043211700,0,0
1.043212900,0,1
1.043216850,1,1
1.043221900,0,1
1.043227100,1,1
1.043232150,0,1
1.043233150,0,0
1.043237300,1,0
1.043242350,0,0
1.043243550,0,1
1.043247550,1,1
1.043252600,0,1
1.043257750,1,1
1.043262800,0,1
1.043268000,1,1
1.043273000,0,1
1.043274000,0,0
1.043278200,1,0
1.043283250,0,0
1.043288450,1,0
1.043293450,0,0
1.043293900,0,1
1.044249450,0,0
1.044253700,1,0
1.044258700,0,0
1.044259900,0,1
1.044263900,1,1
1.044268900,0,1
1.044269900,0,0
1.044274100,1,0
1.044279100,0,0
1.044280350,0,1
1.044284300,1,1
1.044289350,0,1
1.044290350,0,0
1.044294550,1,0
1.044299550,0,0
1.044304750,1,0
1.044309800,0,0
1.044315000,1,0
1.044320000,0,0
1.044321250,0,1
1.044325200,1,1
1.044330250,0,1
1.044330450,0,0
1.044335450,1,0
1.044340450,0,0
1.044340850,0,1
1.044345650,1,1
1.044350700,0,1
1.044351700,0,0
1.044355850,1,0
1.044360900,0,0
1.044366100,1,0
1.044371100,0,0
1.044376300,1,0
1.044381350,0,0
1.044386550,1,0
1.044391550,0,0
1.044396750,1,0
1.044401800,0,0
1.044403050,0,1
1.044407000,1,1
1.044412000,0,1
1.044417200,1,1
1.044422250,0,1
1.044422500,0,0
1.044427400,1,0
1.044432450,0,0
1.044432900,0,1
1.044437650,1,1
1.044442700,0,1
1.044447850,1,1
1.044452900,0,1
1.044458100,1,1
1.044463100,0,1
1.044468300,1,1
1.044473350,0,1
1.044474350,0,0
1.044478550,1,0
1.044483550,0,0
1.044488750,1,0
1.044493800,0,0
1.044495000,0,1
1.044499000,1,1
1.044504000,0,1
1.044509200,1,1
1.044514250,0,1
1.044514550,0,0
1.044519400,1,0
1.044524450,0,0
1.044529650,1,0
1.044534700,0,0
1.044539850,1,0
1.044544900,0,0
1.044550100,1,0
1.044555100,0,0
1.044560300,1,0
1.044565350,0,0
1.044570550,1,0
1.044575550,0,0
1.044580750,1,0
1.044585800,0,0
1.044591000,1,0
1.044596000,0,0
1.044601200,1,0
1.044606250,0,0
1.044611400,1,0
1.044616450,0,0
1.044616900,0,1
1.044621650,1,1
1.044626700,0,1
1.044631850,1,1
1.044636900,0,1
1.044637900,0,0
1.044642100,1,0
1.044647100,0,0
1.044648350,0,1
1.044652300,1,1
1.044657350,0,1
1.044658350,0,0
1.044662550,1,0
1.044667550,0,0
1.044672750,1,0
1.044677800,0,0
1.044683000,1,0
1.044688000,0,0
1.044693200,1,0
1.044698250,0,0
1.044703400,1,0
1.044708450,0,0
1.044708950,0,1
1.044713650,1,1
1.044718700,0,1
1.044719700,0,0
1.044723850,1,0
1.044728900,0,0
1.044734100,1,0
1.044739100,0,0
1.044740350,0,1
1.044744300,1,1
1.044749350,0,1
1.044754550,1,1
1.044759550,0,1
1.044764750,1,1
1.044769800,0,1
1.044774950,1,1
1.044780000,0,1
1.044785200,1,1
1.044790250,0,1
1.044790450,0,0
1.044795400,1,0
1.044800450,0,0
1.044800950,0,1
1.047063450,0,0
1.047067650,1,0
1.047073850,1,1
1.048120650,1,0
1.048126650,0,0
1.048131800,1,0
1.048136850,0,0
1.048138100,0,1
1.048142050,1,1
1.048147100,0,1
1.048152300,1,1
1.048157300,0,1
1.048158300,0,0
1.048162500,1,0
1.048167550,0,0
1.048168750,0,1
1.048172750,1,1
1.048177750,0,1
1.048182950,1,1
1.048188000,0,1
1.048193150,1,1
1.048198200,0,1
1.048203400,1,1
1.048208450,0,1
1.048208700,0,0
1.048213600,1,0
1.048218650,0,0
1.049125900,1,0
1.049130850,0,0
1.049131400,0,1
1.049136050,1,1
1.049141100,0,1
1.049146300,1,1
1.049151300,0,1
1.049151550,0,0
1.049156500,1,0
1.049161550,0,0
1.049161950,0,1
1.049166700,1,1
1.049171750,0,1
1.049176950,1,1
1.049182000,0,1
1.049187150,1,1
1.049192200,0,1
1.049192500,0,0
1.049197400,1,0
1.049202400,0,0
1.049207600,1,0
1.049212650,0,0
1.049215850,0,1
1.049217850,1,1
1.049222850,0,1
1.049223100,0,0
1.049228050,1,0
1.049233100,0,0
1.049238300,1,0
1.049243300,0,0
1.049243850,0,1
1.049248500,1,1
1.049253550,0,1
1.049258700,1,1
1.049263750,0,1
1.049268950,1,1
1.049273950,0,1
1.049274200,0,0
1.049279150,1,0
1.049284200,0,0
1.049284600,0,1
1.049289400,1,1
1.049294400,0,1
1.049295400,0,0
1.049299600,1,0
1.049304650,0,0
1.049307850,0,1
1.049309850,1,1
1.049314850,0,1
1.049320050,1,1
1.049325100,0,1
1.049330250,1,1
1.049335300,0,1
1.049335550,0,0
1.049340500,1,0
1.049345550,0,0
1.049350700,1,0
1.049355750,0,0
1.049360950,1,0
1.049365950,0,0
1.049366500,0,1
1.049371150,1,1
1.049376200,0,1
1.049381400,1,1
1.049386400,0,1
1.049387400,0,0
1.049391600,1,0
1.049396650,0,0
1.049401850,1,0
1.049406850,0,0
1.049412050,1,0
1.049417100,0,0
1.049422250,1,0
1.049427300,0,0
1.049432500,1,0
1.049437550,0,0
1.049442700,1,0
1.049447750,0,0
1.049452950,1,0
1.049457950,0,0
1.049463150,1,0
1.049468200,0,0
1.049473400,1,0
1.049478400,0,0
1.049483600,1,0
1.049488650,0,0
1.049491900,0,1
1.049493850,1,1
1.049498850,0,1
1.049504050,1,1
1.049509100,0,1
1.049509300,0,0
1.049514250,1,0
1.049519300,0,0
1.049519700,0,1
1.049524500,1,1
1.049529550,0,1
1.049529850,0,0
1.049534700,1,0
1.049539750,0,0
1.049544950,1,0
1.049549950,0,0
1.049555150,1,0
1.049560200,0,0
1.049565400,1,0
1.049570400,0,0
1.049575600,1,0
1.049580650,0,0
1.049585850,1,0
1.049590850,0,0
1.049591400,0,1
1.049596050,1,1
1.049601100,0,1
1.049601350,0,0
1.049606250,1,0
1.049611300,0,0
1.049616500,1,0
1.049621550,0,0
1.049626700,1,0
1.049631750,0,0
1.049636950,1,0
1.049641950,0,0
1.049647150,1,0
1.049652200,0,0
1.049652700,0,1
1.049657400,1,1
1.049662400,0,1
1.049663400,0,0
1.049667600,1,0
1.049672650,0,0
1.049677850,1,0
1.049682850,0,0
1.049683300,0,1
1.049688050,1,1
1.049693100,0,1
1.049693400,0,0
1.049698250,1,0
1.049703300,0,0
1.049708500,1,0
1.049713550,0,0
1.049718700,1,0
1.049723750,0,0
1.049728950,1,0
1.049733950,0,0
1.049734400,0,1
1.049739150,1,1
1.049744200,0,1
1.049749400,1,1
1.049754400,0,1
1.049755400,0,0
1.049759600,1,0
1.049764650,0,0
1.049769850,1,0
1.049774850,0,0
1.049780050,1,0
1.049785100,0,0
1.049785550,0,1
1.049790250,1,1
1.049795300,0,1
1.049795500,0,0
1.049800500,1,0
1.049805550,0,0
1.049810700,1,0
1.049815750,0,0
1.049820950,1,0
1.049825950,0,0
1.049831150,1,0
1.049836200,0,0
1.049841400,1,0
1.049846400,0,0
1.049851600,1,0
1.049856650,0,0
1.049861850,1,0
1.049866850,0,0
1.049867400,0,1
1.049872050,1,1
1.049877100,0,1
1.049877350,0,0
1.049882250,1,0
1.049887300,0,0
1.049892500,1,0
1.049897550,0,0
1.049902700,1,0
1.049907750,0,0
1.049912950,1,0
1.049917950,0,0
1.049923150,1,0
1.049928200,0,0
1.049928700,0,1
1.049933400,1,1
1.049938400,0,1
1.049939400,0,0
1.049943600,1,0
1.049948650,0,0
1.049953850,1,0
1.049958850,0,0
1.049959300,0,1
1.049964050,1,1
1.049969100,0,1
1.049969300,0,0
1.049974250,1,0
1.049979300,0,0
1.049984500,1,0
1.049989500,0,0
1.049994700,1,0
1.049999750,0,0
1.050000250,0,1
1.050004950,1,1
1.050009950,0,1
1.050010200,0,0
1.050015150,1,0
1.050020200,0,0
1.050020600,0,1
1.050025400,1,1
1.050030400,0,1
1.050031400,0,0
1.050035600,1,0
1.050040650,0,0
1.050045800,1,0
1.050050850,0,0
1.050056050,1,0
1.050061100,0,0
1.050061550,0,1
1.050066250,1,1
1.050071300,0,1
1.050071550,0,0
1.050076500,1,0
1.050081500,0,0
1.050086700,1,0
1.050091750,0,0
1.050096950,1,0
1.050101950,0,0
1.050107150,1,0
1.050112200,0,0
1.050117400,1,0
1.050122400,0,0
1.050127600,1,0
1.050132650,0,0
1.050137800,1,0
1.050142850,0,0
1.050143300,0,1
1.050148050,1,1
1.050153100,0,1
1.050153400,0,0
1.050158250,1,0
1.050163300,0,0
1.050168500,1,0
1.050173500,0,0
1.050178700,1,0
1.050183750,0,0
1.050188950,1,0
1.050193950,0,0
1.050194400,0,1
1.050199150,1,1
1.050204200,0,1
1.050204500,0,0
1.050209400,1,0
1.050214400,0,0
1.050219600,1,0
1.050224650,0,0
1.050229800,1,0
1.050234850,0,0
1.050240050,1,0
1.050245100,0,0
1.050245550,0,1
1.050250250,1,1
1.050255300,0,1
1.050260500,1,1
1.050265500,0,1
1.050265850,0,0
1.050270700,1,0
1.050275750,0,0
1.050276200,0,1
1.050280950,1,1
1.050285950,0,1
1.050291150,1,1
1.050296200,0,1
1.050296450,0,0
1.050301400,1,0
1.050306400,0,0
1.050311600,1,0
1.050316650,0,0
1.050321800,1,0
1.050326850,0,0
1.050332050,1,0
1.050337100,0,0
1.050337600,0,1
1.050342250,1,1
1.050347300,0,1
1.050347550,0,0
1.050352500,1,0
1.050357500,0,0
1.050362700,1,0
1.050367750,0,0
1.050372950,1,0
1.050377950,0,0
1.050383150,1,0
1.050388200,0,0
1.050393400,1,0
1.050398400,0,0
1.050403600,1,0
1.050408650,0,0
1.050413800,1,0
1.050418850,0,0
1.050419300,0,1
1.050424050,1,1
1.050429100,0,1
1.050429250,0,0
1.050434250,1,0
1.050439300,0,0
1.050444500,1,0
1.050449500,0,0
1.050454700,1,0
1.050459750,0,0
1.050464950,1,0
1.050469950,0,0
1.050470400,0,1
1.050475150,1,1
1.050480200,0,1
1.050485400,1,1
1.050490400,0,1
1.050491400,0,0
1.050495600,1,0
1.050500650,0,0
1.050505800,1,0
1.050510850,0,0
1.050516050,1,0
1.050521100,0,0
1.050521550,0,1
1.050526250,1,1
1.050531300,0,1
1.050536500,1,1
1.050541500,0,1
1.050541700,0,0
1.050546700,1,0
1.050551750,0,0
1.050552250,0,1
1.050556950,1,1
1.050561950,0,1
1.050567150,1,1
1.050572200,0,1
1.050572450,0,0
1.050577400,1,0
1.050582400,0,0
1.050582850,0,1
1.052017400,0,0
1.052021650,1,0
1.052026600,0,0
1.052031850,1,0
1.052036850,0,0
1.052042050,1,0
1.052047050,0,0
1.052047600,0,1
1.052052250,1,1
1.052057300,0,1
1.052057600,0,0
1.052062500,1,0
1.052067500,0,0
1.052072700,1,0
1.052077750,0,0
1.052082900,1,0
1.052087950,0,0
1.052093150,1,0
1.052098200,0,0
1.052103350,1,0
1.052108400,0,0
1.052113600,1,0
1.052118600,0,0
1.052123800,1,0
1.052128850,0,0
1.052129350,0,1
1.052134050,1,1
1.052139050,0,1
1.052139300,0,0
1.052144250,1,0
1.052149300,0,0
1.052154500,1,0
1.052159500,0,0
1.052164700,1,0
1.052169750,0,0
1.052174900,1,0
1.052179950,0,0
1.052180450,0,1
1.052185150,1,1
1.052190200,0,1
1.052195350,1,1
1.052200400,0,1
1.052201400,0,0
1.052205600,1,0
1.052210600,0,0
1.052215800,1,0
1.052220850,0,0
1.052226050,1,0
1.052231050,0,0
1.052231550,0,1
1.052236250,1,1
1.052241300,0,1
1.052246450,1,1
1.052251500,0,1
1.052256700,1,1
1.052261750,0,1
1.052261950,0,0
1.052266900,1,0
1.052271950,0,0
1.052277150,1,0
1.052282150,0,0
1.052287350,1,0
1.052292400,0,0
1.052297600,1,0
1.052302600,0,0
1.052307800,1,0
1.052312850,0,0
1.052318050,1,0
1.052323050,0,0
1.052323500,0,1
1.052328250,1,1
1.052333300,0,1
1.052333600,0,0
1.052338450,1,0
1.052343500,0,0
1.052348700,1,0
1.052353750,0,0
1.052358900,1,0
1.052363950,0,0
1.052369150,1,0
1.052374150,0,0
1.052379350,1,0
1.052384400,0,0
1.052389600,1,0
1.052394600,0,0
1.052399800,1,0
1.052404850,0,0
1.052405350,0,1
1.052410050,1,1
1.052415050,0,1
1.052415300,0,0
1.052420250,1,0
1.052425300,0,0
1.052430450,1,0
1.052435500,0,0
1.052440700,1,0
1.052445750,0,0
1.052450900,1,0
1.052455950,0,0
1.052456450,0,1
1.052461150,1,1
1.052466150,0,1
1.052471350,1,1
1.052476400,0,1
1.052477400,0,0
1.052481600,1,0
1.052486600,0,0
1.052491800,1,0
1.052496850,0,0
1.052497250,0,1
1.052502050,1,1
1.052507050,0,1
1.052507400,0,0
1.052512250,1,0
1.052517300,0,0
1.052522450,1,0
1.052527500,0,0
1.052532700,1,0
1.052537750,0,0
1.052542900,1,0
1.052547950,0,0
1.052548400,0,1
1.052553150,1,1
1.052558150,0,1
1.052563350,1,1
1.052568400,0,1
1.052569400,0,0
1.052573600,1,0
1.052578600,0,0
1.052583800,1,0
1.052588850,0,0
1.052594050,1,0
1.052599050,0,0
1.052599500,0,1
1.052604250,1,1
1.052609300,0,1
1.052609500,0,0
1.052614450,1,0
1.052619500,0,0
1.052620000,0,1
1.052624700,1,1
1.052629750,0,1
1.052630000,0,0
1.052634900,1,0
1.052639950,0,0
1.052645150,1,0
1.052650150,0,0
1.052655350,1,0
1.052660400,0,0
1.052665600,1,0
1.052670600,0,0
1.052675800,1,0
1.052680850,0,0
1.052686050,1,0
1.052691050,0,0
1.052691550,0,1
1.052696250,1,1
1.052701300,0,1
1.052706450,1,1
1.052711500,0,1
1.052711750,0,0
1.052716700,1,0
1.052721750,0,0
1.052726900,1,0
1.052731950,0,0
1.052737150,1,0
1.052742150,0,0
1.052747350,1,0
1.052752400,0,0
1.052757600,1,0
1.052762600,0,0
1.052767800,1,0
1.052772850,0,0
1.052778050,1,0
1.052783050,0,0
1.052783500,0,1
1.052788250,1,1
1.052793300,0,1
1.052798450,1,1
1.052803500,0,1
1.052803800,0,0
1.052808700,1,0
1.052813750,0,0
1.052818900,1,0
1.052823950,0,0
1.052829150,1,0
1.052834150,0,0
1.052834600,0,1
1.052839350,1,1
1.052844400,0,1
1.052845400,0,0
1.052849600,1,0
1.052854600,0,0
1.052859800,1,0
1.052864850,0,0
1.052870050,1,0
1.052875050,0,0
1.052875550,0,1
1.052880250,1,1
1.052885300,0,1
1.052885500,0,0
1.052890450,1,0
1.052895500,0,0
1.052900700,1,0
1.052905750,0,0
1.052910900,1,0
1.052915950,0,0
1.052921150,1,0
1.052926150,0,0
1.052931350,1,0
1.052936400,0,0
1.052941600,1,0
1.052946600,0,0
1.052951800,1,0
1.052956850,0,0
1.052962050,1,0
1.052967050,0,0
1.052967600,0,1
1.052972250,1,1
1.052977300,0,1
1.052982450,1,1
1.052987500,0,1
1.052987750,0,0
1.052992700,1,0
1.052997700,0,0
1.053002900,1,0
1.053007950,0,0
1.053013150,1,0
1.053018150,0,0
1.053023350,1,0
1.053028400,0,0
1.053033600,1,0
1.053038600,0,0
1.053043800,1,0
1.053048850,0,0
1.053054000,1,0
1.053059050,0,0
1.053059500,0,1
1.053064250,1,1
1.053069300,0,1
1.053074450,1,1
1.053079500,0,1
1.053079800,0,0
1.053084700,1,0
1.053089700,0,0
1.053094900,1,0
1.053099950,0,0
1.053100400,0,1
1.053105150,1,1
1.053110150,0,1
1.053110400,0,0
1.053115350,1,0
1.053120400,0,0
1.053125600,1,0
1.053130600,0,0
1.053135800,1,0
1.053140850,0,0
1.053146000,1,0
1.053151050,0,0
1.053151550,0,1
1.053156250,1,1
1.053161300,0,1
1.053161500,0,0
1.053166450,1,0
1.053171500,0,0
1.053176700,1,0
1.053181700,0,0
1.053186900,1,0
1.053191950,0,0
1.053197150,1,0
1.053202150,0,0
1.053207350,1,0
1.053212400,0,0
1.053217600,1,0
1.053222600,0,0
1.053227800,1,0
1.053232850,0,0
1.053238000,1,0
1.053243050,0,0
1.053243600,0,1
1.053248250,1,1
1.053253300,0,1
1.053258450,1,1
1.053263500,0,1
1.053263800,0,0
1.053268700,1,0
1.053273700,0,0
1.053278900,1,0
1.053283950,0,0
1.053289150,1,0
1.053294150,0,0
1.053299350,1,0
1.053304400,0,0
1.053309600,1,0
1.053314600,0,0
1.053319800,1,0
1.053324850,0,0
1.053330000,1,0
1.053335050,0,0
1.053335500,0,1
1.053340250,1,1
1.053345300,0,1
1.053350450,1,1
1.053355500,0,1
1.053355850,0,0
1.053360700,1,0
1.053365700,0,0
1.053370900,1,0
1.053375950,0,0
1.053376450,0,1
1.053381150,1,1
1.053386150,0,1
1.053391350,1,1
1.053396400,0,1
1.053397400,0,0
1.053401600,1,0
1.053406600,0,0
1.053409800,0,1
1.053411800,1,1
1.053416850,0,1
1.053422000,1,1
1.053427050,0,1
1.053432250,1,1
1.053437300,0,1
1.053437550,0,0
1.053442450,1,0
1.053447500,0,0
1.053452700,1,0
1.053457700,0,0
1.053458150,0,1
1.053462900,1,1
1.053467950,0,1
1.053468250,0,0
1.053473150,1,0
1.053478150,0,0
1.053483350,1,0
1.053488400,0,0
1.053488900,0,1
1.054898400,0,0
1.054902600,1,0
1.054907600,0,0
1.054912800,1,0
1.054917800,0,0
1.054918300,0,1
1.054923000,1,1
1.054928050,0,1
1.054933250,1,1
1.054938250,0,1
1.054938450,0,0
1.054943450,1,0
1.054948500,0,0
1.054949000,0,1
1.054953700,1,1
1.054958700,0,1
1.054963900,1,1
1.054968950,0,1
1.054974100,1,1
1.054979150,0,1
1.054979400,0,0
1.054984350,1,0
1.054989400,0,0
1.054994550,1,0
1.054999600,0,0
1.055002850,0,1
1.055004800,1,1
1.055009800,0,1
1.055010150,0,0
1.055015000,1,0
1.055020050,0,0
1.055025250,1,0
1.055030250,0,0
1.055030750,0,1
1.055035450,1,1
1.055040500,0,1
1.055045650,1,1
1.055050700,0,1
1.055055900,1,1
1.055060950,0,1
1.055061250,0,0
1.055066100,1,0
1.055071150,0,0
1.055071650,0,1
1.055076350,1,1
1.055081400,0,1
1.055082400,0,0
1.055086550,1,0
1.055091600,0,0
1.055094800,0,1
1.055096800,1,1
1.055101800,0,1
1.055107000,1,1
1.055112050,0,1
1.055117250,1,1
1.055122250,0,1
1.055122550,0,0
1.055127450,1,0
1.055132500,0,0
1.055137700,1,0
1.055142700,0,0
1.055147900,1,0
1.055152950,0,0
1.055153400,0,1
1.055158100,1,1
1.055163150,0,1
1.055168350,1,1
1.055173350,0,1
1.055174350,0,0
1.055178550,1,0
1.055183600,0,0
1.055188800,1,0
1.055193800,0,0
1.055199000,1,0
1.055204050,0,0
1.055209250,1,0
1.055214250,0,0
1.055219450,1,0
1.055224500,0,0
1.055229700,1,0
1.055234700,0,0
1.055239900,1,0
1.055244950,0,0
1.055250100,1,0
1.055255150,0,0
1.055260350,1,0
1.055265350,0,0
1.055270550,1,0
1.055275600,0,0
1.055278850,0,1
1.055280800,1,1
1.055285800,0,1
1.055291000,1,1
1.055296050,0,1
1.055296350,0,0
1.055301250,1,0
1.055306250,0,0
1.055306750,0,1
1.055311450,1,1
1.055316500,0,1
1.055316750,0,0
1.055321650,1,0
1.055326700,0,0
1.055331900,1,0
1.055336950,0,0
1.055342100,1,0
1.055347150,0,0
1.055352350,1,0
1.055357350,0,0
1.055362550,1,0
1.055367600,0,0
1.055372800,1,0
1.055377800,0,0
1.055378300,0,1
1.055383000,1,1
1.055388050,0,1
1.055388250,0,0
1.055393250,1,0
1.055398250,0,0
1.055403450,1,0
1.055408500,0,0
1.055413650,1,0
1.055418700,0,0
1.055423900,1,0
1.055428950,0,0
1.055434100,1,0
1.055439150,0,0
1.055439600,0,1
1.055444350,1,1
1.055449350,0,1
1.055450350,0,0
1.055454550,1,0
1.055459600,0,0
1.055464800,1,0
1.055469800,0,0
1.055470300,0,1
1.055475000,1,1
1.055480050,0,1
1.055480300,0,0
1.055485250,1,0
1.055490250,0,0
1.055495450,1,0
1.055500500,0,0
1.055505650,1,0
1.055510700,0,0
1.055515900,1,0
1.055520950,0,0
1.055521450,0,1
1.055526100,1,1
1.055531150,0,1
1.055536350,1,1
1.055541350,0,1
1.055542350,0,0
1.055546550,1,0
1.055551600,0,0
1.055556800,1,0
1.055561800,0,0
1.055567000,1,0
1.055572050,0,0
1.055572600,0,1
1.055577250,1,1
1.055582250,0,1
1.055582550,0,0
1.055587450,1,0
1.055592500,0,0
1.055597650,1,0
1.055602700,0,0
1.055607900,1,0
1.055612950,0,0
1.055618100,1,0
1.055623150,0,0
1.055628350,1,0
1.055633350,0,0
1.055633900,0,1
1.057840600,1,1
1.057845600,0,1
1.057846600,0,0
1.057850800,1,0
1.057857000,1,1
1.058901800,1,0
1.058907800,0,0
1.058912950,1,0
1.058918000,0,0
1.058919250,0,1
1.058923200,1,1
1.058928250,0,1
1.058933400,1,1
1.058938450,0,1
1.058939450,0,0
1.058943650,1,0
1.058948700,0,0
1.058949900,0,1
1.058953850,1,1
1.058958900,0,1
1.058964100,1,1
1.058969100,0,1
1.058974300,1,1
1.058979350,0,1
1.058980350,0,0
1.058984550,1,0
1.058989550,0,0
1.058994750,1,0
1.058999800,0,0
1.059000300,0,1
1.059955800,0,0
1.059960000,1,0
1.059965000,0,0
1.059966200,0,1
1.059970200,1,1
1.059975250,0,1
1.059976250,0,0
1.059980400,1,0
1.059985450,0,0
1.059986650,0,1
1.059990650,1,1
1.059995650,0,1
1.059996650,0,0
1.060000850,1,0
1.060005900,0,0
1.060011100,1,0
1.060016100,0,0
1.060021300,1,0
1.060026350,0,0
1.060027600,0,1
1.060031550,1,1
1.060036550,0,1
1.060036850,0,0
1.060041750,1,0
1.060046800,0,0
1.060047250,0,1
1.060051950,1,1
1.060057000,0,1
1.060058000,0,0
1.060062200,1,0
1.060067250,0,0
1.060072400,1,0
1.060077450,0,0
1.060082650,1,0
1.060087650,0,0
1.060092850,1,0
1.060097900,0,0
1.060103100,1,0
1.060108100,0,0
1.060109350,0,1
1.060113300,1,1
1.060118350,0,1
1.060123500,1,1
1.060128550,0,1
1.060128750,0,0
1.060133750,1,0
1.060138800,0,0
1.060139300,0,1
1.060143950,1,1
1.060149000,0,1
1.060154200,1,1
1.060159250,0,1
1.060164400,1,1
1.060169450,0,1
1.060174650,1,1
1.060179650,0,1
1.060180650,0,0
1.060184850,1,0
1.060189900,0,0
1.060195100,1,0
1.060200100,0,0
1.060201350,0,1
1.060205300,1,1
1.060210350,0,1
1.060215500,1,1
1.060220550,0,1
1.060220800,0,0
1.060225750,1,0
1.060230800,0,0
1.060235950,1,0
1.060241000,0,0
1.060246200,1,0
1.060251200,0,0
1.060256400,1,0
1.060261450,0,0
1.060266650,1,0
1.060271650,0,0
1.060276850,1,0
1.060281900,0,0
1.060287100,1,0
1.060292100,0,0
1.060297300,1,0
1.060302350,0,0
1.060307500,1,0
1.060312550,0,0
1.060317750,1,0
1.060322800,0,0
1.060323300,0,1
1.060327950,1,1
1.060333000,0,1
1.060338200,1,1
1.060343200,0,1
1.060348400,1,1
1.060353450,0,1
1.060354450,0,0
1.060358650,1,0
1.060363650,0,0
1.060364850,0,1
1.060368850,1,1
1.060373900,0,1
1.060374900,0,0
1.060379100,1,0
1.060384100,0,0
1.060385300,0,1
1.060389300,1,1
1.060394350,0,1
1.060395350,0,0
1.060399500,1,0
1.060404550,0,0
1.060409750,1,0
1.060414800,0,0
1.060415200,0,1
1.060419950,1,1
1.060425000,0,1
1.060426000,0,0
1.060430200,1,0
1.060435200,0,0
1.060436450,0,1
1.060440400,1,1
1.060445450,0,1
1.060446450,0,0
1.060450650,1,0
1.060455650,0,0
1.060460850,1,0
1.060465900,0,0
1.060467100,0,1
1.060471100,1,1
1.060476100,0,1
1.060477100,0,0
1.060481300,1,0
1.060486350,0,0
1.060487550,0,1
1.060491500,1,1
1.060496550,0,1
1.060496850,0,0
1.060501750,1,0
1.060506800,0,0
1.060507250,0,1
1.062770750,0,0
1.062775000,1,0
1.062781200,1,1
1.063772000,1,0
1.063778000,0,0
1.063783150,1,0
1.063788200,0,0
1.063789400,0,1
1.063793350,1,1
1.063798400,0,1
1.063803600,1,1
1.063808650,0,1
1.063809650,0,0
1.063813850,1,0
1.063818850,0,0
1.063820050,0,1
1.063824050,1,1
1.063829100,0,1
1.063834250,1,1
1.063839300,0,1
1.063844500,1,1
1.063849550,0,1
1.063854700,1,1
1.063859750,0,1
1.063860050,0,0
1.063864950,1,0
1.063869950,0,0
1.064784200,1,0
1.064789200,0,0
1.064789600,0,1
1.064794400,1,1
1.064799400,0,1
1.064804600,1,1
1.064809650,0,1
1.064809900,0,0
1.064814850,1,0
1.064819850,0,0
1.064820300,0,1
1.064825050,1,1
1.064830100,0,1
1.064835250,1,1
1.064840300,0,1
1.064845500,1,1
1.064850500,0,1
1.064850850,0,0
1.064855700,1,0
1.064860750,0,0
1.064865950,1,0
1.064870950,0,0
1.064874200,0,1
1.064876150,1,1
1.064881200,0,1
1.064881450,0,0
1.064886400,1,0
1.064891400,0,0
1.064896600,1,0
1.064901650,0,0
1.064902050,0,1
1.064906800,1,1
1.064911850,0,1
1.064917050,1,1
1.064922100,0,1
1.064927250,1,1
1.064932300,0,1
1.064932550,0,0
1.064937500,1,0
1.064942500,0,0
1.064942950,0,1
1.064947700,1,1
1.064952750,0,1
1.064953750,0,0
1.064957950,1,0
1.064962950,0,0
1.064966200,0,1
1.064968150,1,1
1.064973200,0,1
1.064978400,1,1
1.064983400,0,1
1.064988600,1,1
1.064993650,0,1
1.064993900,0,0
1.064998800,1,0
1.065003850,0,0
1.065009050,1,0
1.065014100,0,0
1.065019250,1,0
1.065024300,0,0
1.065024850,0,1
1.065029500,1,1
1.065034500,0,1
1.065039700,1,1
1.065044750,0,1
1.065045750,0,0
1.065049950,1,0
1.065054950,0,0
1.065060150,1,0
1.065065200,0,0
1.065070400,1,0
1.065075400,0,0
1.065080600,1,0
1.065085650,0,0
1.065090800,1,0
1.065095850,0,0
1.065101050,1,0
1.065106100,0,0
1.065111250,1,0
1.065116300,0,0
1.065121500,1,0
1.065126500,0,0
1.065131700,1,0
1.065136750,0,0
1.065141950,1,0
1.065146950,0,0
1.065150200,0,1
1.065152150,1,1
1.065157200,0,1
1.065162400,1,1
1.065167400,0,1
1.065172600,1,1
1.065177650,0,1
1.065177850,0,0
1.065182800,1,0
1.065187850,0,0
1.065188250,0,1
1.065193050,1,1
1.065198100,0,1
1.065198400,0,0
1.065203250,1,0
1.065208300,0,0
1.065208750,0,1
1.065213500,1,1
1.065218500,0,1
1.065218800,0,0
1.065223700,1,0
1.065228750,0,0
1.065233950,1,0
1.065238950,0,0
1.065244150,1,0
1.065249200,0,0
1.065254400,1,0
1.065259400,0,0
1.065259950,0,1
1.065264600,1,1
1.065269650,0,1
1.065269900,0,0
1.065274800,1,0
1.065279850,0,0
1.065285050,1,0
1.065290100,0,0
1.065295250,1,0
1.065300300,0,0
1.065305500,1,0
1.065310500,0,0
1.065315700,1,0
1.065320750,0,0
1.065325950,1,0
1.065330950,0,0
1.065336150,1,0
1.065341200,0,0
1.065346400,1,0
1.065351400,0,0
1.065351850,0,1
1.065356600,1,1
1.065361650,0,1
1.065366800,1,1
1.065371850,0,1
1.065372150,0,0
1.065377050,1,0
1.065382050,0,0
1.065387250,1,0
1.065392300,0,0
1.065397500,1,0
1.065402500,0,0
1.065407700,1,0
1.065412750,0,0
1.065417950,1,0
1.065422950,0,0
1.065428150,1,0
1.065433200,0,0
1.065438350,1,0
1.065443400,0,0
1.065443900,0,1
1.065448600,1,1
1.065453650,0,1
1.065458800,1,1
1.065463850,0,1
1.065464050,0,0
1.065469050,1,0
1.065474050,0,0
1.065474600,0,1
1.065479250,1,1
1.065484300,0,1
1.065484600,0,0
1.065489500,1,0
1.065494500,0,0
1.065499700,1,0
1.065504750,0,0
1.065509950,1,0
1.065514950,0,0
1.065520150,1,0
1.065525200,0,0
1.065530400,1,0
1.065535400,0,0
1.065535950,0,1
1.065540600,1,1
1.065545650,0,1
1.065545900,0,0
1.065550800,1,0
1.065555850,0,0
1.065561050,1,0
1.065566050,0,0
1.065571250,1,0
1.065576300,0,0
1.065581500,1,0
1.065586500,0,0
1.065591700,1,0
1.065596750,0,0
1.065601950,1,0
1.065606950,0,0
1.065612150,1,0
1.065617200,0,0
1.065622350,1,0
1.065627400,0,0
1.065627850,0,1
1.065632600,1,1
1.065637650,0,1
1.065642800,1,1
1.065647850,0,1
1.065648150,0,0
1.065653050,1,0
1.065658050,0,0
1.065663250,1,0
1.065668300,0,0
1.065673500,1,0
1.065678500,0,0
1.065683700,1,0
1.065688750,0,0
1.065693950,1,0
1.065698950,0,0
1.065704150,1,0
1.065709200,0,0
1.065714350,1,0
1.065719400,0,0
1.065719900,0,1
1.065724600,1,1
1.065729650,0,1
1.065734800,1,1
1.065739850,0,1
1.065740100,0,0
1.065745050,1,0
1.065750050,0,0
1.065750450,0,1
1.065755250,1,1
1.065760300,0,1
1.065760600,0,0
1.065765500,1,0
1.065770500,0,0
1.065771000,0,1
1.065775700,1,1
1.065780750,0,1
1.065781750,0,0
1.065785950,1,0
1.065790950,0,0
1.065796150,1,0
1.065801200,0,0
1.065806350,1,0
1.065811400,0,0
1.065811800,0,1
1.065816600,1,1
1.065821650,0,1
1.065821950,0,0
1.065826800,1,0
1.065831850,0,0
1.065837050,1,0
1.065842050,0,0
1.065847250,1,0
1.065852300,0,0
1.065857500,1,0
1.065862500,0,0
1.065867700,1,0
1.065872750,0,0
1.065877950,1,0
1.065882950,0,0
1.065888150,1,0
1.065893200,0,0
1.065898350,1,0
1.065903400,0,0
1.065903900,0,1
1.065908600,1,1
1.065913650,0,1
1.065918800,1,1
1.065923850,0,1
1.065924050,0,0
1.065929050,1,0
1.065934050,0,0
1.065939250,1,0
1.065944300,0,0
1.065949500,1,0
1.065954500,0,0
1.065959700,1,0
1.065964750,0,0
1.065969950,1,0
1.065974950,0,0
1.065980150,1,0
1.065985200,0,0
1.065990350,1,0
1.065995400,0,0
1.065995950,0,1
1.066000600,1,1
1.066005650,0,1
1.066010800,1,1
1.066015850,0,1
1.066016100,0,0
1.066021050,1,0
1.066026050,0,0
1.066026500,0,1
1.066031250,1,1
1.066036300,0,1
1.066041500,1,1
1.066046500,0,1
1.066046850,0,0
1.066051700,1,0
1.066056750,0,0
1.066061900,1,0
1.066066950,0,0
1.066072150,1,0
1.066077200,0,0
1.066082350,1,0
1.066087400,0,0
1.066087850,0,1
1.066092600,1,1
1.066097600,0,1
1.066097800,0,0
1.066102800,1,0
1.066107850,0,0
1.066113050,1,0
1.066118050,0,0
1.066123250,1,0
1.066128300,0,0
1.066133500,1,0
1.066138500,0,0
1.066143700,1,0
1.066148750,0,0
1.066153950,1,0
1.066158950,0,0
1.066164150,1,0
1.066169200,0,0
1.066174350,1,0
1.066179400,0,0
1.066179900,0,1
1.066184600,1,1
1.066189600,0,1
1.066194800,1,1
1.066199850,0,1
1.066200050,0,0
1.066205050,1,0
1.066210050,0,0
1.066215250,1,0
1.066220300,0,0
1.066225500,1,0
1.066230500,0,0
1.066235700,1,0
1.066240750,0,0
1.066241200,0,1
1.067676700,0,0
1.067680950,1,0
1.067685950,0,0
1.067691150,1,0
1.067696150,0,0
1.067701350,1,0
1.067706400,0,0
1.067706950,0,1
1.067711600,1,1
1.067716600,0,1
1.067721800,1,1
1.067726850,0,1
1.067727100,0,0
1.067732000,1,0
1.067737050,0,0
1.067737500,0,1
1.067742250,1,1
1.067747300,0,1
1.067752450,1,1
1.067757500,0,1
1.067762700,1,1
1.067767700,0,1
1.067768700,0,0
1.067772900,1,0
1.067777950,0,0
1.067783150,1,0
1.067788150,0,0
1.067793350,1,0
1.067798400,0,0
1.067798850,0,1
1.067803600,1,1
1.067808600,0,1
1.067808850,0,0
1.067813800,1,0
1.067818850,0,0
1.067824000,1,0
1.067829050,0,0
1.067834250,1,0
1.067839300,0,0
1.067844450,1,0
1.067849500,0,0
1.067854700,1,0
1.067859700,0,0
1.067864900,1,0
1.067869950,0,0
1.067875150,1,0
1.067880150,0,0
1.067885350,1,0
1.067890400,0,0
1.067890900,0,1
1.067895600,1,1
1.067900600,0,1
1.067905800,1,1
1.067910850,0,1
1.067911100,0,0
1.067916000,1,0
1.067921050,0,0
1.067926250,1,0
1.067931300,0,0
1.067936450,1,0
1.067941500,0,0
1.067946700,1,0
1.067951700,0,0
1.067956900,1,0
1.067961950,0,0
1.067967150,1,0
1.067972150,0,0
1.067977350,1,0
1.067982400,0,0
1.067982800,0,1
1.067987600,1,1
1.067992600,0,1
1.067997800,1,1
1.068002850,0,1
1.068008000,1,1
1.068013050,0,1
1.068013350,0,0
1.068018250,1,0
1.068023300,0,0
1.068028450,1,0
1.068033500,0,0
1.068038700,1,0
1.068043700,0,0
1.068048900,1,0
1.068053950,0,0
1.068059150,1,0
1.068064150,0,0
1.068069350,1,0
1.068074400,0,0
1.068074850,0,1
1.068079600,1,1
1.068084600,0,1
1.068084850,0,0
1.068089800,1,0
1.068094850,0,0
1.068100000,1,0
1.068105050,0,0
1.068110250,1,0
1.068115300,0,0
1.068120450,1,0
1.068125500,0,0
1.068130700,1,0
1.068135700,0,0
1.068140900,1,0
1.068145950,0,0
1.068151150,1,0
1.068156150,0,0
1.068161350,1,0
1.068166400,0,0
1.068166950,0,1
1.068171600,1,1
1.068176600,0,1
1.068181800,1,1
1.068186850,0,1
1.068187100,0,0
1.068192000,1,0
1.068197050,0,0
1.068202250,1,0
1.068207300,0,0
1.068212450,1,0
1.068217500,0,0
1.068222700,1,0
1.068227700,0,0
1.068232900,1,0
1.068237950,0,0
1.068243150,1,0
1.068248150,0,0
1.068253350,1,0
1.068258400,0,0
1.068258850,0,1
1.068263550,1,1
1.068268600,0,1
1.068273800,1,1
1.068278850,0,1
1.068284000,1,1
1.068289050,0,1
1.068289350,0,0
1.068294250,1,0
1.068299250,0,0
1.068304450,1,0
1.068309500,0,0
1.068309950,0,1
1.068314700,1,1
1.068319700,0,1
1.068320700,0,0
1.068324900,1,0
1.068329950,0,0
1.068335150,1,0
1.068340150,0,0
1.068345350,1,0
1.068350400,0,0
1.068350900,0,1
1.068355550,1,1
1.068360600,0,1
1.068360850,0,0
1.068365800,1,0
1.068370850,0,0
1.068376000,1,0
1.068381050,0,0
1.068386250,1,0
1.068391250,0,0
1.068396450,1,0
1.068401500,0,0
1.068406700,1,0
1.068411700,0,0
1.068416900,1,0
1.068421950,0,0
1.068427150,1,0
1.068432150,0,0
1.068437350,1,0
1.068442400,0,0
1.068442800,0,1
1.068447550,1,1
1.068452600,0,1
1.068457800,1,1
1.068462850,0,1
1.068463100,0,0
1.068468000,1,0
1.068473050,0,0
1.068478250,1,0
1.068483250,0,0
1.068488450,1,0
1.068493500,0,0
1.068498700,1,0
1.068503700,0,0
1.068508900,1,0
1.068513950,0,0
1.068519150,1,0
1.068524150,0,0
1.068524650,0,1
1.068529350,1,1
1.068534400,0,1
1.068534650,0,0
1.068539550,1,0
1.068544600,0,0
1.068549800,1,0
1.068554850,0,0
1.068560000,1,0
1.068565050,0,0
1.068570250,1,0
1.068575250,0,0
1.068580450,1,0
1.068585500,0,0
1.068586000,0,1
1.068590700,1,1
1.068595700,0,1
1.068596700,0,0
1.068600900,1,0
1.068605950,0,0
1.068611150,1,0
1.068616150,0,0
1.068621350,1,0
1.068626400,0,0
1.068626900,0,1
1.068631550,1,1
1.068636600,0,1
1.068636900,0,0
1.068641800,1,0
1.068646850,0,0
1.068652000,1,0
1.068657050,0,0
1.068662250,1,0
1.068667250,0,0
1.068672450,1,0
1.068677500,0,0
1.068682700,1,0
1.068687700,0,0
1.068692900,1,0
1.068697950,0,0
1.068703150,1,0
1.068708150,0,0
1.068713350,1,0
1.068718400,0,0
1.068718850,0,1
1.068723550,1,1
1.068728600,0,1
1.068733800,1,1
1.068738850,0,1
1.068739150,0,0
1.068744000,1,0
1.068749050,0,0
1.068754250,1,0
1.068759250,0,0
1.068764450,1,0
1.068769500,0,0
1.068774700,1,0
1.068779700,0,0
1.068784900,1,0
1.068789950,0,0
1.068795150,1,0
1.068800150,0,0
1.068800700,0,1
1.068805350,1,1
1.068810400,0,1
1.068810650,0,0
1.068815550,1,0
1.068820600,0,0
1.068825800,1,0
1.068830850,0,0
1.068836000,1,0
1.068841050,0,0
1.068846250,1,0
1.068851250,0,0
1.068851800,0,1
1.068856450,1,1
1.068861500,0,1
1.068866700,1,1
1.068871700,0,1
1.068872700,0,0
1.068876900,1,0
1.068881950,0,0
1.068887150,1,0
1.068892150,0,0
1.068897350,1,0
1.068902400,0,0
1.068902950,0,1
1.068907550,1,1
1.068912600,0,1
1.068912900,0,0
1.068917800,1,0
1.068922850,0,0
1.068928000,1,0
1.068933050,0,0
1.068938250,1,0
1.068943250,0,0
1.068948450,1,0
1.068953500,0,0
1.068958700,1,0
1.068963700,0,0
1.068968900,1,0
1.068973950,0,0
1.068979150,1,0
1.068984150,0,0
1.068989350,1,0
1.068994400,0,0
1.068994850,0,1
1.068999550,1,1
1.069004600,0,1
1.069009800,1,1
1.069014800,0,1
1.069015000,0,0
1.069020000,1,0
1.069025050,0,0
1.069030250,1,0
1.069035250,0,0
1.069040450,1,0
1.069045500,0,0
1.069050700,1,0
1.069055700,0,0
1.069060900,1,0
1.069065950,0,0
1.069069200,0,1
1.069071100,1,1
1.069076150,0,1
1.069076500,0,0
1.069081350,1,0
1.069086400,0,0
1.069086900,0,1
1.069091550,1,1
1.069096600,0,1
1.069101800,1,1
1.069106800,0,1
1.069112000,1,1
1.069117050,0,1
1.069117250,0,0
1.069122250,1,0
1.069127250,0,0
1.069132450,1,0
1.069137500,0,0
1.069138000,0,1
1.069142700,1,1
1.069147700,0,1
1.070622700,0,0
1.070626950,1,0
1.070631900,0,0
1.070637150,1,0
1.070642150,0,0
1.070642550,0,1
1.070647350,1,1
1.070652350,0,1
1.070657550,1,1
1.070662600,0,1
1.070662900,0,0
1.070667800,1,0
1.070672800,0,0
1.070673250,0,1
1.070678000,1,1
1.070683050,0,1
1.070688200,1,1
1.070693250,0,1
1.070698450,1,1
1.070703500,0,1
1.070703700,0,0
1.070708650,1,0
1.070713700,0,0
1.070718900,1,0
1.070723900,0,0
1.070727150,0,1
1.070729100,1,1
1.070734150,0,1
1.070734400,0,0
1.070739350,1,0
1.070744350,0,0
1.070749550,1,0
1.070754600,0,0
1.070755000,0,1
1.070759800,1,1
1.070764800,0,1
1.070770000,1,1
1.070775050,0,1
1.070780200,1,1
1.070785250,0,1
1.070785550,0,0
1.070790450,1,0
1.070795500,0,0
1.070795900,0,1
1.070800650,1,1
1.070805700,0,1
1.070806700,0,0
1.070810900,1,0
1.070815900,0,0
1.070819150,0,1
1.070821100,1,1
1.070826150,0,1
1.070831350,1,1
1.070836350,0,1
1.070841550,1,1
1.070846600,0,1
1.070846850,0,0
1.070851800,1,0
1.070856800,0,0
1.070862000,1,0
1.070867050,0,0
1.070872200,1,0
1.070877250,0,0
1.070877650,0,1
1.070882450,1,1
1.070887500,0,1
1.070892650,1,1
1.070897700,0,1
1.070898700,0,0
1.070902900,1,0
1.070907900,0,0
1.070913100,1,0
1.070918150,0,0
1.070923350,1,0
1.070928350,0,0
1.070933550,1,0
1.070938600,0,0
1.070943800,1,0
1.070948800,0,0
1.070954000,1,0
1.070959050,0,0
1.070964200,1,0
1.070969250,0,0
1.070974450,1,0
1.070979500,0,0
1.070984650,1,0
1.070989700,0,0
1.070994900,1,0
1.070999900,0,0
1.071003150,0,1
1.071005100,1,1
1.071010150,0,1
1.071015350,1,1
1.071020350,0,1
1.071025550,1,1
1.071030600,0,1
1.071030800,0,0
1.071035800,1,0
1.071040800,0,0
1.071041200,0,1
1.071046000,1,1
1.071051050,0,1
1.071051350,0,0
1.071056200,1,0
1.071061250,0,0
1.071061750,0,1
1.071066450,1,1
1.071071500,0,1
1.071071750,0,0
1.071076650,1,0
1.071081700,0,0
1.071086900,1,0
1.071091900,0,0
1.071097100,1,0
1.071102150,0,0
1.071107350,1,0
1.071112350,0,0
1.071112900,0,1
1.071117550,1,1
1.071122600,0,1
1.071122850,0,0
1.071127800,1,0
1.071132800,0,0
1.071138000,1,0
1.071143050,0,0
1.071148200,1,0
1.071153250,0,0
1.071158450,1,0
1.071163450,0,0
1.071168650,1,0
1.071173700,0,0
1.071178900,1,0
1.071183900,0,0
1.071189100,1,0
1.071194150,0,0
1.071199350,1,0
1.071204350,0,0
1.071204800,0,1
1.071209550,1,1
1.071214600,0,1
1.071219750,1,1
1.071224800,0,1
1.071225150,0,0
1.071230000,1,0
1.071235050,0,0
1.071240200,1,0
1.071245250,0,0
1.071250450,1,0
1.071255450,0,0
1.071260650,1,0
1.071265700,0,0
1.071270900,1,0
1.071275900,0,0
1.071281100,1,0
1.071286150,0,0
1.071291350,1,0
1.071296350,0,0
1.071296850,0,1
1.071301550,1,1
1.071306600,0,1
1.071311750,1,1
1.071316800,0,1
1.071317050,0,0
1.071322000,1,0
1.071327050,0,0
1.071327400,0,1
1.071332200,1,1
1.071337250,0,1
1.071337550,0,0
1.071342450,1,0
1.071347450,0,0
1.071352650,1,0
1.071357700,0,0
1.071358200,0,1
1.073459900,1,1
1.073464900,0,1
1.073465900,0,0
1.073470100,1,0
1.073476300,1,1
1.074655100,1,0
1.074661100,0,0
1.074666250,1,0
1.074671350,0,0
1.074672550,0,1
1.074676500,1,1
1.074681550,0,1
1.074686750,1,1
1.074691800,0,1
1.074692800,0,0
1.074696950,1,0
1.074702000,0,0
1.074703200,0,1
1.074707200,1,1
1.074712250,0,1
1.074717400,1,1
1.074722450,0,1
1.074727650,1,1
1.074732650,0,1
1.074733650,0,0
1.074737850,1,0
1.074742900,0,0
1.074748100,1,0
1.074753100,0,0
1.074753500,0,1
1.075701100,0,0
1.075705350,1,0
1.075710350,0,0
1.075711550,0,1
1.075715550,1,1
1.075720550,0,1
1.075721550,0,0
1.075725750,1,0
1.075730750,0,0
1.075732000,0,1
1.075735950,1,1
1.075741000,0,1
1.075742000,0,0
1.075746200,1,0
1.075751200,0,0
1.075756400,1,0
1.075761450,0,0
1.075766650,1,0
1.075771650,0,0
1.075772900,0,1
1.075776850,1,1
1.075781900,0,1
1.075782100,0,0
1.075787050,1,0
1.075792100,0,0
1.075792600,0,1
1.075797300,1,1
1.075802350,0,1
1.075803350,0,0
1.075807500,1,0
1.075812550,0,0
1.075817750,1,0
1.075822750,0,0
1.075827950,1,0
1.075833000,0,0
1.075838200,1,0
1.075843200,0,0
1.075848400,1,0
1.075853450,0,0
1.075854700,0,1
1.075858650,1,1
1.075863650,0,1
1.075868850,1,1
1.075873900,0,1
1.075874150,0,0
1.075879050,1,0
1.075884100,0,0
1.075884550,0,1
1.075889300,1,1
1.075894350,0,1
1.075899500,1,1
1.075904550,0,1
1.075909750,1,1
1.075914750,0,1
1.075919950,1,1
1.075925000,0,1
1.075926000,0,0
1.075930200,1,0
1.075935200,0,0
1.075940400,1,0
1.075945450,0,0
1.075946650,0,1
1.075950650,1,1
1.075955650,0,1
1.075960850,1,1
1.075965900,0,1
1.075966200,0,0
1.075971050,1,0
1.075976100,0,0
1.075981300,1,0
1.075986350,0,0
1.075991500,1,0
1.075996550,0,0
1.076001750,1,0
1.076006750,0,0
1.076011950,1,0
1.076017000,0,0
1.076022200,1,0
1.076027200,0,0
1.076032400,1,0
1.076037450,0,0
1.076042650,1,0
1.076047650,0,0
1.076048900,0,1
1.076052850,1,1
1.076057900,0,1
1.076058100,0,0
1.076063050,1,0
1.076068100,0,0
1.076073300,1,0
1.076078350,0,0
1.076083500,1,0
1.076088550,0,0
1.076093750,1,0
1.076098750,0,0
1.076103950,1,0
1.076109000,0,0
1.076114200,1,0
1.076119200,0,0
1.076120450,0,1
1.076124400,1,1
1.076129450,0,1
1.076130450,0,0
1.076134650,1,0
1.076139650,0,0
1.076144850,1,0
1.076149900,0,0
1.076155050,1,0
1.076160100,0,0
1.076165300,1,0
1.076170350,0,0
1.076171550,0,1
1.076175500,1,1
1.076180550,0,1
1.076181550,0,0
1.076185750,1,0
1.076190750,0,0
1.076195950,1,0
1.076201000,0,0
1.076202200,0,1
1.076206200,1,1
1.076211200,0,1
1.076212200,0,0
1.076216400,1,0
1.076221450,0,0
1.076222650,0,1
1.076226600,1,1
1.076231650,0,1
1.076232650,0,0
1.076236850,1,0
1.076241900,0,0
1.076247050,1,0
1.076252100,0,0
1.076252600,0,1
1.078467100,0,0
1.078471300,1,0
1.078477500,1,1
1.079407300,1,0
1.079413300,0,0
1.079418450,1,0
1.079423500,0,0
1.079424750,0,1
1.079428700,1,1
1.079433750,0,1
1.079438950,1,1
1.079443950,0,1
1.079444950,0,0
1.079449150,1,0
1.079454200,0,0
1.079455400,0,1
1.079459400,1,1
1.079464400,0,1
1.079469600,1,1
1.079474650,0,1
1.079479800,1,1
1.079484850,0,1
1.079490050,1,1
1.079495100,0,1
1.079495350,0,0
1.079500250,1,0
1.079505300,0,0
1.080432550,1,0
1.080437500,0,0
1.080438050,0,1
1.080442700,1,1
1.080447750,0,1
1.080452950,1,1
1.080457950,0,1
1.080458200,0,0
1.080463150,1,0
1.080468200,0,0
1.080468600,0,1
1.080473350,1,1
1.080478400,0,1
1.080483600,1,1
1.080488650,0,1
1.080493800,1,1
1.080498850,0,1
1.080499150,0,0
1.080504050,1,0
1.080509050,0,0
1.080514250,1,0
1.080519300,0,0
1.080522500,0,1
1.080524500,1,1
1.080529500,0,1
1.080529750,0,0
1.080534700,1,0
1.080539750,0,0
1.080544950,1,0
1.080549950,0,0
1.080550500,0,1
1.080555150,1,1
1.080560200,0,1
1.080565350,1,1
1.080570400,0,1
1.080575600,1,1
1.080580650,0,1
1.080580850,0,0
1.080585800,1,0
1.080590850,0,0
1.080591250,0,1
1.080596050,1,1
1.080601050,0,1
1.080602050,0,0
1.080606250,1,0
1.080611300,0,0
1.080614500,0,1
1.080616500,1,1
1.080621500,0,1
1.080626700,1,1
1.080631750,0,1
1.080636900,1,1
1.080641950,0,1
1.080642200,0,0
1.080647150,1,0
1.080652200,0,0
1.080657350,1,0
1.080662400,0,0
1.080667600,1,0
1.080672600,0,0
1.080673100,0,1
1.080677800,1,1
1.080682850,0,1
1.080688050,1,1
1.080693050,0,1
1.080694050,0,0
1.080698250,1,0
1.080703300,0,0
1.080708500,1,0
1.080713500,0,0
1.080718700,1,0
1.080723750,0,0
1.080728900,1,0
1.080733950,0,0
1.080739150,1,0
1.080744200,0,0
1.080749350,1,0
1.080754400,0,0
1.080759600,1,0
1.080764600,0,0
1.080769800,1,0
1.080774850,0,0
1.080775400,0,1
1.080780050,1,1
1.080785050,0,1
1.080786050,0,0
1.080790250,1,0
1.080795300,0,0
1.080800500,1,0
1.080805500,0,0
1.080810700,1,0
1.080815750,0,0
1.080820900,1,0
1.080825950,0,0
1.080831150,1,0
1.080836200,0,0
1.080841350,1,0
1.080846400,0,0
1.080846900,0,1
1.080851600,1,1
1.080856600,0,1
1.080856900,0,0
1.080861800,1,0
1.080866850,0,0
1.080872050,1,0
1.080877050,0,0
1.080882250,1,0
1.080887300,0,0
1.080892500,1,0
1.080897500,0,0
1.080898000,0,1
1.080902700,1,1
1.080907750,0,1
1.080908000,0,0
1.080912900,1,0
1.080917950,0,0
1.080923150,1,0
1.080928200,0,0
1.080933350,1,0
1.080938400,0,0
1.080938950,0,1
1.080943600,1,1
1.080948600,0,1
1.080948950,0,0
1.080953800,1,0
1.080958850,0,0
1.080964050,1,0
1.080969050,0,0
1.080974250,1,0
1.080979300,0,0
1.080984500,1,0
1.080989500,0,0
1.080994700,1,0
1.080999750,0,0
1.081000300,0,1
1.081004900,1,1
1.081009950,0,1
1.081010250,0,0
1.081015150,1,0
1.081020200,0,0
1.081025350,1,0
1.081030400,0,0
1.081035600,1,0
1.081040600,0,0
1.081045800,1,0
1.081050850,0,0
1.081056050,1,0
1.081061050,0,0
1.081066250,1,0
1.081071300,0,0
1.081076500,1,0
1.081081500,0,0
1.081086700,1,0
1.081091750,0,0
1.081092200,0,1
1.081096900,1,1
1.081101950,0,1
1.081107150,1,1
1.081112200,0,1
1.081112500,0,0
1.081117350,1,0
1.081122400,0,0
1.081127600,1,0
1.081132600,0,0
1.081137800,1,0
1.081142850,0,0
1.081143300,0,1
1.081148050,1,1
1.081153050,0,1
1.081154050,0,0
1.081158250,1,0
1.081163300,0,0
1.081168500,1,0
1.081173500,0,0
1.081178700,1,0
1.081183750,0,0
1.081184250,0,1
1.081188900,1,1
1.081193950,0,1
1.081199150,1,1
1.081204200,0,1
1.081204400,0,0
1.081209350,1,0
1.081214400,0,0
1.081219600,1,0
1.081224600,0,0
1.081229800,1,0
1.081234850,0,0
1.081235350,0,1
1.081240050,1,1
1.081245050,0,1
1.081246050,0,0
1.081250250,1,0
1.081255300,0,0
1.081260500,1,0
1.081265500,0,0
1.081270700,1,0
1.081275750,0,0
1.081276150,0,1
1.081280900,1,1
1.081285950,0,1
1.081286250,0,0
1.081291150,1,0
1.081296200,0,0
1.081301350,1,0
1.081306400,0,0
1.081311600,1,0
1.081316600,0,0
1.081321800,1,0
1.081326850,0,0
1.081332050,1,0
1.081337050,0,0
1.081342250,1,0
1.081347300,0,0
1.081352500,1,0
1.081357500,0,0
1.081362700,1,0
1.081367750,0,0
1.081368200,0,1
1.081372900,1,1
1.081377950,0,1
1.081383150,1,1
1.081388150,0,1
1.081388400,0,0
1.081393350,1,0
1.081398400,0,0
1.081403600,1,0
1.081408600,0,0
1.081413800,1,0
1.081418850,0,0
1.081419350,0,1
1.081424050,1,1
1.081429050,0,1
1.081430050,0,0
1.081434250,1,0
1.081439300,0,0
1.081444500,1,0
1.081449500,0,0
1.081454700,1,0
1.081459750,0,0
1.081460250,0,1
1.081464900,1,1
1.081469950,0,1
1.081475150,1,1
1.081480150,0,1
1.081480450,0,0
1.081485350,1,0
1.081490400,0,0
1.081495600,1,0
1.081500600,0,0
1.081501050,0,1
1.081505800,1,1
1.081510850,0,1
1.081511150,0,0
1.081516050,1,0
1.081521050,0,0
1.081526250,1,0
1.081531300,0,0
1.081536500,1,0
1.081541500,0,0
1.081546700,1,0
1.081551750,0,0
1.081552150,0,1
1.081556900,1,1
1.081561950,0,1
1.081562150,0,0
1.081567150,1,0
1.081572150,0,0
1.081577350,1,0
1.081582400,0,0
1.081587600,1,0
1.081592600,0,0
1.081597800,1,0
1.081602850,0,0
1.081608050,1,0
1.081613050,0,0
1.081618250,1,0
1.081623300,0,0
1.081628450,1,0
1.081633500,0,0
1.081638700,1,0
1.081643750,0,0
1.081644250,0,1
1.081648900,1,1
1.081653950,0,1
1.081659150,1,1
1.081664150,0,1
1.081664400,0,0
1.081669350,1,0
1.081674400,0,0
1.081679600,1,0
1.081684600,0,0
1.081689800,1,0
1.081694850,0,0
1.081695350,0,1
1.081700050,1,1
1.081705050,0,1
1.081706050,0,0
1.081710250,1,0
1.081715300,0,0
1.081720450,1,0
1.081725500,0,0
1.081730700,1,0
1.081735750,0,0
1.081736250,0,1
1.081740900,1,1
1.081745950,0,1
1.081751150,1,1
1.081756150,0,1
1.081756450,0,0
1.081761350,1,0
1.081766400,0,0
1.081766850,0,1
1.081771600,1,1
1.081776600,0,1
1.081776850,0,0
1.081781800,1,0
1.081786850,0,0
1.081792050,1,0
1.081797050,0,0
1.081802250,1,0
1.081807300,0,0
1.081812450,1,0
1.081817500,0,0
1.081822700,1,0
1.081827750,0,0
1.081828200,0,1
1.081832900,1,1
1.081837950,0,1
1.081838150,0,0
1.081843150,1,0
1.081848150,0,0
1.081853350,1,0
1.081858400,0,0
1.081863600,1,0
1.081868600,0,0
1.081873800,1,0
1.081878850,0,0
1.081884050,1,0
1.081889050,0,0
1.081889500,0,1
1.083315050,0,0
1.083319300,1,0
1.083324250,0,0
1.083329500,1,0
1.083334500,0,0
1.083339700,1,0
1.083344700,0,0
1.083345150,0,1
1.083349900,1,1
1.083354950,0,1
1.083360150,1,1
1.083365150,0,1
1.083365350,0,0
1.083370350,1,0
1.083375400,0,0
1.083380550,1,0
1.083385600,0,0
1.083390800,1,0
1.083395850,0,0
1.083396300,0,1
1.083401000,1,1
1.083406050,0,1
1.083407050,0,0
1.083411250,1,0
1.083416250,0,0
1.083421450,1,0
1.083426500,0,0
1.083427000,0,1
1.083431700,1,1
1.083436700,0,1
1.083437000,0,0
1.083441900,1,0
1.083446950,0,0
1.083452150,1,0
1.083457150,0,0
1.083462350,1,0
1.083467400,0,0
1.083472550,1,0
1.083477600,0,0
1.083482800,1,0
1.083487850,0,0
1.083488350,0,1
1.083493000,1,1
1.083498050,0,1
1.083499050,0,0
1.083503250,1,0
1.083508250,0,0
1.083513450,1,0
1.083518500,0,0
1.083523700,1,0
1.083528700,0,0
1.083529150,0,1
1.083533900,1,1
1.083538950,0,1
1.083539250,0,0
1.083544150,1,0
1.083549150,0,0
1.083554350,1,0
1.083559400,0,0
1.083564550,1,0
1.083569600,0,0
1.083574800,1,0
1.083579800,0,0
1.083585000,1,0
1.083590050,0,0
1.083595250,1,0
1.083600250,0,0
1.083605450,1,0
1.083610500,0,0
1.083615700,1,0
1.083620700,0,0
1.083621200,0,1
1.083625900,1,1
1.083630950,0,1
1.083636100,1,1
1.083641150,0,1
1.083641350,0,0
1.083646350,1,0
1.083651400,0,0
1.083656550,1,0
1.083661600,0,0
1.083666800,1,0
1.083671800,0,0
1.083672300,0,1
1.083677000,1,1
1.083682050,0,1
1.083683050,0,0
1.083687250,1,0
1.083692250,0,0
1.083697450,1,0
1.083702500,0,0
1.083702900,0,1
1.083707700,1,1
1.083712700,0,1
1.083713050,0,0
1.083717900,1,0
1.083722950,0,0
1.083728100,1,0
1.083733150,0,0
1.083738350,1,0
1.083743400,0,0
1.083743850,0,1
1.083748550,1,1
1.083753600,0,1
1.083753800,0,0
1.083758800,1,0
1.083763800,0,0
1.083764350,0,1
1.083769000,1,1
1.083774050,0,1
1.083775050,0,0
1.083779250,1,0
1.083784250,0,0
1.083789450,1,0
1.083794500,0,0
1.083799700,1,0
1.083804700,0,0
1.083805150,0,1
1.083809900,1,1
1.083814950,0,1
1.083815150,0,0
1.083820100,1,0
1.083825150,0,0
1.083830350,1,0
1.083835400,0,0
1.083840550,1,0
1.083845600,0,0
1.083850800,1,0
1.083855800,0,0
1.083861000,1,0
1.083866050,0,0
1.083871250,1,0
1.083876250,0,0
1.083881450,1,0
1.083886500,0,0
1.083891700,1,0
1.083896700,0,0
1.083897200,0,1
1.083901900,1,1
1.083906950,0,1
1.083912100,1,1
1.083917150,0,1
1.083917400,0,0
1.083922350,1,0
1.083927400,0,0
1.083932550,1,0
1.083937600,0,0
1.083942800,1,0
1.083947800,0,0
1.083948350,0,1
1.083953000,1,1
1.083958050,0,1
1.083959050,0,0
1.083963250,1,0
1.083968250,0,0
1.083973450,1,0
1.083978500,0,0
1.083978900,0,1
1.083983700,1,1
1.083988700,0,1
1.083988900,0,0
1.083993900,1,0
1.083998950,0,0
1.084004100,1,0
1.084009150,0,0
1.084014350,1,0
1.084019400,0,0
1.084019850,0,1
1.084024550,1,1
1.084029600,0,1
1.084034800,1,1
1.084039800,0,1
1.084040050,0,0
1.084045000,1,0
1.084050050,0,0
1.084055250,1,0
1.084060250,0,0
1.084065450,1,0
1.084070500,0,0
1.084075700,1,0
1.084080700,0,0
1.084081200,0,1
1.084085900,1,1
1.084090950,0,1
1.084091150,0,0
1.084096100,1,0
1.084101150,0,0
1.084106350,1,0
1.084111400,0,0
1.084116550,1,0
1.084121600,0,0
1.084126800,1,0
1.084131800,0,0
1.084137000,1,0
1.084142050,0,0
1.084147250,1,0
1.084152250,0,0
1.084157450,1,0
1.084162500,0,0
1.084167700,1,0
1.084172700,0,0
1.084173250,0,1
1.084177900,1,1
1.084182950,0,1
1.084188100,1,1
1.084193150,0,1
1.084193400,0,0
1.084198350,1,0
1.084203400,0,0
1.084208550,1,0
1.084213600,0,0
1.084214000,0,1
1.084218800,1,1
1.084223800,0,1
1.084229000,1,1
1.084234050,0,1
1.084235050,0,0
1.084239250,1,0
1.084244250,0,0
1.084249450,1,0
1.084254500,0,0
1.084259700,1,0
1.084264700,0,0
1.084265150,0,1
1.084269900,1,1
1.084274950,0,1
1.084280100,1,1
1.084285150,0,1
1.084285450,0,0
1.084290350,1,0
1.084295350,0,0
1.084300550,1,0
1.084305600,0,0
1.084310800,1,0
1.084315800,0,0
1.084321000,1,0
1.084326050,0,0
1.084331250,1,0
1.084336250,0,0
1.084341450,1,0
1.084346500,0,0
1.084351650,1,0
1.084356700,0,0
1.084357200,0,1
1.084361900,1,1
1.084366950,0,1
1.084367200,0,0
1.084372100,1,0
1.084377150,0,0
1.084382350,1,0
1.084387350,0,0
1.084392550,1,0
1.084397600,0,0
1.084402800,1,0
1.084407800,0,0
1.084413000,1,0
1.084418050,0,0
1.084423250,1,0
1.084428250,0,0
1.084433450,1,0
1.084438500,0,0
1.084443650,1,0
1.084448700,0,0
1.084449250,0,1
1.084453900,1,1
1.084458950,0,1
1.084464100,1,1
1.084469150,0,1
1.084469450,0,0
1.084474350,1,0
1.084479350,0,0
1.084484550,1,0
1.084489600,0,0
1.084490050,0,1
1.084494800,1,1
1.084499800,0,1
1.084500000,0,0
1.084505000,1,0
1.084510050,0,0
1.084515250,1,0
1.084520250,0,0
1.084525450,1,0
1.084530500,0,0
1.084535650,1,0
1.084540700,0,0
1.084541150,0,1
1.084545900,1,1
1.084550950,0,1
1.084556100,1,1
1.084561150,0,1
1.084561500,0,0
1.084566350,1,0
1.084571350,0,0
1.084576550,1,0
1.084581600,0,0
1.084582100,0,1
1.084586800,1,1
1.084591800,0,1
1.084597000,1,1
1.084602050,0,1
1.084603050,0,0
1.084607250,1,0
1.084612250,0,0
1.084617450,1,0
1.084622500,0,0
1.084627650,1,0
1.084632700,0,0
1.084633200,0,1
1.084637900,1,1
1.084642950,0,1
1.084643200,0,0
1.084648100,1,0
1.084653150,0,0
1.084658350,1,0
1.084663350,0,0
1.084668550,1,0
1.084673600,0,0
1.084678800,1,0
1.084683800,0,0
1.084689000,1,0
1.084694050,0,0
1.084699250,1,0
1.084704250,0,0
1.084709450,1,0
1.084714500,0,0
1.084714950,0,1
1.084719650,1,1
1.084724700,0,1
1.084724900,0,0
1.084729900,1,0
1.084734950,0,0
1.084735450,0,1
1.084740100,1,1
1.084745150,0,1
1.084745450,0,0
1.084750350,1,0
1.084755350,0,0
1.084755850,0,1
1.084760550,1,1
1.084765600,0,1
1.084770800,1,1
1.084775800,0,1
1.084776050,0,0
1.084781000,1,0
1.084786050,0,0
1.084786400,0,1
1.086235050,0,0
1.086239250,1,0
1.086244250,0,0
1.086249450,1,0
1.086254450,0,0
1.086254950,0,1
1.086259650,1,1
1.086264700,0,1
1.086269900,1,1
1.086274900,0,1
1.086275150,0,0
1.086280100,1,0
1.086285150,0,0
1.086285500,0,1
1.086290300,1,1
1.086295350,0,1
1.086300550,1,1
1.086305600,0,1
1.086310750,1,1
1.086315800,0,1
1.086316050,0,0
1.086321000,1,0
1.086326050,0,0
1.086331200,1,0
1.086336250,0,0
1.086339500,0,1
1.086341450,1,1
1.086346450,0,1
1.086346650,0,0
1.086351650,1,0
1.086356700,0,0
1.086361900,1,0
1.086366900,0,0
1.086367400,0,1
1.086372100,1,1
1.086377150,0,1
1.086382350,1,1
1.086387350,0,1
1.086392550,1,1
1.086397600,0,1
1.086397800,0,0
1.086402750,1,0
1.086407800,0,0
1.086408300,0,1
1.086413000,1,1
1.086418050,0,1
1.086419050,0,0
1.086423200,1,0
1.086428250,0,0
1.086431450,0,1
1.086433450,1,1
1.086438450,0,1
1.086443650,1,1
1.086448700,0,1
1.086453900,1,1
1.086458900,0,1
1.086459100,0,0
1.086464100,1,0
1.086469150,0,0
1.086474350,1,0
1.086479350,0,0
1.086484550,1,0
1.086489600,0,0
1.086490050,0,1
1.086494750,1,1
1.086499800,0,1
1.086505000,1,1
1.086510000,0,1
1.086511000,0,0
1.086515200,1,0
1.086520250,0,0
1.086525450,1,0
1.086530450,0,0
1.086535650,1,0
1.086540700,0,0
1.086545900,1,0
1.086550900,0,0
1.086556100,1,0
1.086561150,0,0
1.086566300,1,0
1.086571350,0,0
1.086576550,1,0
1.086581600,0,0
1.086586750,1,0
1.086591800,0,0
1.086592300,0,1
1.086597000,1,1
1.086602000,0,1
1.086603000,0,0
1.086607200,1,0
1.086612250,0,0
1.086617450,1,0
1.086622450,0,0
1.086627650,1,0
1.086632700,0,0
1.086637900,1,0
1.086642900,0,0
1.086648100,1,0
1.086653150,0,0
1.086658300,1,0
1.086663350,0,0
1.086663850,0,1
1.086668550,1,1
1.086673600,0,1
1.086673800,0,0
1.086678750,1,0
1.086683800,0,0
1.086689000,1,0
1.086694000,0,0
1.086699200,1,0
1.086704250,0,0
1.086709450,1,0
1.086714450,0,0
1.086714950,0,1
1.086719650,1,1
1.086724700,0,1
1.086724950,0,0
1.086729900,1,0
1.086734900,0,0
1.086740100,1,0
1.086745150,0,0
1.086750300,1,0
1.086755350,0,0
1.086755900,0,1
1.086760550,1,1
1.086765600,0,1
1.086765850,0,0
1.086770750,1,0
1.086775800,0,0
1.086781000,1,0
1.086786000,0,0
1.086791200,1,0
1.086796250,0,0
1.086801450,1,0
1.086806450,0,0
1.086811650,1,0
1.086816700,0,0
1.086817200,0,1
1.086821900,1,1
1.086826900,0,1
1.086827200,0,0
1.086832100,1,0
1.086837150,0,0
1.086842300,1,0
1.086847350,0,0
1.086852550,1,0
1.086857600,0,0
1.086862750,1,0
1.086867800,0,0
1.086873000,1,0
1.086878000,0,0
1.086883200,1,0
1.086888250,0,0
1.086893450,1,0
1.086898450,0,0
1.086903650,1,0
1.086908700,0,0
1.086909100,0,1
1.086913900,1,1
1.086918900,0,1
1.086924100,1,1
1.086929150,0,1
1.086929450,0,0
1.086934300,1,0
1.086939350,0,0
1.086944550,1,0
1.086949600,0,0
1.086954750,1,0
1.086959800,0,0
1.086960250,0,1
1.086965000,1,1
1.086970000,0,1
1.089056250,1,1
1.089061250,0,1
1.089062250,0,0
1.089066450,1,0
1.089072650,1,1
1.090104450,1,0
1.090110450,0,0
1.090115600,1,0
1.090120650,0,0
1.090121900,0,1
1.090125850,1,1
1.090130900,0,1
1.090136050,1,1
1.090141100,0,1
1.090142100,0,0
1.090146300,1,0
1.090151350,0,0
1.090152550,0,1
1.090156500,1,1
1.090161550,0,1
1.090166750,1,1
1.090171750,0,1
1.090176950,1,1
1.090182000,0,1
1.090183000,0,0
1.090187200,1,0
1.090192200,0,0
1.090197400,1,0
1.090202450,0,0
1.090202900,0,1
1.091160450,0,0
1.091164650,1,0
1.091169650,0,0
1.091170850,0,1
1.091174850,1,1
1.091179900,0,1
1.091180900,0,0
1.091185050,1,0
1.091190100,0,0
1.091191300,0,1
1.091195300,1,1
1.091200300,0,1
1.091201300,0,0
1.091205500,1,0
1.091210550,0,0
1.091215750,1,0
1.091220750,0,0
1.091225950,1,0
1.091231000,0,0
1.091232250,0,1
1.091236200,1,1
1.091241200,0,1
1.091241550,0,0
1.091246400,1,0
1.091251450,0,0
1.091251900,0,1
1.091256600,1,1
1.091261650,0,1
1.091262650,0,0
1.091266850,1,0
1.091271900,0,0
1.091277050,1,0
1.091282100,0,0
1.091287300,1,0
1.091292300,0,0
1.091297500,1,0
1.091302550,0,0
1.091307750,1,0
1.091312750,0,0
1.091314000,0,1
1.091317950,1,1
1.091323000,0,1
1.091328200,1,1
1.091333200,0,1
1.091333450,0,0
1.091338400,1,0
1.091343450,0,0
1.091343850,0,1
1.091348600,1,1
1.091353650,0,1
1.091358850,1,1
1.091363900,0,1
1.091369050,1,1
1.091374100,0,1
1.091379300,1,1
1.091384300,0,1
1.091385300,0,0
1.091389500,1,0
1.091394550,0,0
1.091399750,1,0
1.091404750,0,0
1.091406000,0,1
1.091409950,1,1
1.091415000,0,1
1.091420200,1,1
1.091425200,0,1
1.091425500,0,0
1.091430400,1,0
1.091435450,0,0
1.091440600,1,0
1.091445650,0,0
1.091450850,1,0
1.091455900,0,0
1.091461050,1,0
1.091466100,0,0
1.091471300,1,0
1.091476300,0,0
1.091481500,1,0
1.091486550,0,0
1.091491750,1,0
1.091496750,0,0
1.091501950,1,0
1.091507000,0,0
1.091508250,0,1
1.091512150,1,1
1.091517200,0,1
1.091517400,0,0
1.091522400,1,0
1.091527450,0,0
1.091532600,1,0
1.091537650,0,0
1.091542850,1,0
1.091547850,0,0
1.091553050,1,0
1.091558100,0,0
1.091559350,0,1
1.091563300,1,1
1.091568300,0,1
1.091573500,1,1
1.091578550,0,1
1.091583750,1,1
1.091588750,0,1
1.091593950,1,1
1.091599000,0,1
1.091600000,0,0
1.091604150,1,0
1.091609200,0,0
1.091614400,1,0
1.091619450,0,0
1.091624600,1,0
1.091629650,0,0
1.091630900,0,1
1.091634850,1,1
1.091639850,0,1
1.091640850,0,0
1.091645050,1,0
1.091650100,0,0
1.091651300,0,1
1.091655300,1,1
1.091660300,0,1
1.091661300,0,0
1.091665500,1,0
1.091670550,0,0
1.091675750,1,0
1.091680750,0,0
1.091685950,1,0
1.091691000,0,0
1.091696150,1,0
1.091701200,0,0
1.091706400,1,0
1.091711450,0,0
1.091711950,0,1
1.093925400,0,0
1.093929650,1,0
1.093935850,1,1
1.094877650,1,0
1.094883650,0,0
1.094888800,1,0
1.094893850,0,0
1.094895050,0,1
1.094899000,1,1
1.094904050,0,1
1.094909250,1,1
1.094914300,0,1
1.094915300,0,0
1.094919500,1,0
1.094924500,0,0
1.094925700,0,1
1.094929700,1,1
1.094934750,0,1
1.094939950,1,1
1.094944950,0,1
1.094950150,1,1
1.094955200,0,1
1.094960350,1,1
1.094965400,0,1
1.094965700,0,0
1.094970600,1,0
1.094975650,0,0
1.095888850,1,0
1.095893850,0,0
1.095899050,1,0
1.095904050,0,0
1.095909250,1,0
1.095914300,0,0
1.095919500,1,0
1.095924500,0,0
1.095929700,1,0
1.095934750,0,0
1.095939900,1,0
1.095944950,0,0
1.095950150,1,0
1.095955150,0,0
1.095960350,1,0
1.095965400,0,0
1.095970600,1,0
1.095975600,0,0
1.095978850,0,1
1.095980800,1,1
1.095985850,0,1
1.095986100,0,0
1.095991050,1,0
1.095996050,0,0
1.096001250,1,0
1.096006300,0,0
1.096006700,0,1
1.096011450,1,1
1.096016500,0,1
1.096021700,1,1
1.096026750,0,1
1.096031900,1,1
1.096036950,0,1
1.096037200,0,0
1.096042150,1,0
1.096047150,0,0
1.096047600,0,1
1.096052350,1,1
1.096057400,0,1
1.096058400,0,0
1.096062600,1,0
1.096067600,0,0
1.096070850,0,1
1.096072800,1,1
1.096077850,0,1
1.096083050,1,1
1.096088050,0,1
1.096093250,1,1
1.096098300,0,1
1.096098550,0,0
1.096103450,1,0
1.096108500,0,0
1.096113700,1,0
1.096118750,0,0
1.096123900,1,0
1.096128950,0,0
1.096129500,0,1
1.096134150,1,1
1.096139150,0,1
1.096144350,1,1
1.096149400,0,1
1.096150400,0,0
1.096154600,1,0
1.096159600,0,0
1.096164800,1,0
1.096169850,0,0
1.096175050,1,0
1.096180050,0,0
1.096185250,1,0
1.096190300,0,0
1.096195450,1,0
1.096200500,0,0
1.096205700,1,0
1.096210750,0,0
1.096215900,1,0
1.096220950,0,0
1.096226150,1,0
1.096231150,0,0
1.096231600,0,1
1.096236350,1,1
1.096241400,0,1
1.096242400,0,0
1.096246600,1,0
1.096251600,0,0
1.096256800,1,0
1.096261850,0,0
1.096267050,1,0
1.096272050,0,0
1.096277250,1,0
1.096282300,0,0
1.096282750,0,1
1.096287450,1,1
1.096292500,0,1
1.096297700,1,1
1.096302750,0,1
1.096307900,1,1
1.096312950,0,1
1.096318150,1,1
1.096323150,0,1
1.096323450,0,0
1.096328350,1,0
1.096333400,0,0
1.096338600,1,0
1.096343600,0,0
1.096348800,1,0
1.096353850,0,0
1.096359050,1,0
1.096364050,0,0
1.096364600,0,1
1.096369250,1,1
1.096374300,0,1
1.096379450,1,1
1.096384500,0,1
1.096384750,0,0
1.096389700,1,0
1.096394750,0,0
1.096399900,1,0
1.096404950,0,0
1.096405350,0,1
1.096410150,1,1
1.096415150,0,1
1.096420350,1,1
1.096425400,0,1
1.096426400,0,0
1.096430600,1,0
1.096435600,0,0
1.096440800,1,0
1.096445850,0,0
1.096451050,1,0
1.096456050,0,0
1.096456500,0,1
1.096461250,1,1
1.096466300,0,1
1.096471450,1,1
1.096476500,0,1
1.096476800,0,0
1.096481700,1,0
1.096486750,0,0
1.096491900,1,0
1.096496950,0,0
1.096502150,1,0
1.096507150,0,0
1.096507600,0,1
1.096512350,1,1
1.096517400,0,1
1.096518400,0,0
1.096522600,1,0
1.096527600,0,0
1.096532800,1,0
1.096537850,0,0
1.096543050,1,0
1.096548050,0,0
1.096548550,0,1
1.096553250,1,1
1.096558300,0,1
1.096558550,0,0
1.096563450,1,0
1.096568500,0,0
1.096568900,0,1
1.096573700,1,1
1.096578750,0,1
1.096578900,0,0
1.096583900,1,0
1.096588950,0,0
1.096594150,1,0
1.096599150,0,0
1.096599650,0,1
1.096604350,1,1
1.096609400,0,1
1.096610400,0,0
1.096614600,1,0
1.096619600,0,0
1.096624800,1,0
1.096629850,0,0
1.096635050,1,0
1.096640050,0,0
1.096640600,0,1
1.096645250,1,1
1.096650300,0,1
1.096650600,0,0
1.096655450,1,0
1.096660500,0,0
1.096665700,1,0
1.096670700,0,0
1.096675900,1,0
1.096680950,0,0
1.096686150,1,0
1.096691150,0,0
1.096696350,1,0
1.096701400,0,0
1.096706600,1,0
1.096711600,0,0
1.096716800,1,0
1.096721850,0,0
1.096722300,0,1
1.096727000,1,1
1.096732050,0,1
1.096732300,0,0
1.096737250,1,0
1.096742300,0,0
1.096747450,1,0
1.096752500,0,0
1.096757700,1,0
1.096762700,0,0
1.096763250,0,1
1.096767900,1,1
1.096772950,0,1
1.096773250,0,0
1.096778150,1,0
1.096783150,0,0
1.096788350,1,0
1.096793400,0,0
1.096798600,1,0
1.096803600,0,0
1.096808800,1,0
1.096813850,0,0
1.096819000,1,0
1.096824050,0,0
1.096824550,0,1
1.096829250,1,1
1.096834300,0,1
1.096839450,1,1
1.096844500,0,1
1.096844750,0,0
1.096849700,1,0
1.096854700,0,0
1.096855150,0,1
1.096859900,1,1
1.096864950,0,1
1.096870150,1,1
1.096875150,0,1
1.096875500,0,0
1.096880350,1,0
1.096885400,0,0
1.096890600,1,0
1.096895600,0,0
1.096900800,1,0
1.096905850,0,0
1.096911000,1,0
1.096916050,0,0
1.096916500,0,1
1.096921250,1,1
1.096926300,0,1
1.096926600,0,0
1.096931450,1,0
1.096936500,0,0
1.096937000,0,1
1.096941700,1,1
1.096946700,0,1
1.096947000,0,0
1.096951900,1,0
1.096956950,0,0
1.096962150,1,0
1.096967150,0,0
1.096972350,1,0
1.096977400,0,0
1.096982600,1,0
1.096987600,0,0
1.096992800,1,0
1.096997850,0,0
1.097003000,1,0
1.097008050,0,0
1.097008550,0,1
1.097013250,1,1
1.097018300,0,1
1.097023450,1,1
1.097028500,0,1
1.097028700,0,0
1.097033700,1,0
1.097038700,0,0
1.097043900,1,0
1.097048950,0,0
1.097054150,1,0
1.097059150,0,0
1.097064350,1,0
1.097069400,0,0
1.097074600,1,0
1.097079600,0,0
1.097084800,1,0
1.097089850,0,0
1.097095000,1,0
1.097100050,0,0
1.097100600,0,1
1.097105250,1,1
1.097110300,0,1
1.097115450,1,1
1.097120500,0,1
1.097120750,0,0
1.097125700,1,0
1.097130700,0,0
1.097135900,1,0
1.097140950,0,0
1.097146150,1,0
1.097151150,0,0
1.097151700,0,1
1.097156350,1,1
1.097161400,0,1
1.097162400,0,0
1.097166600,1,0
1.097171600,0,0
1.097176800,1,0
1.097181850,0,0
1.097187000,1,0
1.097192050,0,0
1.097192500,0,1
1.097197250,1,1
1.097202300,0,1
1.097202500,0,0
1.097207450,1,0
1.097212500,0,0
1.097217700,1,0
1.097222700,0,0
1.097227900,1,0
1.097232950,0,0
1.097238150,1,0
1.097243150,0,0
1.097248350,1,0
1.097253400,0,0
1.097258600,1,0
1.097263600,0,0
1.097268800,1,0
1.097273850,0,0
1.097279000,1,0
1.097284050,0,0
1.097284550,0,1
1.097289250,1,1
1.097294300,0,1
1.097299450,1,1
1.097304500,0,1
1.097304750,0,0
1.097309700,1,0
1.097314700,0,0
1.097319900,1,0
1.097324950,0,0
1.097330150,1,0
1.097335150,0,0
1.097340350,1,0
1.097345400,0,0
1.097345900,0,1
1.098811400,0,0
1.098815600,1,0
1.098820600,0,0
1.098825800,1,0
1.098830800,0,0
1.098836000,1,0
1.098841050,0,0
1.098841500,0,1
1.098846250,1,1
1.098851250,0,1
1.098856450,1,1
1.098861500,0,1
1.098861800,0,0
1.098866700,1,0
1.098871700,0,0
1.098872200,0,1
1.098876900,1,1
1.098881950,0,1
1.098882200,0,0
1.098887100,1,0
1.098892150,0,0
1.098892600,0,1
1.098897350,1,1
1.098902350,0,1
1.098903350,0,0
1.098907550,1,0
1.098912600,0,0
1.098917800,1,0
1.098922800,0,0
1.098928000,1,0
1.098933050,0,0
1.098933550,0,1
1.098938250,1,1
1.098943250,0,1
1.098943500,0,0
1.098948450,1,0
1.098953500,0,0
1.098953900,0,1
1.098958650,1,1
1.098963700,0,1
1.098963900,0,0
1.098968900,1,0
1.098973950,0,0
1.098979100,1,0
1.098984150,0,0
1.098984650,0,1
1.098989350,1,1
1.098994350,0,1
1.098995350,0,0
1.098999550,1,0
1.099004600,0,0
1.099009800,1,0
1.099014800,0,0
1.099020000,1,0
1.099025050,0,0
1.099025450,0,1
1.099030250,1,1
1.099035250,0,1
1.099035600,0,0
1.099040450,1,0
1.099045500,0,0
1.099050650,1,0
1.099055700,0,0
1.099060900,1,0
1.099065950,0,0
1.099071100,1,0
1.099076150,0,0
1.099081350,1,0
1.099086350,0,0
1.099091550,1,0
1.099096600,0,0
1.099101800,1,0
1.099106800,0,0
1.099107300,0,1
1.099112000,1,1
1.099117050,0,1
1.099117300,0,0
1.099122250,1,0
1.099127250,0,0
1.099132450,1,0
1.099137500,0,0
1.099142650,1,0
1.099147700,0,0
1.099148250,0,1
1.099152900,1,1
1.099157950,0,1
1.099158200,0,0
1.099163100,1,0
1.099168150,0,0
1.099173350,1,0
1.099178350,0,0
1.099183550,1,0
1.099188600,0,0
1.099193800,1,0
1.099198800,0,0
1.099199250,0,1
1.099204000,1,1
1.099209050,0,1
1.099209350,0,0
1.099214250,1,0
1.099219250,0,0
1.099224450,1,0
1.099229500,0,0
1.099234650,1,0
1.099239700,0,0
1.099240150,0,1
1.099244900,1,1
1.099249950,0,1
1.099255100,1,1
1.099260150,0,1
1.099260450,0,0
1.099265350,1,0
1.099270350,0,0
1.099275550,1,0
1.099280600,0,0
1.099285800,1,0
1.099290800,0,0
1.099296000,1,0
1.099301050,0,0
1.099301500,0,1
1.099306250,1,1
1.099311250,0,1
1.099311450,0,0
1.099316450,1,0
1.099321500,0,0
1.099326650,1,0
1.099331700,0,0
1.099336900,1,0
1.099341950,0,0
1.099347100,1,0
1.099352150,0,0
1.099357350,1,0
1.099362350,0,0
1.099367550,1,0
1.099372600,0,0
1.099377800,1,0
1.099382800,0,0
1.099383350,0,1
1.099388000,1,1
1.099393050,0,1
1.099393300,0,0
1.099398250,1,0
1.099403250,0,0
1.099408450,1,0
1.099413500,0,0
1.099418650,1,0
1.099423700,0,0
1.099424100,0,1
1.099428900,1,1
1.099433950,0,1
1.099434250,0,0
1.099439100,1,0
1.099444150,0,0
1.099449350,1,0
1.099454350,0,0
1.099459550,1,0
1.099464600,0,0
1.099469800,1,0
1.099474800,0,0
1.099475250,0,1
1.099480000,1,1
1.099485050,0,1
1.099485350,0,0
1.099490250,1,0
1.099495250,0,0
1.099500450,1,0
1.099505500,0,0
1.099510650,1,0
1.099515700,0,0
1.099520900,1,0
1.099525950,0,0
1.099526350,0,1
1.099531100,1,1
1.099536150,0,1
1.099541350,1,1
1.099546350,0,1
1.099547350,0,0
1.099551550,1,0
1.099556600,0,0
1.099561800,1,0
1.099566800,0,0
1.099572000,1,0
1.099577050,0,0
1.099577500,0,1
1.099582200,1,1
1.099587250,0,1
1.099587500,0,0
1.099592450,1,0
1.099597500,0,0
1.099598000,0,1
1.099602650,1,1
1.099607700,0,1
1.099608000,0,0
1.099612900,1,0
1.099617900,0,0
1.099623100,1,0
1.099628150,0,0
1.099633350,1,0
1.099638350,0,0
1.099643550,1,0
1.099648600,0,0
1.099653800,1,0
1.099658800,0,0
1.099664000,1,0
1.099669050,0,0
1.099669550,0,1
1.099674200,1,1
1.099679250,0,1
1.099684450,1,1
1.099689500,0,1
1.099689750,0,0
1.099694650,1,0
1.099699700,0,0
1.099704900,1,0
1.099709900,0,0
1.099715100,1,0
1.099720150,0,0
1.099725350,1,0
1.099730350,0,0
1.099735550,1,0
1.099740600,0,0
1.099745800,1,0
1.099750800,0,0
1.099756000,1,0
1.099761050,0,0
1.099761450,0,1
1.099766200,1,1
1.099771250,0,1
1.099776450,1,1
1.099781500,0,1
1.099781800,0,0
1.099786650,1,0
1.099791700,0,0
1.099796900,1,0
1.099801900,0,0
1.099802400,0,1
1.099807100,1,1
1.099812150,0,1
1.099817350,1,1
1.099822350,0,1
1.099823350,0,0
1.099827550,1,0
1.099832600,0,0
1.099837800,1,0
1.099842800,0,0
1.099848000,1,0
1.099853050,0,0
1.099853500,0,1
1.099858200,1,1
1.099863250,0,1
1.099863500,0,0
1.099868450,1,0
1.099873500,0,0
1.099878650,1,0
1.099883700,0,0
1.099888900,1,0
1.099893900,0,0
1.099899100,1,0
1.099904150,0,0
1.099909350,1,0
1.099914350,0,0
1.099919550,1,0
1.099924600,0,0
1.099929800,1,0
1.099934800,0,0
1.099940000,1,0
1.099945050,0,0
1.099945550,0,1
1.099950200,1,1
1.099955250,0,1
1.099960450,1,1
1.099965500,0,1
1.099965750,0,0
1.099970650,1,0
1.099975700,0,0
1.099980900,1,0
1.099985900,0,0
1.099991100,1,0
1.099996150,0,0
1.100001350,1,0
1.100006350,0,0
1.100011550,1,0
1.100016600,0,0
1.100021800,1,0
1.100026800,0,0
1.100027300,0,1
1.100032000,1,1
1.100037050,0,1
1.100037250,0,0
1.100042200,1,0
1.100047250,0,0
1.100052450,1,0
1.100057500,0,0
1.100062650,1,0
1.100067700,0,0
1.100072900,1,0
1.100077900,0,0
1.100078400,0,1
1.100083100,1,1
1.100088150,0,1
1.100088400,0,0
1.100093350,1,0
1.100098350,0,0
1.100103550,1,0
1.100108600,0,0
1.100113800,1,0
1.100118800,0,0
1.100124000,1,0
1.100129050,0,0
1.100129550,0,1
1.100134200,1,1
1.100139250,0,1
1.100139500,0,0
1.100144450,1,0
1.100149500,0,0
1.100154650,1,0
1.100159700,0,0
1.100164900,1,0
1.100169900,0,0
1.100175100,1,0
1.100180150,0,0
1.100185350,1,0
1.100190350,0,0
1.100195550,1,0
1.100200600,0,0
1.100205800,1,0
1.100210800,0,0
1.100211250,0,1
1.100216000,1,1
1.100221050,0,1
1.100221250,0,0
1.100226200,1,0
1.100231250,0,0
1.100231750,0,1
1.100236450,1,1
1.100241500,0,1
1.100246650,1,1
1.100251700,0,1
1.100256900,1,1
1.100261900,0,1
1.100267100,1,1
1.100272150,0,1
1.100277350,1,1
1.100282350,0,1
1.101740350,0,0
1.101744600,1,0
1.101749550,0,0
1.101754800,1,0
1.101759800,0,0
1.101760200,0,1
1.101765000,1,1
1.101770000,0,1
1.101775200,1,1
1.101780250,0,1
1.101780550,0,0
1.101785450,1,0
1.101790450,0,0
1.101790900,0,1
1.101795650,1,1
1.101800700,0,1
1.101805850,1,1
1.101810900,0,1
1.101816100,1,1
1.101821150,0,1
1.101821350,0,0
1.101826300,1,0
1.101831350,0,0
1.101836550,1,0
1.101841550,0,0
1.101844800,0,1
1.101846750,1,1
1.101851800,0,1
1.101852050,0,0
1.101857000,1,0
1.101862000,0,0
1.101867200,1,0
1.101872250,0,0
1.101872650,0,1
1.101877450,1,1
1.101882450,0,1
1.101887650,1,1
1.101892700,0,1
1.101897850,1,1
1.101902900,0,1
1.101903200,0,0
1.101908100,1,0
1.101913150,0,0
1.101913550,0,1
1.101918300,1,1
1.101923350,0,1
1.101924350,0,0
1.101928550,1,0
1.101933550,0,0
1.101936800,0,1
1.101938750,1,1
1.101943800,0,1
1.101949000,1,1
1.101954000,0,1
1.101959200,1,1
1.101964250,0,1
1.101964500,0,0
1.101969450,1,0
1.101974450,0,0
1.101979650,1,0
1.101984700,0,0
1.101989850,1,0
1.101994900,0,0
1.101995450,0,1
1.102000100,1,1
1.102005150,0,1
1.102010300,1,1
1.102015350,0,1
1.102016350,0,0
1.102020550,1,0
1.102025550,0,0
1.102030750,1,0
1.102035800,0,0
1.102041000,1,0
1.102046000,0,0
1.102051200,1,0
1.102056250,0,0
1.102061450,1,0
1.102066450,0,0
1.102071650,1,0
1.102076700,0,0
1.102081850,1,0
1.102086900,0,0
1.102092100,1,0
1.102097150,0,0
1.102097550,0,1
1.102102300,1,1
1.102107350,0,1
1.102108350,0,0
1.102112550,1,0
1.102117550,0,0
1.102122750,1,0
1.102127800,0,0
1.102133000,1,0
1.102138000,0,0
1.102143200,1,0
1.102148250,0,0
1.102148700,0,1
1.102153450,1,1
1.102158450,0,1
1.102163650,1,1
1.102168700,0,1
1.102173850,1,1
1.102178900,0,1
1.102184100,1,1
1.102189150,0,1
1.102189400,0,0
1.102194300,1,0
1.102199350,0,0
1.102204550,1,0
1.102209550,0,0
1.102214750,1,0
1.102219800,0,0
1.102225000,1,0
1.102230000,0,0
1.102230550,0,1
1.102235200,1,1
1.102240250,0,1
1.102245450,1,1
1.102250450,0,1
1.102250700,0,0
1.102255650,1,0
1.102260700,0,0
1.102265850,1,0
1.102270900,0,0
1.102271350,0,1
1.102276100,1,1
1.102281150,0,1
1.102286300,1,1
1.102291350,0,1
1.102292350,0,0
1.102296550,1,0
1.102301550,0,0
1.102306750,1,0
1.102311800,0,0
1.102317000,1,0
1.102322000,0,0
1.102322450,0,1
1.102327200,1,1
1.102332250,0,1
1.102337400,1,1
1.102342450,0,1
1.102342800,0,0
1.102347650,1,0
1.102352700,0,0
1.102357850,1,0
1.102362900,0,0
1.102368100,1,0
1.102373150,0,0
1.102373600,0,1
1.102378300,1,1
1.102383350,0,1
1.102384350,0,0
1.102388550,1,0
1.102393550,0,0
1.102398750,1,0
1.102403800,0,0
1.102409000,1,0
1.102414000,0,0
1.102414500,0,1
1.102419200,1,1
1.102424250,0,1
1.102424500,0,0
1.102429450,1,0
1.102434450,0,0
1.102434900,0,1
1.102439650,1,1
1.102444700,0,1
1.102444900,0,0
1.102449850,1,0
1.102454900,0,0
1.102460100,1,0
1.102465150,0,0
1.102465650,0,1
1.102470300,1,1
1.102475350,0,1
1.104549550,1,1
1.104554550,0,1
1.104555550,0,0
1.104559750,1,0
1.104565950,1,1
1.105586800,1,0
1.105592750,0,0
1.105597900,1,0
1.105603000,0,0
1.105604200,0,1
1.105608150,1,1
1.105613200,0,1
1.105618400,1,1
1.105623450,0,1
1.105624450,0,0
1.105628600,1,0
1.105633650,0,0
1.105634850,0,1
1.105638850,1,1
1.105643900,0,1
1.105649050,1,1
1.105654100,0,1
1.105659300,1,1
1.105664300,0,1
1.105665300,0,0
1.105669500,1,0
1.105674550,0,0
1.105679750,1,0
1.105684750,0,0
1.105685250,0,1
1.106649750,0,0
1.106654000,1,0
1.106659000,0,0
1.106660200,0,1
1.106664200,1,1
1.106669200,0,1
1.106670200,0,0
1.106674400,1,0
1.106679450,0,0
1.106680650,0,1
1.106684600,1,1
1.106689650,0,1
1.106690650,0,0
1.106694850,1,0
1.106699850,0,0
1.106705050,1,0
1.106710100,0,0
1.106715300,1,0
1.106720300,0,0
1.106721550,0,1
1.106725500,1,1
1.106730550,0,1
1.106730850,0,0
1.106735750,1,0
1.106740750,0,0
1.106741250,0,1
1.106745950,1,1
1.106751000,0,1
1.106752000,0,0
1.106756150,1,0
1.106761200,0,0
1.106766400,1,0
1.106771450,0,0
1.106776600,1,0
1.106781650,0,0
1.106786850,1,0
1.106791850,0,0
1.106797050,1,0
1.106802100,0,0
1.106803350,0,1
1.106807300,1,1
1.106812300,0,1
1.106817500,1,1
1.106822550,0,1
1.106822800,0,0
1.106827700,1,0
1.106832750,0,0
1.106833150,0,1
1.106837950,1,1
1.106843000,0,1
1.106848150,1,1
1.106853200,0,1
1.106858400,1,1
1.106863400,0,1
1.106868600,1,1
1.106873650,0,1
1.106874650,0,0
1.106878850,1,0
1.106883850,0,0
1.106889050,1,0
1.106894100,0,0
1.106895300,0,1
1.106899300,1,1
1.106904300,0,1
1.106909500,1,1
1.106914550,0,1
1.106914850,0,0
1.106919700,1,0
1.106924750,0,0
1.106929950,1,0
1.106935000,0,0
1.106940150,1,0
1.106945200,0,0
1.106950400,1,0
1.106955400,0,0
1.106960600,1,0
1.106965650,0,0
1.106970850,1,0
1.106975850,0,0
1.106981050,1,0
1.106986100,0,0
1.106991300,1,0
1.106996300,0,0
1.106997550,0,1
1.107001500,1,1
1.107006550,0,1
1.107006750,0,0
1.107011700,1,0
1.107016750,0,0
1.107021950,1,0
1.107027000,0,0
1.107032150,1,0
1.107037200,0,0
1.107042400,1,0
1.107047400,0,0
1.107048650,0,1
1.107052600,1,1
1.107057650,0,1
1.107062850,1,1
1.107067850,0,1
1.107073050,1,1
1.107078100,0,1
1.107083300,1,1
1.107088300,0,1
1.107089300,0,0
1.107093500,1,0
1.107098550,0,0
1.107103700,1,0
1.107108750,0,0
1.107113950,1,0
1.107119000,0,0
1.107120200,0,1
1.107124150,1,1
1.107129200,0,1
1.107130200,0,0
1.107134400,1,0
1.107139400,0,0
1.107140650,0,1
1.107144600,1,1
1.107149650,0,1
1.107150650,0,0
1.107154850,1,0
1.107159850,0,0
1.107165050,1,0
1.107170100,0,0
1.107175300,1,0
1.107180300,0,0
1.107185500,1,0
1.107190550,0,0
1.107195700,1,0
1.107200750,0,0
1.107201250,0,1
1.109410750,0,0
1.109414950,1,0
1.109421150,1,1
1.112449950,1,0
1.112455950,0,0
1.112461100,1,0
1.112466150,0,0
1.112467400,0,1
1.112471350,1,1
1.112476400,0,1
1.112481550,1,1
1.112486600,0,1
1.112487600,0,0
1.112491800,1,0
1.112496850,0,0
1.112498050,0,1
1.112502000,1,1
1.112507050,0,1
1.112512250,1,1
1.112517250,0,1
1.112522450,1,1
1.112527500,0,1
1.112532700,1,1
1.112537700,0,1
1.112538000,0,0
1.112542900,1,0
1.112547950,0,0
1.113489150,1,0
1.113494150,0,0
1.113494650,0,1
1.113499350,1,1
1.113504350,0,1
1.113509550,1,1
1.113514600,0,1
1.113514850,0,0
1.113519800,1,0
1.113524800,0,0
1.113525200,0,1
1.113530000,1,1
1.113535050,0,1
1.113540250,1,1
1.113545250,0,1
1.113550450,1,1
1.113555500,0,1
1.113555750,0,0
1.113560650,1,0
1.113565700,0,0
1.113570900,1,0
1.113575950,0,0
1.113579150,0,1
1.113581100,1,1
1.113586150,0,1
1.113586350,0,0
1.113591350,1,0
1.113596350,0,0
1.113601550,1,0
1.113606600,0,0
1.113607100,0,1
1.113611800,1,1
1.113616800,0,1
1.113622000,1,1
1.113627050,0,1
1.113632250,1,1
1.113637250,0,1
1.113637500,0,0
1.113642450,1,0
1.113647500,0,0
1.113647850,0,1
1.113652650,1,1
1.113657700,0,1
1.113658700,0,0
1.113662900,1,0
1.113667950,0,0
1.113671150,0,1
1.113673100,1,1
1.113678150,0,1
1.113683350,1,1
1.113688350,0,1
1.113693550,1,1
1.113698600,0,1
1.113698800,0,0
1.113703800,1,0
1.113708800,0,0
1.113714000,1,0
1.113719050,0,0
1.113724250,1,0
1.113729250,0,0
1.113729750,0,1
1.113734450,1,1
1.113739500,0,1
1.113744650,1,1
1.113749700,0,1
1.113750700,0,0
1.113754900,1,0
1.113759950,0,0
1.113765100,1,0
1.113770150,0,0
1.113775350,1,0
1.113780350,0,0
1.113785550,1,0
1.113790600,0,0
1.113795800,1,0
1.113800800,0,0
1.113806000,1,0
1.113811050,0,0
1.113816250,1,0
1.113821250,0,0
1.113826450,1,0
1.113831500,0,0
1.113832000,0,1
1.113836650,1,1
1.113841700,0,1
1.113842700,0,0
1.113846900,1,0
1.113851950,0,0
1.113857100,1,0
1.113862150,0,0
1.113867350,1,0
1.113872350,0,0
1.113877550,1,0
1.113882600,0,0
1.113883150,0,1
1.113887800,1,1
1.113892800,0,1
1.113898000,1,1
1.113903050,0,1
1.113908250,1,1
1.113913250,0,1
1.113918450,1,1
1.113923500,0,1
1.113923700,0,0
1.113928650,1,0
1.113933700,0,0
1.113938900,1,0
1.113943950,0,0
1.113949100,1,0
1.113954150,0,0
1.113959350,1,0
1.113964350,0,0
1.113964850,0,1
1.113969550,1,1
1.113974600,0,1
1.113979800,1,1
1.113984800,0,1
1.113985000,0,0
1.113990000,1,0
1.113995050,0,0
1.114000250,1,0
1.114005250,0,0
1.114005750,0,1
1.114010450,1,1
1.114015500,0,1
1.114020650,1,1
1.114025700,0,1
1.114026700,0,0
1.114030900,1,0
1.114035950,0,0
1.114041100,1,0
1.114046150,0,0
1.114051350,1,0
1.114056350,0,0
1.114056900,0,1
1.114061550,1,1
1.114066600,0,1
1.114071800,1,1
1.114076800,0,1
1.114077100,0,0
1.114082000,1,0
1.114087050,0,0
1.114092250,1,0
1.114097250,0,0
1.114102450,1,0
1.114107500,0,0
1.114108000,0,1
1.114112650,1,1
1.114117700,0,1
1.114118700,0,0
1.114122900,1,0
1.114127900,0,0
1.114133100,1,0
1.114138150,0,0
1.114143350,1,0
1.114148350,0,0
1.114148800,0,1
1.114153550,1,1
1.114158600,0,1
1.114158800,0,0
1.114163800,1,0
1.114168800,0,0
1.114169300,0,1
1.114174000,1,1
1.114179050,0,1
1.114179350,0,0
1.114184200,1,0
1.114189250,0,0
1.114194450,1,0
1.114199500,0,0
1.114199950,0,1
1.114204650,1,1
1.114209700,0,1
1.114210700,0,0
1.114214900,1,0
1.114219900,0,0
1.114225100,1,0
1.114230150,0,0
1.114235350,1,0
1.114240350,0,0
1.114240850,0,1
1.114245550,1,1
1.114250600,0,1
1.114250850,0,0
1.114255800,1,0
1.114260800,0,0
1.114266000,1,0
1.114271050,0,0
1.114276200,1,0
1.114281250,0,0
1.114286450,1,0
1.114291500,0,0
1.114296650,1,0
1.114301700,0,0
1.114306900,1,0
1.114311900,0,0
1.114317100,1,0
1.114322150,0,0
1.114322600,0,1
1.114327350,1,1
1.114332350,0,1
1.114332550,0,0
1.114337550,1,0
1.114342600,0,0
1.114347800,1,0
1.114352800,0,0
1.114358000,1,0
1.114363050,0,0
1.114363500,0,1
1.114368200,1,1
1.114373250,0,1
1.114373500,0,0
1.114378450,1,0
1.114383500,0,0
1.114388650,1,0
1.114393700,0,0
1.114398900,1,0
1.114403900,0,0
1.114409100,1,0
1.114414150,0,0
1.114419350,1,0
1.114424350,0,0
1.114424850,0,1
1.114429550,1,1
1.114434600,0,1
1.114439800,1,1
1.114444800,0,1
1.114445000,0,0
1.114450000,1,0
1.114455050,0,0
1.114455550,0,1
1.114460200,1,1
1.114465250,0,1
1.114470450,1,1
1.114475500,0,1
1.114475750,0,0
1.114480650,1,0
1.114485700,0,0
1.114490900,1,0
1.114495900,0,0
1.114501100,1,0
1.114506150,0,0
1.114511350,1,0
1.114516350,0,0
1.114516900,0,1
1.114521550,1,1
1.114526600,0,1
1.114526850,0,0
1.114531800,1,0
1.114536800,0,0
1.114537250,0,1
1.114542000,1,1
1.114547050,0,1
1.114547250,0,0
1.114552200,1,0
1.114557250,0,0
1.114562450,1,0
1.114567500,0,0
1.114572650,1,0
1.114577700,0,0
1.114582900,1,0
1.114587900,0,0
1.114593100,1,0
1.114598150,0,0
1.114603350,1,0
1.114608350,0,0
1.114608800,0,1
1.114613550,1,1
1.114618600,0,1
1.114623800,1,1
1.114628800,0,1
1.114629100,0,0
1.114634000,1,0
1.114639050,0,0
1.114644200,1,0
1.114649250,0,0
1.114654450,1,0
1.114659500,0,0
1.114664650,1,0
1.114669700,0,0
1.114674900,1,0
1.114679900,0,0
1.114685100,1,0
1.114690150,0,0
1.114695350,1,0
1.114700350,0,0
1.114700850,0,1
1.114705550,1,1
1.114710600,0,1
1.114715750,1,1
1.114720800,0,1
1.114721050,0,0
1.114726000,1,0
1.114731050,0,0
1.114736200,1,0
1.114741250,0,0
1.114746450,1,0
1.114751500,0,0
1.114751950,0,1
1.114756650,1,1
1.114761700,0,1
1.114762700,0,0
1.114766900,1,0
1.114771900,0,0
1.114777100,1,0
1.114782150,0,0
1.114787350,1,0
1.114792350,0,0
1.114792900,0,1
1.114797550,1,1
1.114802600,0,1
1.114802900,0,0
1.114807750,1,0
1.114812800,0,0
1.114818000,1,0
1.114823050,0,0
1.114828200,1,0
1.114833250,0,0
1.114838450,1,0
1.114843500,0,0
1.114848650,1,0
1.114853700,0,0
1.114858900,1,0
1.114863900,0,0
1.114869100,1,0
1.114874150,0,0
1.114879350,1,0
1.114884350,0,0
1.114884800,0,1
1.114889550,1,1
1.114894600,0,1
1.114899750,1,1
1.114904800,0,1
1.114905150,0,0
1.114910000,1,0
1.114915050,0,0
1.114920200,1,0
1.114925250,0,0
1.114930450,1,0
1.114935450,0,0
1.114940650,1,0
1.114945700,0,0
1.114946150,0,1
1.116390700,0,0
1.116394900,1,0
1.116399900,0,0
1.116405100,1,0
1.116410150,0,0
1.116415350,1,0
1.116420350,0,0
1.116420800,0,1
1.116425550,1,1
1.116430550,0,1
1.116435750,1,1
1.116440800,0,1
1.116441100,0,0
1.116446000,1,0
1.116451000,0,0
1.116451500,0,1
1.116456200,1,1
1.116461250,0,1
1.116461500,0,0
1.116466450,1,0
1.116471450,0,0
1.116471900,0,1
1.116476650,1,1
1.116481700,0,1
1.116482700,0,0
1.116486850,1,0
1.116491900,0,0
1.116497100,1,0
1.116502150,0,0
1.116507300,1,0
1.116512350,0,0
1.116512850,0,1
1.116517550,1,1
1.116522550,0,1
1.116522850,0,0
1.116527750,1,0
1.116532800,0,0
1.116533200,0,1
1.116538000,1,1
1.116543000,0,1
1.116543250,0,0
1.116548200,1,0
1.116553250,0,0
1.116558450,1,0
1.116563450,0,0
1.116563950,0,1
1.116568650,1,1
1.116573700,0,1
1.116574700,0,0
1.116578850,1,0
1.116583900,0,0
1.116589100,1,0
1.116594150,0,0
1.116599300,1,0
1.116604350,0,0
1.116604750,0,1
1.116609550,1,1
1.116614550,0,1
1.116614900,0,0
1.116619750,1,0
1.116624800,0,0
1.116630000,1,0
1.116635000,0,0
1.116640200,1,0
1.116645250,0,0
1.116650450,1,0
1.116655450,0,0
1.116660650,1,0
1.116665700,0,0
1.116670850,1,0
1.116675900,0,0
1.116681100,1,0
1.116686150,0,0
1.116686650,0,1
1.116691300,1,1
1.116696350,0,1
1.116696600,0,0
1.116701550,1,0
1.116706550,0,0
1.116711750,1,0
1.116716800,0,0
1.116722000,1,0
1.116727000,0,0
1.116727550,0,1
1.116732200,1,1
1.116737250,0,1
1.116737550,0,0
1.116742450,1,0
1.116747450,0,0
1.116752650,1,0
1.116757700,0,0
1.116762850,1,0
1.116767900,0,0
1.116773100,1,0
1.116778150,0,0
1.116778700,0,1
1.116783300,1,1
1.116788350,0,1
1.116788650,0,0
1.116793550,1,0
1.116798550,0,0
1.116803750,1,0
1.116808800,0,0
1.116814000,1,0
1.116819000,0,0
1.116819450,0,1
1.116824200,1,1
1.116829250,0,1
1.116834450,1,1
1.116839450,0,1
1.116839800,0,0
1.116844650,1,0
1.116849700,0,0
1.116854850,1,0
1.116859900,0,0
1.116865100,1,0
1.116870150,0,0
1.116875300,1,0
1.116880350,0,0
1.116880800,0,1
1.116885550,1,1
1.116890550,0,1
1.116890750,0,0
1.116895750,1,0
1.116900800,0,0
1.116906000,1,0
1.116911000,0,0
1.116916200,1,0
1.116921250,0,0
1.116926450,1,0
1.116931450,0,0
1.116936650,1,0
1.116941700,0,0
1.116946850,1,0
1.116951900,0,0
1.116957100,1,0
1.116962150,0,0
1.116962650,0,1
1.116967300,1,1
1.116972350,0,1
1.116972600,0,0
1.116977550,1,0
1.116982550,0,0
1.116987750,1,0
1.116992800,0,0
1.116998000,1,0
1.117003000,0,0
1.117003450,0,1
1.117008200,1,1
1.117013250,0,1
1.117013550,0,0
1.117018400,1,0
1.117023450,0,0
1.117028650,1,0
1.117033700,0,0
1.117038850,1,0
1.117043900,0,0
1.117049100,1,0
1.117054100,0,0
1.117054550,0,1
1.117059300,1,1
1.117064350,0,1
1.117064650,0,0
1.117069550,1,0
1.117074550,0,0
1.117079750,1,0
1.117084800,0,0
1.117090000,1,0
1.117095000,0,0
1.117100200,1,0
1.117105250,0,0
1.117105700,0,1
1.117110400,1,1
1.117115450,0,1
1.117120650,1,1
1.117125700,0,1
1.117126700,0,0
1.117130850,1,0
1.117135900,0,0
1.117141100,1,0
1.117146100,0,0
1.117151300,1,0
1.117156350,0,0
1.117156800,0,1
1.117161550,1,1
1.117166550,0,1
1.117166800,0,0
1.117171750,1,0
1.117176800,0,0
1.117177300,0,1
1.117182000,1,1
1.117187000,0,1
1.117187300,0,0
1.117192200,1,0
1.117197250,0,0
1.117202400,1,0
1.117207450,0,0
1.117212650,1,0
1.117217700,0,0
1.117222850,1,0
1.117227900,0,0
1.117233100,1,0
1.117238100,0,0
1.117243300,1,0
1.117248350,0,0
1.117248850,0,1
1.117253550,1,1
1.117258550,0,1
1.117263750,1,1
1.117268800,0,1
1.117269050,0,0
1.117274000,1,0
1.117279000,0,0
1.117284200,1,0
1.117289250,0,0
1.117294400,1,0
1.117299450,0,0
1.117304650,1,0
1.117309700,0,0
1.117314850,1,0
1.117319900,0,0
1.117325100,1,0
1.117330100,0,0
1.117335300,1,0
1.117340350,0,0
1.117340750,0,1
1.117345550,1,1
1.117350550,0,1
1.117355750,1,1
1.117360800,0,1
1.117361100,0,0
1.117366000,1,0
1.117371000,0,0
1.117376200,1,0
1.117381250,0,0
1.117381700,0,1
1.117386400,1,1
1.117391450,0,1
1.117396650,1,1
1.117401700,0,1
1.117402700,0,0
1.117406850,1,0
1.117411900,0,0
1.117417100,1,0
1.117422100,0,0
1.117427300,1,0
1.117432350,0,0
1.117432800,0,1
1.117437550,1,1
1.117442550,0,1
1.117442800,0,0
1.117447750,1,0
1.117452800,0,0
1.117458000,1,0
1.117463000,0,0
1.117468200,1,0
1.117473250,0,0
1.117478400,1,0
1.117483450,0,0
1.117488650,1,0
1.117493700,0,0
1.117498850,1,0
1.117503900,0,0
1.117509100,1,0
1.117514100,0,0
1.117519300,1,0
1.117524350,0,0
1.117524900,0,1
1.117529550,1,1
1.117534550,0,1
1.117539750,1,1
1.117544800,0,1
1.117545050,0,0
1.117550000,1,0
1.117555000,0,0
1.117560200,1,0
1.117565250,0,0
1.117570400,1,0
1.117575450,0,0
1.117580650,1,0
1.117585700,0,0
1.117590850,1,0
1.117595900,0,0
1.117601100,1,0
1.117606100,0,0
1.117606600,0,1
1.117611300,1,1
1.117616350,0,1
1.117616550,0,0
1.117621550,1,0
1.117626550,0,0
1.117631750,1,0
1.117636800,0,0
1.117642000,1,0
1.117647000,0,0
1.117652200,1,0
1.117657250,0,0
1.117657700,0,1
1.117662400,1,1
1.117667450,0,1
1.117667700,0,0
1.117672650,1,0
1.117677700,0,0
1.117682850,1,0
1.117687900,0,0
1.117693100,1,0
1.117698100,0,0
1.117703300,1,0
1.117708350,0,0
1.117708850,0,1
1.117713550,1,1
1.117718550,0,1
1.117718800,0,0
1.117723750,1,0
1.117728800,0,0
1.117734000,1,0
1.117739000,0,0
1.117744200,1,0
1.117749250,0,0
1.117754400,1,0
1.117759450,0,0
1.117764650,1,0
1.117769650,0,0
1.117774850,1,0
1.117779900,0,0
1.117785100,1,0
1.117790100,0,0
1.117790550,0,1
1.117795300,1,1
1.117800350,0,1
1.117800550,0,0
1.117805550,1,0
1.117810550,0,0
1.117811050,0,1
1.117815750,1,1
1.117820800,0,1
1.117825950,1,1
1.117831000,0,1
1.117836200,1,1
1.117841250,0,1
1.117846400,1,1
1.117851450,0,1
1.117856650,1,1
1.117861650,0,1
1.119319650,0,0
1.119323900,1,0
1.119328900,0,0
1.119334100,1,0
1.119339100,0,0
1.119339500,0,1
1.119344300,1,1
1.119349350,0,1
1.119354500,1,1
1.119359550,0,1
1.119359850,0,0
1.119364750,1,0
1.119369750,0,0
1.119370250,0,1
1.119374950,1,1
1.119380000,0,1
1.119385200,1,1
1.119390200,0,1
1.119395400,1,1
1.119400450,0,1
1.119400650,0,0
1.119405650,1,0
1.119410650,0,0
1.119415850,1,0
1.119420900,0,0
1.119424100,0,1
1.119426050,1,1
1.119431100,0,1
1.119431350,0,0
1.119436300,1,0
1.119441350,0,0
1.119446500,1,0
1.119451550,0,0
1.119452000,0,1
1.119456750,1,1
1.119461750,0,1
1.119466950,1,1
1.119472000,0,1
1.119477200,1,1
1.119482200,0,1
1.119482500,0,0
1.119487400,1,0
1.119492450,0,0
1.119492850,0,1
1.119497650,1,1
1.119502650,0,1
1.119503650,0,0
1.119507850,1,0
1.119512900,0,0
1.119516100,0,1
1.119518050,1,1
1.119523100,0,1
1.119528300,1,1
1.119533350,0,1
1.119538500,1,1
1.119543550,0,1
1.119543800,0,0
1.119548750,1,0
1.119553750,0,0
1.119558950,1,0
1.119564000,0,0
1.119569200,1,0
1.119574200,0,0
1.119574750,0,1
1.119579400,1,1
1.119584450,0,1
1.119589650,1,1
1.119594650,0,1
1.119595650,0,0
1.119599850,1,0
1.119604900,0,0
1.119610050,1,0
1.119615100,0,0
1.119620300,1,0
1.119625350,0,0
1.119630500,1,0
1.119635550,0,0
1.119640750,1,0
1.119645750,0,0
1.119650950,1,0
1.119656000,0,0
1.119661200,1,0
1.119666200,0,0
1.119671400,1,0
1.119676450,0,0
1.119676900,0,1
1.119681650,1,1
1.119686650,0,1
1.119687650,0,0
1.119691850,1,0
1.119696900,0,0
1.119702050,1,0
1.119707100,0,0
1.119712300,1,0
1.119717350,0,0
1.119722500,1,0
1.119727550,0,0
1.119728000,0,1
1.119732750,1,1
1.119737750,0,1
1.119742950,1,1
1.119748000,0,1
1.119753200,1,1
1.119758200,0,1
1.119763400,1,1
1.119768450,0,1
1.119768700,0,0
1.119773650,1,0
1.119778650,0,0
1.119783850,1,0
1.119788900,0,0
1.119794050,1,0
1.119799100,0,0
1.119804300,1,0
1.119809350,0,0
1.119809850,0,1
1.119814500,1,1
1.119819550,0,1
1.119824750,1,1
1.119829750,0,1
1.119830050,0,0
1.119834950,1,0
1.119840000,0,0
1.119845200,1,0
1.119850200,0,0
1.119850650,0,1
1.119855400,1,1
1.119860450,0,1
1.119865600,1,1
1.119870650,0,1
1.119871650,0,0
1.119875850,1,0
1.119880900,0,0
1.119886050,1,0
1.119891100,0,0
1.119896300,1,0
1.119901350,0,0
1.119901750,0,1
1.119906500,1,1
1.119911550,0,1
1.119916750,1,1
1.119921750,0,1
1.119922100,0,0
1.119926950,1,0
1.119932000,0,0
1.119937200,1,0
1.119942200,0,0
1.119947400,1,0
1.119952450,0,0
1.119952900,0,1
1.119957600,1,1
1.119962650,0,1
1.119963650,0,0
1.119967850,1,0
1.119972900,0,0
1.119978050,1,0
1.119983100,0,0
1.119988300,1,0
1.119993300,0,0
1.119993800,0,1
1.119998500,1,1
1.120003550,0,1
1.120003800,0,0
1.120008750,1,0
1.120013750,0,0
1.120014200,0,1
1.120018950,1,1
1.120024000,0,1
1.120024200,0,0
1.120029200,1,0
1.120034200,0,0
1.120039400,1,0
1.120044450,0,0
1.120044950,0,1
1.120049600,1,1
1.120054650,0,1
1.122138900,1,1
1.122143850,0,1
1.122144850,0,0
1.122149050,1,0
1.122155300,1,1
1.125344050,1,0
1.125350050,0,0
1.125355200,1,0
1.125360300,0,0
1.125361500,0,1
1.125365450,1,1
1.125370500,0,1
1.125375700,1,1
1.125380750,0,1
1.125381750,0,0
1.125385900,1,0
1.125390950,0,0
1.125392150,0,1
1.125396150,1,1
1.125401150,0,1
1.125406350,1,1
1.125411400,0,1
1.125416600,1,1
1.125421600,0,1
1.125422600,0,0
1.125426800,1,0
1.125431850,0,0
1.125437050,1,0
1.125442050,0,0
1.125442550,0,1
1.126398050,0,0
1.126402300,1,0
1.126407300,0,0
1.126408450,0,1
1.126412500,1,1
1.126417500,0,1
1.126418500,0,0
1.126422700,1,0
1.126427700,0,0
1.126428950,0,1
1.126432900,1,1
1.126437950,0,1
1.126438950,0,0
1.126443150,1,0
1.126448150,0,0
1.126453350,1,0
1.126458400,0,0
1.126463600,1,0
1.126468600,0,0
1.126469850,0,1
1.126473800,1,1
1.126478850,0,1
1.126479050,0,0
1.126484000,1,0
1.126489050,0,0
1.126489450,0,1
1.126494250,1,1
1.126499300,0,1
1.126500250,0,0
1.126504450,1,0
1.126509500,0,0
1.126514700,1,0
1.126519700,0,0
1.126524900,1,0
1.126529950,0,0
1.126535150,1,0
1.126540150,0,0
1.126545350,1,0
1.126550400,0,0
1.126551650,0,1
1.126555550,1,1
1.126560600,0,1
1.126565800,1,1
1.126570850,0,1
1.126571150,0,0
1.126576000,1,0
1.126581050,0,0
1.126581500,0,1
1.126586250,1,1
1.126591250,0,1
1.126596450,1,1
1.126601500,0,1
1.126606700,1,1
1.126611700,0,1
1.126616900,1,1
1.126621950,0,1
1.126622950,0,0
1.126627150,1,0
1.126632150,0,0
1.126637350,1,0
1.126642400,0,0
1.126643600,0,1
1.126647550,1,1
1.126652600,0,1
1.126657800,1,1
1.126662850,0,1
1.126663050,0,0
1.126668000,1,0
1.126673050,0,0
1.126678250,1,0
1.126683250,0,0
1.126688450,1,0
1.126693500,0,0
1.126698700,1,0
1.126703700,0,0
1.126708900,1,0
1.126713950,0,0
1.126719150,1,0
1.126724150,0,0
1.126729350,1,0
1.126734400,0,0
1.126739550,1,0
1.126744600,0,0
1.126745850,0,1
1.126749800,1,1
1.126754850,0,1
1.126755100,0,0
1.126760000,1,0
1.126765050,0,0
1.126770250,1,0
1.126775250,0,0
1.126780450,1,0
1.126785500,0,0
1.126786750,0,1
1.126790700,1,1
1.126795700,0,1
1.126800900,1,1
1.126805950,0,1
1.126811150,1,1
1.126816150,0,1
1.126817150,0,0
1.126821350,1,0
1.126826400,0,0
1.126831550,1,0
1.126836600,0,0
1.126841800,1,0
1.126846850,0,0
1.126852000,1,0
1.126857050,0,0
1.126862250,1,0
1.126867250,0,0
1.126868500,0,1
1.126872450,1,1
1.126877500,0,1
1.126882700,1,1
1.126887700,0,1
1.126892900,1,1
1.126897950,0,1
1.126898950,0,0
1.126903150,1,0
1.126908150,0,0
1.126909350,0,1
1.126913350,1,1
1.126918400,0,1
1.126923550,1,1
1.126928600,0,1
1.126929600,0,0
1.126933800,1,0
1.126938850,0,0
1.126944000,1,0
1.126949050,0,0
1.126949450,0,1
1.129149050,0,0
1.129153250,1,0
1.129159450,1,1
1.130178250,1,0
1.130184250,0,0
1.130189400,1,0
1.130194450,0,0
1.130195700,0,1
1.130199650,1,1
1.130204700,0,1
1.130209850,1,1
1.130214900,0,1
1.130215900,0,0
1.130220100,1,0
1.130225150,0,0
1.130226350,0,1
1.130230300,1,1
1.130235350,0,1
1.130240550,1,1
1.130245600,0,1
1.130250750,1,1
1.130255800,0,1
1.130261000,1,1
1.130266000,0,1
1.130266250,0,0
1.130271200,1,0
1.130276250,0,0
1.131186450,1,0
1.131191450,0,0
1.131192000,0,1
1.131196650,1,1
1.131201700,0,1
1.131206900,1,1
1.131211900,0,1
1.131212200,0,0
1.131217100,1,0
1.131222150,0,0
1.131222550,0,1
1.131227300,1,1
1.131232350,0,1
1.131237550,1,1
1.131242550,0,1
1.131247750,1,1
1.131252800,0,1
1.131253100,0,0
1.131258000,1,0
1.131263000,0,0
1.131268200,1,0
1.131273250,0,0
1.131276450,0,1
1.131278450,1,1
1.131283450,0,1
1.131283700,0,0
1.131288650,1,0
1.131293700,0,0
1.131298850,1,0
1.131303900,0,0
1.131304300,0,1
1.131309100,1,1
1.131314150,0,1
1.131319300,1,1
1.131324350,0,1
1.131329550,1,1
1.131334550,0,1
1.131334850,0,0
1.131339750,1,0
1.131344800,0,0
1.131345200,0,1
1.131350000,1,1
1.131355000,0,1
1.131356000,0,0
1.131360200,1,0
1.131365250,0,0
1.131368450,0,1
1.131370400,1,1
1.131375450,0,1
1.131380650,1,1
1.131385700,0,1
1.131390850,1,1
1.131395900,0,1
1.131396150,0,0
1.131401100,1,0
1.131406150,0,0
1.131411300,1,0
1.131416350,0,0
1.131421550,1,0
1.131426550,0,0
1.131427100,0,1
1.131431750,1,1
1.131436800,0,1
1.131442000,1,1
1.131447000,0,1
1.131448000,0,0
1.131452200,1,0
1.131457250,0,0
1.131462450,1,0
1.131467450,0,0
1.131472650,1,0
1.131477700,0,0
1.131482850,1,0
1.131487900,0,0
1.131493100,1,0
1.131498150,0,0
1.131503300,1,0
1.131508350,0,0
1.131513550,1,0
1.131518550,0,0
1.131523750,1,0
1.131528800,0,0
1.131529200,0,1
1.131534000,1,1
1.131539000,0,1
1.131540000,0,0
1.131544200,1,0
1.131549250,0,0
1.131554450,1,0
1.131559450,0,0
1.131564650,1,0
1.131569700,0,0
1.131570150,0,1
1.131574850,1,1
1.131579900,0,1
1.131585100,1,1
1.131590150,0,1
1.131595300,1,1
1.131600350,0,1
1.131600650,0,0
1.131605550,1,0
1.131610550,0,0
1.131615750,1,0
1.131620800,0,0
1.131626000,1,0
1.131631000,0,0
1.131636200,1,0
1.131641250,0,0
1.131646450,1,0
1.131651450,0,0
1.131656650,1,0
1.131661700,0,0
1.131662200,0,1
1.131666850,1,1
1.131671900,0,1
1.131677100,1,1
1.131682100,0,1
1.131682350,0,0
1.131687300,1,0
1.131692350,0,0
1.131697550,1,0
1.131702550,0,0
1.131707750,1,0
1.131712800,0,0
1.131718000,1,0
1.131723000,0,0
1.131728200,1,0
1.131733250,0,0
1.131738450,1,0
1.131743450,0,0
1.131743900,0,1
1.131748650,1,1
1.131753700,0,1
1.131753900,0,0
1.131758850,1,0
1.131763900,0,0
1.131769100,1,0
1.131774100,0,0
1.131779300,1,0
1.131784350,0,0
1.131784850,0,1
1.131789550,1,1
1.131794550,0,1
1.131794800,0,0
1.131799750,1,0
1.131804800,0,0
1.131810000,1,0
1.131815000,0,0
1.131820200,1,0
1.131825250,0,0
1.131830400,1,0
1.131835450,0,0
1.131840650,1,0
1.131845700,0,0
1.131846150,0,1
1.131850850,1,1
1.131855900,0,1
1.131856150,0,0
1.131861100,1,0
1.131866100,0,0
1.131871300,1,0
1.131876350,0,0
1.131881550,1,0
1.131886550,0,0
1.131891750,1,0
1.131896800,0,0
1.131902000,1,0
1.131907000,0,0
1.131912200,1,0
1.131917250,0,0
1.131922400,1,0
1.131927450,0,0
1.131932650,1,0
1.131937700,0,0
1.131938200,0,1
1.131942850,1,1
1.131947900,0,1
1.131953100,1,1
1.131958100,0,1
1.131958400,0,0
1.131963300,1,0
1.131968350,0,0
1.131973550,1,0
1.131978550,0,0
1.131983750,1,0
1.131988800,0,0
1.131994000,1,0
1.131999000,0,0
1.132004200,1,0
1.132009250,0,0
1.132014400,1,0
1.132019450,0,0
1.132019950,0,1
1.132024650,1,1
1.132029700,0,1
1.132029900,0,0
1.132034850,1,0
1.132039900,0,0
1.132045100,1,0
1.132050100,0,0
1.132055300,1,0
1.132060350,0,0
1.132060850,0,1
1.132065550,1,1
1.132070550,0,1
1.132070850,0,0
1.132075750,1,0
1.132080800,0,0
1.132081250,0,1
1.132086000,1,1
1.132091000,0,1
1.132092000,0,0
1.132096200,1,0
1.132101250,0,0
1.132106400,1,0
1.132111450,0,0
1.132116650,1,0
1.132121700,0,0
1.132122200,0,1
1.132126850,1,1
1.132131900,0,1
1.132132150,0,0
1.132137100,1,0
1.132142100,0,0
1.132147300,1,0
1.132152350,0,0
1.132157550,1,0
1.132162550,0,0
1.132167750,1,0
1.132172800,0,0
1.132178000,1,0
1.132183000,0,0
1.132188200,1,0
1.132193250,0,0
1.132198400,1,0
1.132203450,0,0
1.132208650,1,0
1.132213700,0,0
1.132214100,0,1
1.132218850,1,1
1.132223900,0,1
1.132229100,1,1
1.132234100,0,1
1.132234400,0,0
1.132239300,1,0
1.132244350,0,0
1.132249550,1,0
1.132254550,0,0
1.132259750,1,0
1.132264800,0,0
1.132265200,0,1
1.132270000,1,1
1.132275000,0,1
1.132276000,0,0
1.132280200,1,0
1.132285250,0,0
1.132290400,1,0
1.132295450,0,0
1.132300650,1,0
1.132305700,0,0
1.132306150,0,1
1.132310850,1,1
1.132315900,0,1
1.132321100,1,1
1.132326100,0,1
1.132326300,0,0
1.132331300,1,0
1.132336350,0,0
1.132341550,1,0
1.132346550,0,0
1.132351750,1,0
1.132356800,0,0
1.132357250,0,1
1.132361950,1,1
1.132367000,0,1
1.132368000,0,0
1.132372200,1,0
1.132377250,0,0
1.132382400,1,0
1.132387450,0,0
1.132392650,1,0
1.132397650,0,0
1.132398200,0,1
1.132402850,1,1
1.132407900,0,1
1.132408150,0,0
1.132413100,1,0
1.132418100,0,0
1.132423300,1,0
1.132428350,0,0
1.132433550,1,0
1.132438550,0,0
1.132443750,1,0
1.132448800,0,0
1.132453950,1,0
1.132459000,0,0
1.132464200,1,0
1.132469250,0,0
1.132474400,1,0
1.132479450,0,0
1.132484650,1,0
1.132489650,0,0
1.132490100,0,1
1.132494850,1,1
1.132499900,0,1
1.132505100,1,1
1.132510100,0,1
1.132510400,0,0
1.132515300,1,0
1.132520350,0,0
1.132525550,1,0
1.132530550,0,0
1.132535750,1,0
1.132540800,0,0
1.132541250,0,1
1.132545950,1,1
1.132551000,0,1
1.132552000,0,0
1.132556200,1,0
1.132561250,0,0
1.132566400,1,0
1.132571450,0,0
1.132576650,1,0
1.132581650,0,0
1.132582150,0,1
1.132586850,1,1
1.132591900,0,1
1.132597100,1,1
1.132602100,0,1
1.132602350,0,0
1.132607300,1,0
1.132612350,0,0
1.132617550,1,0
1.132622550,0,0
1.132623100,0,1
1.132627750,1,1
1.132632800,0,1
1.132633050,0,0
1.132637950,1,0
1.132643000,0,0
1.132643450,0,1
1.134077000,0,0
1.134081250,1,0
1.134086200,0,0
1.134091400,1,0
1.134096450,0,0
1.134101650,1,0
1.134106650,0,0
1.134107100,0,1
1.134111850,1,1
1.134116900,0,1
1.134117100,0,0
1.134122050,1,0
1.134127100,0,0
1.134132300,1,0
1.134137350,0,0
1.134142500,1,0
1.134147550,0,0
1.134152750,1,0
1.134157750,0,0
1.134162950,1,0
1.134168000,0,0
1.134173200,1,0
1.134178200,0,0
1.134183400,1,0
1.134188450,0,0
1.134193650,1,0
1.134198650,0,0
1.134199150,0,1
1.134203850,1,1
1.134208900,0,1
1.134214050,1,1
1.134219100,0,1
1.134219350,0,0
1.134224300,1,0
1.134229350,0,0
1.134234500,1,0
1.134239550,0,0
1.134244750,1,0
1.134249750,0,0
1.134250300,0,1
1.134254950,1,1
1.134260000,0,1
1.134261000,0,0
1.134265200,1,0
1.134270200,0,0
1.134275400,1,0
1.134280450,0,0
1.134285650,1,0
1.134290650,0,0
1.134291100,0,1
1.134295850,1,1
1.134300900,0,1
1.134306050,1,1
1.134311100,0,1
1.134311400,0,0
1.134316300,1,0
1.134321350,0,0
1.134326500,1,0
1.134331550,0,0
1.134332000,0,1
1.134336750,1,1
1.134341750,0,1
1.134346950,1,1
1.134352000,0,1
1.134353000,0,0
1.134357200,1,0
1.134362200,0,0
1.134367400,1,0
1.134372450,0,0
1.134377650,1,0
1.134382650,0,0
1.134383150,0,1
1.134387850,1,1
1.134392900,0,1
1.134393100,0,0
1.134398050,1,0
1.134403100,0,0
1.134408300,1,0
1.134413350,0,0
1.134418500,1,0
1.134423550,0,0
1.134428750,1,0
1.134433750,0,0
1.134438950,1,0
1.134444000,0,0
1.134449200,1,0
1.134454200,0,0
1.134459400,1,0
1.134464450,0,0
1.134469650,1,0
1.134474650,0,0
1.134475200,0,1
1.134479850,1,1
1.134484900,0,1
1.134490050,1,1
1.134495100,0,1
1.134495350,0,0
1.134500300,1,0
1.134505350,0,0
1.134510500,1,0
1.134515550,0,0
1.134520750,1,0
1.134525750,0,0
1.134526300,0,1
1.134530950,1,1
1.134536000,0,1
1.134537000,0,0
1.134541200,1,0
1.134546200,0,0
1.134551400,1,0
1.134556450,0,0
1.134561650,1,0
1.134566650,0,0
1.134567100,0,1
1.134571850,1,1
1.134576900,0,1
1.134582050,1,1
1.134587100,0,1
1.134587400,0,0
1.134592300,1,0
1.134597300,0,0
1.134597800,0,1
1.134602500,1,1
1.134607550,0,1
1.134607800,0,0
1.134612750,1,0
1.134617750,0,0
1.134622950,1,0
1.134628000,0,0
1.134633200,1,0
1.134638200,0,0
1.134643400,1,0
1.134648450,0,0
1.134653650,1,0
1.134658650,0,0
1.134659150,0,1
1.134663850,1,1
1.134668900,0,1
1.134669150,0,0
1.134674050,1,0
1.134679100,0,0
1.134679500,0,1
1.134684300,1,1
1.134689300,0,1
1.134689500,0,0
1.134694500,1,0
1.134699550,0,0
1.134704750,1,0
1.134709750,0,0
1.134710250,0,1
1.134714950,1,1
1.134720000,0,1
1.134721000,0,0
1.134725200,1,0
1.134730200,0,0
1.134735400,1,0
1.134740450,0,0
1.134745600,1,0
1.134750650,0,0
1.134751200,0,1
1.134755850,1,1
1.134760900,0,1
1.134761200,0,0
1.134766050,1,0
1.134771100,0,0
1.134776300,1,0
1.134781300,0,0
1.134786500,1,0
1.134791550,0,0
1.134796750,1,0
1.134801750,0,0
1.134806950,1,0
1.134812000,0,0
1.134817200,1,0
1.134822200,0,0
1.134827400,1,0
1.134832450,0,0
1.134832900,0,1
1.134837600,1,1
1.134842650,0,1
1.134842900,0,0
1.134847850,1,0
1.134852900,0,0
1.134858050,1,0
1.134863100,0,0
1.134868300,1,0
1.134873300,0,0
1.134873850,0,1
1.134878500,1,1
1.134883550,0,1
1.134883800,0,0
1.134888750,1,0
1.134893750,0,0
1.134894200,0,1
1.134898950,1,1
1.134904000,0,1
1.134905000,0,0
1.134909200,1,0
1.134914200,0,0
1.134919400,1,0
1.134924450,0,0
1.134929600,1,0
1.134934650,0,0
1.134935150,0,1
1.134939850,1,1
1.134944900,0,1
1.134950050,1,1
1.134955100,0,1
1.134955350,0,0
1.134960300,1,0
1.134965300,0,0
1.134970500,1,0
1.134975550,0,0
1.134975950,0,1
1.134980750,1,1
1.134985750,0,1
1.134986050,0,0
1.134990950,1,0
1.134996000,0,0
1.135001200,1,0
1.135006200,0,0
1.135011400,1,0
1.135016450,0,0
1.135021600,1,0
1.135026650,0,0
1.135027100,0,1
1.135031850,1,1
1.135036900,0,1
1.135037200,0,0
1.135042050,1,0
1.135047100,0,0
1.135047600,0,1
1.135052300,1,1
1.135057300,0,1
1.135057600,0,0
1.135062500,1,0
1.135067550,0,0
1.135072750,1,0
1.135077750,0,0
1.135082950,1,0
1.135088000,0,0
1.135093200,1,0
1.135098200,0,0
1.135103400,1,0
1.135108450,0,0
1.135113600,1,0
1.135118650,0,0
1.135119150,0,1
1.135123850,1,1
1.135128900,0,1
1.135134050,1,1
1.135139100,0,1
1.135139300,0,0
1.135144300,1,0
1.135149300,0,0
1.135154500,1,0
1.135159550,0,0
1.135164750,1,0
1.135169750,0,0
1.135174950,1,0
1.135180000,0,0
1.135185200,1,0
1.135190200,0,0
1.135195400,1,0
1.135200450,0,0
1.135205600,1,0
1.135210650,0,0
1.135211200,0,1
1.135215850,1,1
1.135220900,0,1
1.135226050,1,1
1.135231100,0,1
1.135231350,0,0
1.135236300,1,0
1.135241300,0,0
1.135246500,1,0
1.135251550,0,0
1.135256750,1,0
1.135261750,0,0
1.135266950,1,0
1.135272000,0,0
1.135277200,1,0
1.135282200,0,0
1.135287400,1,0
1.135292450,0,0
1.135297600,1,0
1.135302650,0,0
1.135303100,0,1
1.135307850,1,1
1.135312850,0,1
1.135313100,0,0
1.135318050,1,0
1.135323100,0,0
1.135328300,1,0
1.135333300,0,0
1.135338500,1,0
1.135343550,0,0
1.135348750,1,0
1.135353750,0,0
1.135358950,1,0
1.135364000,0,0
1.135369150,1,0
1.135374200,0,0
1.135379400,1,0
1.135384450,0,0
1.135389600,1,0
1.135394650,0,0
1.135395150,0,1
1.135399850,1,1
1.135404850,0,1
1.135410050,1,1
1.135415100,0,1
1.135415350,0,0
1.135420300,1,0
1.135425300,0,0
1.135430500,1,0
1.135435550,0,0
1.135440750,1,0
1.135445750,0,0
1.135450950,1,0
1.135456000,0,0
1.135461150,1,0
1.135466200,0,0
1.135471400,1,0
1.135476450,0,0
1.135481600,1,0
1.135486650,0,0
1.135491850,1,0
1.135496850,0,0
1.135497400,0,1
1.135502050,1,1
1.135507100,0,1
1.135512300,1,1
1.135517300,0,1
1.135517600,0,0
1.135522500,1,0
1.135527550,0,0
1.135527950,0,1
1.135532750,1,1
1.135537750,0,1
1.135537950,0,0
1.135542950,1,0
1.135548000,0,0
1.135548500,0,1
1.136964950,0,0
1.136969200,1,0
1.136974200,0,0
1.136979400,1,0
1.136984400,0,0
1.136984900,0,1
1.136989600,1,1
1.136994650,0,1
1.136999850,1,1
1.137004850,0,1
1.137005100,0,0
1.137010050,1,0
1.137015100,0,0
1.137015450,0,1
1.137020250,1,1
1.137025300,0,1
1.137030500,1,1
1.137035550,0,1
1.137040700,1,1
1.137045750,0,1
1.137046000,0,0
1.137050950,1,0
1.137055950,0,0
1.137061150,1,0
1.137066200,0,0
1.137069400,0,1
1.137071400,1,1
1.137076400,0,1
1.137076600,0,0
1.137081600,1,0
1.137086650,0,0
1.137091850,1,0
1.137096850,0,0
1.137097350,0,1
1.137102050,1,1
1.137107100,0,1
1.137112250,1,1
1.137117300,0,1
1.137122500,1,1
1.137127550,0,1
1.137127750,0,0
1.137132700,1,0
1.137137750,0,0
1.137138250,0,1
1.137142950,1,1
1.137147950,0,1
1.137148950,0,0
1.137153150,1,0
1.137158200,0,0
1.137161400,0,1
1.137163400,1,1
1.137168400,0,1
1.137173600,1,1
1.137178650,0,1
1.137183850,1,1
1.137188850,0,1
1.137189050,0,0
1.137194050,1,0
1.137199100,0,0
1.137204250,1,0
1.137209300,0,0
1.137214500,1,0
1.137219550,0,0
1.137220000,0,1
1.137224700,1,1
1.137229750,0,1
1.137234950,1,1
1.137239950,0,1
1.137240950,0,0
1.137245150,1,0
1.137250200,0,0
1.137255400,1,0
1.137260400,0,0
1.137265600,1,0
1.137270650,0,0
1.137275850,1,0
1.137280850,0,0
1.137286050,1,0
1.137291100,0,0
1.137296250,1,0
1.137301300,0,0
1.137306500,1,0
1.137311550,0,0
1.137316700,1,0
1.137321750,0,0
1.137322250,0,1
1.137326950,1,1
1.137331950,0,1
1.137332950,0,0
1.137337150,1,0
1.137342200,0,0
1.137347400,1,0
1.137352400,0,0
1.137357600,1,0
1.137362650,0,0
1.137363200,0,1
1.137367800,1,1
1.137372850,0,1
1.137378050,1,1
1.137383100,0,1
1.137388250,1,1
1.137393300,0,1
1.137393550,0,0
1.137398500,1,0
1.137403550,0,0
1.137408700,1,0
1.137413750,0,0
1.137418950,1,0
1.137423950,0,0
1.137429150,1,0
1.137434200,0,0
1.137439400,1,0
1.137444400,0,0
1.137449600,1,0
1.137454650,0,0
1.137455100,0,1
1.137459800,1,1
1.137464850,0,1
1.137470050,1,1
1.137475100,0,1
1.137475250,0,0
1.137480250,1,0
1.137485300,0,0
1.137490500,1,0
1.137495500,0,0
1.137500700,1,0
1.137505750,0,0
1.137510950,1,0
1.137515950,0,0
1.137521150,1,0
1.137526200,0,0
1.137531400,1,0
1.137536400,0,0
1.137536950,0,1
1.137541600,1,1
1.137546650,0,1
1.137546950,0,0
1.137551850,1,0
1.137556850,0,0
1.137562050,1,0
1.137567100,0,0
1.137572250,1,0
1.137577300,0,0
1.137577750,0,1
1.137582500,1,1
1.137587500,0,1
1.137587700,0,0
1.137592700,1,0
1.137597750,0,0
1.137602950,1,0
1.137607950,0,0
1.137613150,1,0
1.137618200,0,0
1.137623400,1,0
1.137628400,0,0
1.137633600,1,0
1.137638650,0,0
1.137639050,0,1
1.137643800,1,1
1.137648850,0,1
1.137649200,0,0
1.137654050,1,0
1.137659100,0,0
1.137664250,1,0
1.137669300,0,0
1.137674500,1,0
1.137679500,0,0
1.137684700,1,0
1.137689750,0,0
1.137694950,1,0
1.137699950,0,0
1.137700400,0,1
1.139798200,1,1
1.139803150,0,1
1.139804150,0,0
1.139808400,1,0
1.139814600,1,1
1.139828400,1,0
1.139834400,0,0
1.139835600,0,1
1.139839550,1,1
1.139844600,0,1
1.139845600,0,0
1.139849800,1,0
1.139854850,0,0
1.139856050,0,1
1.139860000,1,1
1.139865050,0,1
1.139866050,0,0
1.139870250,1,0
1.139875300,0,0
1.139876500,0,1
1.139880450,1,1
1.139885500,0,1
1.139886500,0,0
1.139890700,1,0
1.139895750,0,0
1.139900900,1,0
1.139905950,0,0
1.139911150,1,0
1.139916150,0,0
1.139921350,1,0
1.139926400,0,0
1.139931600,1,0
1.139936600,0,0
1.139937850,0,1
1.139941800,1,1
1.139946850,0,1
1.139947850,0,0
1.139952050,1,0
1.139957050,0,0
1.139962250,1,0
1.139967300,0,0
1.139972450,1,0
1.139977500,0,0
1.139982700,1,0
1.139987750,0,0
1.139992900,1,0
1.139997950,0,0
1.140003150,1,0
1.140008150,0,0
1.140013350,1,0
1.140018400,0,0
1.140019050,0,1
1.140023600,1,1
1.140030600,1,0
1.140036600,0,0
1.140037800,0,1
1.140041800,1,1
1.140046850,0,1
1.140047850,0,0
1.140052000,1,0
1.140057050,0,0
1.140058250,0,1
1.140062250,1,1
1.140067300,0,1
1.140068300,0,0
1.140072450,1,0
1.140077500,0,0
1.140078700,0,1
1.140082700,1,1
1.140087750,0,1
1.140088750,0,0
1.140092900,1,0
1.140097950,0,0
1.140103150,1,0
1.140108150,0,0
1.140109400,0,1
1.140113350,1,1
1.140118400,0,1
1.140118850,0,0
1.140123600,1,0
1.140128600,0,0
1.140133800,1,0
1.140138850,0,0
1.140144050,1,0
1.140149050,0,0
1.140154250,1,0
1.140159300,0,0
1.140164450,1,0
1.140169500,0,0
1.140170150,0,1
1.140174700,1,1
1.140179750,0,1
1.140184900,1,1
1.140189950,0,1
1.140195150,1,1
1.140200150,0,1
1.140205350,1,1
1.140210400,0,1
1.140215600,1,1
1.140220600,0,1
1.140221600,0,0
1.140225800,1,0
1.140232050,1,1
1.140329850,1,0
1.140335850,0,0
1.140337000,0,1
1.140341000,1,1
1.140346050,0,1
1.140347050,0,0
1.140351250,1,0
1.140356300,0,0
1.140357500,0,1
1.140361450,1,1
1.140366500,0,1
1.140367500,0,0
1.140371700,1,0
1.140376700,0,0
1.140377950,0,1
1.140381900,1,1
1.140386950,0,1
1.140387950,0,0
1.140392150,1,0
1.140397150,0,0
1.140402350,1,0
1.140407400,0,0
1.140412600,1,0
1.140417600,0,0
1.140422800,1,0
1.140427850,0,0
1.140433000,1,0
1.140438050,0,0
1.140439300,0,1
1.140443250,1,1
1.140448300,0,1
1.140449300,0,0
1.140453450,1,0
1.140458500,0,0
1.140459700,0,1
1.140463700,1,1
1.140468700,0,1
1.140469700,0,0
1.140473900,1,0
1.140478950,0,0
1.140484150,1,0
1.140489150,0,0
1.140494350,1,0
1.140499400,0,0
1.140504600,1,0
1.140509600,0,0
1.140514800,1,0
1.140519850,0,0
1.140520500,0,1
1.140525000,1,1
1.140532050,1,0
1.140538050,0,0
1.140539250,0,1
1.140543250,1,1
1.140548300,0,1
1.140549300,0,0
1.140553450,1,0
1.140558500,0,0
1.140559700,0,1
1.140563700,1,1
1.140568700,0,1
1.140569700,0,0
1.140573900,1,0
1.140578950,0,0
1.140580150,0,1
1.140584150,1,1
1.140589150,0,1
1.140590150,0,0
1.140594350,1,0
1.140599400,0,0
1.140604600,1,0
1.140609600,0,0
1.140610850,0,1
1.140614800,1,1
1.140619850,0,1
1.140620300,0,0
1.140625000,1,0
1.140630050,0,0
1.140635250,1,0
1.140640300,0,0
1.140645450,1,0
1.140650500,0,0
1.140655700,1,0
1.140660700,0,0
1.140665900,1,0
1.140670950,0,0
1.140676150,1,0
1.140681150,0,0
1.140686350,1,0
1.140691400,0,0
1.140696600,1,0
1.140701600,0,0
1.140706800,1,0
1.140711850,0,0
1.140717000,1,0
1.140722050,0,0
1.140725300,0,1
1.140727250,1,1
1.140732300,0,1
1.140732750,0,0
1.140737450,1,0
1.140742500,0,0
1.140747700,1,0
1.140752700,0,0
1.140757900,1,0
1.140762950,0,0
1.140768150,1,0
1.140773150,0,0
1.140778350,1,0
1.140783400,0,0
1.140788600,1,0
1.140793600,0,0
1.140798800,1,0
1.140803850,0,0
1.140809000,1,0
1.140814050,0,0
1.140819250,1,0
1.140824300,0,0
1.140829450,1,0
1.140834500,0,0
1.140839700,1,0
1.140844700,0,0
1.140849900,1,0
1.140854950,0,0
1.140860150,1,0
1.140865150,0,0
1.140870350,1,0
1.140875400,0,0
1.140880600,1,0
1.140885600,0,0
1.140890800,1,0
1.140895850,0,0
1.140901000,1,0
1.140906050,0,0
1.140909300,0,1
1.140911250,1,1
1.140916300,0,1
1.140916700,0,0
1.140921450,1,0
1.140926500,0,0
1.140931700,1,0
1.140936700,0,0
1.140941900,1,0
1.140946950,0,0
1.140952150,1,0
1.140957150,0,0
1.140962350,1,0
1.140967400,0,0
1.140972600,1,0
1.140977600,0,0
1.140982800,1,0
1.140987850,0,0
1.140993000,1,0
1.140998050,0,0
1.141003250,1,0
1.141008300,0,0
1.141013450,1,0
1.141018500,0,0
1.141023700,1,0
1.141028700,0,0
1.141033900,1,0
1.141038950,0,0
1.141044150,1,0
1.141049150,0,0
1.141054350,1,0
1.141059400,0,0
1.141064600,1,0
1.141069600,0,0
1.141074800,1,0
1.141079850,0,0
1.141085000,1,0
1.141090050,0,0
1.141093300,0,1
1.141095250,1,1
1.141100250,0,1
1.141100700,0,0
1.141105450,1,0
1.141110500,0,0
1.141115700,1,0
1.141120700,0,0
1.141125900,1,0
1.141130950,0,0
1.141136150,1,0
1.141141150,0,0
1.141146350,1,0
1.141151400,0,0
1.141156600,1,0
1.141161600,0,0
1.141166800,1,0
1.141171850,0,0
1.141172500,0,1
1.141177000,1,1
1.141182050,0,1
1.141183050,0,0
1.141187250,1,0
1.141193500,1,1
1.142681250,1,0
1.142687250,0,0
1.142692400,1,0
1.142697500,0,0
1.142698700,0,1
1.142702650,1,1
1.142707700,0,1
1.142712900,1,1
1.142717950,0,1
1.142718950,0,0
1.142723100,1,0
1.142728150,0,0
1.142729350,0,1
1.142733350,1,1
1.142738350,0,1
1.142743550,1,1
1.142748600,0,1
1.142753800,1,1
1.142758800,0,1
1.142759800,0,0
1.142764000,1,0
1.142769050,0,0
1.142774250,1,0
1.142779250,0,0
1.142779750,0,1
1.143760250,0,0
1.143764500,1,0
1.143769500,0,0
1.143770700,0,1
1.143774700,1,1
1.143779700,0,1
1.143780700,0,0
1.143784900,1,0
1.143789900,0,0
1.143791150,0,1
1.143795100,1,1
1.143800150,0,1
1.143801150,0,0
1.143805350,1,0
1.143810350,0,0
1.143815550,1,0
1.143820600,0,0
1.143825800,1,0
1.143830800,0,0
1.143832050,0,1
1.143836000,1,1
1.143841050,0,1
1.143841300,0,0
1.143846200,1,0
1.143851250,0,0
1.143851700,0,1
1.143856450,1,1
1.143861500,0,1
1.143862500,0,0
1.143866650,1,0
1.143871700,0,0
1.143876900,1,0
1.143881900,0,0
1.143887100,1,0
1.143892150,0,0
1.143897350,1,0
1.143902350,0,0
1.143907550,1,0
1.143912600,0,0
1.143913850,0,1
1.143917800,1,1
1.143922800,0,1
1.143928000,1,1
1.143933050,0,1
1.143933250,0,0
1.143938200,1,0
1.143943250,0,0
1.143943750,0,1
1.143948450,1,1
1.143953500,0,1
1.143958650,1,1
1.143963700,0,1
1.143968900,1,1
1.143973900,0,1
1.143979100,1,1
1.143984150,0,1
1.143985150,0,0
1.143989350,1,0
1.143994350,0,0
1.143999550,1,0
1.144004600,0,0
1.144005800,0,1
1.144009750,1,1
1.144014800,0,1
1.144020000,1,1
1.144025050,0,1
1.144025300,0,0
1.144030200,1,0
1.144035250,0,0
1.144040450,1,0
1.144045450,0,0
1.144050650,1,0
1.144055700,0,0
1.144060900,1,0
1.144065900,0,0
1.144071100,1,0
1.144076150,0,0
1.144081350,1,0
1.144086350,0,0
1.144091550,1,0
1.144096600,0,0
1.144101800,1,0
1.144106800,0,0
1.144108050,0,1
1.144112000,1,1
1.144117050,0,1
1.144117350,0,0
1.144122200,1,0
1.144127250,0,0
1.144132450,1,0
1.144137450,0,0
1.144138700,0,1
1.144142650,1,1
1.144147700,0,1
1.144148700,0,0
1.144152900,1,0
1.144157900,0,0
1.144159150,0,1
1.144163100,1,1
1.144168150,0,1
1.144169150,0,0
1.144173350,1,0
1.144178350,0,0
1.144183550,1,0
1.144188600,0,0
1.144189800,0,1
1.144193750,1,1
1.144198800,0,1
1.144199800,0,0
1.144204000,1,0
1.144209050,0,0
1.144214200,1,0
1.144219250,0,0
1.144224450,1,0
1.144229450,0,0
1.144234650,1,0
1.144239700,0,0
1.144244900,1,0
1.144249900,0,0
1.144251150,0,1
1.144255100,1,1
1.144260150,0,1
1.144265350,1,1
1.144270350,0,1
1.144275550,1,1
1.144280600,0,1
1.144281600,0,0
1.144285750,1,0
1.144290800,0,0
1.144296000,1,0
1.144301050,0,0
1.144306200,1,0
1.144311250,0,0
1.144311700,0,1
1.146607250,0,0
1.146611450,1,0
1.146617650,1,1
1.147586450,1,0
1.147592450,0,0
1.147597600,1,0
1.147602650,0,0
1.147603900,0,1
1.147607850,1,1
1.147612900,0,1
1.147618050,1,1
1.147623100,0,1
1.147624100,0,0
1.147628300,1,0
1.147633350,0,0
1.147634550,0,1
1.147638500,1,1
1.147643550,0,1
1.147648750,1,1
1.147653800,0,1
1.147658950,1,1
1.147664000,0,1
1.147669200,1,1
1.147674200,0,1
1.147674450,0,0
1.147679400,1,0
1.147684450,0,0
1.148598650,1,0
1.148603650,0,0
1.148604100,0,1
1.148608850,1,1
1.148613900,0,1
1.148619100,1,1
1.148624100,0,1
1.148624450,0,0
1.148629300,1,0
1.148634350,0,0
1.148634800,0,1
1.148639500,1,1
1.148644550,0,1
1.148649750,1,1
1.148654750,0,1
1.148659950,1,1
1.148665000,0,1
1.148665200,0,0
1.148670200,1,0
1.148675200,0,0
1.148680400,1,0
1.148685450,0,0
1.148688650,0,1
1.148690650,1,1
1.148695650,0,1
1.148695950,0,0
1.148700850,1,0
1.148705900,0,0
1.148711050,1,0
1.148716100,0,0
1.148716550,0,1
1.148721300,1,1
1.148726350,0,1
1.148731500,1,1
1.148736550,0,1
1.148741750,1,1
1.148746750,0,1
1.148747100,0,0
1.148751950,1,0
1.148757000,0,0
1.148757450,0,1
1.148762200,1,1
1.148767200,0,1
1.148768200,0,0
1.148772400,1,0
1.148777450,0,0
1.148780650,0,1
1.148782650,1,1
1.148787650,0,1
1.148792850,1,1
1.148797900,0,1
1.148803050,1,1
1.148808100,0,1
1.148808400,0,0
1.148813300,1,0
1.148818350,0,0
1.148823500,1,0
1.148828550,0,0
1.148833750,1,0
1.148838750,0,0
1.148839200,0,1
1.148843950,1,1
1.148849000,0,1
1.148854200,1,1
1.148859200,0,1
1.148860200,0,0
1.148864400,1,0
1.148869450,0,0
1.148874650,1,0
1.148879650,0,0
1.148884850,1,0
1.148889900,0,0
1.148895050,1,0
1.148900100,0,0
1.148905300,1,0
1.148910350,0,0
1.148915500,1,0
1.148920550,0,0
1.148925750,1,0
1.148930750,0,0
1.148935950,1,0
1.148941000,0,0
1.148941450,0,1
1.148946200,1,1
1.148951200,0,1
1.148952200,0,0
1.148956400,1,0
1.148961450,0,0
1.148966650,1,0
1.148971650,0,0
1.148972200,0,1
1.148976850,1,1
1.148981900,0,1
1.148982150,0,0
1.148987050,1,0
1.148992100,0,0
1.148992550,0,1
1.148997300,1,1
1.149002350,0,1
1.149002550,0,0
1.149007500,1,0
1.149012550,0,0
1.149017750,1,0
1.149022750,0,0
1.149023300,0,1
1.149027950,1,1
1.149033000,0,1
1.149033300,0,0
1.149038200,1,0
1.149043200,0,0
1.149048400,1,0
1.149053450,0,0
1.149058650,1,0
1.149063650,0,0
1.149068850,1,0
1.149073900,0,0
1.149074300,0,1
1.149079050,1,1
1.149084100,0,1
1.149089300,1,1
1.149094350,0,1
1.149094600,0,0
1.149099500,1,0
1.149104550,0,0
1.149109750,1,0
1.149114750,0,0
1.149119950,1,0
1.149125000,0,0
1.149125400,0,1
1.149130200,1,1
1.149135200,0,1
1.149136200,0,0
1.149140400,1,0
1.149145450,0,0
1.149150600,1,0
1.149155650,0,0
1.149160850,1,0
1.149165900,0,0
1.149166350,0,1
1.149171050,1,1
1.149176100,0,1
1.149176350,0,0
1.149181300,1,0
1.149186300,0,0
1.149191500,1,0
1.149196550,0,0
1.149201750,1,0
1.149206750,0,0
1.149211950,1,0
1.149217000,0,0
1.149222200,1,0
1.149227200,0,0
1.149232400,1,0
1.149237450,0,0
1.149242650,1,0
1.149247650,0,0
1.149252850,1,0
1.149257900,0,0
1.149258400,0,1
1.149263050,1,1
1.149268100,0,1
1.149273300,1,1
1.149278300,0,1
1.149278600,0,0
1.149283500,1,0
1.149288550,0,0
1.149293750,1,0
1.149298750,0,0
1.149303950,1,0
1.149309000,0,0
1.149314200,1,0
1.149319200,0,0
1.149324400,1,0
1.149329450,0,0
1.149334600,1,0
1.149339650,0,0
1.149344850,1,0
1.149349900,0,0
1.149350300,0,1
1.149355050,1,1
1.149360100,0,1
1.149365300,1,1
1.149370300,0,1
1.149370650,0,0
1.149375500,1,0
1.149380550,0,0
1.149385750,1,0
1.149390750,0,0
1.149391250,0,1
1.149395950,1,1
1.149401000,0,1
1.149401200,0,0
1.149406200,1,0
1.149411200,0,0
1.149416400,1,0
1.149421450,0,0
1.149426600,1,0
1.149431650,0,0
1.149436850,1,0
1.149441900,0,0
1.149442350,0,1
1.149447050,1,1
1.149452100,0,1
1.149452350,0,0
1.149457300,1,0
1.149462300,0,0
1.149467500,1,0
1.149472550,0,0
1.149477750,1,0
1.149482750,0,0
1.149487950,1,0
1.149493000,0,0
1.149498200,1,0
1.149503200,0,0
1.149508400,1,0
1.149513450,0,0
1.149518600,1,0
1.149523650,0,0
1.149528850,1,0
1.149533900,0,0
1.149534400,0,1
1.149539050,1,1
1.149544100,0,1
1.149549300,1,1
1.149554300,0,1
1.149554600,0,0
1.149559500,1,0
1.149564550,0,0
1.149569750,1,0
1.149574750,0,0
1.149579950,1,0
1.149585000,0,0
1.149590200,1,0
1.149595200,0,0
1.149600400,1,0
1.149605450,0,0
1.149610600,1,0
1.149615650,0,0
1.149620850,1,0
1.149625900,0,0
1.149626350,0,1
1.149631050,1,1
1.149636100,0,1
1.149641300,1,1
1.149646300,0,1
1.149646650,0,0
1.149651500,1,0
1.149656550,0,0
1.149661750,1,0
1.149666750,0,0
1.149667250,0,1
1.149671950,1,1
1.149677000,0,1
1.149682200,1,1
1.149687200,0,1
1.149688200,0,0
1.149692400,1,0
1.149697450,0,0
1.149702600,1,0
1.149707650,0,0
1.149712850,1,0
1.149717900,0,0
1.149718400,0,1
1.149723050,1,1
1.149728100,0,1
1.149728350,0,0
1.149733300,1,0
1.149738300,0,0
1.149743500,1,0
1.149748550,0,0
1.149753750,1,0
1.149758750,0,0
1.149763950,1,0
1.149769000,0,0
1.149774200,1,0
1.149779200,0,0
1.149784400,1,0
1.149789450,0,0
1.149794600,1,0
1.149799650,0,0
1.149804850,1,0
1.149809900,0,0
1.149810300,0,1
1.149815050,1,1
1.149820100,0,1
1.149825300,1,1
1.149830300,0,1
1.149830600,0,0
1.149835500,1,0
1.149840550,0,0
1.149845750,1,0
1.149850750,0,0
1.149855950,1,0
1.149861000,0,0
1.149866200,1,0
1.149871200,0,0
1.149876400,1,0
1.149881450,0,0
1.149886600,1,0
1.149891650,0,0
1.149896850,1,0
1.149901850,0,0
1.149902350,0,1
1.149907050,1,1
1.149912100,0,1
1.149917300,1,1
1.149922300,0,1
1.149922550,0,0
1.149927500,1,0
1.149932550,0,0
1.149933050,0,1
1.149937750,1,1
1.149942750,0,1
1.149943050,0,0
1.149947950,1,0
1.149953000,0,0
1.149958200,1,0
1.149963200,0,0
1.149968400,1,0
1.149973450,0,0
1.149978600,1,0
1.149983650,0,0
1.149988850,1,0
1.149993850,0,0
1.149994400,0,1
1.149999050,1,1
1.150004100,0,1
1.150004400,0,0
1.150009300,1,0
1.150014300,0,0
1.150019500,1,0
1.150024550,0,0
1.150029750,1,0
1.150034750,0,0
1.150039950,1,0
1.150045000,0,0
1.150050150,1,0
1.150055200,0,0
1.150055750,0,1
1.151483200,0,0
1.151487450,1,0
1.151492400,0,0
1.151497650,1,0
1.151502650,0,0
1.151507850,1,0
1.151512850,0,0
1.151513350,0,1
1.151518050,1,1
1.151523100,0,1
1.151528250,1,1
1.151533300,0,1
1.151533550,0,0
1.151538500,1,0
1.151543550,0,0
1.151548700,1,0
1.151553750,0,0
1.151558950,1,0
1.151563950,0,0
1.151569150,1,0
1.151574200,0,0
1.151579400,1,0
1.151584400,0,0
1.151589600,1,0
1.151594650,0,0
1.151599850,1,0
1.151604850,0,0
1.151605400,0,1
1.151610050,1,1
1.151615100,0,1
1.151620250,1,1
1.151625300,0,1
1.151625600,0,0
1.151630500,1,0
1.151635550,0,0
1.151635950,0,1
1.151640700,1,1
1.151645750,0,1
1.151645950,0,0
1.151650950,1,0
1.151655950,0,0
1.151656350,0,1
1.151661150,1,1
1.151666200,0,1
1.151667200,0,0
1.151671400,1,0
1.151676400,0,0
1.151681600,1,0
1.151686650,0,0
1.151691850,1,0
1.151696850,0,0
1.151697300,0,1
1.151702050,1,1
1.151707100,0,1
1.151707300,0,0
1.151712250,1,0
1.151717300,0,0
1.151717850,0,1
1.151722500,1,1
1.151727550,0,1
1.151727850,0,0
1.151732700,1,0
1.151737750,0,0
1.151742950,1,0
1.151747950,0,0
1.151748450,0,1
1.151753150,1,1
1.151758200,0,1
1.151759200,0,0
1.151763400,1,0
1.151768400,0,0
1.151773600,1,0
1.151778650,0,0
1.151783850,1,0
1.151788850,0,0
1.151789350,0,1
1.151794050,1,1
1.151799100,0,1
1.151799350,0,0
1.151804250,1,0
1.151809300,0,0
1.151814500,1,0
1.151819550,0,0
1.151824700,1,0
1.151829750,0,0
1.151834950,1,0
1.151839950,0,0
1.151845150,1,0
1.151850200,0,0
1.151855400,1,0
1.151860400,0,0
1.151865600,1,0
1.151870650,0,0
1.151871100,0,1
1.151875800,1,1
1.151880850,0,1
1.151881050,0,0
1.151886050,1,0
1.151891100,0,0
1.151896250,1,0
1.151901300,0,0
1.151906500,1,0
1.151911550,0,0
1.151912000,0,1
1.151916700,1,1
1.151921750,0,1
1.151922000,0,0
1.151926950,1,0
1.151931950,0,0
1.151932400,0,1
1.151937150,1,1
1.151942200,0,1
1.151943200,0,0
1.151947400,1,0
1.151952400,0,0
1.151957600,1,0
1.151962650,0,0
1.151967850,1,0
1.151972850,0,0
1.151973350,0,1
1.151978050,1,1
1.151983100,0,1
1.151988250,1,1
1.151993300,0,1
1.151993500,0,0
1.151998500,1,0
1.152003550,0,0
1.152004050,0,1
1.152008700,1,1
1.152013750,0,1
1.152014050,0,0
1.152018950,1,0
1.152023950,0,0
1.152029150,1,0
1.152034200,0,0
1.152039400,1,0
1.152044400,0,0
1.152049600,1,0
1.152054650,0,0
1.152059850,1,0
1.152064850,0,0
1.152065400,0,1
1.152070050,1,1
1.152075100,0,1
1.152075350,0,0
1.152080250,1,0
1.152085300,0,0
1.152085750,0,1
1.152090500,1,1
1.152095500,0,1
1.152095750,0,0
1.152100700,1,0
1.152105750,0,0
1.152110950,1,0
1.152115950,0,0
1.152121150,1,0
1.152126200,0,0
1.152131400,1,0
1.152136400,0,0
1.152141600,1,0
1.152146650,0,0
1.152151800,1,0
1.152156850,0,0
1.152157300,0,1
1.152162050,1,1
1.152167100,0,1
1.152172250,1,1
1.152177300,0,1
1.152177600,0,0
1.152182500,1,0
1.152187500,0,0
1.152192700,1,0
1.152197750,0,0
1.152202950,1,0
1.152207950,0,0
1.152213150,1,0
1.152218200,0,0
1.152223400,1,0
1.152228400,0,0
1.152233600,1,0
1.152238650,0,0
1.152243800,1,0
1.152248850,0,0
1.152249350,0,1
1.152254050,1,1
1.152259100,0,1
1.152264250,1,1
1.152269300,0,1
1.152269550,0,0
1.152274500,1,0
1.152279500,0,0
1.152284700,1,0
1.152289750,0,0
1.152294950,1,0
1.152299950,0,0
1.152305150,1,0
1.152310200,0,0
1.152315400,1,0
1.152320400,0,0
1.152325600,1,0
1.152330650,0,0
1.152335800,1,0
1.152340850,0,0
1.152341250,0,1
1.152346050,1,1
1.152351100,0,1
1.152351400,0,0
1.152356250,1,0
1.152361300,0,0
1.152366500,1,0
1.152371500,0,0
1.152376700,1,0
1.152381750,0,0
1.152386950,1,0
1.152391950,0,0
1.152397150,1,0
1.152402200,0,0
1.152407400,1,0
1.152412400,0,0
1.152417600,1,0
1.152422650,0,0
1.152427800,1,0
1.152432850,0,0
1.152433300,0,1
1.152438050,1,1
1.152443100,0,1
1.152448250,1,1
1.152453300,0,1
1.152453500,0,0
1.152458500,1,0
1.152463500,0,0
1.152468700,1,0
1.152473750,0,0
1.152478950,1,0
1.152483950,0,0
1.152489150,1,0
1.152494200,0,0
1.152499400,1,0
1.152504400,0,0
1.152509600,1,0
1.152514650,0,0
1.152519800,1,0
1.152524850,0,0
1.152525400,0,1
1.152530050,1,1
1.152535100,0,1
1.152540250,1,1
1.152545300,0,1
1.152545550,0,0
1.152550500,1,0
1.152555500,0,0
1.152560700,1,0
1.152565750,0,0
1.152570950,1,0
1.152575950,0,0
1.152576500,0,1
1.152581150,1,1
1.152586200,0,1
1.152587200,0,0
1.152591400,1,0
1.152596400,0,0
1.152601600,1,0
1.152606650,0,0
1.152611800,1,0
1.152616850,0,0
1.152617300,0,1
1.152622050,1,1
1.152627100,0,1
1.152627400,0,0
1.152632250,1,0
1.152637300,0,0
1.152637800,0,1
1.152642500,1,1
1.152647500,0,1
1.152647800,0,0
1.152652700,1,0
1.152657750,0,0
1.152662950,1,0
1.152667950,0,0
1.152668400,0,1
1.152673150,1,1
1.152678200,0,1
1.152679200,0,0
1.152683400,1,0
1.152688400,0,0
1.152693600,1,0
1.152698650,0,0
1.152703800,1,0
1.152708850,0,0
1.152709350,0,1
1.152714050,1,1
1.152719100,0,1
1.152719300,0,0
1.152724250,1,0
1.152729300,0,0
1.152734500,1,0
1.152739500,0,0
1.152744700,1,0
1.152749750,0,0
1.152754950,1,0
1.152759950,0,0
1.152765150,1,0
1.152770200,0,0
1.152775400,1,0
1.152780400,0,0
1.152785600,1,0
1.152790650,0,0
1.152791050,0,1
1.152795800,1,1
1.152800850,0,1
1.152801150,0,0
1.152806050,1,0
1.152811050,0,0
1.152816250,1,0
1.152821300,0,0
1.152826500,1,0
1.152831500,0,0
1.152832000,0,1
1.152836700,1,1
1.152841750,0,1
1.152841950,0,0
1.152846950,1,0
1.152851950,0,0
1.152852350,0,1
1.152857150,1,1
1.152862200,0,1
1.152863200,0,0
1.152867350,1,0
1.152872400,0,0
1.152877600,1,0
1.152882650,0,0
1.152887800,1,0
1.152892850,0,0
1.152898050,1,0
1.152903050,0,0
1.152903500,0,1
1.152908250,1,1
1.152913300,0,1
1.152918500,1,1
1.152923500,0,1
1.152928700,1,1
1.152933750,0,1
1.152938950,1,1
1.152943950,0,1
1.152949150,1,1
1.152954200,0,1
1.154394150,0,0
1.154398400,1,0
1.154403400,0,0
1.154408600,1,0
1.154413600,0,0
1.154414050,0,1
1.154418800,1,1
1.154423850,0,1
1.154429050,1,1
1.154434050,0,1
1.154434400,0,0
1.154439250,1,0
1.154444300,0,0
1.154444750,0,1
1.154449450,1,1
1.154454500,0,1
1.154459700,1,1
1.154464750,0,1
1.154469900,1,1
1.154474950,0,1
1.154475150,0,0
1.154480150,1,0
1.154485150,0,0
1.154490350,1,0
1.154495400,0,0
1.154498600,0,1
1.154500600,1,1
1.154505600,0,1
1.154505900,0,0
1.154510800,1,0
1.154515850,0,0
1.154521050,1,0
1.154526050,0,0
1.154526500,0,1
1.154531250,1,1
1.154536300,0,1
1.154541450,1,1
1.154546500,0,1
1.154551700,1,1
1.154556750,0,1
1.154557000,0,0
1.154561900,1,0
1.154566950,0,0
1.154567400,0,1
1.154572150,1,1
1.154577150,0,1
1.154578150,0,0
1.154582350,1,0
1.154587400,0,0
1.154590600,0,1
1.154592600,1,1
1.154597600,0,1
1.154602800,1,1
1.154607850,0,1
1.154613050,1,1
1.154618050,0,1
1.154618350,0,0
1.154623250,1,0
1.154628300,0,0
1.154633450,1,0
1.154638500,0,0
1.154643700,1,0
1.154648750,0,0
1.154649150,0,1
1.154653900,1,1
1.154658950,0,1
1.154664150,1,1
1.154669150,0,1
1.154670150,0,0
1.154674350,1,0
1.154679400,0,0
1.154684600,1,0
1.154689600,0,0
1.154694800,1,0
1.154699850,0,0
1.154705050,1,0
1.154710050,0,0
1.154715250,1,0
1.154720300,0,0
1.154725450,1,0
1.154730500,0,0
1.154735700,1,0
1.154740750,0,0
1.154745900,1,0
1.154750950,0,0
1.154751400,0,1
1.154756150,1,1
1.154761150,0,1
1.154762150,0,0
1.154766350,1,0
1.154771400,0,0
1.154776600,1,0
1.154781600,0,0
1.154782150,0,1
1.154786800,1,1
1.154791850,0,1
1.154792100,0,0
1.154797050,1,0
1.154802050,0,0
1.154802500,0,1
1.154807250,1,1
1.154812300,0,1
1.154812500,0,0
1.154817450,1,0
1.154822500,0,0
1.154827700,1,0
1.154832750,0,0
1.154833250,0,1
1.154837900,1,1
1.154842950,0,1
1.154843250,0,0
1.154848150,1,0
1.154853150,0,0
1.154858350,1,0
1.154863400,0,0
1.154868600,1,0
1.154873600,0,0
1.154878800,1,0
1.154883850,0,0
1.154884400,0,1
1.154889050,1,1
1.154894050,0,1
1.154899250,1,1
1.154904300,0,1
1.154904550,0,0
1.154909450,1,0
1.154914500,0,0
1.154919700,1,0
1.154924700,0,0
1.154929900,1,0
1.154934950,0,0
1.154935350,0,1
1.154940150,1,1
1.154945150,0,1
1.154946150,0,0
1.154950350,1,0
1.154955400,0,0
1.154960600,1,0
1.154965600,0,0
1.154970800,1,0
1.154975850,0,0
1.154976300,0,1
1.154981000,1,1
1.154986050,0,1
1.154986300,0,0
1.154991250,1,0
1.154996300,0,0
1.155001450,1,0
1.155006500,0,0
1.155011700,1,0
1.155016700,0,0
1.155021900,1,0
1.155026950,0,0
1.155032150,1,0
1.155037150,0,0
1.155042350,1,0
1.155047400,0,0
1.155052600,1,0
1.155057600,0,0
1.155062800,1,0
1.155067850,0,0
1.155068350,0,1
1.155073000,1,1
1.155078050,0,1
1.155083250,1,1
1.155088300,0,1
1.155088550,0,0
1.155093450,1,0
1.155098500,0,0
1.155103700,1,0
1.155108700,0,0
1.155113900,1,0
1.155118950,0,0
1.155124150,1,0
1.155129150,0,0
1.155129700,0,1
1.157196150,0,0
1.157197300,0,1
1.157200400,1,1
1.157205350,0,1
1.157206350,0,0
1.157210600,1,0
1.157216800,1,1
1.158255600,1,0
1.158261600,0,0
1.158266750,1,0
1.158271800,0,0
1.158273050,0,1
1.158277000,1,1
1.158282050,0,1
1.158287200,1,1
1.158292250,0,1
1.158293250,0,0
1.158297450,1,0
1.158302500,0,0
1.158303700,0,1
1.158307650,1,1
1.158312700,0,1
1.158317900,1,1
1.158322900,0,1
1.158328100,1,1
1.158333150,0,1
1.158334150,0,0
1.158338350,1,0
1.158343350,0,0
1.158348550,1,0
1.158353600,0,0
1.158354050,0,1
1.159315600,0,0
1.159319800,1,0
1.159324800,0,0
1.159326000,0,1
1.159330000,1,1
1.159335000,0,1
1.159336000,0,0
1.159340200,1,0
1.159345250,0,0
1.159346450,0,1
1.159350450,1,1
1.159355450,0,1
1.159356450,0,0
1.159360650,1,0
1.159365700,0,0
1.159370900,1,0
1.159375900,0,0
1.159381100,1,0
1.159386150,0,0
1.159387350,0,1
1.159391300,1,1
1.159396350,0,1
1.159396600,0,0
1.159401550,1,0
1.159406600,0,0
1.159406950,0,1
1.159411750,1,1
1.159416800,0,1
1.159417800,0,0
1.159422000,1,0
1.159427000,0,0
1.159432200,1,0
1.159437250,0,0
1.159442450,1,0
1.159447450,0,0
1.159452650,1,0
1.159457700,0,0
1.159462900,1,0
1.159467900,0,0
1.159469150,0,1
1.159473100,1,1
1.159478150,0,1
1.159483300,1,1
1.159488350,0,1
1.159488650,0,0
1.159493550,1,0
1.159498600,0,0
1.159499000,0,1
1.159503750,1,1
1.159508800,0,1
1.159514000,1,1
1.159519000,0,1
1.159524200,1,1
1.159529250,0,1
1.159534450,1,1
1.159539450,0,1
1.159540450,0,0
1.159544650,1,0
1.159549700,0,0
1.159554900,1,0
1.159559900,0,0
1.159561150,0,1
1.159565100,1,1
1.159570150,0,1
1.159575300,1,1
1.159580350,0,1
1.159580700,0,0
1.159585550,1,0
1.159590600,0,0
1.159595750,1,0
1.159600800,0,0
1.159606000,1,0
1.159611000,0,0
1.159616200,1,0
1.159621250,0,0
1.159626450,1,0
1.159631450,0,0
1.159636650,1,0
1.159641700,0,0
1.159646900,1,0
1.159651900,0,0
1.159657100,1,0
1.159662150,0,0
1.159663400,0,1
1.159667300,1,1
1.159672350,0,1
1.159672600,0,0
1.159677550,1,0
1.159682600,0,0
1.159687750,1,0
1.159692800,0,0
1.159694050,0,1
1.159698000,1,1
1.159703000,0,1
1.159708200,1,1
1.159713250,0,1
1.159714250,0,0
1.159718450,1,0
1.159723450,0,0
1.159724650,0,1
1.159728650,1,1
1.159733700,0,1
1.159738900,1,1
1.159743900,0,1
1.159744900,0,0
1.159749100,1,0
1.159754150,0,0
1.159759300,1,0
1.159764350,0,0
1.159769550,1,0
1.159774600,0,0
1.159779750,1,0
1.159784800,0,0
1.159790000,1,0
1.159795000,0,0
1.159796250,0,1
1.159800200,1,1
1.159805250,0,1
1.159806250,0,0
1.159810450,1,0
1.159815450,0,0
1.159820650,1,0
1.159825700,0,0
1.159830900,1,0
1.159835900,0,0
1.159837150,0,1
1.159841100,1,1
1.159846150,0,1
1.159847150,0,0
1.159851300,1,0
1.159856350,0,0
1.159861550,1,0
1.159866600,0,0
1.159867100,0,1
1.162101550,0,0
1.162105800,1,0
1.162112000,1,1
1.163150750,1,0
1.163156750,0,0
1.163161950,1,0
1.163167000,0,0
1.163168200,0,1
1.163172150,1,1
1.163177200,0,1
1.163182400,1,1
1.163187450,0,1
1.163188450,0,0
1.163192650,1,0
1.163197650,0,0
1.163198850,0,1
1.163202850,1,1
1.163207900,0,1
1.163213050,1,1
1.163218100,0,1
1.163223300,1,1
1.163228350,0,1
1.163233500,1,1
1.163238550,0,1
1.163238750,0,0
1.163243750,1,0
1.163248750,0,0
1.164163000,1,0
1.164168000,0,0
1.164168450,0,1
1.164173200,1,1
1.164178200,0,1
1.164183400,1,1
1.164188450,0,1
1.164188650,0,0
1.164193600,1,0
1.164198650,0,0
1.164199150,0,1
1.164203850,1,1
1.164208900,0,1
1.164214050,1,1
1.164219100,0,1
1.164224300,1,1
1.164229300,0,1
1.164229550,0,0
1.164234500,1,0
1.164239550,0,0
1.164244750,1,0
1.164249750,0,0
1.164253000,0,1
1.164254950,1,1
1.164260000,0,1
1.164260300,0,0
1.164265200,1,0
1.164270200,0,0
1.164275400,1,0
1.164280450,0,0
1.164280900,0,1
1.164285600,1,1
1.164290650,0,1
1.164295850,1,1
1.164300900,0,1
1.164306050,1,1
1.164311100,0,1
1.164311400,0,0
1.164316300,1,0
1.164321300,0,0
1.164321800,0,1
1.164326500,1,1
1.164331550,0,1
1.164332550,0,0
1.164336750,1,0
1.164341750,0,0
1.164345000,0,1
1.164346950,1,1
1.164352000,0,1
1.164357150,1,1
1.164362200,0,1
1.164367400,1,1
1.164372450,0,1
1.164372750,0,0
1.164377600,1,0
1.164382650,0,0
1.164387850,1,0
1.164392900,0,0
1.164398050,1,0
1.164403100,0,0
1.164403550,0,1
1.164408300,1,1
1.164413300,0,1
1.164418500,1,1
1.164423550,0,1
1.164424550,0,0
1.164428750,1,0
1.164433750,0,0
1.164438950,1,0
1.164444000,0,0
1.164449200,1,0
1.164454200,0,0
1.164459400,1,0
1.164464450,0,0
1.164469600,1,0
1.164474650,0,0
1.164479850,1,0
1.164484850,0,0
1.164490050,1,0
1.164495100,0,0
1.164500300,1,0
1.164505300,0,0
1.164505800,0,1
1.164510500,1,1
1.164515550,0,1
1.164516550,0,0
1.164520750,1,0
1.164525750,0,0
1.164530950,1,0
1.164536000,0,0
1.164536500,0,1
1.164541150,1,1
1.164546200,0,1
1.164551400,1,1
1.164556450,0,1
1.164556700,0,0
1.164561600,1,0
1.164566650,0,0
1.164567100,0,1
1.164571850,1,1
1.164576850,0,1
1.164582050,1,1
1.164587100,0,1
1.164587300,0,0
1.164592300,1,0
1.164597300,0,0
1.164602500,1,0
1.164607550,0,0
1.164612750,1,0
1.164617750,0,0
1.164622950,1,0
1.164628000,0,0
1.164633200,1,0
1.164638200,0,0
1.164638650,0,1
1.164643400,1,1
1.164648450,0,1
1.164653600,1,1
1.164658650,0,1
1.164658950,0,0
1.164663850,1,0
1.164668850,0,0
1.164669350,0,1
1.164674050,1,1
1.164679100,0,1
1.164684300,1,1
1.164689300,0,1
1.164689550,0,0
1.164694500,1,0
1.164699550,0,0
1.164704750,1,0
1.164709750,0,0
1.164714950,1,0
1.164720000,0,0
1.164725150,1,0
1.164730200,0,0
1.164730700,0,1
1.164735400,1,1
1.164740450,0,1
1.164740650,0,0
1.164745600,1,0
1.164750650,0,0
1.164751050,0,1
1.164755850,1,1
1.164760850,0,1
1.164761050,0,0
1.164766050,1,0
1.164771100,0,0
1.164776300,1,0
1.164781300,0,0
1.164786500,1,0
1.164791550,0,0
1.164796750,1,0
1.164801750,0,0
1.164806950,1,0
1.164812000,0,0
1.164817150,1,0
1.164822200,0,0
1.164822750,0,1
1.164827400,1,1
1.164832450,0,1
1.164837600,1,1
1.164842650,0,1
1.164842900,0,0
1.164847850,1,0
1.164852850,0,0
1.164858050,1,0
1.164863100,0,0
1.164868300,1,0
1.164873300,0,0
1.164878500,1,0
1.164883550,0,0
1.164888750,1,0
1.164893750,0,0
1.164898950,1,0
1.164904000,0,0
1.164909150,1,0
1.164914200,0,0
1.164914650,0,1
1.164919400,1,1
1.164924450,0,1
1.164929600,1,1
1.164934650,0,1
1.164935000,0,0
1.164939850,1,0
1.164944850,0,0
1.164950050,1,0
1.164955100,0,0
1.164960300,1,0
1.164965300,0,0
1.164970500,1,0
1.164975550,0,0
1.164980700,1,0
1.164985750,0,0
1.164990950,1,0
1.164996000,0,0
1.165001150,1,0
1.165006200,0,0
1.165006700,0,1
1.165011400,1,1
1.165016450,0,1
1.165016700,0,0
1.165021600,1,0
1.165026650,0,0
1.165031850,1,0
1.165036850,0,0
1.165042050,1,0
1.165047100,0,0
1.165052300,1,0
1.165057300,0,0
1.165062500,1,0
1.165067550,0,0
1.165072700,1,0
1.165077750,0,0
1.165082950,1,0
1.165088000,0,0
1.165093150,1,0
1.165098200,0,0
1.165098650,0,1
1.165103400,1,1
1.165108450,0,1
1.165113600,1,1
1.165118650,0,1
1.165118950,0,0
1.165123850,1,0
1.165128850,0,0
1.165134050,1,0
1.165139100,0,0
1.165144300,1,0
1.165149300,0,0
1.165154500,1,0
1.165159550,0,0
1.165164750,1,0
1.165169750,0,0
1.165174950,1,0
1.165180000,0,0
1.165185150,1,0
1.165190200,0,0
1.165190700,0,1
1.165195400,1,1
1.165200400,0,1
1.165205600,1,1
1.165210650,0,1
1.165210850,0,0
1.165215850,1,0
1.165220850,0,0
1.165226050,1,0
1.165231100,0,0
1.165236300,1,0
1.165241300,0,0
1.165241800,0,1
1.165246500,1,1
1.165251550,0,1
1.165252550,0,0
1.165256700,1,0
1.165261750,0,0
1.165266950,1,0
1.165272000,0,0
1.165277150,1,0
1.165282200,0,0
1.165282750,0,1
1.165287400,1,1
1.165292400,0,1
1.165292700,0,0
1.165297600,1,0
1.165302650,0,0
1.165303100,0,1
1.165307850,1,1
1.165312850,0,1
1.165313100,0,0
1.165318050,1,0
1.165323100,0,0
1.165328300,1,0
1.165333300,0,0
1.165333850,0,1
1.165338500,1,1
1.165343550,0,1
1.165344550,0,0
1.165348700,1,0
1.165353750,0,0
1.165358950,1,0
1.165364000,0,0
1.165369150,1,0
1.165374200,0,0
1.165374650,0,1
1.165379400,1,1
1.165384400,0,1
1.165384600,0,0
1.165389600,1,0
1.165394650,0,0
1.165399850,1,0
1.165404850,0,0
1.165410050,1,0
1.165415100,0,0
1.165420300,1,0
1.165425300,0,0
1.165430500,1,0
1.165435550,0,0
1.165440700,1,0
1.165445750,0,0
1.165450950,1,0
1.165456000,0,0
1.165456500,0,1
1.165461150,1,1
1.165466200,0,1
1.165466500,0,0
1.165471400,1,0
1.165476400,0,0
1.165481600,1,0
1.165486650,0,0
1.165491850,1,0
1.165496850,0,0
1.165497300,0,1
1.165502050,1,1
1.165507100,0,1
1.165507400,0,0
1.165512300,1,0
1.165517300,0,0
1.165517800,0,1
1.165522500,1,1
1.165527550,0,1
1.165528550,0,0
1.165532700,1,0
1.165537750,0,0
1.165542950,1,0
1.165548000,0,0
1.165553150,1,0
1.165558200,0,0
1.165558600,0,1
1.165563400,1,1
1.165568400,0,1
1.165573600,1,1
1.165578650,0,1
1.165583850,1,1
1.165588850,0,1
1.165589100,0,0
1.165594050,1,0
1.165599100,0,0
1.165604300,1,0
1.165609300,0,0
1.165609700,0,1
1.165614500,1,1
1.165619550,0,1
1.167063500,0,0
1.167067750,1,0
1.167072750,0,0
1.167077950,1,0
1.167082950,0,0
1.167088150,1,0
1.167093200,0,0
1.167093600,0,1
1.167098400,1,1
1.167103400,0,1
1.167103750,0,0
1.167108600,1,0
1.167113650,0,0
1.167114150,0,1
1.167118800,1,1
1.167123850,0,1
1.167124150,0,0
1.167129050,1,0
1.167134100,0,0
1.167139250,1,0
1.167144300,0,0
1.167149500,1,0
1.167154500,0,0
1.167159700,1,0
1.167164750,0,0
1.167169950,1,0
1.167174950,0,0
1.167180150,1,0
1.167185200,0,0
1.167185650,0,1
1.167190350,1,1
1.167195400,0,1
1.167200600,1,1
1.167205650,0,1
1.167205850,0,0
1.167210800,1,0
1.167215850,0,0
1.167221050,1,0
1.167226100,0,0
1.167231250,1,0
1.167236300,0,0
1.167241500,1,0
1.167246500,0,0
1.167251700,1,0
1.167256750,0,0
1.167261950,1,0
1.167266950,0,0
1.167272150,1,0
1.167277200,0,0
1.167277750,0,1
1.167282350,1,1
1.167287400,0,1
1.167292600,1,1
1.167297650,0,1
1.167297900,0,0
1.167302800,1,0
1.167307850,0,0
1.167313050,1,0
1.167318050,0,0
1.167323250,1,0
1.167328300,0,0
1.167333500,1,0
1.167338500,0,0
1.167343700,1,0
1.167348750,0,0
1.167353950,1,0
1.167358950,0,0
1.167364150,1,0
1.167369200,0,0
1.167369650,0,1
1.167374350,1,1
1.167379400,0,1
1.167379600,0,0
1.167384600,1,0
1.167389650,0,0
1.167394800,1,0
1.167399850,0,0
1.167405050,1,0
1.167410050,0,0
1.167415250,1,0
1.167420300,0,0
1.167425500,1,0
1.167430500,0,0
1.167435700,1,0
1.167440750,0,0
1.167445950,1,0
1.167450950,0,0
1.167456150,1,0
1.167461200,0,0
1.167461700,0,1
1.167466350,1,1
1.167471400,0,1
1.167476600,1,1
1.167481650,0,1
1.167481850,0,0
1.167486800,1,0
1.167491850,0,0
1.167497050,1,0
1.167502050,0,0
1.167507250,1,0
1.167512300,0,0
1.167517500,1,0
1.167522500,0,0
1.167527700,1,0
1.167532750,0,0
1.167537950,1,0
1.167542950,0,0
1.167548150,1,0
1.167553200,0,0
1.167553600,0,1
1.167558350,1,1
1.167563400,0,1
1.167568600,1,1
1.167573650,0,1
1.167573900,0,0
1.167578800,1,0
1.167583850,0,0
1.167589050,1,0
1.167594050,0,0
1.167599250,1,0
1.167604300,0,0
1.167604750,0,1
1.167609500,1,1
1.167614500,0,1
1.167615500,0,0
1.167619700,1,0
1.167624750,0,0
1.167629950,1,0
1.167634950,0,0
1.167640150,1,0
1.167645200,0,0
1.167645650,0,1
1.167650350,1,1
1.167655400,0,1
1.167655650,0,0
1.167660600,1,0
1.167665650,0,0
1.167666050,0,1
1.167670800,1,1
1.167675850,0,1
1.167676150,0,0
1.167681050,1,0
1.167686050,0,0
1.167691250,1,0
1.167696300,0,0
1.167696750,0,1
1.167701500,1,1
1.167706500,0,1
1.167707500,0,0
1.167711700,1,0
1.167716750,0,0
1.167721950,1,0
1.167726950,0,0
1.167732150,1,0
1.167737200,0,0
1.167737700,0,1
1.167742350,1,1
1.167747400,0,1
1.167747700,0,0
1.167752600,1,0
1.167757650,0,0
1.167762800,1,0
1.167767850,0,0
1.167773050,1,0
1.167778050,0,0
1.167783250,1,0
1.167788300,0,0
1.167793500,1,0
1.167798500,0,0
1.167803700,1,0
1.167808750,0,0
1.167813950,1,0
1.167818950,0,0
1.167819450,0,1
1.167824150,1,1
1.167829200,0,1
1.167829400,0,0
1.167834350,1,0
1.167839400,0,0
1.167844600,1,0
1.167849650,0,0
1.167854800,1,0
1.167859850,0,0
1.167860350,0,1
1.167865050,1,1
1.167870050,0,1
1.167870350,0,0
1.167875250,1,0
1.167880300,0,0
1.167880700,0,1
1.167885500,1,1
1.167890500,0,1
1.167891500,0,0
1.167895700,1,0
1.167900750,0,0
1.167905950,1,0
1.167910950,0,0
1.167911450,0,1
1.167916150,1,1
1.167921200,0,1
1.167921450,0,0
1.167926350,1,0
1.167931400,0,0
1.167936600,1,0
1.167941650,0,0
1.167946800,1,0
1.167951850,0,0
1.167957050,1,0
1.167962050,0,0
1.167967250,1,0
1.167972300,0,0
1.167972800,0,1
1.167977500,1,1
1.167982500,0,1
1.167983500,0,0
1.167987700,1,0
1.167992750,0,0
1.167997950,1,0
1.168002950,0,0
1.168008150,1,0
1.168013200,0,0
1.168013750,0,1
1.168018350,1,1
1.168023400,0,1
1.168023700,0,0
1.168028600,1,0
1.168033650,0,0
1.168034100,0,1
1.168038800,1,1
1.168043850,0,1
1.168044100,0,0
1.168049050,1,0
1.168054050,0,0
1.168059250,1,0
1.168064300,0,0
1.168069500,1,0
1.168074500,0,0
1.168079700,1,0
1.168084750,0,0
1.168089950,1,0
1.168094950,0,0
1.168100150,1,0
1.168105200,0,0
1.168105650,0,1
1.168110350,1,1
1.168115400,0,1
1.168120600,1,1
1.168125600,0,1
1.168125950,0,0
1.168130800,1,0
1.168135850,0,0
1.168141050,1,0
1.168146050,0,0
1.168151250,1,0
1.168156300,0,0
1.168161500,1,0
1.168166500,0,0
1.168171700,1,0
1.168176750,0,0
1.168181900,1,0
1.168186950,0,0
1.168192150,1,0
1.168197200,0,0
1.168197700,0,1
1.168202350,1,1
1.168207400,0,1
1.168212600,1,1
1.168217600,0,1
1.168217850,0,0
1.168222800,1,0
1.168227850,0,0
1.168233050,1,0
1.168238050,0,0
1.168243250,1,0
1.168248300,0,0
1.168253500,1,0
1.168258500,0,0
1.168263700,1,0
1.168268750,0,0
1.168273900,1,0
1.168278950,0,0
1.168284150,1,0
1.168289200,0,0
1.168289600,0,1
1.168294350,1,1
1.168299400,0,1
1.168299700,0,0
1.168304600,1,0
1.168309600,0,0
1.168314800,1,0
1.168319850,0,0
1.168325050,1,0
1.168330050,0,0
1.168335250,1,0
1.168340300,0,0
1.168345500,1,0
1.168350500,0,0
1.168355700,1,0
1.168360750,0,0
1.168365900,1,0
1.168370950,0,0
1.168376150,1,0
1.168381200,0,0
1.168381650,0,1
1.168386350,1,1
1.168391400,0,1
1.168396600,1,1
1.168401600,0,1
1.168401850,0,0
1.168406800,1,0
1.168411850,0,0
1.168417050,1,0
1.168422050,0,0
1.168427250,1,0
1.168432300,0,0
1.168437500,1,0
1.168442500,0,0
1.168447700,1,0
1.168452750,0,0
1.168457900,1,0
1.168462950,0,0
1.168463400,0,1
1.168468150,1,1
1.168473200,0,1
1.168473500,0,0
1.168478350,1,0
1.168483400,0,0
1.168483900,0,1
1.168488600,1,1
1.168493600,0,1
1.168498800,1,1
1.168503850,0,1
1.168504100,0,0
1.168509050,1,0
1.168514050,0,0
1.168514450,0,1
1.168519250,1,1
1.168524300,0,1
1.168529500,1,1
1.168534500,0,1
1.169986500,0,0
1.169990750,1,0
1.169995700,0,0
1.170000950,1,0
1.170005950,0,0
1.170006450,0,1
1.170011150,1,1
1.170016150,0,1
1.170021350,1,1
1.170026400,0,1
1.170026650,0,0
1.170031600,1,0
1.170036600,0,0
1.170037050,0,1
1.170041800,1,1
1.170046850,0,1
1.170052000,1,1
1.170057050,0,1
1.170062250,1,1
1.170067300,0,1
1.170067600,0,0
1.170072450,1,0
1.170077500,0,0
1.170082700,1,0
1.170087700,0,0
1.170090950,0,1
1.170092900,1,1
1.170097950,0,1
1.170098200,0,0
1.170103150,1,0
1.170108150,0,0
1.170113350,1,0
1.170118400,0,0
1.170118900,0,1
1.170123600,1,1
1.170128600,0,1
1.170133800,1,1
1.170138850,0,1
1.170144000,1,1
1.170149050,0,1
1.170149300,0,0
1.170154250,1,0
1.170159300,0,0
1.170159700,0,1
1.170164450,1,1
1.170169500,0,1
1.170170500,0,0
1.170174700,1,0
1.170179700,0,0
1.170182950,0,1
1.170184900,1,1
1.170189950,0,1
1.170195150,1,1
1.170200150,0,1
1.170205350,1,1
1.170210400,0,1
1.170210650,0,0
1.170215550,1,0
1.170220600,0,0
1.170225800,1,0
1.170230850,0,0
1.170236000,1,0
1.170241050,0,0
1.170241550,0,1
1.170246250,1,1
1.170251250,0,1
1.170256450,1,1
1.170261500,0,1
1.170262500,0,0
1.170266700,1,0
1.170271700,0,0
1.170276900,1,0
1.170281950,0,0
1.170287150,1,0
1.170292150,0,0
1.170297350,1,0
1.170302400,0,0
1.170307550,1,0
1.170312600,0,0
1.170317800,1,0
1.170322850,0,0
1.170328000,1,0
1.170333050,0,0
1.170338250,1,0
1.170343250,0,0
1.170343700,0,1
1.170348450,1,1
1.170353500,0,1
1.170354500,0,0
1.170358700,1,0
1.170363700,0,0
1.170368900,1,0
1.170373950,0,0
1.170374400,0,1
1.170379150,1,1
1.170384150,0,1
1.170389350,1,1
1.170394400,0,1
1.170394600,0,0
1.170399550,1,0
1.170404600,0,0
1.170405100,0,1
1.170409800,1,1
1.170414850,0,1
1.170420000,1,1
1.170425050,0,1
1.170425300,0,0
1.170430250,1,0
1.170435250,0,0
1.170440450,1,0
1.170445500,0,0
1.170450700,1,0
1.170455700,0,0
1.170460900,1,0
1.170465950,0,0
1.170471150,1,0
1.170476150,0,0
1.170476650,0,1
1.170481350,1,1
1.170486400,0,1
1.170491550,1,1
1.170496600,0,1
1.170496850,0,0
1.170501800,1,0
1.170506850,0,0
1.170507200,0,1
1.170512000,1,1
1.170517050,0,1
1.170522250,1,1
1.170527250,0,1
1.170527550,0,0
1.170532450,1,0
1.170537500,0,0
1.170542700,1,0
1.170547700,0,0
1.170552900,1,0
1.170557950,0,0
1.170563150,1,0
1.170568150,0,0
1.170568600,0,1
1.170573350,1,1
1.170578400,0,1
1.170578700,0,0
1.170583550,1,0
1.170588600,0,0
1.170589100,0,1
1.170593800,1,1
1.170598850,0,1
1.170599100,0,0
1.170604000,1,0
1.170609050,0,0
1.170614250,1,0
1.170619250,0,0
1.170624450,1,0
1.170629500,0,0
1.170634700,1,0
1.170639700,0,0
1.170644900,1,0
1.170649950,0,0
1.170655150,1,0
1.170660150,0,0
1.170660650,0,1
1.170665350,1,1
1.170670400,0,1
1.170675550,1,1
1.170680600,0,1
1.170680800,0,0
1.170685800,1,0
1.170690850,0,0
1.170696000,1,0
1.170701050,0,0
1.170706250,1,0
1.170711250,0,0
1.170716450,1,0
1.170721500,0,0
1.170721950,0,1
1.172810700,1,1
1.172815700,0,1
1.172816700,0,0
1.172820900,1,0
1.172827100,1,1
1.173894900,1,0
1.173900900,0,0
1.173906050,1,0
1.173911150,0,0
1.173912350,0,1
1.173916300,1,1
1.173921350,0,1
1.173926550,1,1
1.173931600,0,1
1.173932600,0,0
1.173936750,1,0
1.173941800,0,0
1.173943000,0,1
1.173947000,1,1
1.173952000,0,1
1.173957200,1,1
1.173962250,0,1
1.173967450,1,1
1.173972450,0,1
1.173973450,0,0
1.173977650,1,0
1.173982700,0,0
1.173987900,1,0
1.173992900,0,0
1.173993400,0,1
1.174953900,0,0
1.174958150,1,0
1.174963150,0,0
1.174964350,0,1
1.174968350,1,1
1.174973350,0,1
1.174974350,0,0
1.174978550,1,0
1.174983550,0,0
1.174984800,0,1
1.174988750,1,1
1.174993800,0,1
1.174994800,0,0
1.174999000,1,0
1.175004000,0,0
1.175009200,1,0
1.175014250,0,0
1.175019450,1,0
1.175024450,0,0
1.175025700,0,1
1.175029650,1,1
1.175034700,0,1
1.175034950,0,0
1.175039850,1,0
1.175044900,0,0
1.175045350,0,1
1.175050100,1,1
1.175055150,0,1
1.175056150,0,0
1.175060300,1,0
1.175065350,0,0
1.175070550,1,0
1.175075550,0,0
1.175080750,1,0
1.175085800,0,0
1.175091000,1,0
1.175096000,0,0
1.175101200,1,0
1.175106250,0,0
1.175107500,0,1
1.175111450,1,1
1.175116450,0,1
1.175121650,1,1
1.175126700,0,1
1.175127000,0,0
1.175131850,1,0
1.175136900,0,0
1.175137400,0,1
1.175142100,1,1
1.175147150,0,1
1.175152300,1,1
1.175157350,0,1
1.175162550,1,1
1.175167550,0,1
1.175172750,1,1
1.175177800,0,1
1.175178800,0,0
1.175183000,1,0
1.175188000,0,0
1.175193200,1,0
1.175198250,0,0
1.175199450,0,1
1.175203400,1,1
1.175208450,0,1
1.175213650,1,1
1.175218700,0,1
1.175218900,0,0
1.175223850,1,0
1.175228900,0,0
1.175234100,1,0
1.175239150,0,0
1.175244300,1,0
1.175249350,0,0
1.175254550,1,0
1.175259550,0,0
1.175264750,1,0
1.175269800,0,0
1.175275000,1,0
1.175280000,0,0
1.175285200,1,0
1.175290250,0,0
1.175295450,1,0
1.175300450,0,0
1.175301700,0,1
1.175305650,1,1
1.175310700,0,1
1.175310950,0,0
1.175315850,1,0
1.175320900,0,0
1.175321350,0,1
1.175326100,1,1
1.175331100,0,1
1.175332100,0,0
1.175336300,1,0
1.175341350,0,0
1.175346550,1,0
1.175351550,0,0
1.175356750,1,0
1.175361800,0,0
1.175367000,1,0
1.175372000,0,0
1.175373250,0,1
1.175377200,1,1
1.175382250,0,1
1.175387400,1,1
1.175392450,0,1
1.175393450,0,0
1.175397650,1,0
1.175402700,0,0
1.175407850,1,0
1.175412900,0,0
1.175413450,0,1
1.175418100,1,1
1.175423100,0,1
1.175428300,1,1
1.175433350,0,1
1.175434350,0,0
1.175438550,1,0
1.175443550,0,0
1.175448750,1,0
1.175453800,0,0
1.175455000,0,1
1.175459000,1,1
1.175464000,0,1
1.175465000,0,0
1.175469200,1,0
1.175474250,0,0
1.175479450,1,0
1.175484450,0,0
1.175489650,1,0
1.175494700,0,0
1.175499850,1,0
1.175504900,0,0
1.175505350,0,1
1.177686900,0,0
1.177691100,1,0
1.177697300,1,1
1.178689100,1,0
1.178695100,0,0
1.178700250,1,0
1.178705300,0,0
1.178706550,0,1
1.178710500,1,1
1.178715550,0,1
1.178720750,1,1
1.178725750,0,1
1.178726750,0,0
1.178730950,1,0
1.178736000,0,0
1.178737200,0,1
1.178741200,1,1
1.178746200,0,1
1.178751400,1,1
1.178756450,0,1
1.178761600,1,1
1.178766650,0,1
1.178771850,1,1
1.178776900,0,1
1.178777150,0,0
1.178782050,1,0
1.178787100,0,0
1.179695350,1,0
1.179700300,0,0
1.179705500,1,0
1.179710550,0,0
1.179715750,1,0
1.179720750,0,0
1.179725950,1,0
1.179731000,0,0
1.179736150,1,0
1.179741200,0,0
1.179746400,1,0
1.179751400,0,0
1.179756600,1,0
1.179761650,0,0
1.179766850,1,0
1.179771850,0,0
1.179777050,1,0
1.179782100,0,0
1.179785350,0,1
1.179787300,1,1
1.179792300,0,1
1.179792500,0,0
1.179797500,1,0
1.179802550,0,0
1.179807700,1,0
1.179812750,0,0
1.179813250,0,1
1.179817950,1,1
1.179823000,0,1
1.179828150,1,1
1.179833200,0,1
1.179838400,1,1
1.179843400,0,1
1.179843650,0,0
1.179848600,1,0
1.179853650,0,0
1.179854150,0,1
1.179858850,1,1
1.179863850,0,1
1.179864850,0,0
1.179869050,1,0
1.179874100,0,0
1.179877300,0,1
1.179879300,1,1
1.179884300,0,1
1.179889500,1,1
1.179894550,0,1
1.179899700,1,1
1.179904750,0,1
1.179904950,0,0
1.179909950,1,0
1.179915000,0,0
1.179920150,1,0
1.179925200,0,0
1.179930400,1,0
1.179935400,0,0
1.179935900,0,1
1.179940600,1,1
1.179945650,0,1
1.179950850,1,1
1.179955850,0,1
1.179956850,0,0
1.179961050,1,0
1.179966100,0,0
1.179971300,1,0
1.179976300,0,0
1.179981500,1,0
1.179986550,0,0
1.179991700,1,0
1.179996750,0,0
1.180001950,1,0
1.180007000,0,0
1.180012150,1,0
1.180017200,0,0
1.180022400,1,0
1.180027400,0,0
1.180032600,1,0
1.180037650,0,0
1.180038150,0,1
1.180042850,1,1
1.180047850,0,1
1.180048850,0,0
1.180053050,1,0
1.180058100,0,0
1.180061300,0,1
1.180063300,1,1
1.180068300,0,1
1.180068550,0,0
1.180073500,1,0
1.180078550,0,0
1.180083700,1,0
1.180088750,0,0
1.180093950,1,0
1.180099000,0,0
1.180104150,1,0
1.180109200,0,0
1.180109650,0,1
1.180114400,1,1
1.180119400,0,1
1.180124600,1,1
1.180129650,0,1
1.180129850,0,0
1.180134850,1,0
1.180139850,0,0
1.180145050,1,0
1.180150100,0,0
1.180155300,1,0
1.180160300,0,0
1.180165500,1,0
1.180170550,0,0
1.180171000,0,1
1.180175700,1,1
1.180180750,0,1
1.180185950,1,1
1.180191000,0,1
1.180191150,0,0
1.180196150,1,0
1.180201200,0,0
1.180206400,1,0
1.180211400,0,0
1.180216600,1,0
1.180221650,0,0
1.180222100,0,1
1.180226850,1,1
1.180231850,0,1
1.180232850,0,0
1.180237050,1,0
1.180242100,0,0
1.180247300,1,0
1.180252300,0,0
1.180257500,1,0
1.180262550,0,0
1.180263050,0,1
1.180267700,1,1
1.180272750,0,1
1.180273050,0,0
1.180277950,1,0
1.180283000,0,0
1.180283400,0,1
1.180288150,1,1
1.180293200,0,1
1.180293400,0,0
1.180298400,1,0
1.180303400,0,0
1.180308600,1,0
1.180313650,0,0
1.180314150,0,1
1.180318850,1,1
1.180323850,0,1
1.180324850,0,0
1.180329050,1,0
1.180334100,0,0
1.180339300,1,0
1.180344300,0,0
1.180349500,1,0
1.180354550,0,0
1.180354950,0,1
1.180359700,1,1
1.180364750,0,1
1.180365100,0,0
1.180369950,1,0
1.180375000,0,0
1.180380150,1,0
1.180385200,0,0
1.180390400,1,0
1.180395400,0,0
1.180400600,1,0
1.180405650,0,0
1.180410850,1,0
1.180415850,0,0
1.180421050,1,0
1.180426100,0,0
1.180431300,1,0
1.180436300,0,0
1.180436800,0,1
1.180441500,1,1
1.180446550,0,1
1.180446800,0,0
1.180451700,1,0
1.180456750,0,0
1.180461950,1,0
1.180466950,0,0
1.180472150,1,0
1.180477200,0,0
1.180477750,0,1
1.180482400,1,1
1.180487400,0,1
1.180487700,0,0
1.180492600,1,0
1.180497650,0,0
1.180498100,0,1
1.180502850,1,1
1.180507850,0,1
1.180508850,0,0
1.180513050,1,0
1.180518100,0,0
1.180523250,1,0
1.180528300,0,0
1.180528700,0,1
1.180533500,1,1
1.180538550,0,1
1.180538850,0,0
1.180543700,1,0
1.180548750,0,0
1.180553950,1,0
1.180558950,0,0
1.180564150,1,0
1.180569200,0,0
1.180574400,1,0
1.180579400,0,0
1.180579850,0,1
1.180584600,1,1
1.180589650,0,1
1.180589850,0,0
1.180594850,1,0
1.180599850,0,0
1.180605050,1,0
1.180610100,0,0
1.180615250,1,0
1.180620300,0,0
1.180625500,1,0
1.180630550,0,0
1.180631000,0,1
1.180635700,1,1
1.180640750,0,1
1.180640950,0,0
1.180645950,1,0
1.180650950,0,0
1.180651500,0,1
1.180656150,1,1
1.180661200,0,1
1.180661500,0,0
1.180666400,1,0
1.180671400,0,0
1.180676600,1,0
1.180681650,0,0
1.180686850,1,0
1.180691850,0,0
1.180697050,1,0
1.180702100,0,0
1.180707250,1,0
1.180712300,0,0
1.180717500,1,0
1.180722550,0,0
1.180723050,0,1
1.180727700,1,1
1.180732750,0,1
1.180737950,1,1
1.180742950,0,1
1.180743200,0,0
1.180748150,1,0
1.180753200,0,0
1.180758400,1,0
1.180763400,0,0
1.180768600,1,0
1.180773650,0,0
1.180778850,1,0
1.180783850,0,0
1.180789050,1,0
1.180794100,0,0
1.180799250,1,0
1.180804300,0,0
1.180809500,1,0
1.180814550,0,0
1.180814950,0,1
1.180819700,1,1
1.180824750,0,1
1.180829950,1,1
1.180834950,0,1
1.180835250,0,0
1.180840150,1,0
1.180845200,0,0
1.180850400,1,0
1.180855400,0,0
1.180860600,1,0
1.180865650,0,0
1.180870850,1,0
1.180875850,0,0
1.180881050,1,0
1.180886100,0,0
1.180891250,1,0
1.180896300,0,0
1.180901500,1,0
1.180906550,0,0
1.180907000,0,1
1.180911700,1,1
1.180916750,0,1
1.180917000,0,0
1.180921950,1,0
1.180926950,0,0
1.180932150,1,0
1.180937200,0,0
1.180942400,1,0
1.180947400,0,0
1.180952600,1,0
1.180957650,0,0
1.180962850,1,0
1.180967850,0,0
1.180973050,1,0
1.180978100,0,0
1.180983250,1,0
1.180988300,0,0
1.180993500,1,0
1.180998550,0,0
1.180999050,0,1
1.181003700,1,1
1.181008750,0,1
1.181013950,1,1
1.181018950,0,1
1.181019250,0,0
1.181024150,1,0
1.181029200,0,0
1.181034400,1,0
1.181039400,0,0
1.181044600,1,0
1.181049650,0,0
1.181054850,1,0
1.181059850,0,0
1.181065050,1,0
1.181070100,0,0
1.181075250,1,0
1.181080300,0,0
1.181085500,1,0
1.181090550,0,0
1.181090950,0,1
1.181095700,1,1
1.181100750,0,1
1.181105950,1,1
1.181110950,0,1
1.181111300,0,0
1.181116150,1,0
1.181121200,0,0
1.181126400,1,0
1.181131400,0,0
1.181136600,1,0
1.181141650,0,0
1.181142100,0,1
1.181146850,1,1
1.181151850,0,1
1.182565850,0,0
1.182570100,1,0
1.182575050,0,0
1.182580300,1,0
1.182585300,0,0
1.182590500,1,0
1.182595500,0,0
1.182595950,0,1
1.182600700,1,1
1.182605750,0,1
1.182606050,0,0
1.182610950,1,0
1.182615950,0,0
1.182616450,0,1
1.182621150,1,1
1.182626200,0,1
1.182626450,0,0
1.182631350,1,0
1.182636400,0,0
1.182641600,1,0
1.182646600,0,0
1.182647050,0,1
1.182651800,1,1
1.182656850,0,1
1.182657850,0,0
1.182662050,1,0
1.182667050,0,0
1.182672250,1,0
1.182677300,0,0
1.182682500,1,0
1.182687500,0,0
1.182688000,0,1
1.182692700,1,1
1.182697750,0,1
1.182697950,0,0
1.182702900,1,0
1.182707950,0,0
1.182713150,1,0
1.182718200,0,0
1.182723350,1,0
1.182728400,0,0
1.182733600,1,0
1.182738600,0,0
1.182743800,1,0
1.182748850,0,0
1.182754050,1,0
1.182759050,0,0
1.182764250,1,0
1.182769300,0,0
1.182769700,0,1
1.182774500,1,1
1.182779500,0,1
1.182779850,0,0
1.182784700,1,0
1.182789750,0,0
1.182794900,1,0
1.182799950,0,0
1.182805150,1,0
1.182810200,0,0
1.182810650,0,1
1.182815350,1,1
1.182820400,0,1
1.182820600,0,0
1.182825600,1,0
1.182830600,0,0
1.182831150,0,1
1.182835800,1,1
1.182840850,0,1
1.182841850,0,0
1.182846050,1,0
1.182851050,0,0
1.182856250,1,0
1.182861300,0,0
1.182861750,0,1
1.182866500,1,1
1.182871500,0,1
1.182871750,0,0
1.182876700,1,0
1.182881750,0,0
1.182886900,1,0
1.182891950,0,0
1.182897150,1,0
1.182902200,0,0
1.182907350,1,0
1.182912400,0,0
1.182912900,0,1
1.182917600,1,1
1.182922600,0,1
1.182927800,1,1
1.182932850,0,1
1.182933850,0,0
1.182938050,1,0
1.182943050,0,0
1.182948250,1,0
1.182953300,0,0
1.182958500,1,0
1.182963500,0,0
1.182964000,0,1
1.182968700,1,1
1.182973750,0,1
1.182974000,0,0
1.182978900,1,0
1.182983950,0,0
1.182984400,0,1
1.182989150,1,1
1.182994200,0,1
1.182994400,0,0
1.182999350,1,0
1.183004400,0,0
1.183009600,1,0
1.183014600,0,0
1.183019800,1,0
1.183024850,0,0
1.183030050,1,0
1.183035050,0,0
1.183040250,1,0
1.183045300,0,0
1.183050500,1,0
1.183055500,0,0
1.183055950,0,1
1.183060700,1,1
1.183065750,0,1
1.183070900,1,1
1.183075950,0,1
1.183076250,0,0
1.183081150,1,0
1.183086200,0,0
1.183091350,1,0
1.183096400,0,0
1.183101600,1,0
1.183106600,0,0
1.183111800,1,0
1.183116850,0,0
1.183122050,1,0
1.183127050,0,0
1.183132250,1,0
1.183137300,0,0
1.183142500,1,0
1.183147500,0,0
1.183148000,0,1
1.183152700,1,1
1.183157750,0,1
1.183162900,1,1
1.183167950,0,1
1.183168150,0,0
1.183173150,1,0
1.183178200,0,0
1.183183350,1,0
1.183188400,0,0
1.183193600,1,0
1.183198600,0,0
1.183203800,1,0
1.183208850,0,0
1.183214050,1,0
1.183219050,0,0
1.183224250,1,0
1.183229300,0,0
1.183234500,1,0
1.183239500,0,0
1.183240050,0,1
1.183244700,1,1
1.183249750,0,1
1.183250000,0,0
1.183254900,1,0
1.183259950,0,0
1.183265150,1,0
1.183270200,0,0
1.183275350,1,0
1.183280400,0,0
1.183285600,1,0
1.183290600,0,0
1.183295800,1,0
1.183300850,0,0
1.183306050,1,0
1.183311050,0,0
1.183316250,1,0
1.183321300,0,0
1.183326500,1,0
1.183331500,0,0
1.183331950,0,1
1.183336700,1,1
1.183341750,0,1
1.183346900,1,1
1.183351950,0,1
1.183352250,0,0
1.183357150,1,0
1.183362150,0,0
1.183367350,1,0
1.183372400,0,0
1.183377600,1,0
1.183382600,0,0
1.183387800,1,0
1.183392850,0,0
1.183398050,1,0
1.183403050,0,0
1.183408250,1,0
1.183413300,0,0
1.183418450,1,0
1.183423500,0,0
1.183424000,0,1
1.183428700,1,1
1.183433750,0,1
1.183438900,1,1
1.183443950,0,1
1.183444150,0,0
1.183449150,1,0
1.183454150,0,0
1.183459350,1,0
1.183464400,0,0
1.183469600,1,0
1.183474600,0,0
1.183475100,0,1
1.183479800,1,1
1.183484850,0,1
1.183485850,0,0
1.183490050,1,0
1.183495050,0,0
1.183500250,1,0
1.183505300,0,0
1.183510450,1,0
1.183515500,0,0
1.183516050,0,1
1.183520700,1,1
1.183525750,0,1
1.183526050,0,0
1.183530900,1,0
1.183535950,0,0
1.183541150,1,0
1.183546150,0,0
1.183551350,1,0
1.183556400,0,0
1.183561600,1,0
1.183566600,0,0
1.183571800,1,0
1.183576850,0,0
1.183582050,1,0
1.183587050,0,0
1.183592250,1,0
1.183597300,0,0
1.183602450,1,0
1.183607500,0,0
1.183607950,0,1
1.183612700,1,1
1.183617750,0,1
1.183622900,1,1
1.183627950,0,1
1.183628300,0,0
1.183633150,1,0
1.183638150,0,0
1.183643350,1,0
1.183648400,0,0
1.183653600,1,0
1.183658600,0,0
1.183663800,1,0
1.183668850,0,0
1.183674050,1,0
1.183679050,0,0
1.183684250,1,0
1.183689300,0,0
1.183694450,1,0
1.183699500,0,0
1.183700000,0,1
1.183704700,1,1
1.183709750,0,1
1.183714900,1,1
1.183719950,0,1
1.183720200,0,0
1.183725150,1,0
1.183730150,0,0
1.183735350,1,0
1.183740400,0,0
1.183740950,0,1
1.183745600,1,1
1.183750600,0,1
1.183750900,0,0
1.183755800,1,0
1.183760850,0,0
1.183766050,1,0
1.183771050,0,0
1.183776250,1,0
1.183781300,0,0
1.183786450,1,0
1.183791500,0,0
1.183791950,0,1
1.183796700,1,1
1.183801750,0,1
1.183802050,0,0
1.183806900,1,0
1.183811950,0,0
1.183817150,1,0
1.183822150,0,0
1.183827350,1,0
1.183832400,0,0
1.183837600,1,0
1.183842600,0,0
1.183847800,1,0
1.183852850,0,0
1.183858050,1,0
1.183863050,0,0
1.183868250,1,0
1.183873300,0,0
1.183878450,1,0
1.183883500,0,0
1.183884000,0,1
1.183888700,1,1
1.183893750,0,1
1.183898900,1,1
1.183903950,0,1
1.183904150,0,0
1.183909150,1,0
1.183914150,0,0
1.183919350,1,0
1.183924400,0,0
1.183929600,1,0
1.183934600,0,0
1.183939800,1,0
1.183944850,0,0
1.183950050,1,0
1.183955050,0,0
1.183958300,0,1
1.183960250,1,1
1.183965300,0,1
1.183970450,1,1
1.183975500,0,1
1.183975800,0,0
1.183980700,1,0
1.183985750,0,0
1.183990900,1,0
1.183995950,0,0
1.184001150,1,0
1.184006150,0,0
1.184006600,0,1
1.184011350,1,1
1.184016400,0,1
1.184016600,0,0
1.184021600,1,0
1.184026600,0,0
1.184027150,0,1
1.184031800,1,1
1.184036850,0,1
1.185470850,0,0
1.185475050,1,0
1.185480050,0,0
1.185485250,1,0
1.185490250,0,0
1.185490750,0,1
1.185495450,1,1
1.185500500,0,1
1.185505700,1,1
1.185510700,0,1
1.185510950,0,0
1.185515900,1,0
1.185520950,0,0
1.185521350,0,1
1.185526100,1,1
1.185531150,0,1
1.185536350,1,1
1.185541400,0,1
1.185546550,1,1
1.185551600,0,1
1.185551900,0,0
1.185556800,1,0
1.185561800,0,0
1.185567000,1,0
1.185572050,0,0
1.185575300,0,1
1.185577250,1,1
1.185582250,0,1
1.185582500,0,0
1.185587450,1,0
1.185592500,0,0
1.185597700,1,0
1.185602700,0,0
1.185603250,0,1
1.185607900,1,1
1.185612950,0,1
1.185618100,1,1
1.185623150,0,1
1.185628350,1,1
1.185633400,0,1
1.185633600,0,0
1.185638550,1,0
1.185643600,0,0
1.185644000,0,1
1.185648800,1,1
1.185653800,0,1
1.185654800,0,0
1.185659000,1,0
1.185664050,0,0
1.185667250,0,1
1.185669250,1,1
1.185674250,0,1
1.185679450,1,1
1.185684500,0,1
1.185689700,1,1
1.185694700,0,1
1.185694950,0,0
1.185699900,1,0
1.185704950,0,0
1.185710100,1,0
1.185715150,0,0
1.185720350,1,0
1.185725400,0,0
1.185725850,0,1
1.185730550,1,1
1.185735600,0,1
1.185740800,1,1
1.185745800,0,1
1.185746800,0,0
1.185751000,1,0
1.185756050,0,0
1.185761250,1,0
1.185766250,0,0
1.185771450,1,0
1.185776500,0,0
1.185781700,1,0
1.185786700,0,0
1.185791900,1,0
1.185796950,0,0
1.185802100,1,0
1.185807150,0,0
1.185812350,1,0
1.185817400,0,0
1.185822550,1,0
1.185827600,0,0
1.185828150,0,1
1.185832800,1,1
1.185837800,0,1
1.185838800,0,0
1.185843000,1,0
1.185848050,0,0
1.185851250,0,1
1.185853250,1,1
1.185858250,0,1
1.185858500,0,0
1.185863450,1,0
1.185868500,0,0
1.185873700,1,0
1.185878700,0,0
1.185883900,1,0
1.185888950,0,0
1.185894100,1,0
1.185899150,0,0
1.185899650,0,1
1.185904350,1,1
1.185909400,0,1
1.185914550,1,1
1.185919600,0,1
1.185919800,0,0
1.185924800,1,0
1.185929800,0,0
1.185935000,1,0
1.185940050,0,0
1.185945250,1,0
1.185950250,0,0
1.185955450,1,0
1.185960500,0,0
1.185960950,0,1
1.185965700,1,1
1.185970700,0,1
1.185975900,1,1
1.185980950,0,1
1.185981150,0,0
1.185986100,1,0
1.185991150,0,0
1.185996350,1,0
1.186001400,0,0
1.186006550,1,0
1.186011600,0,0
1.186012100,0,1
1.186016800,1,1
1.186021800,0,1
1.186022800,0,0
1.186027000,1,0
1.186032050,0,0
1.186037250,1,0
1.186042250,0,0
1.186047450,1,0
1.186052500,0,0
1.186053000,0,1
1.186057650,1,1
1.186062700,0,1
1.186063000,0,0
1.186067900,1,0
1.186072950,0,0
1.186073400,0,1
1.186078100,1,1
1.186083150,0,1
1.186083400,0,0
1.186088350,1,0
1.186093400,0,0
1.186098550,1,0
1.186103600,0,0
1.186104150,0,1
1.186108800,1,1
1.186113800,0,1
1.186114800,0,0
1.186119000,1,0
1.186124050,0,0
1.186129250,1,0
1.186134250,0,0
1.186139450,1,0
1.186144500,0,0
1.186144950,0,1
1.186149700,1,1
1.186154700,0,1
1.186154900,0,0
1.186159900,1,0
1.186164950,0,0
1.186170100,1,0
1.186175150,0,0
1.186180350,1,0
1.186185400,0,0
1.186190550,1,0
1.186195600,0,0
1.186200800,1,0
1.186205800,0,0
1.186206250,0,1
1.188333050,1,1
1.188338050,0,1
1.188339050,0,0
1.188343250,1,0
1.188349450,1,1
1.189319250,1,0
1.189325250,0,0
1.189330400,1,0
1.189335450,0,0
1.189336700,0,1
1.189340650,1,1
1.189345700,0,1
1.189350850,1,1
1.189355900,0,1
1.189356900,0,0
1.189361100,1,0
1.189366150,0,0
1.189367350,0,1
1.189371300,1,1
1.189376350,0,1
1.189381550,1,1
1.189386550,0,1
1.189391750,1,1
1.189396800,0,1
1.189397800,0,0
1.189402000,1,0
1.189407000,0,0
1.189412200,1,0
1.189417250,0,0
1.189417750,0,1
1.190374250,0,0
1.190378450,1,0
1.190383450,0,0
1.190384650,0,1
1.190388650,1,1
1.190393700,0,1
1.190394700,0,0
1.190398850,1,0
1.190403900,0,0
1.190405100,0,1
1.190409100,1,1
1.190414100,0,1
1.190415100,0,0
1.190419300,1,0
1.190424350,0,0
1.190429550,1,0
1.190434550,0,0
1.190439750,1,0
1.190444800,0,0
1.190446050,0,1
1.190450000,1,1
1.190455000,0,1
1.190455300,0,0
1.190460200,1,0
1.190465250,0,0
1.190465650,0,1
1.190470400,1,1
1.190475450,0,1
1.190476450,0,0
1.190480650,1,0
1.190485700,0,0
1.190490850,1,0
1.190495900,0,0
1.190501100,1,0
1.190506100,0,0
1.190511300,1,0
1.190516350,0,0
1.190521550,1,0
1.190526550,0,0
1.190527800,0,1
1.190531750,1,1
1.190536800,0,1
1.190542000,1,1
1.190547000,0,1
1.190547350,0,0
1.190552200,1,0
1.190557250,0,0
1.190557700,0,1
1.190562400,1,1
1.190567450,0,1
1.190572650,1,1
1.190577700,0,1
1.190582850,1,1
1.190587900,0,1
1.190593100,1,1
1.190598100,0,1
1.190599100,0,0
1.190603300,1,0
1.190608350,0,0
1.190613550,1,0
1.190618550,0,0
1.190619800,0,1
1.190623750,1,1
1.190628800,0,1
1.190633950,1,1
1.190639000,0,1
1.190639250,0,0
1.190644200,1,0
1.190649250,0,0
1.190654400,1,0
1.190659450,0,0
1.190664650,1,0
1.190669650,0,0
1.190674850,1,0
1.190679900,0,0
1.190685100,1,0
1.190690100,0,0
1.190695300,1,0
1.190700350,0,0
1.190705550,1,0
1.190710550,0,0
1.190715750,1,0
1.190720800,0,0
1.190722050,0,1
1.190725950,1,1
1.190731000,0,1
1.190731300,0,0
1.190736200,1,0
1.190741250,0,0
1.190741700,0,1
1.190746400,1,1
1.190751450,0,1
1.190752450,0,0
1.190756650,1,0
1.190761650,0,0
1.190766850,1,0
1.190771900,0,0
1.190777100,1,0
1.190782100,0,0
1.190787300,1,0
1.190792350,0,0
1.190793600,0,1
1.190797550,1,1
1.190802550,0,1
1.190807750,1,1
1.190812800,0,1
1.190813800,0,0
1.190817950,1,0
1.190823000,0,0
1.190828200,1,0
1.190833250,0,0
1.190833750,0,1
1.190838400,1,1
1.190843450,0,1
1.190848650,1,1
1.190853650,0,1
1.190854650,0,0
1.190858850,1,0
1.190863900,0,0
1.190869100,1,0
1.190874100,0,0
1.190875350,0,1
1.190879300,1,1
1.190884350,0,1
1.190885350,0,0
1.190889550,1,0
1.190894550,0,0
1.190899750,1,0
1.190904800,0,0
1.190909950,1,0
1.190915000,0,0
1.190920200,1,0
1.190925250,0,0
1.190925700,0,1
1.193167200,0,0
1.193171450,1,0
1.193177650,1,1
1.196182400,1,0
1.196188400,0,0
1.196193550,1,0
1.196198650,0,0
1.196199850,0,1
1.196203800,1,1
1.196208850,0,1
1.196214050,1,1
1.196219100,0,1
1.196220100,0,0
1.196224250,1,0
1.196229300,0,0
1.196230500,0,1
1.196234500,1,1
1.196239500,0,1
1.196244700,1,1
1.196249750,0,1
1.196254950,1,1
1.196259950,0,1
1.196265150,1,1
1.196270200,0,1
1.196270400,0,0
1.196275400,1,0
1.196280400,0,0
1.197183650,1,0
1.197188600,0,0
1.197189050,0,1
1.197193850,1,1
1.197198850,0,1
1.197204050,1,1
1.197209050,0,1
1.197209350,0,0
1.197214250,1,0
1.197219300,0,0
1.197219750,0,1
1.197224500,1,1
1.197229500,0,1
1.197234700,1,1
1.197239750,0,1
1.197244900,1,1
1.197249950,0,1
1.197250150,0,0
1.197255150,1,0
1.197260200,0,0
1.197265350,1,0
1.197270400,0,0
1.197273650,0,1
1.197275600,1,1
1.197280600,0,1
1.197280900,0,0
1.197285800,1,0
1.197290850,0,0
1.197296050,1,0
1.197301050,0,0
1.197301500,0,1
1.197306250,1,1
1.197311300,0,1
1.197316500,1,1
1.197321500,0,1
1.197326700,1,1
1.197331750,0,1
1.197332000,0,0
1.197336900,1,0
1.197341950,0,0
1.197342400,0,1
1.197347150,1,1
1.197352200,0,1
1.197353200,0,0
1.197357350,1,0
1.197362400,0,0
1.197365600,0,1
1.197367600,1,1
1.197372600,0,1
1.197377800,1,1
1.197382850,0,1
1.197388050,1,1
1.197393050,0,1
1.197393350,0,0
1.197398250,1,0
1.197403300,0,0
1.197408500,1,0
1.197413500,0,0
1.197418700,1,0
1.197423750,0,0
1.197424300,0,1
1.197428900,1,1
1.197433950,0,1
1.197439150,1,1
1.197444200,0,1
1.197445200,0,0
1.197449350,1,0
1.197454400,0,0
1.197459600,1,0
1.197464600,0,0
1.197469800,1,0
1.197474850,0,0
1.197480050,1,0
1.197485050,0,0
1.197490250,1,0
1.197495300,0,0
1.197500500,1,0
1.197505500,0,0
1.197510700,1,0
1.197515750,0,0
1.197520900,1,0
1.197525950,0,0
1.197526400,0,1
1.197531150,1,1
1.197536200,0,1
1.197537200,0,0
1.197541350,1,0
1.197546400,0,0
1.197549600,0,1
1.197551600,1,1
1.197556600,0,1
1.197556900,0,0
1.197561800,1,0
1.197566850,0,0
1.197572050,1,0
1.197577050,0,0
1.197582250,1,0
1.197587300,0,0
1.197592500,1,0
1.197597500,0,0
1.197598050,0,1
1.197602700,1,1
1.197607750,0,1
1.197612900,1,1
1.197617950,0,1
1.197618200,0,0
1.197623150,1,0
1.197628200,0,0
1.197633350,1,0
1.197638400,0,0
1.197643600,1,0
1.197648600,0,0
1.197653800,1,0
1.197658850,0,0
1.197659350,0,1
1.197664050,1,1
1.197669050,0,1
1.197674250,1,1
1.197679300,0,1
1.197679550,0,0
1.197684500,1,0
1.197689500,0,0
1.197694700,1,0
1.197699750,0,0
1.197704900,1,0
1.197709950,0,0
1.197710500,0,1
1.197715150,1,1
1.197720200,0,1
1.197721200,0,0
1.197725350,1,0
1.197730400,0,0
1.197735600,1,0
1.197740600,0,0
1.197745800,1,0
1.197750850,0,0
1.197751300,0,1
1.197756050,1,1
1.197761050,0,1
1.197761250,0,0
1.197766250,1,0
1.197771300,0,0
1.197771800,0,1
1.197776450,1,1
1.197781500,0,1
1.197781800,0,0
1.197786700,1,0
1.197791750,0,0
1.197796900,1,0
1.197801950,0,0
1.197802400,0,1
1.197807150,1,1
1.197812200,0,1
1.197813200,0,0
1.197817350,1,0
1.197822400,0,0
1.197827600,1,0
1.197832600,0,0
1.197837800,1,0
1.197842850,0,0
1.197843350,0,1
1.197848050,1,1
1.197853050,0,1
1.197853300,0,0
1.197858250,1,0
1.197863300,0,0
1.197868500,1,0
1.197873500,0,0
1.197878700,1,0
1.197883750,0,0
1.197888900,1,0
1.197893950,0,0
1.197899150,1,0
1.197904200,0,0
1.197909350,1,0
1.197914400,0,0
1.197919600,1,0
1.197924600,0,0
1.197925050,0,1
1.197929800,1,1
1.197934850,0,1
1.197935150,0,0
1.197940050,1,0
1.197945050,0,0
1.197950250,1,0
1.197955300,0,0
1.197960500,1,0
1.197965500,0,0
1.197966000,0,1
1.197970700,1,1
1.197975750,0,1
1.197975950,0,0
1.197980900,1,0
1.197985950,0,0
1.197986350,0,1
1.197991150,1,1
1.197996150,0,1
1.197997150,0,0
1.198001350,1,0
1.198006400,0,0
1.198011600,1,0
1.198016600,0,0
1.198017100,0,1
1.198021800,1,1
1.198026850,0,1
1.198027100,0,0
1.198032050,1,0
1.198037050,0,0
1.198042250,1,0
1.198047300,0,0
1.198052500,1,0
1.198057500,0,0
1.198062700,1,0
1.198067750,0,0
1.198068250,0,1
1.198072900,1,1
1.198077950,0,1
1.198078200,0,0
1.198083150,1,0
1.198088150,0,0
1.198093350,1,0
1.198098400,0,0
1.198103600,1,0
1.198108600,0,0
1.198113800,1,0
1.198118850,0,0
1.198119350,0,1
1.198124050,1,1
1.198129050,0,1
1.198129350,0,0
1.198134250,1,0
1.198139300,0,0
1.198139750,0,1
1.198144450,1,1
1.198149500,0,1
1.198149750,0,0
1.198154700,1,0
1.198159750,0,0
1.198164900,1,0
1.198169950,0,0
1.198175150,1,0
1.198180150,0,0
1.198185350,1,0
1.198190400,0,0
1.198195600,1,0
1.198200600,0,0
1.198205800,1,0
1.198210850,0,0
1.198211250,0,1
1.198216050,1,1
1.198221050,0,1
1.198226250,1,1
1.198231300,0,1
1.198231600,0,0
1.198236450,1,0
1.198241500,0,0
1.198246700,1,0
1.198251750,0,0
1.198256900,1,0
1.198261950,0,0
1.198267150,1,0
1.198272150,0,0
1.198277350,1,0
1.198282400,0,0
1.198287600,1,0
1.198292600,0,0
1.198297800,1,0
1.198302850,0,0
1.198303300,0,1
1.198308050,1,1
1.198313050,0,1
1.198318250,1,1
1.198323300,0,1
1.198323500,0,0
1.198328450,1,0
1.198333500,0,0
1.198338700,1,0
1.198343750,0,0
1.198348900,1,0
1.198353950,0,0
1.198359150,1,0
1.198364150,0,0
1.198369350,1,0
1.198374400,0,0
1.198379600,1,0
1.198384600,0,0
1.198389800,1,0
1.198394850,0,0
1.198395400,0,1
1.198400050,1,1
1.198405050,0,1
1.198405350,0,0
1.198410250,1,0
1.198415300,0,0
1.198420450,1,0
1.198425500,0,0
1.198430700,1,0
1.198435750,0,0
1.198440900,1,0
1.198445950,0,0
1.198451150,1,0
1.198456150,0,0
1.198461350,1,0
1.198466400,0,0
1.198471600,1,0
1.198476600,0,0
1.198481800,1,0
1.198486850,0,0
1.198487300,0,1
1.198492050,1,1
1.198497050,0,1
1.198502250,1,1
1.198507300,0,1
1.198507600,0,0
1.198512450,1,0
1.198517500,0,0
1.198522700,1,0
1.198527750,0,0
1.198532900,1,0
1.198537950,0,0
1.198543150,1,0
1.198548150,0,0
1.198553350,1,0
1.198558400,0,0
1.198563600,1,0
1.198568600,0,0
1.198573800,1,0
1.198578850,0,0
1.198579350,0,1
1.198584000,1,1
1.198589050,0,1
1.198594250,1,1
1.198599300,0,1
1.198599500,0,0
1.198604450,1,0
1.198609500,0,0
1.198614700,1,0
1.198619750,0,0
1.198624900,1,0
1.198629950,0,0
1.198630450,0,1
1.198635150,1,1
1.198640150,0,1
1.200073150,0,0
1.200077400,1,0
1.200082400,0,0
1.200087600,1,0
1.200092600,0,0
1.200097800,1,0
1.200102800,0,0
1.200103300,0,1
1.200108000,1,1
1.200113050,0,1
1.200113300,0,0
1.200118250,1,0
1.200123250,0,0
1.200123700,0,1
1.200128450,1,1
1.200133500,0,1
1.200133700,0,0
1.200138700,1,0
1.200143700,0,0
1.200148900,1,0
1.200153950,0,0
1.200154450,0,1
1.200159100,1,1
1.200164150,0,1
1.200165150,0,0
1.200169350,1,0
1.200174400,0,0
1.200179550,1,0
1.200184600,0,0
1.200189800,1,0
1.200194800,0,0
1.200195350,0,1
1.200200000,1,1
1.200205050,0,1
1.200205350,0,0
1.200210250,1,0
1.200215250,0,0
1.200220450,1,0
1.200225500,0,0
1.200230700,1,0
1.200235700,0,0
1.200240900,1,0
1.200245950,0,0
1.200251100,1,0
1.200256150,0,0
1.200261350,1,0
1.200266400,0,0
1.200271550,1,0
1.200276600,0,0
1.200277100,0,1
1.200281800,1,1
1.200286800,0,1
1.200287050,0,0
1.200292000,1,0
1.200297050,0,0
1.200302250,1,0
1.200307250,0,0
1.200312450,1,0
1.200317500,0,0
1.200318000,0,1
1.200322700,1,1
1.200327700,0,1
1.200328000,0,0
1.200332900,1,0
1.200337950,0,0
1.200338400,0,1
1.200343100,1,1
1.200348150,0,1
1.200349150,0,0
1.200353350,1,0
1.200358400,0,0
1.200363550,1,0
1.200368600,0,0
1.200369100,0,1
1.200373800,1,1
1.200378800,0,1
1.200379100,0,0
1.200384000,1,0
1.200389050,0,0
1.200394250,1,0
1.200399250,0,0
1.200404450,1,0
1.200409500,0,0
1.200414700,1,0
1.200419700,0,0
1.200420250,0,1
1.200424900,1,1
1.200429950,0,1
1.200435100,1,1
1.200440150,0,1
1.200441150,0,0
1.200445350,1,0
1.200450400,0,0
1.200455550,1,0
1.200460600,0,0
1.200465800,1,0
1.200470800,0,0
1.200471250,0,1
1.200476000,1,1
1.200481050,0,1
1.200481350,0,0
1.200486250,1,0
1.200491250,0,0
1.200491750,0,1
1.200496450,1,1
1.200501500,0,1
1.200501750,0,0
1.200506700,1,0
1.200511700,0,0
1.200516900,1,0
1.200521950,0,0
1.200527100,1,0
1.200532150,0,0
1.200537350,1,0
1.200542400,0,0
1.200547550,1,0
1.200552600,0,0
1.200557800,1,0
1.200562800,0,0
1.200563300,0,1
1.200568000,1,1
1.200573050,0,1
1.200578250,1,1
1.200583250,0,1
1.200583450,0,0
1.200588450,1,0
1.200593500,0,0
1.200598700,1,0
1.200603700,0,0
1.200608900,1,0
1.200613950,0,0
1.200619100,1,0
1.200624150,0,0
1.200629350,1,0
1.200634400,0,0
1.200639550,1,0
1.200644600,0,0
1.200649800,1,0
1.200654800,0,0
1.200655350,0,1
1.200660000,1,1
1.200665050,0,1
1.200670250,1,1
1.200675250,0,1
1.200675550,0,0
1.200680450,1,0
1.200685500,0,0
1.200690700,1,0
1.200695700,0,0
1.200700900,1,0
1.200705950,0,0
1.200711100,1,0
1.200716150,0,0
1.200721350,1,0
1.200726400,0,0
1.200731550,1,0
1.200736600,0,0
1.200741800,1,0
1.200746800,0,0
1.200747250,0,1
1.200752000,1,1
1.200757050,0,1
1.200757250,0,0
1.200762250,1,0
1.200767250,0,0
1.200772450,1,0
1.200777500,0,0
1.200782700,1,0
1.200787700,0,0
1.200792900,1,0
1.200797950,0,0
1.200803100,1,0
1.200808150,0,0
1.200813350,1,0
1.200818350,0,0
1.200823550,1,0
1.200828600,0,0
1.200833800,1,0
1.200838800,0,0
1.200839300,0,1
1.200844000,1,1
1.200849050,0,1
1.200854250,1,1
1.200859250,0,1
1.200859500,0,0
1.200864450,1,0
1.200869500,0,0
1.200874700,1,0
1.200879700,0,0
1.200884900,1,0
1.200889950,0,0
1.200895100,1,0
1.200900150,0,0
1.200905350,1,0
1.200910350,0,0
1.200915550,1,0
1.200920600,0,0
1.200925800,1,0
1.200930800,0,0
1.200931350,0,1
1.200936000,1,1
1.200941050,0,1
1.200946250,1,1
1.200951250,0,1
1.200951550,0,0
1.200956450,1,0
1.200961500,0,0
1.200966650,1,0
1.200971700,0,0
1.200976900,1,0
1.200981950,0,0
1.200982350,0,1
1.200987100,1,1
1.200992150,0,1
1.200993150,0,0
1.200997350,1,0
1.201002350,0,0
1.201007550,1,0
1.201012600,0,0
1.201017800,1,0
1.201022800,0,0
1.201023300,0,1
1.201028000,1,1
1.201033050,0,1
1.201033250,0,0
1.201038250,1,0
1.201043250,0,0
1.201048450,1,0
1.201053500,0,0
1.201058650,1,0
1.201063700,0,0
1.201068900,1,0
1.201073950,0,0
1.201079100,1,0
1.201084150,0,0
1.201089350,1,0
1.201094350,0,0
1.201099550,1,0
1.201104600,0,0
1.201109800,1,0
1.201114800,0,0
1.201115350,0,1
1.201120000,1,1
1.201125050,0,1
1.201130250,1,1
1.201135250,0,1
1.201135500,0,0
1.201140450,1,0
1.201145500,0,0
1.201150650,1,0
1.201155700,0,0
1.201160900,1,0
1.201165950,0,0
1.201171100,1,0
1.201176150,0,0
1.201181350,1,0
1.201186350,0,0
1.201191550,1,0
1.201196600,0,0
1.201201800,1,0
1.201206800,0,0
1.201207250,0,1
1.201212000,1,1
1.201217050,0,1
1.201222250,1,1
1.201227250,0,1
1.201227550,0,0
1.201232450,1,0
1.201237500,0,0
1.201242650,1,0
1.201247700,0,0
1.201248150,0,1
1.201252900,1,1
1.201257950,0,1
1.201258150,0,0
1.201263100,1,0
1.201268150,0,0
1.201273350,1,0
1.201278350,0,0
1.201283550,1,0
1.201288600,0,0
1.201293800,1,0
1.201298800,0,0
1.201299300,0,1
1.201304000,1,1
1.201309050,0,1
1.201309300,0,0
1.201314250,1,0
1.201319250,0,0
1.201324450,1,0
1.201329500,0,0
1.201334650,1,0
1.201339700,0,0
1.201344900,1,0
1.201349950,0,0
1.201355100,1,0
1.201360150,0,0
1.201365350,1,0
1.201370350,0,0
1.201375550,1,0
1.201380600,0,0
1.201385800,1,0
1.201390800,0,0
1.201391350,0,1
1.201396000,1,1
1.201401050,0,1
1.201406200,1,1
1.201411250,0,1
1.201411550,0,0
1.201416450,1,0
1.201421500,0,0
1.201426650,1,0
1.201431700,0,0
1.201436900,1,0
1.201441950,0,0
1.201447100,1,0
1.201452150,0,0
1.201457350,1,0
1.201462350,0,0
1.201465600,0,1
1.201467550,1,1
1.201472600,0,1
1.201477800,1,1
1.201482800,0,1
1.201483050,0,0
1.201488000,1,0
1.201493050,0,0
1.201498250,1,0
1.201503250,0,0
1.201508450,1,0
1.201513500,0,0
1.201514000,0,1
1.201518650,1,1
1.201523700,0,1
1.201524000,0,0
1.201528900,1,0
1.201533950,0,0
1.201534350,0,1
1.201539100,1,1
1.201544150,0,1
1.202987150,0,0
1.202991350,1,0
1.202996350,0,0
1.203001550,1,0
1.203006600,0,0
1.203007100,0,1
1.203011800,1,1
1.203016800,0,1
1.203022000,1,1
1.203027000,0,1
1.203027250,0,0
1.203032200,1,0
1.203037250,0,0
1.203037650,0,1
1.203042450,1,1
1.203047450,0,1
1.203052650,1,1
1.203057700,0,1
1.203062900,1,1
1.203067900,0,1
1.203068200,0,0
1.203073100,1,0
1.203078150,0,0
1.203083350,1,0
1.203088350,0,0
1.203091600,0,1
1.203093550,1,1
1.203098600,0,1
1.203098800,0,0
1.203103750,1,0
1.203108800,0,0
1.203114000,1,0
1.203119000,0,0
1.203119550,0,1
1.203124200,1,1
1.203129250,0,1
1.203134450,1,1
1.203139450,0,1
1.203144650,1,1
1.203149700,0,1
1.203149900,0,0
1.203154900,1,0
1.203159900,0,0
1.203160300,0,1
1.203165100,1,1
1.203170150,0,1
1.203171150,0,0
1.203175300,1,0
1.203180350,0,0
1.203183550,0,1
1.203185550,1,1
1.203190600,0,1
1.203195750,1,1
1.203200800,0,1
1.203206000,1,1
1.203211000,0,1
1.203211250,0,0
1.203216200,1,0
1.203221250,0,0
1.203226450,1,0
1.203231450,0,0
1.203236650,1,0
1.203241700,0,0
1.203242200,0,1
1.203246900,1,1
1.203251900,0,1
1.203257100,1,1
1.203262150,0,1
1.203263150,0,0
1.203267300,1,0
1.203272350,0,0
1.203277550,1,0
1.203282600,0,0
1.203287750,1,0
1.203292800,0,0
1.203298000,1,0
1.203303000,0,0
1.203308200,1,0
1.203313250,0,0
1.203318450,1,0
1.203323450,0,0
1.203328650,1,0
1.203333700,0,0
1.203338900,1,0
1.203343900,0,0
1.203344450,0,1
1.203349100,1,1
1.203354150,0,1
1.203355150,0,0
1.203359300,1,0
1.203364350,0,0
1.203367600,0,1
1.203369550,1,1
1.203374600,0,1
1.203374800,0,0
1.203379750,1,0
1.203384800,0,0
1.203390000,1,0
1.203395000,0,0
1.203400200,1,0
1.203405250,0,0
1.203410450,1,0
1.203415450,0,0
1.203415950,0,1
1.203420650,1,1
1.203425700,0,1
1.203430900,1,1
1.203435900,0,1
1.203436150,0,0
1.203441100,1,0
1.203446150,0,0
1.203451300,1,0
1.203456350,0,0
1.203461550,1,0
1.203466600,0,0
1.203471750,1,0
1.203476800,0,0
1.203477300,0,1
1.203482000,1,1
1.203487000,0,1
1.203492200,1,1
1.203497250,0,1
1.203497450,0,0
1.203502450,1,0
1.203507450,0,0
1.203512650,1,0
1.203517700,0,0
1.203522900,1,0
1.203527900,0,0
1.203528400,0,1
1.203533100,1,1
1.203538150,0,1
1.203539150,0,0
1.203543300,1,0
1.203548350,0,0
1.203553550,1,0
1.203558600,0,0
1.203563750,1,0
1.203568800,0,0
1.203569350,0,1
1.203574000,1,1
1.203579000,0,1
1.203579300,0,0
1.203584200,1,0
1.203589250,0,0
1.203589700,0,1
1.203594450,1,1
1.203599450,0,1
1.203599700,0,0
1.203604650,1,0
1.203609700,0,0
1.203614900,1,0
1.203619900,0,0
1.203620450,0,1
1.203625100,1,1
1.203630150,0,1
1.203631150,0,0
1.203635300,1,0
1.203640350,0,0
1.203645550,1,0
1.203650600,0,0
1.203655750,1,0
1.203660800,0,0
1.203661250,0,1
1.203666000,1,1
1.203671000,0,1
1.203671250,0,0
1.203676200,1,0
1.203681250,0,0
1.203686450,1,0
1.203691450,0,0
1.203696650,1,0
1.203701700,0,0
1.203706900,1,0
1.203711900,0,0
1.203717100,1,0
1.203722150,0,0
1.203722550,0,1
1.205820350,1,1
1.205825350,0,1
1.205826350,0,0
1.205830550,1,0
1.205836750,1,1
1.208910550,1,0
1.208916550,0,0
1.208921700,1,0
1.208926750,0,0
1.208928000,0,1
1.208931950,1,1
1.208937000,0,1
1.208942150,1,1
1.208947200,0,1
1.208948200,0,0
1.208952400,1,0
1.208957400,0,0
1.208958650,0,1
1.208962600,1,1
1.208967650,0,1
1.208972850,1,1
1.208977850,0,1
1.208983050,1,1
1.208988100,0,1
1.208989100,0,0
1.208993300,1,0
1.208998300,0,0
1.209003500,1,0
1.209008550,0,0
1.209008950,0,1
1.209964550,0,0
1.209968750,1,0
1.209973750,0,0
1.209974950,0,1
1.209978950,1,1
1.209983950,0,1
1.209984950,0,0
1.209989150,1,0
1.209994200,0,0
1.209995400,0,1
1.209999400,1,1
1.210004400,0,1
1.210005400,0,0
1.210009600,1,0
1.210014650,0,0
1.210019850,1,0
1.210024850,0,0
1.210030050,1,0
1.210035100,0,0
1.210036300,0,1
1.210040250,1,1
1.210045300,0,1
1.210045500,0,0
1.210050500,1,0
1.210055550,0,0
1.210056050,0,1
1.210060700,1,1
1.210065750,0,1
1.210066750,0,0
1.210070950,1,0
1.210075950,0,0
1.210081150,1,0
1.210086200,0,0
1.210091400,1,0
1.210096400,0,0
1.210101600,1,0
1.210106650,0,0
1.210111850,1,0
1.210116850,0,0
1.210118100,0,1
1.210122050,1,1
1.210127100,0,1
1.210132250,1,1
1.210137300,0,1
1.210137550,0,0
1.210142500,1,0
1.210147550,0,0
1.210147950,0,1
1.210152700,1,1
1.210157750,0,1
1.210162950,1,1
1.210167950,0,1
1.210173150,1,1
1.210178200,0,1
1.210183400,1,1
1.210188400,0,1
1.210189400,0,0
1.210193600,1,0
1.210198650,0,0
1.210203850,1,0
1.210208850,0,0
1.210210100,0,1
1.210214050,1,1
1.210219100,0,1
1.210224250,1,1
1.210229300,0,1
1.210229600,0,0
1.210234500,1,0
1.210239550,0,0
1.210244700,1,0
1.210249750,0,0
1.210254950,1,0
1.210259950,0,0
1.210265150,1,0
1.210270200,0,0
1.210275400,1,0
1.210280400,0,0
1.210285600,1,0
1.210290650,0,0
1.210295850,1,0
1.210300850,0,0
1.210306050,1,0
1.210311100,0,0
1.210312300,0,1
1.210316250,1,1
1.210321300,0,1
1.210321500,0,0
1.210326500,1,0
1.210331500,0,0
1.210331900,0,1
1.210336700,1,1
1.210341750,0,1
1.210342750,0,0
1.210346950,1,0
1.210351950,0,0
1.210353200,0,1
1.210357150,1,1
1.210362200,0,1
1.210363200,0,0
1.210367400,1,0
1.210372400,0,0
1.210377600,1,0
1.210382650,0,0
1.210387800,1,0
1.210392850,0,0
1.210398050,1,0
1.210403100,0,0
1.210408250,1,0
1.210413300,0,0
1.210418500,1,0
1.210423500,0,0
1.210424000,0,1
1.210428700,1,1
1.210433750,0,1
1.210438950,1,1
1.210443950,0,1
1.210449150,1,1
1.210454200,0,1
1.210455200,0,0
1.210459400,1,0
1.210464400,0,0
1.210465600,0,1
1.210469600,1,1
1.210474650,0,1
1.210479800,1,1
1.210484850,0,1
1.210490050,1,1
1.210495100,0,1
1.210496100,0,0
1.210500250,1,0
1.210505300,0,0
1.210510500,1,0
1.210515500,0,0
1.210516050,0,1
1.212730500,0,0
1.212734750,1,0
1.212740950,1,1
1.213683700,1,0
1.213689700,0,0
1.213694900,1,0
1.213699950,0,0
1.213701150,0,1
1.213705100,1,1
1.213710150,0,1
1.213715350,1,1
1.213720400,0,1
1.213721400,0,0
1.213725550,1,0
1.213730600,0,0
1.213731800,0,1
1.213735800,1,1
1.213740850,0,1
1.213746000,1,1
1.213751050,0,1
1.213756250,1,1
1.213761300,0,1
1.213766450,1,1
1.213771500,0,1
1.213771750,0,0
1.213776700,1,0
1.213781700,0,0
1.214703950,1,0
1.214708950,0,0
1.214709400,0,1
1.214714150,1,1
1.214719150,0,1
1.214724350,1,1
1.214729400,0,1
1.214729600,0,0
1.214734550,1,0
1.214739600,0,0
1.214740100,0,1
1.214744800,1,1
1.214749800,0,1
1.214755000,1,1
1.214760050,0,1
1.214765250,1,1
1.214770250,0,1
1.214770500,0,0
1.214775450,1,0
1.214780500,0,0
1.214785700,1,0
1.214790700,0,0
1.214793950,0,1
1.214795900,1,1
1.214800950,0,1
1.214801250,0,0
1.214806100,1,0
1.214811150,0,0
1.214816350,1,0
1.214821400,0,0
1.214821850,0,1
1.214826550,1,1
1.214831600,0,1
1.214836800,1,1
1.214841800,0,1
1.214847000,1,1
1.214852050,0,1
1.214852350,0,0
1.214857250,1,0
1.214862250,0,0
1.214862750,0,1
1.214867450,1,1
1.214872500,0,1
1.214873500,0,0
1.214877700,1,0
1.214882700,0,0
1.214885950,0,1
1.214887900,1,1
1.214892950,0,1
1.214898100,1,1
1.214903150,0,1
1.214908350,1,1
1.214913400,0,1
1.214913700,0,0
1.214918550,1,0
1.214923600,0,0
1.214928800,1,0
1.214933800,0,0
1.214939000,1,0
1.214944050,0,0
1.214944500,0,1
1.214949250,1,1
1.214954250,0,1
1.214959450,1,1
1.214964500,0,1
1.214965500,0,0
1.214969700,1,0
1.214974700,0,0
1.214979900,1,0
1.214984950,0,0
1.214990100,1,0
1.214995150,0,0
1.215000350,1,0
1.215005400,0,0
1.215010550,1,0
1.215015600,0,0
1.215020800,1,0
1.215025800,0,0
1.215031000,1,0
1.215036050,0,0
1.215041250,1,0
1.215046250,0,0
1.215046750,0,1
1.215051450,1,1
1.215056500,0,1
1.215057500,0,0
1.215061700,1,0
1.215066700,0,0
1.215069950,0,1
1.215071900,1,1
1.215076950,0,1
1.215077250,0,0
1.215082100,1,0
1.215087150,0,0
1.215087650,0,1
1.215092350,1,1
1.215097400,0,1
1.215097650,0,0
1.215102550,1,0
1.215107600,0,0
1.215112800,1,0
1.215117800,0,0
1.215123000,1,0
1.215128050,0,0
1.215133250,1,0
1.215138250,0,0
1.215143450,1,0
1.215148500,0,0
1.215153700,1,0
1.215158700,0,0
1.215163900,1,0
1.215168950,0,0
1.215174100,1,0
1.215179150,0,0
1.215179600,0,1
1.215184350,1,1
1.215189400,0,1
1.215194550,1,1
1.215199600,0,1
1.215199900,0,0
1.215204800,1,0
1.215209800,0,0
1.215215000,1,0
1.215220050,0,0
1.215220500,0,1
1.215225250,1,1
1.215230250,0,1
1.215235450,1,1
1.215240500,0,1
1.215241500,0,0
1.215245700,1,0
1.215250700,0,0
1.215255900,1,0
1.215260950,0,0
1.215266100,1,0
1.215271150,0,0
1.215271650,0,1
1.215276350,1,1
1.215281400,0,1
1.215281600,0,0
1.215286550,1,0
1.215291600,0,0
1.215296800,1,0
1.215301800,0,0
1.215307000,1,0
1.215312050,0,0
1.215317250,1,0
1.215322250,0,0
1.215327450,1,0
1.215332500,0,0
1.215337700,1,0
1.215342700,0,0
1.215347900,1,0
1.215352950,0,0
1.215358100,1,0
1.215363150,0,0
1.215363700,0,1
1.215368350,1,1
1.215373400,0,1
1.215378550,1,1
1.215383600,0,1
1.215383850,0,0
1.215388800,1,0
1.215393800,0,0
1.215399000,1,0
1.215404050,0,0
1.215409250,1,0
1.215414250,0,0
1.215419450,1,0
1.215424500,0,0
1.215429650,1,0
1.215434700,0,0
1.215439900,1,0
1.215444950,0,0
1.215450100,1,0
1.215455150,0,0
1.215455600,0,1
1.215460350,1,1
1.215465350,0,1
1.215470550,1,1
1.215475600,0,1
1.215475950,0,0
1.215480800,1,0
1.215485800,0,0
1.215486300,0,1
1.215491000,1,1
1.215496050,0,1
1.215496300,0,0
1.215501250,1,0
1.215506250,0,0
1.215511450,1,0
1.215516500,0,0
1.215521650,1,0
1.215526700,0,0
1.215531900,1,0
1.215536950,0,0
1.215542100,1,0
1.215547150,0,0
1.215547650,0,1
1.215552350,1,1
1.215557350,0,1
1.215557650,0,0
1.215562550,1,0
1.215567600,0,0
1.215572800,1,0
1.215577800,0,0
1.215583000,1,0
1.215588050,0,0
1.215593250,1,0
1.215598250,0,0
1.215603450,1,0
1.215608500,0,0
1.215613650,1,0
1.215618700,0,0
1.215623900,1,0
1.215628950,0,0
1.215634100,1,0
1.215639150,0,0
1.215639600,0,1
1.215644350,1,1
1.215649350,0,1
1.215654550,1,1
1.215659600,0,1
1.215659900,0,0
1.215664800,1,0
1.215669800,0,0
1.215675000,1,0
1.215680050,0,0
1.215685250,1,0
1.215690250,0,0
1.215695450,1,0
1.215700500,0,0
1.215705650,1,0
1.215710700,0,0
1.215715900,1,0
1.215720950,0,0
1.215726100,1,0
1.215731150,0,0
1.215731650,0,1
1.215736350,1,1
1.215741350,0,1
1.215746550,1,1
1.215751600,0,1
1.215751800,0,0
1.215756800,1,0
1.215761800,0,0
1.215762350,0,1
1.215767000,1,1
1.215772050,0,1
1.215772350,0,0
1.215777250,1,0
1.215782250,0,0
1.215782750,0,1
1.215787450,1,1
1.215792500,0,1
1.215793500,0,0
1.215797650,1,0
1.215802700,0,0
1.215807900,1,0
1.215812950,0,0
1.215818100,1,0
1.215823150,0,0
1.215823700,0,1
1.215828350,1,1
1.215833350,0,1
1.215833650,0,0
1.215838550,1,0
1.215843600,0,0
1.215848800,1,0
1.215853800,0,0
1.215859000,1,0
1.215864050,0,0
1.215869250,1,0
1.215874250,0,0
1.215879450,1,0
1.215884500,0,0
1.215889650,1,0
1.215894700,0,0
1.215899900,1,0
1.215904950,0,0
1.215910100,1,0
1.215915150,0,0
1.215915600,0,1
1.215920350,1,1
1.215925350,0,1
1.215930550,1,1
1.215935600,0,1
1.215935900,0,0
1.215940800,1,0
1.215945800,0,0
1.215951000,1,0
1.215956050,0,0
1.215961250,1,0
1.215966250,0,0
1.215971450,1,0
1.215976500,0,0
1.215981650,1,0
1.215986700,0,0
1.215991900,1,0
1.215996950,0,0
1.216002100,1,0
1.216007150,0,0
1.216007650,0,1
1.216012350,1,1
1.216017350,0,1
1.216022550,1,1
1.216027600,0,1
1.216027850,0,0
1.216032800,1,0
1.216037800,0,0
1.216038200,0,1
1.216043000,1,1
1.216048050,0,1
1.216053200,1,1
1.216058250,0,1
1.216058550,0,0
1.216063450,1,0
1.216068500,0,0
1.216073650,1,0
1.216078700,0,0
1.216083900,1,0
1.216088950,0,0
1.216094100,1,0
1.216099150,0,0
1.216099550,0,1
1.216104350,1,1
1.216109350,0,1
1.216109700,0,0
1.216114550,1,0
1.216119600,0,0
1.216120050,0,1
1.216124800,1,1
1.216129800,0,1
1.216130100,0,0
1.216135000,1,0
1.216140050,0,0
1.216145200,1,0
1.216150250,0,0
1.216150700,0,1
1.216155450,1,1
1.216160500,0,1
1.217554450,0,0
1.217558700,1,0
1.217563700,0,0
1.217568900,1,0
1.217573900,0,0
1.217579100,1,0
1.217584150,0,0
1.217584550,0,1
1.217589350,1,1
1.217594350,0,1
1.217594700,0,0
1.217599550,1,0
1.217604600,0,0
1.217609750,1,0
1.217614800,0,0
1.217620000,1,0
1.217625000,0,0
1.217630200,1,0
1.217635250,0,0
1.217640450,1,0
1.217645450,0,0
1.217650650,1,0
1.217655700,0,0
1.217660900,1,0
1.217665900,0,0
1.217666400,0,1
1.217671100,1,1
1.217676150,0,1
1.217676400,0,0
1.217681300,1,0
1.217686350,0,0
1.217691550,1,0
1.217696600,0,0
1.217701750,1,0
1.217706800,0,0
1.217707350,0,1
1.217712000,1,1
1.217717000,0,1
1.217717300,0,0
1.217722200,1,0
1.217727250,0,0
1.217727700,0,1
1.217732450,1,1
1.217737450,0,1
1.217738450,0,0
1.217742650,1,0
1.217747700,0,0
1.217752900,1,0
1.217757900,0,0
1.217758300,0,1
1.217763100,1,1
1.217768150,0,1
1.217768450,0,0
1.217773300,1,0
1.217778350,0,0
1.217783550,1,0
1.217788600,0,0
1.217793750,1,0
1.217798800,0,0
1.217799250,0,1
1.217804000,1,1
1.217809000,0,1
1.217809250,0,0
1.217814200,1,0
1.217819250,0,0
1.217819750,0,1
1.217824450,1,1
1.217829450,0,1
1.217830450,0,0
1.217834650,1,0
1.217839700,0,0
1.217844900,1,0
1.217849900,0,0
1.217855100,1,0
1.217860150,0,0
1.217860600,0,1
1.217865300,1,1
1.217870350,0,1
1.217870550,0,0
1.217875550,1,0
1.217880600,0,0
1.217881100,0,1
1.217885750,1,1
1.217890800,0,1
1.217891100,0,0
1.217896000,1,0
1.217901000,0,0
1.217906200,1,0
1.217911250,0,0
1.217916450,1,0
1.217921450,0,0
1.217926650,1,0
1.217931700,0,0
1.217936900,1,0
1.217941900,0,0
1.217947100,1,0
1.217952150,0,0
1.217952650,0,1
1.217957300,1,1
1.217962350,0,1
1.217967550,1,1
1.217972600,0,1
1.217972800,0,0
1.217977750,1,0
1.217982800,0,0
1.217988000,1,0
1.217993000,0,0
1.217998200,1,0
1.218003250,0,0
1.218008450,1,0
1.218013450,0,0
1.218018650,1,0
1.218023700,0,0
1.218028900,1,0
1.218033900,0,0
1.218039100,1,0
1.218044150,0,0
1.218044550,0,1
1.218049300,1,1
1.218054350,0,1
1.218059550,1,1
1.218064600,0,1
1.218064850,0,0
1.218069750,1,0
1.218074800,0,0
1.218080000,1,0
1.218085000,0,0
1.218090200,1,0
1.218095250,0,0
1.218100450,1,0
1.218105450,0,0
1.218110650,1,0
1.218115700,0,0
1.218120900,1,0
1.218125900,0,0
1.218131100,1,0
1.218136150,0,0
1.218136600,0,1
1.218141300,1,1
1.218146350,0,1
1.218146600,0,0
1.218151550,1,0
1.218156600,0,0
1.218161750,1,0
1.218166800,0,0
1.218172000,1,0
1.218177000,0,0
1.218182200,1,0
1.218187250,0,0
1.218192450,1,0
1.218197450,0,0
1.218202650,1,0
1.218207700,0,0
1.218212900,1,0
1.218217900,0,0
1.218223100,1,0
1.218228150,0,0
1.218228650,0,1
1.218233300,1,1
1.218238350,0,1
1.218243550,1,1
1.218248600,0,1
1.218248850,0,0
1.218253750,1,0
1.218258800,0,0
1.218264000,1,0
1.218269000,0,0
1.218274200,1,0
1.218279250,0,0
1.218279800,0,1
1.218284450,1,1
1.218289450,0,1
1.218290450,0,0
1.218294650,1,0
1.218299700,0,0
1.218304900,1,0
1.218309900,0,0
1.218310350,0,1
1.218315100,1,1
1.218320150,0,1
1.218320350,0,0
1.218325300,1,0
1.218330350,0,0
1.218335550,1,0
1.218340550,0,0
1.218345750,1,0
1.218350800,0,0
1.218351300,0,1
1.218356000,1,1
1.218361000,0,1
1.218361300,0,0
1.218366200,1,0
1.218371250,0,0
1.218371650,0,1
1.218376450,1,1
1.218381450,0,1
1.218382450,0,0
1.218386650,1,0
1.218391700,0,0
1.218396900,1,0
1.218401900,0,0
1.218407100,1,0
1.218412150,0,0
1.218412600,0,1
1.218417300,1,1
1.218422350,0,1
1.218422600,0,0
1.218427550,1,0
1.218432550,0,0
1.218437750,1,0
1.218442800,0,0
1.218448000,1,0
1.218453000,0,0
1.218458200,1,0
1.218463250,0,0
1.218468450,1,0
1.218473450,0,0
1.218478650,1,0
1.218483700,0,0
1.218488850,1,0
1.218493900,0,0
1.218499100,1,0
1.218504150,0,0
1.218504650,0,1
1.218509300,1,1
1.218514350,0,1
1.218519550,1,1
1.218524550,0,1
1.218524850,0,0
1.218529750,1,0
1.218534800,0,0
1.218540000,1,0
1.218545000,0,0
1.218545450,0,1
1.218550200,1,1
1.218555250,0,1
1.218555450,0,0
1.218560450,1,0
1.218565450,0,0
1.218570650,1,0
1.218575700,0,0
1.218580850,1,0
1.218585900,0,0
1.218591100,1,0
1.218596150,0,0
1.218596600,0,1
1.218601300,1,1
1.218606350,0,1
1.218611550,1,1
1.218616550,0,1
1.218621750,1,1
1.218626800,0,1
1.218627100,0,0
1.218632000,1,0
1.218637000,0,0
1.218642200,1,0
1.218647250,0,0
1.218652450,1,0
1.218657450,0,0
1.218662650,1,0
1.218667700,0,0
1.218672850,1,0
1.218677900,0,0
1.218683100,1,0
1.218688150,0,0
1.218688650,0,1
1.218693300,1,1
1.218698350,0,1
1.218698600,0,0
1.218703550,1,0
1.218708550,0,0
1.218713750,1,0
1.218718800,0,0
1.218724000,1,0
1.218729000,0,0
1.218734200,1,0
1.218739250,0,0
1.218744450,1,0
1.218749450,0,0
1.218754650,1,0
1.218759700,0,0
1.218764850,1,0
1.218769900,0,0
1.218775100,1,0
1.218780150,0,0
1.218780550,0,1
1.218785300,1,1
1.218790350,0,1
1.218795550,1,1
1.218800550,0,1
1.218800850,0,0
1.218805750,1,0
1.218810800,0,0
1.218816000,1,0
1.218821000,0,0
1.218821450,0,1
1.218826200,1,1
1.218831250,0,1
1.218836450,1,1
1.218841450,0,1
1.218842450,0,0
1.218846650,1,0
1.218851700,0,0
1.218856850,1,0
1.218861900,0,0
1.218867100,1,0
1.218872150,0,0
1.218872600,0,1
1.218877300,1,1
1.218882350,0,1
1.218887550,1,1
1.218892550,0,1
1.218892800,0,0
1.218897750,1,0
1.218902800,0,0
1.218908000,1,0
1.218913000,0,0
1.218913500,0,1
1.218918200,1,1
1.218923250,0,1
1.218923500,0,0
1.218928450,1,0
1.218933450,0,0
1.218938650,1,0
1.218943700,0,0
1.218946900,0,1
1.218948850,1,1
1.218953900,0,1
1.218954100,0,0
1.218959100,1,0
1.218964150,0,0
1.218969300,1,0
1.218974350,0,0
1.218979550,1,0
1.218984550,0,0
1.218985050,0,1
1.218989750,1,1
1.218994800,0,1
1.218995050,0,0
1.219000000,1,0
1.219005000,0,0
1.219005400,0,1
1.219010200,1,1
1.219015250,0,1
1.219020400,1,1
1.219025450,0,1
1.220447450,0,0
1.220451700,1,0
1.220456650,0,0
1.220461900,1,0
1.220466900,0,0
1.220467400,0,1
1.220472100,1,1
1.220477100,0,1
1.220482300,1,1
1.220487350,0,1
1.220487550,0,0
1.220492550,1,0
1.220497550,0,0
1.220497950,0,1
1.220502750,1,1
1.220507800,0,1
1.220512950,1,1
1.220518000,0,1
1.220523200,1,1
1.220528200,0,1
1.220528500,0,0
1.220533400,1,0
1.220538450,0,0
1.220543650,1,0
1.220548650,0,0
1.220551900,0,1
1.220553850,1,1
1.220558900,0,1
1.220559100,0,0
1.220564100,1,0
1.220569100,0,0
1.220574300,1,0
1.220579350,0,0
1.220579850,0,1
1.220584500,1,1
1.220589550,0,1
1.220594750,1,1
1.220599800,0,1
1.220604950,1,1
1.220610000,0,1
1.220610200,0,0
1.220615200,1,0
1.220620200,0,0
1.220620750,0,1
1.220625400,1,1
1.220630450,0,1
1.220631450,0,0
1.220635650,1,0
1.220640650,0,0
1.220643900,0,1
1.220645850,1,1
1.220650900,0,1
1.220656100,1,1
1.220661100,0,1
1.220666300,1,1
1.220671350,0,1
1.220671550,0,0
1.220676500,1,0
1.220681550,0,0
1.220686750,1,0
1.220691800,0,0
1.220696950,1,0
1.220702000,0,0
1.220702500,0,1
1.220707200,1,1
1.220712200,0,1
1.220717400,1,1
1.220722450,0,1
1.220723450,0,0
1.220727650,1,0
1.220732650,0,0
1.220737850,1,0
1.220742900,0,0
1.220748100,1,0
1.220753100,0,0
1.220758300,1,0
1.220763350,0,0
1.220768500,1,0
1.220773550,0,0
1.220778750,1,0
1.220783800,0,0
1.220788950,1,0
1.220794000,0,0
1.220799200,1,0
1.220804200,0,0
1.220804750,0,1
1.220809400,1,1
1.220814450,0,1
1.220815450,0,0
1.220819650,1,0
1.220824650,0,0
1.220827900,0,1
1.220829850,1,1
1.220834900,0,1
1.220835100,0,0
1.220840100,1,0
1.220845100,0,0
1.220845500,0,1
1.220850300,1,1
1.220855350,0,1
1.220855650,0,0
1.220860500,1,0
1.220865550,0,0
1.220870750,1,0
1.220875800,0,0
1.220880950,1,0
1.220886000,0,0
1.220891200,1,0
1.220896200,0,0
1.220901400,1,0
1.220906450,0,0
1.220911650,1,0
1.220916650,0,0
1.220921850,1,0
1.220926900,0,0
1.220932100,1,0
1.220937100,0,0
1.220937600,0,1
1.220942300,1,1
1.220947350,0,1
1.220952500,1,1
1.220957550,0,1
1.220957750,0,0
1.220962750,1,0
1.220967800,0,0
1.220972950,1,0
1.220978000,0,0
1.220978500,0,1
1.220983200,1,1
1.220988200,0,1
1.220993400,1,1
1.220998450,0,1
1.220999450,0,0
1.221003650,1,0
1.221008650,0,0
1.221013850,1,0
1.221018900,0,0
1.221024100,1,0
1.221029100,0,0
1.221029650,0,1
1.221034300,1,1
1.221039350,0,1
1.221039600,0,0
1.221044500,1,0
1.221049550,0,0
1.221054750,1,0
1.221059800,0,0
1.221064950,1,0
1.221070000,0,0
1.221075200,1,0
1.221080200,0,0
1.221085400,1,0
1.221090450,0,0
1.221095650,1,0
1.221100650,0,0
1.221105850,1,0
1.221110900,0,0
1.221116100,1,0
1.221121100,0,0
1.221121550,0,1
1.221126300,1,1
1.221131350,0,1
1.221136500,1,1
1.221141550,0,1
1.221141850,0,0
1.221146750,1,0
1.221151800,0,0
1.221156950,1,0
1.221162000,0,0
1.221167200,1,0
1.221172200,0,0
1.221177400,1,0
1.221182450,0,0
1.221182850,0,1
1.223273650,1,1
1.223278650,0,1
1.223279650,0,0
1.223283850,1,0
1.223290050,1,1
1.224259850,1,0
1.224265850,0,0
1.224271000,1,0
1.224276100,0,0
1.224277300,0,1
1.224281250,1,1
1.224286300,0,1
1.224291500,1,1
1.224296550,0,1
1.224297550,0,0
1.224301700,1,0
1.224306750,0,0
1.224307950,0,1
1.224311950,1,1
1.224316950,0,1
1.224322150,1,1
1.224327200,0,1
1.224332400,1,1
1.224337400,0,1
1.224338400,0,0
1.224342600,1,0
1.224347650,0,0
1.224352850,1,0
1.224357850,0,0
1.224358350,0,1
1.225308850,0,0
1.225313100,1,0
1.225318100,0,0
1.225319300,0,1
1.225323300,1,1
1.225328300,0,1
1.225329300,0,0
1.225333500,1,0
1.225338500,0,0
1.225339750,0,1
1.225343700,1,1
1.225348750,0,1
1.225349750,0,0
1.225353950,1,0
1.225358950,0,0
1.225364150,1,0
1.225369200,0,0
1.225374400,1,0
1.225379400,0,0
1.225380650,0,1
1.225384600,1,1
1.225389650,0,1
1.225389850,0,0
1.225394800,1,0
1.225399850,0,0
1.225400400,0,1
1.225405050,1,1
1.225410100,0,1
1.225411100,0,0
1.225415250,1,0
1.225420300,0,0
1.225425500,1,0
1.225430500,0,0
1.225435700,1,0
1.225440750,0,0
1.225445950,1,0
1.225450950,0,0
1.225456150,1,0
1.225461200,0,0
1.225462450,0,1
1.225466350,1,1
1.225471400,0,1
1.225476600,1,1
1.225481650,0,1
1.225481900,0,0
1.225486800,1,0
1.225491850,0,0
1.225492300,0,1
1.225497050,1,1
1.225502100,0,1
1.225507250,1,1
1.225512300,0,1
1.225517500,1,1
1.225522500,0,1
1.225527700,1,1
1.225532750,0,1
1.225533750,0,0
1.225537950,1,0
1.225542950,0,0
1.225548150,1,0
1.225553200,0,0
1.225554400,0,1
1.225558350,1,1
1.225563400,0,1
1.225568600,1,1
1.225573650,0,1
1.225573950,0,0
1.225578800,1,0
1.225583850,0,0
1.225589050,1,0
1.225594050,0,0
1.225599250,1,0
1.225604300,0,0
1.225609500,1,0
1.225614500,0,0
1.225619700,1,0
1.225624750,0,0
1.225629950,1,0
1.225634950,0,0
1.225640150,1,0
1.225645200,0,0
1.225650400,1,0
1.225655400,0,0
1.225656650,0,1
1.225660600,1,1
1.225665650,0,1
1.225665850,0,0
1.225670800,1,0
1.225675850,0,0
1.225676250,0,1
1.225681050,1,1
1.225686050,0,1
1.225687050,0,0
1.225691250,1,0
1.225696300,0,0
1.225697500,0,1
1.225701500,1,1
1.225706500,0,1
1.225711700,1,1
1.225716750,0,1
1.225721950,1,1
1.225726950,0,1
1.225727950,0,0
1.225732150,1,0
1.225737200,0,0
1.225738400,0,1
1.225742350,1,1
1.225747400,0,1
1.225748400,0,0
1.225752600,1,0
1.225757650,0,0
1.225762800,1,0
1.225767850,0,0
1.225768300,0,1
1.225773050,1,1
1.225778050,0,1
1.225783250,1,1
1.225788300,0,1
1.225793500,1,1
1.225798500,0,1
1.225803700,1,1
1.225808750,0,1
1.225809750,0,0
1.225813950,1,0
1.225818950,0,0
1.225820150,0,1
1.225824150,1,1
1.225829200,0,1
1.225830200,0,0
1.225834350,1,0
1.225839400,0,0
1.225844600,1,0
1.225849650,0,0
1.225854800,1,0
1.225859850,0,0
1.225860400,0,1
1.228088850,0,0
1.228093050,1,0
1.228099250,1,1
1.229037050,1,0
1.229043050,0,0
1.229048200,1,0
1.229053250,0,0
1.229054500,0,1
1.229058450,1,1
1.229063500,0,1
1.229068650,1,1
1.229073700,0,1
1.229074700,0,0
1.229078900,1,0
1.229083950,0,0
1.229085150,0,1
1.229089150,1,1
1.229094150,0,1
1.229099350,1,1
1.229104400,0,1
1.229109550,1,1
1.229114600,0,1
1.229119800,1,1
1.229124850,0,1
1.229125050,0,0
1.229130000,1,0
1.229135050,0,0
1.230058300,1,0
1.230063250,0,0
1.230063800,0,1
1.230068450,1,1
1.230073500,0,1
1.230078700,1,1
1.230083700,0,1
1.230084000,0,0
1.230088900,1,0
1.230093950,0,0
1.230094350,0,1
1.230099100,1,1
1.230104150,0,1
1.230109350,1,1
1.230114350,0,1
1.230119550,1,1
1.230124600,0,1
1.230124900,0,0
1.230129800,1,0
1.230134800,0,0
1.230140000,1,0
1.230145050,0,0
1.230148250,0,1
1.230150250,1,1
1.230155250,0,1
1.230155500,0,0
1.230160450,1,0
1.230165500,0,0
1.230170650,1,0
1.230175700,0,0
1.230176250,0,1
1.230180900,1,1
1.230185950,0,1
1.230191100,1,1
1.230196150,0,1
1.230201350,1,1
1.230206350,0,1
1.230206650,0,0
1.230211550,1,0
1.230216600,0,0
1.230217000,0,1
1.230221800,1,1
1.230226800,0,1
1.230227800,0,0
1.230232000,1,0
1.230237050,0,0
1.230240250,0,1
1.230242250,1,1
1.230247250,0,1
1.230252450,1,1
1.230257500,0,1
1.230262650,1,1
1.230267700,0,1
1.230267950,0,0
1.230272900,1,0
1.230277950,0,0
1.230283100,1,0
1.230288150,0,0
1.230293350,1,0
1.230298350,0,0
1.230298900,0,1
1.230303550,1,1
1.230308600,0,1
1.230313800,1,1
1.230318800,0,1
1.230319800,0,0
1.230324000,1,0
1.230329050,0,0
1.230334250,1,0
1.230339250,0,0
1.230344450,1,0
1.230349500,0,0
1.230354650,1,0
1.230359700,0,0
1.230364900,1,0
1.230369950,0,0
1.230375100,1,0
1.230380150,0,0
1.230385350,1,0
1.230390350,0,0
1.230395550,1,0
1.230400600,0,0
1.230401000,0,1
1.230405800,1,1
1.230410800,0,1
1.230411800,0,0
1.230416000,1,0
1.230421050,0,0
1.230424250,0,1
1.230426250,1,1
1.230431250,0,1
1.230431500,0,0
1.230436450,1,0
1.230441500,0,0
1.230441900,0,1
1.230446650,1,1
1.230451700,0,1
1.230456900,1,1
1.230461950,0,1
1.230467100,1,1
1.230472150,0,1
1.230472450,0,0
1.230477350,1,0
1.230482350,0,0
1.230482800,0,1
1.230487550,1,1
1.230492600,0,1
1.230492850,0,0
1.230497800,1,0
1.230502800,0,0
1.230508000,1,0
1.230513050,0,0
1.230518250,1,0
1.230523250,0,0
1.230528450,1,0
1.230533500,0,0
1.230534000,0,1
1.230538650,1,1
1.230543700,0,1
1.230543950,0,0
1.230548900,1,0
1.230553950,0,0
1.230559100,1,0
1.230564150,0,0
1.230569350,1,0
1.230574350,0,0
1.230579550,1,0
1.230584600,0,0
1.230589800,1,0
1.230594800,0,0
1.230600000,1,0
1.230605050,0,0
1.230610250,1,0
1.230615250,0,0
1.230620450,1,0
1.230625500,0,0
1.230625900,0,1
1.230630650,1,1
1.230635700,0,1
1.230640900,1,1
1.230645950,0,1
1.230646200,0,0
1.230651100,1,0
1.230656150,0,0
1.230661350,1,0
1.230666350,0,0
1.230666800,0,1
1.230671550,1,1
1.230676600,0,1
1.230681800,1,1
1.230686800,0,1
1.230687800,0,0
1.230692000,1,0
1.230697050,0,0
1.230702250,1,0
1.230707250,0,0
1.230707750,0,1
1.230712450,1,1
1.230717500,0,1
1.230717750,0,0
1.230722650,1,0
1.230727700,0,0
1.230732900,1,0
1.230737900,0,0
1.230743100,1,0
1.230748150,0,0
1.230753350,1,0
1.230758350,0,0
1.230758900,0,1
1.230763550,1,1
1.230768600,0,1
1.230773800,1,1
1.230778800,0,1
1.230779800,0,0
1.230784000,1,0
1.230789050,0,0
1.230794200,1,0
1.230799250,0,0
1.230804450,1,0
1.230809500,0,0
1.230810000,0,1
1.230814650,1,1
1.230819700,0,1
1.230820000,0,0
1.230824900,1,0
1.230829900,0,0
1.230835100,1,0
1.230840150,0,0
1.230845350,1,0
1.230850350,0,0
1.230855550,1,0
1.230860600,0,0
1.230865800,1,0
1.230870800,0,0
1.230876000,1,0
1.230881050,0,0
1.230886200,1,0
1.230891250,0,0
1.230896450,1,0
1.230901500,0,0
1.230901900,0,1
1.230906650,1,1
1.230911700,0,1
1.230916900,1,1
1.230921900,0,1
1.230922250,0,0
1.230927100,1,0
1.230932150,0,0
1.230932600,0,1
1.230937350,1,1
1.230942350,0,1
1.230942650,0,0
1.230947550,1,0
1.230952600,0,0
1.230953000,0,1
1.230957800,1,1
1.230962800,0,1
1.230963800,0,0
1.230968000,1,0
1.230973050,0,0
1.230978200,1,0
1.230983250,0,0
1.230983750,0,1
1.230988450,1,1
1.230993500,0,1
1.230993750,0,0
1.230998650,1,0
1.231003700,0,0
1.231008900,1,0
1.231013900,0,0
1.231019100,1,0
1.231024150,0,0
1.231029350,1,0
1.231034350,0,0
1.231039550,1,0
1.231044600,0,0
1.231045100,0,1
1.231049800,1,1
1.231054800,0,1
1.231055800,0,0
1.231060000,1,0
1.231065050,0,0
1.231070200,1,0
1.231075250,0,0
1.231080450,1,0
1.231085500,0,0
1.231086050,0,1
1.231090650,1,1
1.231095700,0,1
1.231096000,0,0
1.231100900,1,0
1.231105900,0,0
1.231106400,0,1
1.231111100,1,1
1.231116150,0,1
1.231116400,0,0
1.231121350,1,0
1.231126350,0,0
1.231131550,1,0
1.231136600,0,0
1.231137000,0,1
1.231141800,1,1
1.231146800,0,1
1.231147800,0,0
1.231152000,1,0
1.231157050,0,0
1.231162200,1,0
1.231167250,0,0
1.231172450,1,0
1.231177500,0,0
1.231177950,0,1
1.231182650,1,1
1.231187700,0,1
1.231187900,0,0
1.231192900,1,0
1.231197900,0,0
1.231203100,1,0
1.231208150,0,0
1.231213350,1,0
1.231218350,0,0
1.231223550,1,0
1.231228600,0,0
1.231233800,1,0
1.231238800,0,0
1.231244000,1,0
1.231249050,0,0
1.231254200,1,0
1.231259250,0,0
1.231259800,0,1
1.231264450,1,1
1.231269500,0,1
1.231269750,0,0
1.231274650,1,0
1.231279700,0,0
1.231284900,1,0
1.231289900,0,0
1.231295100,1,0
1.231300150,0,0
1.231300600,0,1
1.231305350,1,1
1.231310350,0,1
1.231310550,0,0
1.231315550,1,0
1.231320600,0,0
1.231321100,0,1
1.231325750,1,1
1.231330800,0,1
1.231331800,0,0
1.231336000,1,0
1.231341050,0,0
1.231346200,1,0
1.231351250,0,0
1.231351700,0,1
1.231356450,1,1
1.231361500,0,1
1.231361700,0,0
1.231366650,1,0
1.231371700,0,0
1.231376900,1,0
1.231381900,0,0
1.231387100,1,0
1.231392150,0,0
1.231392650,0,1
1.231397350,1,1
1.231402350,0,1
1.231407550,1,1
1.231412600,0,1
1.231412800,0,0
1.231417800,1,0
1.231422800,0,0
1.231428000,1,0
1.231433050,0,0
1.231438200,1,0
1.231443250,0,0
1.231448450,1,0
1.231453450,0,0
1.231453950,0,1
1.231458650,1,1
1.231463700,0,1
1.231463950,0,0
1.231468900,1,0
1.231473900,0,0
1.231474350,0,1
1.231479100,1,1
1.231484150,0,1
1.231484450,0,0
1.231489350,1,0
1.231494350,0,0
1.231499550,1,0
1.231504600,0,0
1.231509750,1,0
1.231514800,0,0
1.231515300,0,1
1.232951800,0,0
1.232956050,1,0
1.232961000,0,0
1.232966250,1,0
1.232971250,0,0
1.232976450,1,0
1.232981450,0,0
1.232982000,0,1
1.232986650,1,1
1.232991700,0,1
1.232996850,1,1
1.233001900,0,1
1.233002150,0,0
1.233007100,1,0
1.233012150,0,0
1.233017300,1,0
1.233022350,0,0
1.233027550,1,0
1.233032550,0,0
1.233037750,1,0
1.233042800,0,0
1.233048000,1,0
1.233053000,0,0
1.233058200,1,0
1.233063250,0,0
1.233068450,1,0
1.233073450,0,0
1.233073900,0,1
1.233078650,1,1
1.233083700,0,1
1.233088850,1,1
1.233093900,0,1
1.233094200,0,0
1.233099100,1,0
1.233104150,0,0
1.233109300,1,0
1.233114350,0,0
1.233119550,1,0
1.233124550,0,0
1.233129750,1,0
1.233134800,0,0
1.233140000,1,0
1.233145000,0,0
1.233150200,1,0
1.233155250,0,0
1.233160450,1,0
1.233165450,0,0
1.233165950,0,1
1.233170650,1,1
1.233175700,0,1
1.233175900,0,0
1.233180850,1,0
1.233185900,0,0
1.233191100,1,0
1.233196150,0,0
1.233201300,1,0
1.233206350,0,0
1.233211550,1,0
1.233216550,0,0
1.233221750,1,0
1.233226800,0,0
1.233232000,1,0
1.233237000,0,0
1.233242200,1,0
1.233247250,0,0
1.233252450,1,0
1.233257450,0,0
1.233258000,0,1
1.233262650,1,1
1.233267700,0,1
1.233272850,1,1
1.233277900,0,1
1.233278200,0,0
1.233283100,1,0
1.233288150,0,0
1.233293300,1,0
1.233298350,0,0
1.233303550,1,0
1.233308550,0,0
1.233313750,1,0
1.233318800,0,0
1.233324000,1,0
1.233329000,0,0
1.233334200,1,0
1.233339250,0,0
1.233344450,1,0
1.233349450,0,0
1.233349900,0,1
1.233354650,1,1
1.233359700,0,1
1.233364850,1,1
1.233369900,0,1
1.233370250,0,0
1.233375100,1,0
1.233380150,0,0
1.233385300,1,0
1.233390350,0,0
1.233395550,1,0
1.233400550,0,0
1.233401050,0,1
1.233405750,1,1
1.233410800,0,1
1.233411800,0,0
1.233416000,1,0
1.233421000,0,0
1.233426200,1,0
1.233431250,0,0
1.233436450,1,0
1.233441450,0,0
1.233441950,0,1
1.233446650,1,1
1.233451700,0,1
1.233451950,0,0
1.233456850,1,0
1.233461900,0,0
1.233467100,1,0
1.233472150,0,0
1.233477300,1,0
1.233482350,0,0
1.233487550,1,0
1.233492550,0,0
1.233497750,1,0
1.233502800,0,0
1.233508000,1,0
1.233513000,0,0
1.233518200,1,0
1.233523250,0,0
1.233528450,1,0
1.233533450,0,0
1.233533900,0,1
1.233538650,1,1
1.233543700,0,1
1.233548850,1,1
1.233553900,0,1
1.233554200,0,0
1.233559100,1,0
1.233564150,0,0
1.233569300,1,0
1.233574350,0,0
1.233579550,1,0
1.233584550,0,0
1.233589750,1,0
1.233594800,0,0
1.233600000,1,0
1.233605000,0,0
1.233610200,1,0
1.233615250,0,0
1.233620450,1,0
1.233625450,0,0
1.233625950,0,1
1.233630650,1,1
1.233635700,0,1
1.233640850,1,1
1.233645900,0,1
1.233646100,0,0
1.233651100,1,0
1.233656100,0,0
1.233661300,1,0
1.233666350,0,0
1.233666850,0,1
1.233671550,1,1
1.233676550,0,1
1.233676850,0,0
1.233681750,1,0
1.233686800,0,0
1.233692000,1,0
1.233697000,0,0
1.233702200,1,0
1.233707250,0,0
1.233712400,1,0
1.233717450,0,0
1.233718000,0,1
1.233722650,1,1
1.233727700,0,1
1.233727950,0,0
1.233732850,1,0
1.233737900,0,0
1.233743100,1,0
1.233748100,0,0
1.233753300,1,0
1.233758350,0,0
1.233763550,1,0
1.233768550,0,0
1.233773750,1,0
1.233778800,0,0
1.233784000,1,0
1.233789000,0,0
1.233794200,1,0
1.233799250,0,0
1.233804400,1,0
1.233809450,0,0
1.233809900,0,1
1.233814650,1,1
1.233819700,0,1
1.233824850,1,1
1.233829900,0,1
1.233830200,0,0
1.233835100,1,0
1.233840100,0,0
1.233845300,1,0
1.233850350,0,0
1.233855550,1,0
1.233860550,0,0
1.233865750,1,0
1.233870800,0,0
1.233876000,1,0
1.233881000,0,0
1.233886200,1,0
1.233891250,0,0
1.233896400,1,0
1.233901450,0,0
1.233901950,0,1
1.233906650,1,1
1.233911700,0,1
1.233916850,1,1
1.233921900,0,1
1.233922150,0,0
1.233927100,1,0
1.233932100,0,0
1.233937300,1,0
1.233942350,0,0
1.233942850,0,1
1.233947550,1,1
1.233952550,0,1
1.233957750,1,1
1.233962800,0,1
1.233963800,0,0
1.233968000,1,0
1.233973000,0,0
1.233978200,1,0
1.233983250,0,0
1.233988400,1,0
1.233993450,0,0
1.233994000,0,1
1.233998650,1,1
1.234003700,0,1
1.234004000,0,0
1.234008850,1,0
1.234013900,0,0
1.234014350,0,1
1.234019100,1,1
1.234024100,0,1
1.234024400,0,0
1.234029300,1,0
1.234034350,0,0
1.234039550,1,0
1.234044550,0,0
1.234045000,0,1
1.234049750,1,1
1.234054800,0,1
1.234055800,0,0
1.234060000,1,0
1.234065000,0,0
1.234070200,1,0
1.234075250,0,0
1.234080400,1,0
1.234085450,0,0
1.234085900,0,1
1.234090650,1,1
1.234095700,0,1
1.234095900,0,0
1.234100850,1,0
1.234105900,0,0
1.234111100,1,0
1.234116100,0,0
1.234121300,1,0
1.234126350,0,0
1.234131550,1,0
1.234136550,0,0
1.234141750,1,0
1.234146800,0,0
1.234152000,1,0
1.234157000,0,0
1.234162200,1,0
1.234167250,0,0
1.234167800,0,1
1.234172400,1,1
1.234177450,0,1
1.234177750,0,0
1.234182650,1,0
1.234187700,0,0
1.234192850,1,0
1.234197900,0,0
1.234203100,1,0
1.234208100,0,0
1.234208550,0,1
1.234213300,1,1
1.234218350,0,1
1.234223550,1,1
1.234228550,0,1
1.234228900,0,0
1.234233750,1,0
1.234238800,0,0
1.234244000,1,0
1.234249000,0,0
1.234254200,1,0
1.234259250,0,0
1.234264400,1,0
1.234269450,0,0
1.234269900,0,1
1.234274650,1,1
1.234279700,0,1
1.234284850,1,1
1.234289900,0,1
1.234290200,0,0
1.234295100,1,0
1.234300100,0,0
1.234305300,1,0
1.234310350,0,0
1.234315550,1,0
1.234320550,0,0
1.234325750,1,0
1.234330800,0,0
1.234336000,1,0
1.234341000,0,0
1.234344250,0,1
1.234346200,1,1
1.234351250,0,1
1.234351500,0,0
1.234356400,1,0
1.234361450,0,0
1.234366650,1,0
1.234371650,0,0
1.234376850,1,0
1.234381900,0,0
1.234387100,1,0
1.234392100,0,0
1.234397300,1,0
1.234402350,0,0
1.234402850,0,1
1.234407550,1,1
1.234412550,0,1
1.234412850,0,0
1.234417750,1,0
1.234422800,0,0
1.234423250,0,1
1.235908750,0,0
1.235913000,1,0
1.235918000,0,0
1.235923200,1,0
1.235928200,0,0
1.235928650,0,1
1.235933400,1,1
1.235938450,0,1
1.235943650,1,1
1.235948650,0,1
1.235948950,0,0
1.235953850,1,0
1.235958900,0,0
1.235959350,0,1
1.235964050,1,1
1.235969100,0,1
1.235974300,1,1
1.235979350,0,1
1.235984500,1,1
1.235989550,0,1
1.235989750,0,0
1.235994750,1,0
1.235999750,0,0
1.236004950,1,0
1.236010000,0,0
1.236013200,0,1
1.236015200,1,1
1.236020200,0,1
1.236020500,0,0
1.236025400,1,0
1.236030450,0,0
1.236035650,1,0
1.236040650,0,0
1.236041100,0,1
1.236045850,1,1
1.236050900,0,1
1.236056050,1,1
1.236061100,0,1
1.236066300,1,1
1.236071350,0,1
1.236071600,0,0
1.236076500,1,0
1.236081550,0,0
1.236082000,0,1
1.236086750,1,1
1.236091750,0,1
1.236092750,0,0
1.236096950,1,0
1.236102000,0,0
1.236105200,0,1
1.236107200,1,1
1.236112200,0,1
1.236117400,1,1
1.236122450,0,1
1.236127650,1,1
1.236132650,0,1
1.236132950,0,0
1.236137850,1,0
1.236142900,0,0
1.236148050,1,0
1.236153100,0,0
1.236158300,1,0
1.236163350,0,0
1.236163750,0,1
1.236168500,1,1
1.236173550,0,1
1.236178750,1,1
1.236183750,0,1
1.236184750,0,0
1.236188950,1,0
1.236194000,0,0
1.236199200,1,0
1.236204200,0,0
1.236209400,1,0
1.236214450,0,0
1.236219650,1,0
1.236224650,0,0
1.236229850,1,0
1.236234900,0,0
1.236240050,1,0
1.236245100,0,0
1.236250300,1,0
1.236255350,0,0
1.236260500,1,0
1.236265550,0,0
1.236266000,0,1
1.236270750,1,1
1.236275750,0,1
1.236276750,0,0
1.236280950,1,0
1.236286000,0,0
1.236289200,0,1
1.236291200,1,1
1.236296200,0,1
1.236296500,0,0
1.236301400,1,0
1.236306450,0,0
1.236306900,0,1
1.236311650,1,1
1.236316650,0,1
1.236321850,1,1
1.236326900,0,1
1.236332050,1,1
1.236337100,0,1
1.236337450,0,0
1.236342300,1,0
1.236347350,0,0
1.236347800,0,1
1.236352500,1,1
1.236357550,0,1
1.236357850,0,0
1.236362750,1,0
1.236367750,0,0
1.236372950,1,0
1.236378000,0,0
1.236383200,1,0
1.236388200,0,0
1.236393400,1,0
1.236398450,0,0
1.236398950,0,1
1.236403600,1,1
1.236408650,0,1
1.236408950,0,0
1.236413850,1,0
1.236418900,0,0
1.236424050,1,0
1.236429100,0,0
1.236434300,1,0
1.236439350,0,0
1.236444500,1,0
1.236449550,0,0
1.236454750,1,0
1.236459750,0,0
1.236464950,1,0
1.236470000,0,0
1.236475200,1,0
1.236480200,0,0
1.236485400,1,0
1.236490450,0,0
1.236490900,0,1
1.236495600,1,1
1.236500650,0,1
1.236505850,1,1
1.236510900,0,1
1.236511200,0,0
1.236516050,1,0
1.236521100,0,0
1.236526300,1,0
1.236531300,0,0
1.236531800,0,1
1.236536500,1,1
1.236541550,0,1
1.236546750,1,1
1.236551750,0,1
1.236552750,0,0
1.236556950,1,0
1.236562000,0,0
1.236567200,1,0
1.236572200,0,0
1.236572750,0,1
1.236577400,1,1
1.236582450,0,1
1.236582700,0,0
1.236587600,1,0
1.236592650,0,0
1.236597850,1,0
1.236602900,0,0
1.236608050,1,0
1.236613100,0,0
1.236618300,1,0
1.236623300,0,0
1.236623850,0,1
1.236628500,1,1
1.236633550,0,1
1.236638750,1,1
1.236643750,0,1
1.238738000,1,1
1.238742950,0,1
1.238743950,0,0
1.238748200,1,0
1.238754400,1,1
1.238768200,1,0
1.238774200,0,0
1.238775400,0,1
1.238779350,1,1
1.238784400,0,1
1.238785400,0,0
1.238789600,1,0
1.238794650,0,0
1.238795850,0,1
1.238799850,1,1
1.238804850,0,1
1.238805850,0,0
1.238810050,1,0
1.238815100,0,0
1.238816300,0,1
1.238820250,1,1
1.238825300,0,1
1.238826300,0,0
1.238830500,1,0
1.238835550,0,0
1.238840700,1,0
1.238845750,0,0
1.238850950,1,0
1.238855950,0,0
1.238861150,1,0
1.238866200,0,0
1.238871400,1,0
1.238876400,0,0
1.238877650,0,1
1.238881600,1,1
1.238886650,0,1
1.238887650,0,0
1.238891850,1,0
1.238896850,0,0
1.238902050,1,0
1.238907100,0,0
1.238912250,1,0
1.238917300,0,0
1.238922500,1,0
1.238927550,0,0
1.238932700,1,0
1.238937750,0,0
1.238942950,1,0
1.238947950,0,0
1.238953150,1,0
1.238958200,0,0
1.238958850,0,1
1.238963400,1,1
1.238970400,1,0
1.238976400,0,0
1.238977600,0,1
1.238981600,1,1
1.238986650,0,1
1.238987650,0,0
1.238991800,1,0
1.238996850,0,0
1.238998050,0,1
1.239002050,1,1
1.239007100,0,1
1.239008100,0,0
1.239012250,1,0
1.239017300,0,0
1.239018500,0,1
1.239022500,1,1
1.239027550,0,1
1.239028550,0,0
1.239032700,1,0
1.239037750,0,0
1.239042950,1,0
1.239047950,0,0
1.239049200,0,1
1.239053150,1,1
1.239058200,0,1
1.239058650,0,0
1.239063400,1,0
1.239068400,0,0
1.239073600,1,0
1.239078650,0,0
1.239083850,1,0
1.239088850,0,0
1.239094050,1,0
1.239099100,0,0
1.239104250,1,0
1.239109300,0,0
1.239110000,0,1
1.239114500,1,1
1.239119550,0,1
1.239124700,1,1
1.239129750,0,1
1.239134950,1,1
1.239139950,0,1
1.239145150,1,1
1.239150200,0,1
1.239155400,1,1
1.239160400,0,1
1.239161400,0,0
1.239165600,1,0
1.239171850,1,1
1.239259650,1,0
1.239265650,0,0
1.239266800,0,1
1.239270800,1,1
1.239275850,0,1
1.239276850,0,0
1.239281050,1,0
1.239286100,0,0
1.239287300,0,1
1.239291250,1,1
1.239296300,0,1
1.239297300,0,0
1.239301500,1,0
1.239306550,0,0
1.239307750,0,1
1.239311700,1,1
1.239316750,0,1
1.239317750,0,0
1.239321950,1,0
1.239326950,0,0
1.239332150,1,0
1.239337200,0,0
1.239342400,1,0
1.239347400,0,0
1.239352600,1,0
1.239357650,0,0
1.239362850,1,0
1.239367850,0,0
1.239369100,0,1
1.239373050,1,1
1.239378100,0,1
1.239379100,0,0
1.239383250,1,0
1.239388300,0,0
1.239389500,0,1
1.239393500,1,1
1.239398550,0,1
1.239399500,0,0
1.239403700,1,0
1.239408750,0,0
1.239413950,1,0
1.239418950,0,0
1.239424150,1,0
1.239429200,0,0
1.239434400,1,0
1.239439400,0,0
1.239444600,1,0
1.239449650,0,0
1.239450250,0,1
1.239454800,1,1
1.239461850,1,0
1.239467850,0,0
1.239469050,0,1
1.239473050,1,1
1.239478100,0,1
1.239479100,0,0
1.239483250,1,0
1.239488300,0,0
1.239489500,0,1
1.239493500,1,1
1.239498500,0,1
1.239499500,0,0
1.239503700,1,0
1.239508750,0,0
1.239509950,0,1
1.239513950,1,1
1.239518950,0,1
1.239519950,0,0
1.239524150,1,0
1.239529200,0,0
1.239534400,1,0
1.239539400,0,0
1.239540650,0,1
1.239544600,1,1
1.239549650,0,1
1.239550050,0,0
1.239554800,1,0
1.239559850,0,0
1.239565050,1,0
1.239570100,0,0
1.239575250,1,0
1.239580300,0,0
1.239585500,1,0
1.239590500,0,0
1.239595700,1,0
1.239600750,0,0
1.239605950,1,0
1.239610950,0,0
1.239616150,1,0
1.239621200,0,0
1.239626400,1,0
1.239631400,0,0
1.239636600,1,0
1.239641650,0,0
1.239646800,1,0
1.239651850,0,0
1.239655100,0,1
1.239657050,1,1
1.239662100,0,1
1.239662500,0,0
1.239667250,1,0
1.239672300,0,0
1.239677500,1,0
1.239682500,0,0
1.239687700,1,0
1.239692750,0,0
1.239697950,1,0
1.239702950,0,0
1.239708150,1,0
1.239713200,0,0
1.239718400,1,0
1.239723400,0,0
1.239728600,1,0
1.239733650,0,0
1.239738800,1,0
1.239743850,0,0
1.239749050,1,0
1.239754100,0,0
1.239759250,1,0
1.239764300,0,0
1.239769500,1,0
1.239774500,0,0
1.239779700,1,0
1.239784750,0,0
1.239789950,1,0
1.239794950,0,0
1.239800150,1,0
1.239805200,0,0
1.239810400,1,0
1.239815400,0,0
1.239820600,1,0
1.239825650,0,0
1.239830800,1,0
1.239835850,0,0
1.239839100,0,1
1.239841050,1,1
1.239846100,0,1
1.239846550,0,0
1.239851250,1,0
1.239856300,0,0
1.239861500,1,0
1.239866500,0,0
1.239871700,1,0
1.239876750,0,0
1.239881950,1,0
1.239886950,0,0
1.239892150,1,0
1.239897200,0,0
1.239902400,1,0
1.239907400,0,0
1.239912600,1,0
1.239917650,0,0
1.239922800,1,0
1.239927850,0,0
1.239933050,1,0
1.239938100,0,0
1.239943250,1,0
1.239948300,0,0
1.239953500,1,0
1.239958500,0,0
1.239963700,1,0
1.239968750,0,0
1.239973950,1,0
1.239978950,0,0
1.239984150,1,0
1.239989200,0,0
1.239994400,1,0
1.239999400,0,0
1.240004600,1,0
1.240009650,0,0
1.240014800,1,0
1.240019850,0,0
1.240023100,0,1
1.240025050,1,1
1.240030100,0,1
1.240030500,0,0
1.240035250,1,0
1.240040300,0,0
1.240045500,1,0
1.240050500,0,0
1.240055700,1,0
1.240060750,0,0
1.240065950,1,0
1.240070950,0,0
1.240076150,1,0
1.240081200,0,0
1.240086400,1,0
1.240091400,0,0
1.240096600,1,0
1.240101650,0,0
1.240102300,0,1
1.240106800,1,1
1.240111850,0,1
1.240112850,0,0
1.240117050,1,0
1.240123300,1,1
1.241607050,1,0
1.241613050,0,0
1.241618200,1,0
1.241623300,0,0
1.241624500,0,1
1.241628450,1,1
1.241633500,0,1
1.241638700,1,1
1.241643750,0,1
1.241644750,0,0
1.241648900,1,0
1.241653950,0,0
1.241655150,0,1
1.241659150,1,1
1.241664150,0,1
1.241669350,1,1
1.241674400,0,1
1.241679600,1,1
1.241684600,0,1
1.241685600,0,0
1.241689800,1,0
1.241694850,0,0
1.241700050,1,0
1.241705050,0,0
1.241705500,0,1
1.242654050,0,0
1.242658300,1,0
1.242663300,0,0
1.242664500,0,1
1.242668500,1,1
1.242673500,0,1
1.242674500,0,0
1.242678700,1,0
1.242683700,0,0
1.242684950,0,1
1.242688900,1,1
1.242693950,0,1
1.242694950,0,0
1.242699150,1,0
1.242704150,0,0
1.242709350,1,0
1.242714400,0,0
1.242719600,1,0
1.242724600,0,0
1.242725850,0,1
1.242729800,1,1
1.242734850,0,1
1.242735050,0,0
1.242740000,1,0
1.242745050,0,0
1.242745550,0,1
1.242750250,1,1
1.242755300,0,1
1.242756300,0,0
1.242760450,1,0
1.242765500,0,0
1.242770700,1,0
1.242775700,0,0
1.242780900,1,0
1.242785950,0,0
1.242791150,1,0
1.242796150,0,0
1.242801350,1,0
1.242806400,0,0
1.242807650,0,1
1.242811600,1,1
1.242816600,0,1
1.242821800,1,1
1.242826850,0,1
1.242827100,0,0
1.242832000,1,0
1.242837050,0,0
1.242837450,0,1
1.242842250,1,1
1.242847300,0,1
1.242852450,1,1
1.242857500,0,1
1.242862700,1,1
1.242867700,0,1
1.242872900,1,1
1.242877950,0,1
1.242878950,0,0
1.242883150,1,0
1.242888150,0,0
1.242893350,1,0
1.242898400,0,0
1.242899600,0,1
1.242903550,1,1
1.242908600,0,1
1.242913800,1,1
1.242918850,0,1
1.242919150,0,0
1.242924000,1,0
1.242929050,0,0
1.242934250,1,0
1.242939300,0,0
1.242944450,1,0
1.242949500,0,0
1.242954700,1,0
1.242959700,0,0
1.242964900,1,0
1.242969950,0,0
1.242975150,1,0
1.242980150,0,0
1.242985350,1,0
1.242990400,0,0
1.242995600,1,0
1.243000600,0,0
1.243001850,0,1
1.243005800,1,1
1.243010850,0,1
1.243011050,0,0
1.243016000,1,0
1.243021050,0,0
1.243021450,0,1
1.243026250,1,1
1.243031300,0,1
1.243036450,1,1
1.243041500,0,1
1.243042500,0,0
1.243046700,1,0
1.243051700,0,0
1.243052900,0,1
1.243056900,1,1
1.243061950,0,1
1.243062950,0,0
1.243067150,1,0
1.243072150,0,0
1.243073400,0,1
1.243077350,1,1
1.243082400,0,1
1.243083400,0,0
1.243087600,1,0
1.243092600,0,0
1.243097800,1,0
1.243102850,0,0
1.243108000,1,0
1.243113050,0,0
1.243113500,0,1
1.243118250,1,1
1.243123250,0,1
1.243124250,0,0
1.243128450,1,0
1.243133500,0,0
1.243138700,1,0
1.243143700,0,0
1.243144950,0,1
1.243148900,1,1
1.243153950,0,1
1.243159150,1,1
1.243164150,0,1
1.243165150,0,0
1.243169350,1,0
1.243174400,0,0
1.243175600,0,1
1.243179550,1,1
1.243184600,0,1
1.243185600,0,0
1.243189800,1,0
1.243194850,0,0
1.243200000,1,0
1.243205050,0,0
1.243205550,0,1
1.245435050,0,0
1.245439250,1,0
1.245445450,1,1
1.246385250,1,0
1.246391250,0,0
1.246396400,1,0
1.246401450,0,0
1.246402700,0,1
1.246406650,1,1
1.246411700,0,1
1.246416900,1,1
1.246421900,0,1
1.246422900,0,0
1.246427100,1,0
1.246432150,0,0
1.246433350,0,1
1.246437350,1,1
1.246442350,0,1
1.246447550,1,1
1.246452600,0,1
1.246457750,1,1
1.246462800,0,1
1.246468000,1,1
1.246473050,0,1
1.246473300,0,0
1.246478200,1,0
1.246483250,0,0
1.247396500,1,0
1.247401450,0,0
1.247401900,0,1
1.247406650,1,1
1.247411700,0,1
1.247416900,1,1
1.247421900,0,1
1.247422200,0,0
1.247427100,1,0
1.247432150,0,0
1.247432550,0,1
1.247437300,1,1
1.247442350,0,1
1.247447550,1,1
1.247452550,0,1
1.247457750,1,1
1.247462800,0,1
1.247463100,0,0
1.247468000,1,0
1.247473000,0,0
1.247478200,1,0
1.247483250,0,0
1.247486450,0,1
1.247488450,1,1
1.247493450,0,1
1.247493700,0,0
1.247498650,1,0
1.247503700,0,0
1.247508900,1,0
1.247513900,0,0
1.247514300,0,1
1.247519100,1,1
1.247524150,0,1
1.247529300,1,1
1.247534350,0,1
1.247539550,1,1
1.247544550,0,1
1.247544850,0,0
1.247549750,1,0
1.247554800,0,0
1.247555200,0,1
1.247560000,1,1
1.247565000,0,1
1.247566000,0,0
1.247570200,1,0
1.247575250,0,0
1.247578450,0,1
1.247580450,1,1
1.247585450,0,1
1.247590650,1,1
1.247595700,0,1
1.247600850,1,1
1.247605900,0,1
1.247606150,0,0
1.247611100,1,0
1.247616150,0,0
1.247621300,1,0
1.247626350,0,0
1.247631550,1,0
1.247636550,0,0
1.247637100,0,1
1.247641750,1,1
1.247646800,0,1
1.247652000,1,1
1.247657000,0,1
1.247658000,0,0
1.247662200,1,0
1.247667250,0,0
1.247672450,1,0
1.247677450,0,0
1.247682650,1,0
1.247687700,0,0
1.247692850,1,0
1.247697900,0,0
1.247703100,1,0
1.247708150,0,0
1.247713300,1,0
1.247718350,0,0
1.247723550,1,0
1.247728550,0,0
1.247733750,1,0
1.247738800,0,0
1.247739200,0,1
1.247744000,1,1
1.247749000,0,1
1.247750000,0,0
1.247754200,1,0
1.247759250,0,0
1.247762450,0,1
1.247764450,1,1
1.247769450,0,1
1.247774650,1,1
1.247779700,0,1
1.247779950,0,0
1.247784850,1,0
1.247789900,0,0
1.247790300,0,1
1.247795100,1,1
1.247800150,0,1
1.247800300,0,0
1.247805300,1,0
1.247810350,0,0
1.247810850,0,1
1.247815550,1,1
1.247820550,0,1
1.247820850,0,0
1.247825750,1,0
1.247830800,0,0
1.247836000,1,0
1.247841000,0,0
1.247846200,1,0
1.247851250,0,0
1.247856450,1,0
1.247861450,0,0
1.247866650,1,0
1.247871700,0,0
1.247872200,0,1
1.247876850,1,1
1.247881900,0,1
1.247882200,0,0
1.247887100,1,0
1.247892150,0,0
1.247892550,0,1
1.247897300,1,1
1.247902350,0,1
1.247902550,0,0
1.247907550,1,0
1.247912550,0,0
1.247917750,1,0
1.247922800,0,0
1.247928000,1,0
1.247933000,0,0
1.247938200,1,0
1.247943250,0,0
1.247948450,1,0
1.247953450,0,0
1.247958650,1,0
1.247963700,0,0
1.247964100,0,1
1.247968850,1,1
1.247973900,0,1
1.247979100,1,1
1.247984150,0,1
1.247984450,0,0
1.247989300,1,0
1.247994350,0,0
1.247999550,1,0
1.248004550,0,0
1.248009750,1,0
1.248014800,0,0
1.248020000,1,0
1.248025000,0,0
1.248030200,1,0
1.248035250,0,0
1.248040450,1,0
1.248045450,0,0
1.248050650,1,0
1.248055700,0,0
1.248056150,0,1
1.248060850,1,1
1.248065900,0,1
1.248071100,1,1
1.248076150,0,1
1.248076350,0,0
1.248081300,1,0
1.248086350,0,0
1.248091550,1,0
1.248096550,0,0
1.248101750,1,0
1.248106800,0,0
1.248112000,1,0
1.248117000,0,0
1.248122200,1,0
1.248127250,0,0
1.248132450,1,0
1.248137450,0,0
1.248142650,1,0
1.248147700,0,0
1.248148200,0,1
1.248152850,1,1
1.248157900,0,1
1.248158200,0,0
1.248163100,1,0
1.248168100,0,0
1.248173300,1,0
1.248178350,0,0
1.248183550,1,0
1.248188550,0,0
1.248193750,1,0
1.248198800,0,0
1.248204000,1,0
1.248209000,0,0
1.248214200,1,0
1.248219250,0,0
1.248224450,1,0
1.248229450,0,0
1.248234650,1,0
1.248239700,0,0
1.248240150,0,1
1.248244850,1,1
1.248249900,0,1
1.248255100,1,1
1.248260100,0,1
1.248260450,0,0
1.248265300,1,0
1.248270350,0,0
1.248275550,1,0
1.248280550,0,0
1.248285750,1,0
1.248290800,0,0
1.248296000,1,0
1.248301000,0,0
1.248306200,1,0
1.248311250,0,0
1.248316400,1,0
1.248321450,0,0
1.248326650,1,0
1.248331700,0,0
1.248332200,0,1
1.248336850,1,1
1.248341900,0,1
1.248347100,1,1
1.248352100,0,1
1.248352350,0,0
1.248357300,1,0
1.248362350,0,0
1.248367550,1,0
1.248372550,0,0
1.248377750,1,0
1.248382800,0,0
1.248383300,0,1
1.248388000,1,1
1.248393000,0,1
1.248394000,0,0
1.248398200,1,0
1.248403250,0,0
1.248408400,1,0
1.248413450,0,0
1.248418650,1,0
1.248423700,0,0
1.248424100,0,1
1.248428850,1,1
1.248433900,0,1
1.248434200,0,0
1.248439100,1,0
1.248444100,0,0
1.248449300,1,0
1.248454350,0,0
1.248459550,1,0
1.248464550,0,0
1.248469750,1,0
1.248474800,0,0
1.248480000,1,0
1.248485000,0,0
1.248490200,1,0
1.248495250,0,0
1.248500400,1,0
1.248505450,0,0
1.248510650,1,0
1.248515700,0,0
1.248516150,0,1
1.248520850,1,1
1.248525900,0,1
1.248531100,1,1
1.248536100,0,1
1.248536350,0,0
1.248541300,1,0
1.248546350,0,0
1.248551550,1,0
1.248556550,0,0
1.248561750,1,0
1.248566800,0,0
1.248572000,1,0
1.248577000,0,0
1.248582200,1,0
1.248587250,0,0
1.248592400,1,0
1.248597450,0,0
1.248602650,1,0
1.248607700,0,0
1.248608200,0,1
1.248612850,1,1
1.248617900,0,1
1.248623100,1,1
1.248628100,0,1
1.248628400,0,0
1.248633300,1,0
1.248638350,0,0
1.248643550,1,0
1.248648550,0,0
1.248649000,0,1
1.248653750,1,1
1.248658800,0,1
1.248659100,0,0
1.248664000,1,0
1.248669000,0,0
1.248674200,1,0
1.248679250,0,0
1.248684400,1,0
1.248689450,0,0
1.248694650,1,0
1.248699700,0,0
1.248700100,0,1
1.248704850,1,1
1.248709900,0,1
1.248710100,0,0
1.248715100,1,0
1.248720100,0,0
1.248725300,1,0
1.248730350,0,0
1.248735550,1,0
1.248740550,0,0
1.248745750,1,0
1.248750800,0,0
1.248756000,1,0
1.248761000,0,0
1.248766200,1,0
1.248771250,0,0
1.248776400,1,0
1.248781450,0,0
1.248786650,1,0
1.248791700,0,0
1.248792150,0,1
1.248796850,1,1
1.248801900,0,1
1.248807100,1,1
1.248812100,0,1
1.248812350,0,0
1.248817300,1,0
1.248822350,0,0
1.248827550,1,0
1.248832550,0,0
1.248837750,1,0
1.248842800,0,0
1.248848000,1,0
1.248853000,0,0
1.248853500,0,1
1.250273000,0,0
1.250277250,1,0
1.250282200,0,0
1.250287450,1,0
1.250292450,0,0
1.250297650,1,0
1.250302650,0,0
1.250303150,0,1
1.250307850,1,1
1.250312900,0,1
1.250318100,1,1
1.250323100,0,1
1.250323350,0,0
1.250328300,1,0
1.250333350,0,0
1.250338500,1,0
1.250343550,0,0
1.250344050,0,1
1.250348750,1,1
1.250353800,0,1
1.250358950,1,1
1.250364000,0,1
1.250365000,0,0
1.250369200,1,0
1.250374200,0,0
1.250379400,1,0
1.250384450,0,0
1.250389650,1,0
1.250394650,0,0
1.250395200,0,1
1.250399850,1,1
1.250404900,0,1
1.250405200,0,0
1.250410050,1,0
1.250415100,0,0
1.250420300,1,0
1.250425350,0,0
1.250430500,1,0
1.250435550,0,0
1.250440750,1,0
1.250445750,0,0
1.250450950,1,0
1.250456000,0,0
1.250461200,1,0
1.250466200,0,0
1.250471400,1,0
1.250476450,0,0
1.250481650,1,0
1.250486650,0,0
1.250487100,0,1
1.250491850,1,1
1.250496900,0,1
1.250502050,1,1
1.250507100,0,1
1.250507450,0,0
1.250512300,1,0
1.250517350,0,0
1.250522500,1,0
1.250527550,0,0
1.250532750,1,0
1.250537750,0,0
1.250542950,1,0
1.250548000,0,0
1.250553200,1,0
1.250558200,0,0
1.250563400,1,0
1.250568450,0,0
1.250573650,1,0
1.250578650,0,0
1.250579150,0,1
1.250583850,1,1
1.250588900,0,1
1.250594050,1,1
1.250599100,0,1
1.250599350,0,0
1.250604300,1,0
1.250609350,0,0
1.250609750,0,1
1.250614500,1,1
1.250619550,0,1
1.250619900,0,0
1.250624750,1,0
1.250629750,0,0
1.250634950,1,0
1.250640000,0,0
1.250645200,1,0
1.250650200,0,0
1.250655400,1,0
1.250660450,0,0
1.250665650,1,0
1.250670650,0,0
1.250671100,0,1
1.250675850,1,1
1.250680900,0,1
1.250681200,0,0
1.250686050,1,0
1.250691100,0,0
1.250691600,0,1
1.250696300,1,1
1.250701350,0,1
1.250701600,0,0
1.250706500,1,0
1.250711550,0,0
1.250716750,1,0
1.250721750,0,0
1.250722200,0,1
1.250726950,1,1
1.250732000,0,1
1.250733000,0,0
1.250737200,1,0
1.250742200,0,0
1.250747400,1,0
1.250752450,0,0
1.250757650,1,0
1.250762650,0,0
1.250763150,0,1
1.250767850,1,1
1.250772900,0,1
1.250773100,0,0
1.250778050,1,0
1.250783100,0,0
1.250788300,1,0
1.250793350,0,0
1.250798500,1,0
1.250803550,0,0
1.250808750,1,0
1.250813750,0,0
1.250818950,1,0
1.250824000,0,0
1.250829200,1,0
1.250834200,0,0
1.250839400,1,0
1.250844450,0,0
1.250844850,0,1
1.250849650,1,1
1.250854650,0,1
1.250854950,0,0
1.250859850,1,0
1.250864900,0,0
1.250870050,1,0
1.250875100,0,0
1.250880300,1,0
1.250885350,0,0
1.250885800,0,1
1.250890500,1,1
1.250895550,0,1
1.250900750,1,1
1.250905750,0,1
1.250906100,0,0
1.250910950,1,0
1.250916000,0,0
1.250921200,1,0
1.250926200,0,0
1.250931400,1,0
1.250936450,0,0
1.250941650,1,0
1.250946650,0,0
1.250947100,0,1
1.250951850,1,1
1.250956900,0,1
1.250962050,1,1
1.250967100,0,1
1.250967400,0,0
1.250972300,1,0
1.250977350,0,0
1.250977800,0,1
1.250982500,1,1
1.250987550,0,1
1.250992750,1,1
1.250997750,0,1
1.250998000,0,0
1.251002950,1,0
1.251008000,0,0
1.251013200,1,0
1.251018200,0,0
1.251023400,1,0
1.251028450,0,0
1.251033650,1,0
1.251038650,0,0
1.251039150,0,1
1.251043850,1,1
1.251048900,0,1
1.251049150,0,0
1.251054050,1,0
1.251059100,0,0
1.251059550,0,1
1.251064300,1,1
1.251069350,0,1
1.251069550,0,0
1.251074500,1,0
1.251079550,0,0
1.251084750,1,0
1.251089750,0,0
1.251094950,1,0
1.251100000,0,0
1.251105200,1,0
1.251110200,0,0
1.251115400,1,0
1.251120450,0,0
1.251125650,1,0
1.251130650,0,0
1.251131200,0,1
1.251135850,1,1
1.251140900,0,1
1.251146050,1,1
1.251151100,0,1
1.251151400,0,0
1.251156300,1,0
1.251161300,0,0
1.251166500,1,0
1.251171550,0,0
1.251176750,1,0
1.251181750,0,0
1.251186950,1,0
1.251192000,0,0
1.251197200,1,0
1.251202200,0,0
1.251207400,1,0
1.251212450,0,0
1.251217650,1,0
1.251222650,0,0
1.251223100,0,1
1.251227850,1,1
1.251232900,0,1
1.251238050,1,1
1.251243100,0,1
1.251243300,0,0
1.251248300,1,0
1.251253300,0,0
1.251258500,1,0
1.251263550,0,0
1.251268750,1,0
1.251273750,0,0
1.251278950,1,0
1.251284000,0,0
1.251289200,1,0
1.251294200,0,0
1.251299400,1,0
1.251304450,0,0
1.251309600,1,0
1.251314650,0,0
1.251315200,0,1
1.251319850,1,1
1.251324900,0,1
1.251325150,0,0
1.251330050,1,0
1.251335100,0,0
1.251340300,1,0
1.251345300,0,0
1.251350500,1,0
1.251355550,0,0
1.251360750,1,0
1.251365750,0,0
1.251370950,1,0
1.251376000,0,0
1.251381200,1,0
1.251386200,0,0
1.251391400,1,0
1.251396450,0,0
1.251401600,1,0
1.251406650,0,0
1.251407100,0,1
1.251411850,1,1
1.251416900,0,1
1.251422050,1,1
1.251427100,0,1
1.251427400,0,0
1.251432300,1,0
1.251437300,0,0
1.251442500,1,0
1.251447550,0,0
1.251452750,1,0
1.251457750,0,0
1.251462950,1,0
1.251468000,0,0
1.251473200,1,0
1.251478200,0,0
1.251483400,1,0
1.251488450,0,0
1.251493600,1,0
1.251498650,0,0
1.251499150,0,1
1.251503850,1,1
1.251508900,0,1
1.251514050,1,1
1.251519100,0,1
1.251519300,0,0
1.251524300,1,0
1.251529300,0,0
1.251534500,1,0
1.251539550,0,0
1.251544750,1,0
1.251549750,0,0
1.251550250,0,1
1.251554950,1,1
1.251560000,0,1
1.251561000,0,0
1.251565200,1,0
1.251570200,0,0
1.251575400,1,0
1.251580450,0,0
1.251585600,1,0
1.251590650,0,0
1.251591200,0,1
1.251595850,1,1
1.251600900,0,1
1.251601150,0,0
1.251606050,1,0
1.251611100,0,0
1.251616300,1,0
1.251621300,0,0
1.251626500,1,0
1.251631550,0,0
1.251636750,1,0
1.251641750,0,0
1.251646950,1,0
1.251652000,0,0
1.251657200,1,0
1.251662200,0,0
1.251665450,0,1
1.251667400,1,1
1.251672450,0,1
1.251677600,1,1
1.251682650,0,1
1.251687850,1,1
1.251692900,0,1
1.251693100,0,0
1.251698050,1,0
1.251703100,0,0
1.251703600,0,1
1.251708300,1,1
1.251713300,0,1
1.251713600,0,0
1.251718500,1,0
1.251723550,0,0
1.251728750,1,0
1.251733750,0,0
1.251734200,0,1
1.251738950,1,1
1.251744000,0,1
1.253163000,0,0
1.253167200,1,0
1.253172200,0,0
1.253177400,1,0
1.253182400,0,0
1.253182900,0,1
1.253187600,1,1
1.253192650,0,1
1.253197850,1,1
1.253202850,0,1
1.253203100,0,0
1.253208050,1,0
1.253213100,0,0
1.253213450,0,1
1.253218250,1,1
1.253223300,0,1
1.253228500,1,1
1.253233550,0,1
1.253238700,1,1
1.253243750,0,1
1.253244000,0,0
1.253248950,1,0
1.253254000,0,0
1.253259150,1,0
1.253264200,0,0
1.253267450,0,1
1.253269400,1,1
1.253274400,0,1
1.253274750,0,0
1.253279600,1,0
1.253284650,0,0
1.253289850,1,0
1.253294850,0,0
1.253295350,0,1
1.253300050,1,1
1.253305100,0,1
1.253310250,1,1
1.253315300,0,1
1.253320500,1,1
1.253325550,0,1
1.253325750,0,0
1.253330700,1,0
1.253335750,0,0
1.253336250,0,1
1.253340950,1,1
1.253345950,0,1
1.253346950,0,0
1.253351150,1,0
1.253356200,0,0
1.253359400,0,1
1.253361400,1,1
1.253366400,0,1
1.253371600,1,1
1.253376650,0,1
1.253381850,1,1
1.253386850,0,1
1.253387200,0,0
1.253392050,1,0
1.253397100,0,0
1.253402250,1,0
1.253407300,0,0
1.253412500,1,0
1.253417550,0,0
1.253418000,0,1
1.253422700,1,1
1.253427750,0,1
1.253432950,1,1
1.253437950,0,1
1.253438950,0,0
1.253443150,1,0
1.253448200,0,0
1.253453400,1,0
1.253458400,0,0
1.253463600,1,0
1.253468650,0,0
1.253473850,1,0
1.253478850,0,0
1.253484050,1,0
1.253489100,0,0
1.253494250,1,0
1.253499300,0,0
1.253504500,1,0
1.253509550,0,0
1.253514700,1,0
1.253519750,0,0
1.253520250,0,1
1.253524950,1,1
1.253529950,0,1
1.253530950,0,0
1.253535150,1,0
1.253540200,0,0
1.253543400,0,1
1.253545400,1,1
1.253550400,0,1
1.253555600,1,1
1.253560650,0,1
1.253560950,0,0
1.253565850,1,0
1.253570850,0,0
1.253571350,0,1
1.253576050,1,1
1.253581100,0,1
1.253581350,0,0
1.253586250,1,0
1.253591300,0,0
1.253591750,0,1
1.253596500,1,1
1.253601550,0,1
1.253601750,0,0
1.253606700,1,0
1.253611750,0,0
1.253616950,1,0
1.253621950,0,0
1.253627150,1,0
1.253632200,0,0
1.253637400,1,0
1.253642400,0,0
1.253647600,1,0
1.253652650,0,0
1.253653100,0,1
1.253657850,1,1
1.253662850,0,1
1.253663050,0,0
1.253668050,1,0
1.253673100,0,0
1.253673600,0,1
1.253678250,1,1
1.253683300,0,1
1.253683600,0,0
1.253688500,1,0
1.253693550,0,0
1.253698700,1,0
1.253703750,0,0
1.253708950,1,0
1.253713950,0,0
1.253719150,1,0
1.253724200,0,0
1.253729400,1,0
1.253734400,0,0
1.253739600,1,0
1.253744650,0,0
1.253745150,0,1
1.253749850,1,1
1.253754850,0,1
1.253760050,1,1
1.253765100,0,1
1.253765300,0,0
1.253770250,1,0
1.253775300,0,0
1.253780500,1,0
1.253785550,0,0
1.253790700,1,0
1.253795750,0,0
1.253800950,1,0
1.253805950,0,0
1.253811150,1,0
1.253816200,0,0
1.253821400,1,0
1.253826400,0,0
1.253831600,1,0
1.253836650,0,0
1.253837050,0,1
1.253841800,1,1
1.253846850,0,1
1.253852050,1,1
1.253857100,0,1
1.253857400,0,0
1.253862250,1,0
1.253867300,0,0
1.253872500,1,0
1.253877550,0,0
1.253882700,1,0
1.253887750,0,0
1.253892950,1,0
1.253897950,0,0
1.253898400,0,1
1.255987200,1,1
1.255992200,0,1
1.255993200,0,0
1.255997400,1,0
1.256003600,1,1
1.257105400,1,0
1.257111400,0,0
1.257116550,1,0
1.257121600,0,0
1.257122850,0,1
1.257126800,1,1
1.257131850,0,1
1.257137000,1,1
1.257142050,0,1
1.257143050,0,0
1.257147250,1,0
1.257152300,0,0
1.257153500,0,1
1.257157450,1,1
1.257162500,0,1
1.257167700,1,1
1.257172700,0,1
1.257177900,1,1
1.257182950,0,1
1.257183950,0,0
1.257188150,1,0
1.257193150,0,0
1.257198350,1,0
1.257203400,0,0
1.257203900,0,1
1.258164400,0,0
1.258168600,1,0
1.258173600,0,0
1.258174800,0,1
1.258178800,1,1
1.258183850,0,1
1.258184850,0,0
1.258189000,1,0
1.258194050,0,0
1.258195250,0,1
1.258199250,1,1
1.258204250,0,1
1.258205250,0,0
1.258209450,1,0
1.258214500,0,0
1.258219700,1,0
1.258224700,0,0
1.258229900,1,0
1.258234950,0,0
1.258236200,0,1
1.258240100,1,1
1.258245150,0,1
1.258245450,0,0
1.258250350,1,0
1.258255400,0,0
1.258255850,0,1
1.258260550,1,1
1.258265600,0,1
1.258266600,0,0
1.258270800,1,0
1.258275850,0,0
1.258281000,1,0
1.258286050,0,0
1.258291250,1,0
1.258296250,0,0
1.258301450,1,0
1.258306500,0,0
1.258311700,1,0
1.258316700,0,0
1.258317950,0,1
1.258321900,1,1
1.258326950,0,1
1.258332100,1,1
1.258337150,0,1
1.258337400,0,0
1.258342350,1,0
1.258347400,0,0
1.258347750,0,1
1.258352550,1,1
1.258357600,0,1
1.258362800,1,1
1.258367800,0,1
1.258373000,1,1
1.258378050,0,1
1.258383250,1,1
1.258388250,0,1
1.258389250,0,0
1.258393450,1,0
1.258398500,0,0
1.258403700,1,0
1.258408700,0,0
1.258409950,0,1
1.258413900,1,1
1.258418950,0,1
1.258424100,1,1
1.258429150,0,1
1.258429450,0,0
1.258434350,1,0
1.258439400,0,0
1.258444550,1,0
1.258449600,0,0
1.258454800,1,0
1.258459800,0,0
1.258465000,1,0
1.258470050,0,0
1.258475250,1,0
1.258480250,0,0
1.258485450,1,0
1.258490500,0,0
1.258495700,1,0
1.258500700,0,0
1.258505900,1,0
1.258510950,0,0
1.258512200,0,1
1.258516100,1,1
1.258521150,0,1
1.258521500,0,0
1.258526350,1,0
1.258531400,0,0
1.258531850,0,1
1.258536550,1,1
1.258541600,0,1
1.258546800,1,1
1.258551800,0,1
1.258557000,1,1
1.258562050,0,1
1.258563050,0,0
1.258567250,1,0
1.258572250,0,0
1.258573450,0,1
1.258577450,1,1
1.258582500,0,1
1.258587700,1,1
1.258592700,0,1
1.258597900,1,1
1.258602950,0,1
1.258603950,0,0
1.258608100,1,0
1.258613150,0,0
1.258618350,1,0
1.258623400,0,0
1.258623800,0,1
1.258628550,1,1
1.258633600,0,1
1.258634600,0,0
1.258638800,1,0
1.258643800,0,0
1.258645050,0,1
1.258649000,1,1
1.258654050,0,1
1.258655050,0,0
1.258659250,1,0
1.258664250,0,0
1.258669450,1,0
1.258674500,0,0
1.258679700,1,0
1.258684700,0,0
1.258689900,1,0
1.258694950,0,0
1.258700100,1,0
1.258705150,0,0
1.258710350,1,0
1.258715400,0,0
1.258715850,0,1
1.260951350,0,0
1.260955600,1,0
1.260961800,1,1
1.261923600,1,0
1.261929600,0,0
1.261934750,1,0
1.261939800,0,0
1.261941000,0,1
1.261944950,1,1
1.261950000,0,1
1.261955200,1,1
1.261960250,0,1
1.261961250,0,0
1.261965450,1,0
1.261970450,0,0
1.261971650,0,1
1.261975650,1,1
1.261980700,0,1
1.261985850,1,1
1.261990900,0,1
1.261996100,1,1
1.262001150,0,1
1.262006300,1,1
1.262011350,0,1
1.262011650,0,0
1.262016550,1,0
1.262021550,0,0
1.262933800,1,0
1.262938800,0,0
1.262939250,0,1
1.262944000,1,1
1.262949000,0,1
1.262954200,1,1
1.262959250,0,1
1.262959450,0,0
1.262964450,1,0
1.262969450,0,0
1.262969950,0,1
1.262974650,1,1
1.262979700,0,1
1.262984850,1,1
1.262989900,0,1
1.262995100,1,1
1.263000100,0,1
1.263000350,0,0
1.263005300,1,0
1.263010350,0,0
1.263015550,1,0
1.263020550,0,0
1.263023800,0,1
1.263025750,1,1
1.263030800,0,1
1.263031100,0,0
1.263036000,1,0
1.263041000,0,0
1.263046200,1,0
1.263051250,0,0
1.263051700,0,1
1.263056400,1,1
1.263061450,0,1
1.263061700,0,0
1.263066650,1,0
1.263071700,0,0
1.263072100,0,1
1.263076850,1,1
1.263081900,0,1
1.263087100,1,1
1.263092100,0,1
1.263092400,0,0
1.263097300,1,0
1.263102350,0,0
1.263107550,1,0
1.263112550,0,0
1.263115800,0,1
1.263117750,1,1
1.263122800,0,1
1.263128000,1,1
1.263133000,0,1
1.263138200,1,1
1.263143250,0,1
1.263143550,0,0
1.263148400,1,0
1.263153450,0,0
1.263158650,1,0
1.263163700,0,0
1.263168850,1,0
1.263173900,0,0
1.263174350,0,1
1.263179100,1,1
1.263184100,0,1
1.263189300,1,1
1.263194350,0,1
1.263195350,0,0
1.263199550,1,0
1.263204550,0,0
1.263209750,1,0
1.263214800,0,0
1.263220000,1,0
1.263225000,0,0
1.263230200,1,0
1.263235250,0,0
1.263240400,1,0
1.263245450,0,0
1.263250650,1,0
1.263255700,0,0
1.263260850,1,0
1.263265900,0,0
1.263271100,1,0
1.263276100,0,0
1.263276600,0,1
1.263281300,1,1
1.263286350,0,1
1.263287350,0,0
1.263291550,1,0
1.263296550,0,0
1.263299800,0,1
1.263301750,1,1
1.263306800,0,1
1.263311950,1,1
1.263317000,0,1
1.263322200,1,1
1.263327250,0,1
1.263327500,0,0
1.263332400,1,0
1.263337450,0,0
1.263337900,0,1
1.263342650,1,1
1.263347700,0,1
1.263352850,1,1
1.263357900,0,1
1.263363100,1,1
1.263368100,0,1
1.263368450,0,0
1.263373300,1,0
1.263378350,0,0
1.263383550,1,0
1.263388550,0,0
1.263393750,1,0
1.263398800,0,0
1.263404000,1,0
1.263409000,0,0
1.263409450,0,1
1.263414200,1,1
1.263419250,0,1
1.263424400,1,1
1.263429450,0,1
1.263429750,0,0
1.263434650,1,0
1.263439650,0,0
1.263444850,1,0
1.263449900,0,0
1.263455100,1,0
1.263460100,0,0
1.263465300,1,0
1.263470350,0,0
1.263475550,1,0
1.263480550,0,0
1.263485750,1,0
1.263490800,0,0
1.263496000,1,0
1.263501000,0,0
1.263501500,0,1
1.263506200,1,1
1.263511250,0,1
1.263516400,1,1
1.263521450,0,1
1.263521650,0,0
1.263526650,1,0
1.263531650,0,0
1.263536850,1,0
1.263541900,0,0
1.263542400,0,1
1.263547100,1,1
1.263552100,0,1
1.263552400,0,0
1.263557300,1,0
1.263562350,0,0
1.263567550,1,0
1.263572550,0,0
1.263577750,1,0
1.263582800,0,0
1.263587950,1,0
1.263593000,0,0
1.263593550,0,1
1.263598200,1,1
1.263603250,0,1
1.263603550,0,0
1.263608400,1,0
1.263613450,0,0
1.263613900,0,1
1.263618650,1,1
1.263623650,0,1
1.263623900,0,0
1.263628850,1,0
1.263633900,0,0
1.263639100,1,0
1.263644100,0,0
1.263644550,0,1
1.263649300,1,1
1.263654350,0,1
1.263655350,0,0
1.263659550,1,0
1.263664550,0,0
1.263669750,1,0
1.263674800,0,0
1.263679950,1,0
1.263685000,0,0
1.263685450,0,1
1.263690200,1,1
1.263695250,0,1
1.263695450,0,0
1.263700400,1,0
1.263705450,0,0
1.263705950,0,1
1.263710650,1,1
1.263715650,0,1
1.263716000,0,0
1.263720850,1,0
1.263725900,0,0
1.263731100,1,0
1.263736100,0,0
1.263736600,0,1
1.263741300,1,1
1.263746350,0,1
1.263747350,0,0
1.263751550,1,0
1.263756550,0,0
1.263761750,1,0
1.263766800,0,0
1.263771950,1,0
1.263777000,0,0
1.263777500,0,1
1.263782200,1,1
1.263787250,0,1
1.263787500,0,0
1.263792400,1,0
1.263797450,0,0
1.263802650,1,0
1.263807650,0,0
1.263812850,1,0
1.263817900,0,0
1.263823100,1,0
1.263828100,0,0
1.263833300,1,0
1.263838350,0,0
1.263843550,1,0
1.263848550,0,0
1.263853750,1,0
1.263858800,0,0
1.263859250,0,1
1.263863950,1,1
1.263869000,0,1
1.263874200,1,1
1.263879250,0,1
1.263879550,0,0
1.263884400,1,0
1.263889450,0,0
1.263889950,0,1
1.263894650,1,1
1.263899650,0,1
1.263904850,1,1
1.263909900,0,1
1.263910150,0,0
1.263915100,1,0
1.263920100,0,0
1.263920500,0,1
1.263925300,1,1
1.263930350,0,1
1.263931350,0,0
1.263935550,1,0
1.263940550,0,0
1.263945750,1,0
1.263950800,0,0
1.263951250,0,1
1.263955950,1,1
1.263961000,0,1
1.263966200,1,1
1.263971250,0,1
1.263971450,0,0
1.263976400,1,0
1.263981450,0,0
1.263986650,1,0
1.263991650,0,0
1.263996850,1,0
1.264001900,0,0
1.264002400,0,1
1.264007100,1,1
1.264012100,0,1
1.264017300,1,1
1.264022350,0,1
1.264023350,0,0
1.264027550,1,0
1.264032550,0,0
1.264037750,1,0
1.264042800,0,0
1.264043200,0,1
1.264047950,1,1
1.264053000,0,1
1.264058200,1,1
1.264063250,0,1
1.264063500,0,0
1.264068400,1,0
1.264073450,0,0
1.264078650,1,0
1.264083650,0,0
1.264088850,1,0
1.264093900,0,0
1.264094300,0,1
1.264099100,1,1
1.264104100,0,1
1.264109300,1,1
1.264114350,0,1
1.264115350,0,0
1.264119550,1,0
1.264124550,0,0
1.264129750,1,0
1.264134800,0,0
1.264135250,0,1
1.264139950,1,1
1.264145000,0,1
1.264150200,1,1
1.264155250,0,1
1.264160400,1,1
1.264165450,0,1
1.264165750,0,0
1.264170650,1,0
1.264175650,0,0
1.264180850,1,0
1.264185900,0,0
1.264186350,0,1
1.264191100,1,1
1.264196100,0,1
1.264201300,1,1
1.264206350,0,1
1.264207350,0,0
1.264211550,1,0
1.264216550,0,0
1.264221750,1,0
1.264226800,0,0
1.264227300,0,1
1.264231950,1,1
1.264237000,0,1
1.264237300,0,0
1.264242200,1,0
1.264247200,0,0
1.264247650,0,1
1.264252400,1,1
1.264257450,0,1
1.264262650,1,1
1.264267650,0,1
1.264272850,1,1
1.264277900,0,1
1.264283100,1,1
1.264288100,0,1
1.264293300,1,1
1.264298350,0,1
1.264299350,0,0
1.264303500,1,0
1.264308550,0,0
1.264313750,1,0
1.264318800,0,0
1.264319200,0,1
1.264323950,1,1
1.264329000,0,1
1.264334200,1,1
1.264339200,0,1
1.264344400,1,1
1.264349450,0,1
1.264349750,0,0
1.264354650,1,0
1.264359650,0,0
1.264360100,0,1
1.264364850,1,1
1.264369900,0,1
1.264375100,1,1
1.264380100,0,1
1.264380300,0,0
1.264385300,1,0
1.264390350,0,0
1.264390850,0,1
1.265794300,0,0
1.265798550,1,0
1.265803550,0,0
1.265808750,1,0
1.265813750,0,0
1.265814250,0,1
1.265818950,1,1
1.265824000,0,1
1.265829200,1,1
1.265834200,0,1
1.265834450,0,0
1.265839400,1,0
1.265844450,0,0
1.265849600,1,0
1.265854650,0,0
1.265855200,0,1
1.265859850,1,1
1.265864900,0,1
1.265865200,0,0
1.265870050,1,0
1.265875100,0,0
1.265875550,0,1
1.265880300,1,1
1.265885300,0,1
1.265886300,0,0
1.265890500,1,0
1.265895550,0,0
1.265900750,1,0
1.265905750,0,0
1.265906200,0,1
1.265910950,1,1
1.265916000,0,1
1.265921200,1,1
1.265926200,0,1
1.265931400,1,1
1.265936450,0,1
1.265936700,0,0
1.265941600,1,0
1.265946650,0,0
1.265951850,1,0
1.265956900,0,0
1.265957300,0,1
1.265962050,1,1
1.265967100,0,1
1.265967450,0,0
1.265972300,1,0
1.265977300,0,0
1.265982500,1,0
1.265987550,0,0
1.265992750,1,0
1.265997750,0,0
1.266002950,1,0
1.266008000,0,0
1.266008450,0,1
1.266013200,1,1
1.266018200,0,1
1.266018400,0,0
1.266023400,1,0
1.266028450,0,0
1.266028950,0,1
1.266033600,1,1
1.266038650,0,1
1.266038950,0,0
1.266043850,1,0
1.266048900,0,0
1.266054050,1,0
1.266059100,0,0
1.266064300,1,0
1.266069300,0,0
1.266074500,1,0
1.266079550,0,0
1.266084750,1,0
1.266089750,0,0
1.266094950,1,0
1.266100000,0,0
1.266100500,0,1
1.266105200,1,1
1.266110200,0,1
1.266115400,1,1
1.266120450,0,1
1.266120650,0,0
1.266125600,1,0
1.266130650,0,0
1.266135850,1,0
1.266140900,0,0
1.266141400,0,1
1.266146050,1,1
1.266151100,0,1
1.266151400,0,0
1.266156300,1,0
1.266161300,0,0
1.266166500,1,0
1.266171550,0,0
1.266176750,1,0
1.266181750,0,0
1.266186950,1,0
1.266192000,0,0
1.266192400,0,1
1.266197200,1,1
1.266202200,0,1
1.266202500,0,0
1.266207400,1,0
1.266212450,0,0
1.266212900,0,1
1.266217600,1,1
1.266222650,0,1
1.266227850,1,1
1.266232900,0,1
1.266238050,1,1
1.266243100,0,1
1.266243300,0,0
1.266248300,1,0
1.266253300,0,0
1.266258500,1,0
1.266263550,0,0
1.266268750,1,0
1.266273750,0,0
1.266278950,1,0
1.266284000,0,0
1.266284450,0,1
1.266289200,1,1
1.266294200,0,1
1.266299400,1,1
1.266304450,0,1
1.266304650,0,0
1.266309600,1,0
1.266314650,0,0
1.266319850,1,0
1.266324900,0,0
1.266325350,0,1
1.266330050,1,1
1.266335100,0,1
1.266335350,0,0
1.266340300,1,0
1.266345300,0,0
1.266350500,1,0
1.266355550,0,0
1.266360750,1,0
1.266365750,0,0
1.266370950,1,0
1.266376000,0,0
1.266376500,0,1
1.266381150,1,1
1.266386200,0,1
1.266386500,0,0
1.266391400,1,0
1.266396450,0,0
1.266396900,0,1
1.266401600,1,1
1.266406650,0,1
1.266406900,0,0
1.266411850,1,0
1.266416850,0,0
1.266422050,1,0
1.266427100,0,0
1.266427650,0,1
1.266432300,1,1
1.266437300,0,1
1.266438300,0,0
1.266442500,1,0
1.266447550,0,0
1.266452750,1,0
1.266457750,0,0
1.266462950,1,0
1.266468000,0,0
1.266468400,0,1
1.266473150,1,1
1.266478200,0,1
1.266478400,0,0
1.266483400,1,0
1.266488450,0,0
1.266488950,0,1
1.266493600,1,1
1.266498650,0,1
1.266498950,0,0
1.266503850,1,0
1.266508850,0,0
1.266514050,1,0
1.266519100,0,0
1.266519550,0,1
1.266524300,1,1
1.266529300,0,1
1.266530300,0,0
1.266534500,1,0
1.266539550,0,0
1.266542750,0,1
1.266544750,1,1
1.266549750,0,1
1.266550050,0,0
1.266554950,1,0
1.266560000,0,0
1.266560450,0,1
1.266565150,1,1
1.266570200,0,1
1.266570450,0,0
1.266575400,1,0
1.266580450,0,0
1.266585600,1,0
1.266590650,0,0
1.266595850,1,0
1.266600850,0,0
1.266606050,1,0
1.266611100,0,0
1.266616300,1,0
1.266621300,0,0
1.266626500,1,0
1.266631550,0,0
1.266636750,1,0
1.266641750,0,0
1.266646950,1,0
1.266652000,0,0
1.266657150,1,0
1.266662200,0,0
1.266667400,1,0
1.266672450,0,0
1.266677600,1,0
1.266682650,0,0
1.266687850,1,0
1.266692850,0,0
1.266698050,1,0
1.266703100,0,0
1.266708300,1,0
1.266713300,0,0
1.266718500,1,0
1.266723550,0,0
1.266728750,1,0
1.266733750,0,0
1.266738950,1,0
1.266744000,0,0
1.266749150,1,0
1.266754200,0,0
1.266759400,1,0
1.266764450,0,0
1.266769600,1,0
1.266774650,0,0
1.266779850,1,0
1.266784850,0,0
1.266790050,1,0
1.266795100,0,0
1.266800300,1,0
1.266805300,0,0
1.266810500,1,0
1.266815550,0,0
1.266820750,1,0
1.266825750,0,0
1.266830950,1,0
1.266836000,0,0
1.266841150,1,0
1.266846200,0,0
1.266851400,1,0
1.266856450,0,0
1.266861600,1,0
1.266866650,0,0
1.266871850,1,0
1.266876850,0,0
1.266882050,1,0
1.266887100,0,0
1.266892300,1,0
1.266897300,0,0
1.266902500,1,0
1.266907550,0,0
1.266912750,1,0
1.266917750,0,0
1.266922950,1,0
1.266928000,0,0
1.266933150,1,0
1.266938200,0,0
1.266943400,1,0
1.266948450,0,0
1.266953600,1,0
1.266958650,0,0
1.266963850,1,0
1.266968850,0,0
1.266974050,1,0
1.266979100,0,0
1.266984300,1,0
1.266989300,0,0
1.266994500,1,0
1.266999550,0,0
1.267004750,1,0
1.267009750,0,0
1.267014950,1,0
1.267020000,0,0
1.267025150,1,0
1.267030200,0,0
1.267035400,1,0
1.267040450,0,0
1.267045600,1,0
1.267050650,0,0
1.267055850,1,0
1.267060850,0,0
1.267066050,1,0
1.267071100,0,0
1.267076300,1,0
1.267081300,0,0
1.267086500,1,0
1.267091550,0,0
1.267096750,1,0
1.267101750,0,0
1.267106950,1,0
1.267112000,0,0
1.267117150,1,0
1.267122200,0,0
1.267127400,1,0
1.267132400,0,0
1.267137600,1,0
1.267142650,0,0
1.267147850,1,0
1.267152850,0,0
1.267158050,1,0
1.267163100,0,0
1.267168300,1,0
1.267173300,0,0
1.267178500,1,0
1.267183550,0,0
1.267188700,1,0
1.267193750,0,0
1.267198950,1,0
1.267204000,0,0
1.267209150,1,0
1.267214200,0,0
1.267219400,1,0
1.267224400,0,0
1.267229600,1,0
1.267234650,0,0
1.267239850,1,0
1.267244850,0,0
1.267250050,1,0
1.267255100,0,0
1.267260300,1,0
1.267265300,0,0
1.267265750,0,1
1.268695300,0,0
1.268699550,1,0
1.268704500,0,0
1.268709750,1,0
1.268714750,0,0
1.268715250,0,1
1.268719950,1,1
1.268724950,0,1
1.268730150,1,1
1.268735200,0,1
1.268735450,0,0
1.268740400,1,0
1.268745400,0,0
1.268745800,0,1
1.268750600,1,1
1.268755650,0,1
1.268760800,1,1
1.268765850,0,1
1.268771050,1,1
1.268776100,0,1
1.268776350,0,0
1.268781250,1,0
1.268786300,0,0
1.268791500,1,0
1.268796500,0,0
1.268799750,0,1
1.268801700,1,1
1.268806750,0,1
1.268806950,0,0
1.268811950,1,0
1.268816950,0,0
1.268822150,1,0
1.268827200,0,0
1.268827700,0,1
1.268832400,1,1
1.268837400,0,1
1.268837700,0,0
1.268842600,1,0
1.268847650,0,0
1.268848100,0,1
1.268852800,1,1
1.268857850,0,1
1.268863050,1,1
1.268868100,0,1
1.268868300,0,0
1.268873250,1,0
1.268878300,0,0
1.268883500,1,0
1.268888500,0,0
1.268891750,0,1
1.268893700,1,1
1.268898750,0,1
1.268903950,1,1
1.268908950,0,1
1.268914150,1,1
1.268919200,0,1
1.268919400,0,0
1.268924400,1,0
1.268929400,0,0
1.268934600,1,0
1.268939650,0,0
1.268944800,1,0
1.268949850,0,0
1.268950350,0,1
1.268955050,1,1
1.268960100,0,1
1.268965250,1,1
1.268970300,0,1
1.268971300,0,0
1.268975500,1,0
1.268980500,0,0
1.268985700,1,0
1.268990750,0,0
1.268995950,1,0
1.269000950,0,0
1.269006150,1,0
1.269011200,0,0
1.269016400,1,0
1.269021400,0,0
1.269026600,1,0
1.269031650,0,0
1.269036800,1,0
1.269041850,0,0
1.269047050,1,0
1.269052100,0,0
1.269052600,0,1
1.269057250,1,1
1.269062300,0,1
1.269063300,0,0
1.269067500,1,0
1.269072500,0,0
1.269075750,0,1
1.269077700,1,1
1.269082750,0,1
1.269087950,1,1
1.269092950,0,1
1.269098150,1,1
1.269103200,0,1
1.269103500,0,0
1.269108400,1,0
1.269113400,0,0
1.269113900,0,1
1.269118600,1,1
1.269123650,0,1
1.269128800,1,1
1.269133850,0,1
1.269139050,1,1
1.269144100,0,1
1.269144300,0,0
1.269149250,1,0
1.269154300,0,0
1.269159500,1,0
1.269164500,0,0
1.269169700,1,0
1.269174750,0,0
1.269179950,1,0
1.269184950,0,0
1.269185450,0,1
1.269190150,1,1
1.269195200,0,1
1.269200400,1,1
1.269205400,0,1
1.269205650,0,0
1.269210600,1,0
1.269215650,0,0
1.269220800,1,0
1.269225850,0,0
1.269231050,1,0
1.269236100,0,0
1.269241250,1,0
1.269246300,0,0
1.269251500,1,0
1.269256500,0,0
1.269261700,1,0
1.269266750,0,0
1.269271950,1,0
1.269276950,0,0
1.269277500,0,1
1.269282150,1,1
1.269287200,0,1
1.269292350,1,1
1.269297400,0,1
1.269297700,0,0
1.269302600,1,0
1.269307650,0,0
1.269312800,1,0
1.269317850,0,0
1.269318300,0,1
1.269323050,1,1
1.269328050,0,1
1.269328250,0,0
1.269333250,1,0
1.269338300,0,0
1.269343500,1,0
1.269348500,0,0
1.269353700,1,0
1.269358750,0,0
1.269363950,1,0
1.269368950,0,0
1.269369400,0,1
1.269374150,1,1
1.269379200,0,1
1.269379400,0,0
1.269384350,1,0
1.269389400,0,0
1.269389900,0,1
1.269394600,1,1
1.269399650,0,1
1.269399950,0,0
1.269404800,1,0
1.269409850,0,0
1.269415050,1,0
1.269420050,0,0
1.269420550,0,1
1.269425250,1,1
1.269430300,0,1
1.271501300,0,0
1.271502400,0,1
1.271505500,1,1
1.271510500,0,1
1.271511500,0,0
1.271515700,1,0
1.271521900,1,1
1.272685700,1,0
1.272691700,0,0
1.272696850,1,0
1.272701950,0,0
1.272703150,0,1
1.272707100,1,1
1.272712150,0,1
1.272717350,1,1
1.272722400,0,1
1.272723400,0,0
1.272727550,1,0
1.272732600,0,0
1.272733800,0,1
1.272737800,1,1
1.272742850,0,1
1.272748000,1,1
1.272753050,0,1
1.272758250,1,1
1.272763250,0,1
1.272764250,0,0
1.272768450,1,0
1.272773500,0,0
1.272778700,1,0
1.272783700,0,0
1.272784150,0,1
1.273738700,0,0
1.273742950,1,0
1.273747950,0,0
1.273749150,0,1
1.273753150,1,1
1.273758150,0,1
1.273759150,0,0
1.273763350,1,0
1.273768350,0,0
1.273769600,0,1
1.273773550,1,1
1.273778600,0,1
1.273779600,0,0
1.273783800,1,0
1.273788800,0,0
1.273794000,1,0
1.273799050,0,0
1.273804250,1,0
1.273809250,0,0
1.273810500,0,1
1.273814450,1,1
1.273819500,0,1
1.273819700,0,0
1.273824650,1,0
1.273829700,0,0
1.273830100,0,1
1.273834900,1,1
1.273839950,0,1
1.273840950,0,0
1.273845100,1,0
1.273850150,0,0
1.273855350,1,0
1.273860350,0,0
1.273865550,1,0
1.273870600,0,0
1.273875800,1,0
1.273880800,0,0
1.273886000,1,0
1.273891050,0,0
1.273892300,0,1
1.273896250,1,1
1.273901250,0,1
1.273906450,1,1
1.273911500,0,1
1.273911800,0,0
1.273916650,1,0
1.273921700,0,0
1.273922150,0,1
1.273926900,1,1
1.273931950,0,1
1.273937100,1,1
1.273942150,0,1
1.273947350,1,1
1.273952350,0,1
1.273957550,1,1
1.273962600,0,1
1.273963600,0,0
1.273967800,1,0
1.273972800,0,0
1.273978000,1,0
1.273983050,0,0
1.273984250,0,1
1.273988250,1,1
1.273993250,0,1
1.273998450,1,1
1.274003500,0,1
1.274003700,0,0
1.274008650,1,0
1.274013700,0,0
1.274018900,1,0
1.274023950,0,0
1.274029100,1,0
1.274034150,0,0
1.274039350,1,0
1.274044350,0,0
1.274049550,1,0
1.274054600,0,0
1.274059800,1,0
1.274064800,0,0
1.274070000,1,0
1.274075050,0,0
1.274076300,0,1
1.274080200,1,1
1.274085250,0,1
1.274086250,0,0
1.274090450,1,0
1.274095500,0,0
1.274100650,1,0
1.274105700,0,0
1.274110900,1,0
1.274115950,0,0
1.274121100,1,0
1.274126150,0,0
1.274131350,1,0
1.274136350,0,0
1.274141550,1,0
1.274146600,0,0
1.274151800,1,0
1.274156800,0,0
1.274162000,1,0
1.274167050,0,0
1.274172250,1,0
1.274177250,0,0
1.274178500,0,1
1.274182450,1,1
1.274187500,0,1
1.274187800,0,0
1.274192650,1,0
1.274197700,0,0
1.274202900,1,0
1.274207950,0,0
1.274209150,0,1
1.274213100,1,1
1.274218150,0,1
1.274219150,0,0
1.274223350,1,0
1.274228350,0,0
1.274233550,1,0
1.274238600,0,0
1.274239850,0,1
1.274243800,1,1
1.274248800,0,1
1.274254000,1,1
1.274259050,0,1
1.274260050,0,0
1.274264250,1,0
1.274269250,0,0
1.274274450,1,0
1.274279500,0,0
1.274284650,1,0
1.274289700,0,0
1.274290100,0,1
1.276506700,0,0
1.276510900,1,0
1.276517100,1,1
1.277461900,1,0
1.277467900,0,0
1.277473050,1,0
1.277478100,0,0
1.277479350,0,1
1.277483300,1,1
1.277488350,0,1
1.277493550,1,1
1.277498550,0,1
1.277499550,0,0
1.277503750,1,0
1.277508800,0,0
1.277510000,0,1
1.277514000,1,1
1.277519000,0,1
1.277524200,1,1
1.277529250,0,1
1.277534400,1,1
1.277539450,0,1
1.277544650,1,1
1.277549700,0,1
1.277549900,0,0
1.277554850,1,0
1.277559900,0,0
1.278476150,1,0
1.278481100,0,0
1.278486300,1,0
1.278491350,0,0
1.278496550,1,0
1.278501550,0,0
1.278506750,1,0
1.278511800,0,0
1.278516950,1,0
1.278522000,0,0
1.278527200,1,0
1.278532250,0,0
1.278537400,1,0
1.278542450,0,0
1.278547650,1,0
1.278552650,0,0
1.278557850,1,0
1.278562900,0,0
1.278566150,0,1
1.278568100,1,1
1.278573100,0,1
1.278573350,0,0
1.278578300,1,0
1.278583350,0,0
1.278588550,1,0
1.278593550,0,0
1.278598750,1,0
1.278603800,0,0
1.278608950,1,0
1.278614000,0,0
1.278619200,1,0
1.278624250,0,0
1.278624700,0,1
1.278629400,1,1
1.278634450,0,1
1.278639650,1,1
1.278644650,0,1
1.278645650,0,0
1.278649850,1,0
1.278654900,0,0
1.278658100,0,1
1.278660100,1,1
1.278665100,0,1
1.278670300,1,1
1.278675350,0,1
1.278680500,1,1
1.278685550,0,1
1.278685800,0,0
1.278690750,1,0
1.278695800,0,0
1.278700950,1,0
1.278706000,0,0
1.278711200,1,0
1.278716250,0,0
1.278716750,0,1
1.278721400,1,1
1.278726450,0,1
1.278731650,1,1
1.278736650,0,1
1.278737650,0,0
1.278741850,1,0
1.278746900,0,0
1.278752100,1,0
1.278757100,0,0
1.278762300,1,0
1.278767350,0,0
1.278772550,1,0
1.278777550,0,0
1.278782750,1,0
1.278787800,0,0
1.278792950,1,0
1.278798000,0,0
1.278803200,1,0
1.278808200,0,0
1.278808700,0,1
1.278813400,1,1
1.278818450,0,1
1.278818650,0,0
1.278823650,1,0
1.278828650,0,0
1.278833850,1,0
1.278838900,0,0
1.278844100,1,0
1.278849100,0,0
1.278854300,1,0
1.278859350,0,0
1.278864550,1,0
1.278869550,0,0
1.278874750,1,0
1.278879800,0,0
1.278884950,1,0
1.278890000,0,0
1.278895200,1,0
1.278900200,0,0
1.278905400,1,0
1.278910450,0,0
1.278910950,0,1
1.278915650,1,1
1.278920650,0,1
1.278921650,0,0
1.278925850,1,0
1.278930900,0,0
1.278936100,1,0
1.278941100,0,0
1.278941650,0,1
1.278946300,1,1
1.278951350,0,1
1.278951650,0,0
1.278956500,1,0
1.278961550,0,0
1.278962050,0,1
1.278966750,1,1
1.278971800,0,1
1.278976950,1,1
1.278982000,0,1
1.278987200,1,1
1.278992200,0,1
1.278992450,0,0
1.278997400,1,0
1.279002450,0,0
1.279002950,0,1
1.279007650,1,1
1.279012650,0,1
1.279013650,0,0
1.279017850,1,0
1.279022900,0,0
1.279028100,1,0
1.279033100,0,0
1.279038300,1,0
1.279043350,0,0
1.279048500,1,0
1.279053550,0,0
1.279058750,1,0
1.279063800,0,0
1.279068950,1,0
1.279074000,0,0
1.279079200,1,0
1.279084200,0,0
1.279089400,1,0
1.279094450,0,0
1.279099650,1,0
1.279104650,0,0
1.279109850,1,0
1.279114900,0,0
1.279120100,1,0
1.279125100,0,0
1.279130300,1,0
1.279135350,0,0
1.279140500,1,0
1.279145550,0,0
1.279150750,1,0
1.279155800,0,0
1.279160950,1,0
1.279166000,0,0
1.279171200,1,0
1.279176200,0,0
1.279181400,1,0
1.279186450,0,0
1.279191650,1,0
1.279196650,0,0
1.279201850,1,0
1.279206900,0,0
1.279212100,1,0
1.279217100,0,0
1.279222300,1,0
1.279227350,0,0
1.279232500,1,0
1.279237550,0,0
1.279242750,1,0
1.279247800,0,0
1.279252950,1,0
1.279258000,0,0
1.279263200,1,0
1.279268200,0,0
1.279273400,1,0
1.279278450,0,0
1.279283650,1,0
1.279288650,0,0
1.279293850,1,0
1.279298900,0,0
1.279304100,1,0
1.279309100,0,0
1.279314300,1,0
1.279319350,0,0
1.279324500,1,0
1.279329550,0,0
1.279334750,1,0
1.279339800,0,0
1.279344950,1,0
1.279350000,0,0
1.279355200,1,0
1.279360200,0,0
1.279365400,1,0
1.279370450,0,0
1.279375650,1,0
1.279380650,0,0
1.279385850,1,0
1.279390900,0,0
1.279396100,1,0
1.279401100,0,0
1.279406300,1,0
1.279411350,0,0
1.279416500,1,0
1.279421550,0,0
1.279426750,1,0
1.279431800,0,0
1.279436950,1,0
1.279442000,0,0
1.279447200,1,0
1.279452200,0,0
1.279457400,1,0
1.279462450,0,0
1.279467650,1,0
1.279472650,0,0
1.279477850,1,0
1.279482900,0,0
1.279488100,1,0
1.279493100,0,0
1.279498300,1,0
1.279503350,0,0
1.279508500,1,0
1.279513550,0,0
1.279518750,1,0
1.279523750,0,0
1.279528950,1,0
1.279534000,0,0
1.279539200,1,0
1.279544200,0,0
1.279549400,1,0
1.279554450,0,0
1.279559650,1,0
1.279564650,0,0
1.279569850,1,0
1.279574900,0,0
1.279580100,1,0
1.279585100,0,0
1.279590300,1,0
1.279595350,0,0
1.279600500,1,0
1.279605550,0,0
1.279610750,1,0
1.279615750,0,0
1.279620950,1,0
1.279626000,0,0
1.279631200,1,0
1.279636200,0,0
1.279641400,1,0
1.279646450,0,0
1.279651650,1,0
1.279656650,0,0
1.279661850,1,0
1.279666900,0,0
1.279672050,1,0
1.279677100,0,0
1.279682300,1,0
1.279687350,0,0
1.279692500,1,0
1.279697550,0,0
1.279702750,1,0
1.279707750,0,0
1.279712950,1,0
1.279718000,0,0
1.279723200,1,0
1.279728200,0,0
1.279733400,1,0
1.279738450,0,0
1.279743650,1,0
1.279748650,0,0
1.279753850,1,0
1.279758900,0,0
1.279764050,1,0
1.279769100,0,0
1.279774300,1,0
1.279779350,0,0
1.279784500,1,0
1.279789550,0,0
1.279794750,1,0
1.279799750,0,0
1.279804950,1,0
1.279810000,0,0
1.279815200,1,0
1.279820200,0,0
1.279825400,1,0
1.279830450,0,0
1.279835650,1,0
1.279840650,0,0
1.279845850,1,0
1.279850900,0,0
1.279856050,1,0
1.279861100,0,0
1.279866300,1,0
1.279871350,0,0
1.279876500,1,0
1.279881550,0,0
1.279886750,1,0
1.279891750,0,0
1.279896950,1,0
1.279902000,0,0
1.279907200,1,0
1.279912200,0,0
1.279917400,1,0
1.279922450,0,0
1.279927650,1,0
1.279932650,0,0
1.279933150,0,1
1.281449650,0,0
1.281453900,1,0
1.281458850,0,0
1.281464100,1,0
1.281469100,0,0
1.281474300,1,0
1.281479300,0,0
1.281484500,1,0
1.281489550,0,0
1.281494750,1,0
1.281499750,0,0
1.281504950,1,0
1.281510000,0,0
1.281515150,1,0
1.281520200,0,0
1.281525400,1,0
1.281530450,0,0
1.281535600,1,0
1.281540650,0,0
1.281545850,1,0
1.281550850,0,0
1.281556050,1,0
1.281561100,0,0
1.281566300,1,0
1.281571300,0,0
1.281576500,1,0
1.281581550,0,0
1.281586750,1,0
1.281591750,0,0
1.281596950,1,0
1.281602000,0,0
1.281607150,1,0
1.281612200,0,0
1.281617400,1,0
1.281622450,0,0
1.281627600,1,0
1.281632650,0,0
1.281637850,1,0
1.281642850,0,0
1.281648050,1,0
1.281653100,0,0
1.281658300,1,0
1.281663300,0,0
1.281668500,1,0
1.281673550,0,0
1.281678750,1,0
1.281683750,0,0
1.281688950,1,0
1.281694000,0,0
1.281699150,1,0
1.281704200,0,0
1.281709400,1,0
1.281714400,0,0
1.281719600,1,0
1.281724650,0,0
1.281729850,1,0
1.281734850,0,0
1.281740050,1,0
1.281745100,0,0
1.281750300,1,0
1.281755300,0,0
1.281760500,1,0
1.281765550,0,0
1.281770700,1,0
1.281775750,0,0
1.281780950,1,0
1.281786000,0,0
1.281791150,1,0
1.281796200,0,0
1.281801400,1,0
1.281806400,0,0
1.281811600,1,0
1.281816650,0,0
1.281821850,1,0
1.281826850,0,0
1.281832050,1,0
1.281837100,0,0
1.281842300,1,0
1.281847300,0,0
1.281852500,1,0
1.281857550,0,0
1.281862750,1,0
1.281867750,0,0
1.281872950,1,0
1.281878000,0,0
1.281883150,1,0
1.281888200,0,0
1.281893400,1,0
1.281898400,0,0
1.281903600,1,0
1.281908650,0,0
1.281913850,1,0
1.281918850,0,0
1.281924050,1,0
1.281929100,0,0
1.281934300,1,0
1.281939300,0,0
1.281944500,1,0
1.281949550,0,0
1.281954700,1,0
1.281959750,0,0
1.281964950,1,0
1.281970000,0,0
1.281975150,1,0
1.281980200,0,0
1.281985400,1,0
1.281990400,0,0
1.281995600,1,0
1.282000650,0,0
1.282005850,1,0
1.282010850,0,0
1.282016050,1,0
1.282021100,0,0
1.282026300,1,0
1.282031300,0,0
1.282036500,1,0
1.282041550,0,0
1.282046700,1,0
1.282051750,0,0
1.282056950,1,0
1.282062000,0,0
1.282067150,1,0
1.282072200,0,0
1.282077400,1,0
1.282082400,0,0
1.282087600,1,0
1.282092650,0,0
1.282097850,1,0
1.282102850,0,0
1.282108050,1,0
1.282113100,0,0
1.282118300,1,0
1.282123300,0,0
1.282128500,1,0
1.282133550,0,0
1.282138700,1,0
1.282143750,0,0
1.282148950,1,0
1.282154000,0,0
1.282159150,1,0
1.282164200,0,0
1.282169400,1,0
1.282174400,0,0
1.282179600,1,0
1.282184650,0,0
1.282189850,1,0
1.282194850,0,0
1.282200050,1,0
1.282205100,0,0
1.282210300,1,0
1.282215300,0,0
1.282220500,1,0
1.282225550,0,0
1.282230700,1,0
1.282235750,0,0
1.282240950,1,0
1.282246000,0,0
1.282251150,1,0
1.282256200,0,0
1.282261400,1,0
1.282266400,0,0
1.282271600,1,0
1.282276650,0,0
1.282281850,1,0
1.282286850,0,0
1.282292050,1,0
1.282297100,0,0
1.282302300,1,0
1.282307300,0,0
1.282312500,1,0
1.282317550,0,0
1.282322700,1,0
1.282327750,0,0
1.282332950,1,0
1.282338000,0,0
1.282343150,1,0
1.282348200,0,0
1.282353400,1,0
1.282358400,0,0
1.282363600,1,0
1.282368650,0,0
1.282373850,1,0
1.282378850,0,0
1.282384050,1,0
1.282389100,0,0
1.282394300,1,0
1.282399300,0,0
1.282404500,1,0
1.282409550,0,0
1.282414700,1,0
1.282419750,0,0
1.282424950,1,0
1.282429950,0,0
1.282435150,1,0
1.282440200,0,0
1.282445400,1,0
1.282450400,0,0
1.282455600,1,0
1.282460650,0,0
1.282465850,1,0
1.282470850,0,0
1.282476050,1,0
1.282481100,0,0
1.282486300,1,0
1.282491300,0,0
1.282496500,1,0
1.282501550,0,0
1.282506700,1,0
1.282511750,0,0
1.282516950,1,0
1.282521950,0,0
1.282527150,1,0
1.282532200,0,0
1.282537400,1,0
1.282542400,0,0
1.282547600,1,0
1.282552650,0,0
1.282557850,1,0
1.282562850,0,0
1.282568050,1,0
1.282573100,0,0
1.282578250,1,0
1.282583300,0,0
1.282588500,1,0
1.282593550,0,0
1.282598700,1,0
1.282603750,0,0
1.282608950,1,0
1.282613950,0,0
1.282619150,1,0
1.282624200,0,0
1.282629400,1,0
1.282634400,0,0
1.282639600,1,0
1.282644650,0,0
1.282649850,1,0
1.282654850,0,0
1.282660050,1,0
1.282665100,0,0
1.282670250,1,0
1.282675300,0,0
1.282680500,1,0
1.282685550,0,0
1.282690700,1,0
1.282695750,0,0
1.282700950,1,0
1.282705950,0,0
1.282711150,1,0
1.282716200,0,0
1.282721400,1,0
1.282726400,0,0
1.282731600,1,0
1.282736650,0,0
1.282741850,1,0
1.282746850,0,0
1.282752050,1,0
1.282757100,0,0
1.282762250,1,0
1.282767300,0,0
1.282772500,1,0
1.282777550,0,0
1.282782700,1,0
1.282787750,0,0
1.282792950,1,0
1.282797950,0,0
1.282803150,1,0
1.282808200,0,0
1.282813400,1,0
1.282818400,0,0
1.282823600,1,0
1.282828650,0,0
1.282833850,1,0
1.282838850,0,0
1.282844050,1,0
1.282849100,0,0
1.282854250,1,0
1.282859300,0,0
1.282864500,1,0
1.282869550,0,0
1.282874700,1,0
1.282879750,0,0
1.282884950,1,0
1.282889950,0,0
1.282895150,1,0
1.282900200,0,0
1.282905400,1,0
1.282910400,0,0
1.282915600,1,0
1.282920650,0,0
1.282921150,0,1
1.284348650,0,0
1.284352850,1,0
1.284357850,0,0
1.284363050,1,0
1.284368050,0,0
1.284368550,0,1
1.284373250,1,1
1.284378300,0,1
1.284383500,1,1
1.284388500,0,1
1.284388750,0,0
1.284393700,1,0
1.284398750,0,0
1.284399150,0,1
1.284403950,1,1
1.284408950,0,1
1.284414150,1,1
1.284419200,0,1
1.284424350,1,1
1.284429400,0,1
1.284429700,0,0
1.284434600,1,0
1.284439650,0,0
1.284444800,1,0
1.284449850,0,0
1.284453100,0,1
1.284455050,1,1
1.284460050,0,1
1.284460300,0,0
1.284465250,1,0
1.284470300,0,0
1.284475500,1,0
1.284480500,0,0
1.284485700,1,0
1.284490750,0,0
1.284495950,1,0
1.284500950,0,0
1.284506150,1,0
1.284511200,0,0
1.284511650,0,1
1.284516350,1,1
1.284521400,0,1
1.284526600,1,1
1.284531650,0,1
1.284532650,0,0
1.284536800,1,0
1.284541850,0,0
1.284545050,0,1
1.284547050,1,1
1.284552050,0,1
1.284557250,1,1
1.284562300,0,1
1.284567500,1,1
1.284572500,0,1
1.284572750,0,0
1.284577700,1,0
1.284582750,0,0
1.284587950,1,0
1.284592950,0,0
1.284598150,1,0
1.284603200,0,0
1.284603700,0,1
1.284608350,1,1
1.284613400,0,1
1.284618600,1,1
1.284623600,0,1
1.284624600,0,0
1.284628800,1,0
1.284633850,0,0
1.284639050,1,0
1.284644050,0,0
1.284649250,1,0
1.284654300,0,0
1.284659500,1,0
1.284664500,0,0
1.284669700,1,0
1.284674750,0,0
1.284679900,1,0
1.284684950,0,0
1.284690150,1,0
1.284695200,0,0
1.284695600,0,1
1.284700350,1,1
1.284705400,0,1
1.284705700,0,0
1.284710600,1,0
1.284715600,0,0
1.284720800,1,0
1.284725850,0,0
1.284731050,1,0
1.284736050,0,0
1.284741250,1,0
1.284746300,0,0
1.284751500,1,0
1.284756500,0,0
1.284761700,1,0
1.284766750,0,0
1.284771900,1,0
1.284776950,0,0
1.284782150,1,0
1.284787200,0,0
1.284792350,1,0
1.284797400,0,0
1.284797850,0,1
1.284802600,1,1
1.284807600,0,1
1.284808600,0,0
1.284812800,1,0
1.284817850,0,0
1.284823050,1,0
1.284828050,0,0
1.284828550,0,1
1.284833250,1,1
1.284838300,0,1
1.284838550,0,0
1.284843500,1,0
1.284848500,0,0
1.284848950,0,1
1.284853700,1,1
1.284858750,0,1
1.284863900,1,1
1.284868950,0,1
1.284874150,1,1
1.284879200,0,1
1.284879500,0,0
1.284884350,1,0
1.284889400,0,0
1.284889850,0,1
1.284894600,1,1
1.284899600,0,1
1.284900600,0,0
1.284904800,1,0
1.284909850,0,0
1.284915050,1,0
1.284920050,0,0
1.284925250,1,0
1.284930300,0,0
1.284935500,1,0
1.284940500,0,0
1.284945700,1,0
1.284950750,0,0
1.284955900,1,0
1.284960950,0,0
1.284966150,1,0
1.284971200,0,0
1.284976350,1,0
1.284981400,0,0
1.284986600,1,0
1.284991600,0,0
1.284996800,1,0
1.285001850,0,0
1.285007050,1,0
1.285012050,0,0
1.285017250,1,0
1.285022300,0,0
1.285027500,1,0
1.285032500,0,0
1.285037700,1,0
1.285042750,0,0
1.285047900,1,0
1.285052950,0,0
1.285058150,1,0
1.285063200,0,0
1.285068350,1,0
1.285073400,0,0
1.285078600,1,0
1.285083600,0,0
1.285084050,0,1
1.287168850,1,1
1.287173850,0,1
1.287174850,0,0
1.287179050,1,0
1.287185250,1,1
1.288215050,1,0
1.288221050,0,0
1.288226200,1,0
1.288231250,0,0
1.288232500,0,1
1.288236450,1,1
1.288241500,0,1
1.288246650,1,1
1.288251700,0,1
1.288252700,0,0
1.288256900,1,0
1.288261950,0,0
1.288263150,0,1
1.288267100,1,1
1.288272150,0,1
1.288277350,1,1
1.288282350,0,1
1.288287550,1,1
1.288292600,0,1
1.288293600,0,0
1.288297800,1,0
1.288302800,0,0
1.288308000,1,0
1.288313050,0,0
1.288313450,0,1
1.289275050,0,0
1.289279250,1,0
1.289284250,0,0
1.289285450,0,1
1.289289450,1,1
1.289294500,0,1
1.289295500,0,0
1.289299650,1,0
1.289304700,0,0
1.289305900,0,1
1.289309900,1,1
1.289314900,0,1
1.289315900,0,0
1.289320100,1,0
1.289325150,0,0
1.289330350,1,0
1.289335350,0,0
1.289340550,1,0
1.289345600,0,0
1.289346850,0,1
1.289350800,1,1
1.289355800,0,1
1.289356150,0,0
1.289361000,1,0
1.289366050,0,0
1.289366500,0,1
1.289371200,1,1
1.289376250,0,1
1.289377250,0,0
1.289381450,1,0
1.289386500,0,0
1.289391650,1,0
1.289396700,0,0
1.289401900,1,0
1.289406900,0,0
1.289412100,1,0
1.289417150,0,0
1.289422350,1,0
1.289427350,0,0
1.289428600,0,1
1.289432550,1,1
1.289437600,0,1
1.289442750,1,1
1.289447800,0,1
1.289448050,0,0
1.289453000,1,0
1.289458050,0,0
1.289458400,0,1
1.289463200,1,1
1.289468250,0,1
1.289473450,1,1
1.289478500,0,1
1.289483650,1,1
1.289488700,0,1
1.289493900,1,1
1.289498900,0,1
1.289499900,0,0
1.289504100,1,0
1.289509150,0,0
1.289514350,1,0
1.289519350,0,0
1.289520600,0,1
1.289524550,1,1
1.289529600,0,1
1.289534750,1,1
1.289539800,0,1
1.289540100,0,0
1.289545000,1,0
1.289550050,0,0
1.289555200,1,0
1.289560250,0,0
1.289565450,1,0
1.289570500,0,0
1.289575650,1,0
1.289580700,0,0
1.289585900,1,0
1.289590900,0,0
1.289596100,1,0
1.289601150,0,0
1.289606350,1,0
1.289611350,0,0
1.289612600,0,1
1.289616550,1,1
1.289621600,0,1
1.289622600,0,0
1.289626800,1,0
1.289631800,0,0
1.289637000,1,0
1.289642050,0,0
1.289647200,1,0
1.289652250,0,0
1.289657450,1,0
1.289662500,0,0
1.289667650,1,0
1.289672700,0,0
1.289677900,1,0
1.289682900,0,0
1.289688100,1,0
1.289693150,0,0
1.289698350,1,0
1.289703350,0,0
1.289708550,1,0
1.289713600,0,0
1.289714850,0,1
1.289718750,1,1
1.289723800,0,1
1.289724050,0,0
1.289729000,1,0
1.289734050,0,0
1.289739200,1,0
1.289744250,0,0
1.289745500,0,1
1.289749450,1,1
1.289754450,0,1
1.289755450,0,0
1.289759650,1,0
1.289764700,0,0
1.289769900,1,0
1.289774900,0,0
1.289776150,0,1
1.289780100,1,1
1.289785150,0,1
1.289790350,1,1
1.289795350,0,1
1.289796350,0,0
1.289800550,1,0
1.289805600,0,0
1.289810750,1,0
1.289815800,0,0
1.289821000,1,0
1.289826050,0,0
1.289826550,0,1
1.292044000,0,0
1.292048250,1,0
1.292054450,1,1
1.295119200,1,0
1.295125200,0,0
1.295130350,1,0
1.295135450,0,0
1.295136650,0,1
1.295140600,1,1
1.295145650,0,1
1.295150850,1,1
1.295155900,0,1
1.295156900,0,0
1.295161050,1,0
1.295166100,0,0
1.295167300,0,1
1.295171300,1,1
1.295176300,0,1
1.295181500,1,1
1.295186550,0,1
1.295191750,1,1
1.295196750,0,1
1.295201950,1,1
1.295207000,0,1
1.295207300,0,0
1.295212200,1,0
1.295217200,0,0
1.296136450,1,0
1.296141450,0,0
1.296141850,0,1
1.296146650,1,1
1.296151650,0,1
1.296156850,1,1
1.296161850,0,1
1.296162200,0,0
1.296167050,1,0
1.296172100,0,0
1.296172550,0,1
1.296177300,1,1
1.296182300,0,1
1.296187500,1,1
1.296192550,0,1
1.296197700,1,1
1.296202750,0,1
1.296202950,0,0
1.296207950,1,0
1.296213000,0,0
1.296218150,1,0
1.296223200,0,0
1.296226450,0,1
1.296228400,1,1
1.296233450,0,1
1.296233700,0,0
1.296238600,1,0
1.296243650,0,0
1.296248850,1,0
1.296253850,0,0
1.296259050,1,0
1.296264100,0,0
1.296269300,1,0
1.296274300,0,0
1.296279500,1,0
1.296284550,0,0
1.296285050,0,1
1.296289700,1,1
1.296294750,0,1
1.296299950,1,1
1.296305000,0,1
1.296306000,0,0
1.296310150,1,0
1.296315200,0,0
1.296318400,0,1
1.296320400,1,1
1.296325400,0,1
1.296330600,1,1
1.296335650,0,1
1.296340850,1,1
1.296345850,0,1
1.296346150,0,0
1.296351050,1,0
1.296356100,0,0
1.296361300,1,0
1.296366300,0,0
1.296371500,1,0
1.296376550,0,0
1.296376950,0,1
1.296381700,1,1
1.296386750,0,1
1.296391950,1,1
1.296397000,0,1
1.296398000,0,0
1.296402150,1,0
1.296407200,0,0
1.296412400,1,0
1.296417400,0,0
1.296422600,1,0
1.296427650,0,0
1.296432850,1,0
1.296437850,0,0
1.296443050,1,0
1.296448100,0,0
1.296453300,1,0
1.296458300,0,0
1.296463500,1,0
1.296468550,0,0
1.296469000,0,1
1.296473700,1,1
1.296478750,0,1
1.296479000,0,0
1.296483950,1,0
1.296489000,0,0
1.296494150,1,0
1.296499200,0,0
1.296504400,1,0
1.296509400,0,0
1.296514600,1,0
1.296519650,0,0
1.296524850,1,0
1.296529850,0,0
1.296535050,1,0
1.296540100,0,0
1.296545300,1,0
1.296550300,0,0
1.296555500,1,0
1.296560550,0,0
1.296565700,1,0
1.296570750,0,0
1.296571250,0,1
1.296575950,1,1
1.296581000,0,1
1.296582000,0,0
1.296586150,1,0
1.296591200,0,0
1.296596400,1,0
1.296601400,0,0
1.296601850,0,1
1.296606600,1,1
1.296611650,0,1
1.296611950,0,0
1.296616850,1,0
1.296621850,0,0
1.296622350,0,1
1.296627050,1,1
1.296632100,0,1
1.296637300,1,1
1.296642300,0,1
1.296647500,1,1
1.296652550,0,1
1.296652750,0,0
1.296657700,1,0
1.296662750,0,0
1.296663150,0,1
1.296667950,1,1
1.296673000,0,1
1.296674000,0,0
1.296678150,1,0
1.296683200,0,0
1.296688400,1,0
1.296693400,0,0
1.296698600,1,0
1.296703650,0,0
1.296708850,1,0
1.296713850,0,0
1.296719050,1,0
1.296724100,0,0
1.296729300,1,0
1.296734300,0,0
1.296739500,1,0
1.296744550,0,0
1.296749700,1,0
1.296754750,0,0
1.296759950,1,0
1.296765000,0,0
1.296770150,1,0
1.296775200,0,0
1.296780400,1,0
1.296785400,0,0
1.296790600,1,0
1.296795650,0,0
1.296800850,1,0
1.296805850,0,0
1.296811050,1,0
1.296816100,0,0
1.296821300,1,0
1.296826300,0,0
1.296831500,1,0
1.296836550,0,0
1.296841700,1,0
1.296846750,0,0
1.296851950,1,0
1.296857000,0,0
1.296862150,1,0
1.296867200,0,0
1.296872400,1,0
1.296877400,0,0
1.296882600,1,0
1.296887650,0,0
1.296892850,1,0
1.296897850,0,0
1.296903050,1,0
1.296908100,0,0
1.296913300,1,0
1.296918300,0,0
1.296923500,1,0
1.296928550,0,0
1.296933700,1,0
1.296938750,0,0
1.296943950,1,0
1.296949000,0,0
1.296954150,1,0
1.296959200,0,0
1.296964400,1,0
1.296969400,0,0
1.296974600,1,0
1.296979650,0,0
1.296984850,1,0
1.296989850,0,0
1.296995050,1,0
1.297000100,0,0
1.297005300,1,0
1.297010300,0,0
1.297015500,1,0
1.297020550,0,0
1.297025700,1,0
1.297030750,0,0
1.297035950,1,0
1.297040950,0,0
1.297046150,1,0
1.297051200,0,0
1.297056400,1,0
1.297061400,0,0
1.297066600,1,0
1.297071650,0,0
1.297076850,1,0
1.297081850,0,0
1.297087050,1,0
1.297092100,0,0
1.297097300,1,0
1.297102300,0,0
1.297107500,1,0
1.297112550,0,0
1.297117700,1,0
1.297122750,0,0
1.297127950,1,0
1.297132950,0,0
1.297138150,1,0
1.297143200,0,0
1.297148400,1,0
1.297153400,0,0
1.297158600,1,0
1.297163650,0,0
1.297168850,1,0
1.297173850,0,0
1.297179050,1,0
1.297184100,0,0
1.297189250,1,0
1.297194300,0,0
1.297199500,1,0
1.297204550,0,0
1.297209700,1,0
1.297214750,0,0
1.297219950,1,0
1.297224950,0,0
1.297230150,1,0
1.297235200,0,0
1.297240400,1,0
1.297245400,0,0
1.297250600,1,0
1.297255650,0,0
1.297260850,1,0
1.297265850,0,0
1.297271050,1,0
1.297276100,0,0
1.297281250,1,0
1.297286300,0,0
1.297291500,1,0
1.297296550,0,0
1.297301700,1,0
1.297306750,0,0
1.297311950,1,0
1.297316950,0,0
1.297322150,1,0
1.297327200,0,0
1.297332400,1,0
1.297337400,0,0
1.297342600,1,0
1.297347650,0,0
1.297352850,1,0
1.297357850,0,0
1.297363050,1,0
1.297368100,0,0
1.297373250,1,0
1.297378300,0,0
1.297383500,1,0
1.297388550,0,0
1.297393700,1,0
1.297398750,0,0
1.297403950,1,0
1.297408950,0,0
1.297414150,1,0
1.297419200,0,0
1.297424400,1,0
1.297429400,0,0
1.297434600,1,0
1.297439650,0,0
1.297444850,1,0
1.297449850,0,0
1.297455050,1,0
1.297460100,0,0
1.297465250,1,0
1.297470300,0,0
1.297475500,1,0
1.297480550,0,0
1.297485700,1,0
1.297490750,0,0
1.297495950,1,0
1.297500950,0,0
1.297506150,1,0
1.297511200,0,0
1.297516400,1,0
1.297521400,0,0
1.297526600,1,0
1.297531650,0,0
1.297536850,1,0
1.297541850,0,0
1.297547050,1,0
1.297552100,0,0
1.297557250,1,0
1.297562300,0,0
1.297567500,1,0
1.297572550,0,0
1.297577700,1,0
1.297582750,0,0
1.297587950,1,0
1.297592950,0,0
1.297593500,0,1
1.299051950,0,0
1.299056200,1,0
1.299061200,0,0
1.299066400,1,0
1.299071400,0,0
1.299076600,1,0
1.299081650,0,0
1.299086800,1,0
1.299091850,0,0
1.299097050,1,0
1.299102050,0,0
1.299107250,1,0
1.299112300,0,0
1.299117500,1,0
1.299122500,0,0
1.299127700,1,0
1.299132750,0,0
1.299137950,1,0
1.299142950,0,0
1.299148150,1,0
1.299153200,0,0
1.299158350,1,0
1.299163400,0,0
1.299168600,1,0
1.299173600,0,0
1.299178800,1,0
1.299183850,0,0
1.299189050,1,0
1.299194050,0,0
1.299199250,1,0
1.299204300,0,0
1.299209500,1,0
1.299214500,0,0
1.299219700,1,0
1.299224750,0,0
1.299229900,1,0
1.299234950,0,0
1.299240150,1,0
1.299245200,0,0
1.299250350,1,0
1.299255400,0,0
1.299260600,1,0
1.299265600,0,0
1.299270800,1,0
1.299275850,0,0
1.299281050,1,0
1.299286050,0,0
1.299291250,1,0
1.299296300,0,0
1.299301500,1,0
1.299306500,0,0
1.299311700,1,0
1.299316750,0,0
1.299321900,1,0
1.299326950,0,0
1.299332150,1,0
1.299337200,0,0
1.299342350,1,0
1.299347400,0,0
1.299352600,1,0
1.299357600,0,0
1.299362800,1,0
1.299367850,0,0
1.299373050,1,0
1.299378050,0,0
1.299383250,1,0
1.299388300,0,0
1.299393500,1,0
1.299398500,0,0
1.299403700,1,0
1.299408750,0,0
1.299413900,1,0
1.299418950,0,0
1.299424150,1,0
1.299429200,0,0
1.299434350,1,0
1.299439400,0,0
1.299444600,1,0
1.299449600,0,0
1.299454800,1,0
1.299459850,0,0
1.299465050,1,0
1.299470050,0,0
1.299475250,1,0
1.299480300,0,0
1.299485500,1,0
1.299490500,0,0
1.299495700,1,0
1.299500750,0,0
1.299505900,1,0
1.299510950,0,0
1.299516150,1,0
1.299521200,0,0
1.299526350,1,0
1.299531400,0,0
1.299536600,1,0
1.299541600,0,0
1.299546800,1,0
1.299551850,0,0
1.299557050,1,0
1.299562050,0,0
1.299567250,1,0
1.299572300,0,0
1.299577500,1,0
1.299582500,0,0
1.299587700,1,0
1.299592750,0,0
1.299597900,1,0
1.299602950,0,0
1.299608150,1,0
1.299613200,0,0
1.299618350,1,0
1.299623400,0,0
1.299628600,1,0
1.299633600,0,0
1.299638800,1,0
1.299643850,0,0
1.299649050,1,0
1.299654050,0,0
1.299659250,1,0
1.299664300,0,0
1.299669500,1,0
1.299674500,0,0
1.299679700,1,0
1.299684750,0,0
1.299689900,1,0
1.299694950,0,0
1.299700150,1,0
1.299705200,0,0
1.299710350,1,0
1.299715400,0,0
1.299720600,1,0
1.299725600,0,0
1.299730800,1,0
1.299735850,0,0
1.299741050,1,0
1.299746050,0,0
1.299751250,1,0
1.299756300,0,0
1.299761500,1,0
1.299766500,0,0
1.299771700,1,0
1.299776750,0,0
1.299781900,1,0
1.299786950,0,0
1.299792150,1,0
1.299797200,0,0
1.299802350,1,0
1.299807400,0,0
1.299812600,1,0
1.299817600,0,0
1.299822800,1,0
1.299827850,0,0
1.299833050,1,0
1.299838050,0,0
1.299843250,1,0
1.299848300,0,0
1.299853500,1,0
1.299858500,0,0
1.299863700,1,0
1.299868750,0,0
1.299873900,1,0
1.299878950,0,0
1.299884150,1,0
1.299889150,0,0
1.299894350,1,0
1.299899400,0,0
1.299904600,1,0
1.299909600,0,0
1.299914800,1,0
1.299919850,0,0
1.299925050,1,0
1.299930050,0,0
1.299935250,1,0
1.299940300,0,0
1.299945500,1,0
1.299950500,0,0
1.299955700,1,0
1.299960750,0,0
1.299965900,1,0
1.299970950,0,0
1.299976150,1,0
1.299981150,0,0
1.299986350,1,0
1.299991400,0,0
1.299996600,1,0
1.300001600,0,0
1.300006800,1,0
1.300011850,0,0
1.300017050,1,0
1.300022050,0,0
1.300027250,1,0
1.300032300,0,0
1.300037450,1,0
1.300042500,0,0
1.300047700,1,0
1.300052750,0,0
1.300057900,1,0
1.300062950,0,0
1.300068150,1,0
1.300073150,0,0
1.300078350,1,0
1.300083400,0,0
1.300088600,1,0
1.300093600,0,0
1.300098800,1,0
1.300103850,0,0
1.300109050,1,0
1.300114050,0,0
1.300119250,1,0
1.300124300,0,0
1.300129450,1,0
1.300134500,0,0
1.300139700,1,0
1.300144750,0,0
1.300149900,1,0
1.300154950,0,0
1.300160150,1,0
1.300165150,0,0
1.300170350,1,0
1.300175400,0,0
1.300180600,1,0
1.300185600,0,0
1.300190800,1,0
1.300195850,0,0
1.300201050,1,0
1.300206050,0,0
1.300211250,1,0
1.300216300,0,0
1.300221450,1,0
1.300226500,0,0
1.300231700,1,0
1.300236750,0,0
1.300241900,1,0
1.300246950,0,0
1.300252150,1,0
1.300257150,0,0
1.300262350,1,0
1.300267400,0,0
1.300272600,1,0
1.300277600,0,0
1.300282800,1,0
1.300287850,0,0
1.300293050,1,0
1.300298050,0,0
1.300303250,1,0
1.300308300,0,0
1.300313450,1,0
1.300318500,0,0
1.300323700,1,0
1.300328750,0,0
1.300333900,1,0
1.300338950,0,0
1.300344150,1,0
1.300349150,0,0
1.300354350,1,0
1.300359400,0,0
1.300364600,1,0
1.300369600,0,0
1.300374800,1,0
1.300379850,0,0
1.300385050,1,0
1.300390050,0,0
1.300395250,1,0
1.300400300,0,0
1.300405450,1,0
1.300410500,0,0
1.300415700,1,0
1.300420750,0,0
1.300425900,1,0
1.300430950,0,0
1.300436150,1,0
1.300441150,0,0
1.300446350,1,0
1.300451400,0,0
1.300456600,1,0
1.300461600,0,0
1.300466800,1,0
1.300471850,0,0
1.300477050,1,0
1.300482050,0,0
1.300487250,1,0
1.300492300,0,0
1.300497450,1,0
1.300502500,0,0
1.300507700,1,0
1.300512750,0,0
1.300517900,1,0
1.300522950,0,0
1.300523400,0,1
1.301967950,0,0
1.301972150,1,0
1.301977150,0,0
1.301982350,1,0
1.301987400,0,0
1.301987850,0,1
1.301992600,1,1
1.301997600,0,1
1.302002800,1,1
1.302007850,0,1
1.302008050,0,0
1.302013000,1,0
1.302018050,0,0
1.302018550,0,1
1.302023250,1,1
1.302028250,0,1
1.302033450,1,1
1.302038500,0,1
1.302043700,1,1
1.302048700,0,1
1.302048950,0,0
1.302053900,1,0
1.302058950,0,0
1.302064150,1,0
1.302069150,0,0
1.302072400,0,1
1.302074350,1,1
1.302079400,0,1
1.302079700,0,0
1.302084550,1,0
1.302089600,0,0
1.302094800,1,0
1.302099800,0,0
1.302105000,1,0
1.302110050,0,0
1.302115250,1,0
1.302120250,0,0
1.302125450,1,0
1.302130500,0,0
1.302131050,0,1
1.302135700,1,1
1.302140700,0,1
1.302145900,1,1
1.302150950,0,1
1.302151950,0,0
1.302156100,1,0
1.302161150,0,0
1.302164350,0,1
1.302166350,1,1
1.302171400,0,1
1.302176550,1,1
1.302181600,0,1
1.302186800,1,1
1.302191800,0,1
1.302192150,0,0
1.302197000,1,0
1.302202050,0,0
1.302207250,1,0
1.302212250,0,0
1.302217450,1,0
1.302222500,0,0
1.302222950,0,1
1.302227700,1,1
1.302232700,0,1
1.302237900,1,1
1.302242950,0,1
1.302243950,0,0
1.302248100,1,0
1.302253150,0,0
1.302258350,1,0
1.302263400,0,0
1.302268550,1,0
1.302273600,0,0
1.302278800,1,0
1.302283800,0,0
1.302289000,1,0
1.302294050,0,0
1.302299250,1,0
1.302304250,0,0
1.302309450,1,0
1.302314500,0,0
1.302315000,0,1
1.302319700,1,1
1.302324700,0,1
1.302324950,0,0
1.302329900,1,0
1.302334950,0,0
1.302340100,1,0
1.302345150,0,0
1.302350350,1,0
1.302355400,0,0
1.302360550,1,0
1.302365600,0,0
1.302370800,1,0
1.302375800,0,0
1.302381000,1,0
1.302386050,0,0
1.302391250,1,0
1.302396250,0,0
1.302401450,1,0
1.302406500,0,0
1.302411700,1,0
1.302416700,0,0
1.302417250,0,1
1.302421900,1,1
1.302426950,0,1
1.302427950,0,0
1.302432100,1,0
1.302437150,0,0
1.302442350,1,0
1.302447400,0,0
1.302447850,0,1
1.302452550,1,1
1.302457600,0,1
1.302457800,0,0
1.302462800,1,0
1.302467800,0,0
1.302468350,0,1
1.302473000,1,1
1.302478050,0,1
1.302483250,1,1
1.302488250,0,1
1.302493450,1,1
1.302498500,0,1
1.302498750,0,0
1.302503700,1,0
1.302508700,0,0
1.302509100,0,1
1.302513900,1,1
1.302518950,0,1
1.302519950,0,0
1.302524100,1,0
1.302529150,0,0
1.302534350,1,0
1.302539400,0,0
1.302544550,1,0
1.302549600,0,0
1.302554800,1,0
1.302559800,0,0
1.302565000,1,0
1.302570050,0,0
1.302575250,1,0
1.302580250,0,0
1.302585450,1,0
1.302590500,0,0
1.302595700,1,0
1.302600700,0,0
1.302605900,1,0
1.302610950,0,0
1.302616100,1,0
1.302621150,0,0
1.302626350,1,0
1.302631400,0,0
1.302636550,1,0
1.302641600,0,0
1.302646800,1,0
1.302651800,0,0
1.302657000,1,0
1.302662050,0,0
1.302667250,1,0
1.302672250,0,0
1.302677450,1,0
1.302682500,0,0
1.302687700,1,0
1.302692700,0,0
1.302697900,1,0
1.302702950,0,0
1.302703450,0,1
1.304769150,1,1
1.304774150,0,1
1.304775150,0,0
1.304779350,1,0
1.304785550,1,1
1.334514150,1,0
1.334520150,0,0
1.334521300,0,1
1.334525300,1,1
1.334530350,0,1
1.334531350,0,0
1.334535550,1,0
1.334540600,0,0
1.334541800,0,1
1.334545750,1,1
1.334550800,0,1
1.334551800,0,0
1.334556000,1,0
1.334561000,0,0
1.334562250,0,1
1.334566200,1,1
1.334571250,0,1
1.334572250,0,0
1.334576450,1,0
1.334581450,0,0
1.334586650,1,0
1.334591700,0,0
1.334596900,1,0
1.334601900,0,0
1.334607100,1,0
1.334612150,0,0
1.334617300,1,0
1.334622350,0,0
1.334623600,0,1
1.334627550,1,1
1.334632600,0,1
1.334633600,0,0
1.334637750,1,0
1.334642800,0,0
1.334648000,1,0
1.334653000,0,0
1.334658200,1,0
1.334663250,0,0
1.334668450,1,0
1.334673450,0,0
1.334678650,1,0
1.334683700,0,0
1.334688900,1,0
1.334693900,0,0
1.334699100,1,0
1.334704150,0,0
1.334704750,0,1
1.334709300,1,1
1.334716350,1,0
1.334722350,0,0
1.334723550,0,1
1.334727550,1,1
1.334732600,0,1
1.334733600,0,0
1.334737750,1,0
1.334742800,0,0
1.334744000,0,1
1.334748000,1,1
1.334753000,0,1
1.334754000,0,0
1.334758200,1,0
1.334763250,0,0
1.334764450,0,1
1.334768450,1,1
1.334773450,0,1
1.334774450,0,0
1.334778650,1,0
1.334783700,0,0
1.334788900,1,0
1.334793900,0,0
1.334795150,0,1
1.334799100,1,1
1.334804150,0,1
1.334804550,0,0
1.334809300,1,0
1.334814350,0,0
1.334819550,1,0
1.334824550,0,0
1.334829750,1,0
1.334834800,0,0
1.334840000,1,0
1.334845000,0,0
1.334850200,1,0
1.334855250,0,0
1.334855900,0,1
1.334860450,1,1
1.334865450,0,1
1.334870650,1,1
1.334875700,0,1
1.334880850,1,1
1.334885900,0,1
1.334891100,1,1
1.334896150,0,1
1.334901300,1,1
1.334906350,0,1
1.334907350,0,0
1.334911550,1,0
1.334917750,1,1
1.334975550,1,0
1.334981550,0,0
1.334982750,0,1
1.334986750,1,1
1.334991800,0,1
1.334992800,0,0
1.334996950,1,0
1.335002000,0,0
1.335003250,0,1
1.335007200,1,1
1.335012250,0,1
1.335013250,0,0
1.335017450,1,0
1.335022450,0,0
1.335023650,0,1
1.335027650,1,1
1.335032700,0,1
1.335033700,0,0
1.335037850,1,0
1.335042900,0,0
1.335048100,1,0
1.335053150,0,0
1.335058300,1,0
1.335063350,0,0
1.335068550,1,0
1.335073550,0,0
1.335078750,1,0
1.335083800,0,0
1.335085050,0,1
1.335089000,1,1
1.335094000,0,1
1.335095000,0,0
1.335099200,1,0
1.335104250,0,0
1.335105450,0,1
1.335109450,1,1
1.335114450,0,1
1.335115450,0,0
1.335119650,1,0
1.335124700,0,0
1.335129850,1,0
1.335134900,0,0
1.335140100,1,0
1.335145150,0,0
1.335150300,1,0
1.335155350,0,0
1.335160550,1,0
1.335165550,0,0
1.335166200,0,1
1.335170750,1,1
1.335177800,1,0
1.335183800,0,0
1.335185000,0,1
1.335188950,1,1
1.335194000,0,1
1.335195000,0,0
1.335199200,1,0
1.335204250,0,0
1.335205450,0,1
1.335209400,1,1
1.335214450,0,1
1.335215450,0,0
1.335219650,1,0
1.335224700,0,0
1.335225900,0,1
1.335229850,1,1
1.335234900,0,1
1.335235900,0,0
1.335240100,1,0
1.335245150,0,0
1.335250300,1,0
1.335255350,0,0
1.335256600,0,1
1.335260550,1,1
1.335265550,0,1
1.335266000,0,0
1.335270750,1,0
1.335275800,0,0
1.335281000,1,0
1.335286000,0,0
1.335291200,1,0
1.335296250,0,0
1.335301450,1,0
1.335306450,0,0
1.335311650,1,0
1.335316700,0,0
1.335321850,1,0
1.335326900,0,0
1.335332100,1,0
1.335337150,0,0
1.335342300,1,0
1.335347350,0,0
1.335352550,1,0
1.335357550,0,0
1.335362750,1,0
1.335367800,0,0
1.335371050,0,1
1.335373000,1,1
1.335378000,0,1
1.335378450,0,0
1.335383200,1,0
1.335388250,0,0
1.335393450,1,0
1.335398450,0,0
1.335403650,1,0
1.335408700,0,0
1.335413850,1,0
1.335418900,0,0
1.335424100,1,0
1.335429150,0,0
1.335434300,1,0
1.335439350,0,0
1.335444550,1,0
1.335449550,0,0
1.335454750,1,0
1.335459800,0,0
1.335465000,1,0
1.335470000,0,0
1.335475200,1,0
1.335480250,0,0
1.335485450,1,0
1.335490450,0,0
1.335495650,1,0
1.335500700,0,0
1.335505850,1,0
1.335510900,0,0
1.335516100,1,0
1.335521150,0,0
1.335526300,1,0
1.335531350,0,0
1.335536550,1,0
1.335541550,0,0
1.335546750,1,0
1.335551800,0,0
1.335555050,0,1
1.335557000,1,1
1.335562000,0,1
1.335562400,0,0
1.335567200,1,0
1.335572250,0,0
1.335577450,1,0
1.335582450,0,0
1.335587650,1,0
1.335592700,0,0
1.335597850,1,0
1.335602900,0,0
1.335608100,1,0
1.335613100,0,0
1.335618300,1,0
1.335623350,0,0
1.335628550,1,0
1.335633550,0,0
1.335638750,1,0
1.335643800,0,0
1.335649000,1,0
1.335654000,0,0
1.335659200,1,0
1.335664250,0,0
1.335669400,1,0
1.335674450,0,0
1.335679650,1,0
1.335684700,0,0
1.335689850,1,0
1.335694900,0,0
1.335700100,1,0
1.335705100,0,0
1.335710300,1,0
1.335715350,0,0
1.335720550,1,0
1.335725550,0,0
1.335730750,1,0
1.335735800,0,0
1.335739050,0,1
1.335741000,1,1
1.335746000,0,1
1.335746450,0,0
1.335751200,1,0
1.335756250,0,0
1.335761400,1,0
1.335766450,0,0
1.335771650,1,0
1.335776700,0,0
1.335781850,1,0
1.335786900,0,0
1.335792100,1,0
1.335797100,0,0
1.335802300,1,0
1.335807350,0,0
1.335812550,1,0
1.335817550,0,0
1.335818200,0,1
1.335822750,1,1
1.335827800,0,1
1.335828800,0,0
1.335833000,1,0
1.335839250,1,1
1.432892250,1,0
1.432898250,0,0
1.432899450,0,1
1.432903400,1,1
1.432908500,0,1
1.432909500,0,0
1.432913650,1,0
1.432918700,0,0
1.432919900,0,1
1.432923900,1,1
1.432928950,0,1
1.432929950,0,0
1.432934150,1,0
1.432939150,0,0
1.432940350,0,1
1.432944350,1,1
1.432949400,0,1
1.432950400,0,0
1.432954550,1,0
1.432959600,0,0
1.432964800,1,0
1.432969850,0,0
1.432975000,1,0
1.432980050,0,0
1.432985250,1,0
1.432990250,0,0
1.432995450,1,0
1.433000500,0,0
1.433001750,0,1
1.433005700,1,1
1.433010700,0,1
1.433011700,0,0
1.433015900,1,0
1.433020950,0,0
1.433026150,1,0
1.433031150,0,0
1.433036350,1,0
1.433041400,0,0
1.433046550,1,0
1.433051600,0,0
1.433056800,1,0
1.433061800,0,0
1.433067000,1,0
1.433072050,0,0
1.433077250,1,0
1.433082250,0,0
1.433082900,0,1
1.433087450,1,1
1.433094500,1,0
1.433100500,0,0
1.433101700,0,1
1.433105650,1,1
1.433110700,0,1
1.433111700,0,0
1.433115900,1,0
1.433120950,0,0
1.433122150,0,1
1.433126100,1,1
1.433131150,0,1
1.433132150,0,0
1.433136350,1,0
1.433141400,0,0
1.433142600,0,1
1.433146550,1,1
1.433151600,0,1
1.433152600,0,0
1.433156800,1,0
1.433161800,0,0
1.433167000,1,0
1.433172050,0,0
1.433173300,0,1
1.433177250,1,1
1.433182250,0,1
1.433182700,0,0
1.433187450,1,0
1.433192500,0,0
1.433197700,1,0
1.433202700,0,0
1.433207900,1,0
1.433212950,0,0
1.433218150,1,0
1.433223150,0,0
1.433228350,1,0
1.433233400,0,0
1.433234050,0,1
1.433238550,1,1
1.433243600,0,1
1.433248800,1,1
1.433253800,0,1
1.433259000,1,1
1.433264050,0,1
1.433269250,1,1
1.433274250,0,1
1.433279450,1,1
1.433284500,0,1
1.433285500,0,0
1.433289700,1,0
1.433295900,1,1
1.433352700,1,0
1.433358700,0,0
1.433359900,0,1
1.433363850,1,1
1.433368950,0,1
1.433369950,0,0
1.433374100,1,0
1.433379150,0,0
1.433380350,0,1
1.433384350,1,1
1.433389400,0,1
1.433390400,0,0
1.433394550,1,0
1.433399600,0,0
1.433400800,0,1
1.433404800,1,1
1.433409800,0,1
1.433410800,0,0
1.433415000,1,0
1.433420050,0,0
1.433425250,1,0
1.433430250,0,0
1.433435450,1,0
1.433440500,0,0
1.433445700,1,0
1.433450700,0,0
1.433455900,1,0
1.433460950,0,0
1.433462200,0,1
1.433466100,1,1
1.433471150,0,1
1.433472150,0,0
1.433476350,1,0
1.433481400,0,0
1.433482600,0,1
1.433486550,1,1
1.433491600,0,1
1.433492600,0,0
1.433496800,1,0
1.433501800,0,0
1.433507000,1,0
1.433512050,0,0
1.433517250,1,0
1.433522250,0,0
1.433527450,1,0
1.433532500,0,0
1.433537700,1,0
1.433542700,0,0
1.433543400,0,1
1.433547900,1,1
1.433554950,1,0
1.433560950,0,0
1.433562150,0,1
1.433566100,1,1
1.433571150,0,1
1.433572150,0,0
1.433576350,1,0
1.433581400,0,0
1.433582600,0,1
1.433586550,1,1
1.433591600,0,1
1.433592600,0,0
1.433596800,1,0
1.433601800,0,0
1.433603050,0,1
1.433607000,1,1
1.433612050,0,1
1.433613050,0,0
1.433617250,1,0
1.433622250,0,0
1.433627450,1,0
1.433632500,0,0
1.433633700,0,1
1.433637700,1,1
1.433642700,0,1
1.433643200,0,0
1.433647900,1,0
1.433652950,0,0
1.433658100,1,0
1.433663150,0,0
1.433668350,1,0
1.433673400,0,0
1.433678550,1,0
1.433683600,0,0
1.433688800,1,0
1.433693800,0,0
1.433699000,1,0
1.433704050,0,0
1.433709250,1,0
1.433714250,0,0
1.433719450,1,0
1.433724500,0,0
1.433729700,1,0
1.433734700,0,0
1.433739900,1,0
1.433744950,0,0
1.433748150,0,1
1.433750100,1,1
1.433755150,0,1
1.433755550,0,0
1.433760350,1,0
1.433765400,0,0
1.433770550,1,0
1.433775600,0,0
1.433780800,1,0
1.433785800,0,0
1.433791000,1,0
1.433796050,0,0
1.433801250,1,0
1.433806250,0,0
1.433811450,1,0
1.433816500,0,0
1.433821700,1,0
1.433826700,0,0
1.433831900,1,0
1.433836950,0,0
1.433842100,1,0
1.433847150,0,0
1.433852350,1,0
1.433857350,0,0
1.433862550,1,0
1.433867600,0,0
1.433872800,1,0
1.433877800,0,0
1.433883000,1,0
1.433888050,0,0
1.433893250,1,0
1.433898250,0,0
1.433903450,1,0
1.433908500,0,0
1.433913700,1,0
1.433918700,0,0
1.433923900,1,0
1.433928950,0,0
1.433932150,0,1
1.433934100,1,1
1.433939150,0,1
1.433939600,0,0
1.433944350,1,0
1.433949350,0,0
1.433954550,1,0
1.433959600,0,0
1.433964800,1,0
1.433969800,0,0
1.433975000,1,0
1.433980050,0,0
1.433985250,1,0
1.433990250,0,0
1.433995450,1,0
1.434000500,0,0
1.434005650,1,0
1.434010700,0,0
1.434015900,1,0
1.434020950,0,0
1.434026100,1,0
1.434031150,0,0
1.434036350,1,0
1.434041350,0,0
1.434046550,1,0
1.434051600,0,0
1.434056800,1,0
1.434061800,0,0
1.434067000,1,0
1.434072050,0,0
1.434077250,1,0
1.434082250,0,0
1.434087450,1,0
1.434092500,0,0
1.434097650,1,0
1.434102700,0,0
1.434107900,1,0
1.434112950,0,0
1.434116150,0,1
1.434118100,1,1
1.434123150,0,1
1.434123550,0,0
1.434128350,1,0
1.434133350,0,0
1.434138550,1,0
1.434143600,0,0
1.434148800,1,0
1.434153800,0,0
1.434159000,1,0
1.434164050,0,0
1.434169250,1,0
1.434174250,0,0
1.434179450,1,0
1.434184500,0,0
1.434189650,1,0
1.434194700,0,0
1.434195350,0,1
1.434199900,1,1
1.434204950,0,1
1.434205950,0,0
1.434210100,1,0
1.434216350,1,1
1.532206400,1,0
1.532212400,0,0
1.532213600,0,1
1.532217550,1,1
1.532222600,0,1
1.532223600,0,0
1.532227800,1,0
1.532232850,0,0
1.532234050,0,1
1.532238050,1,1
1.532243050,0,1
1.532244050,0,0
1.532248250,1,0
1.532253300,0,0
1.532254500,0,1
1.532258500,1,1
1.532263500,0,1
1.532264500,0,0
1.532268700,1,0
1.532273750,0,0
1.532278900,1,0
1.532283950,0,0
1.532289150,1,0
1.532294200,0,0
1.532299350,1,0
1.532304400,0,0
1.532309600,1,0
1.532314600,0,0
1.532315850,0,1
1.532319800,1,1
1.532324850,0,1
1.532325850,0,0
1.532330050,1,0
1.532335050,0,0
1.532340250,1,0
1.532345300,0,0
1.532350500,1,0
1.532355500,0,0
1.532360700,1,0
1.532365750,0,0
1.532370900,1,0
1.532375950,0,0
1.532381150,1,0
1.532386200,0,0
1.532391350,1,0
1.532396400,0,0
1.532397100,0,1
1.532401600,1,1
1.532408600,1,0
1.532414600,0,0
1.532415850,0,1
1.532419800,1,1
1.532424850,0,1
1.532425850,0,0
1.532430050,1,0
1.532435050,0,0
1.532436300,0,1
1.532440250,1,1
1.532445300,0,1
1.532446300,0,0
1.532450500,1,0
1.532455500,0,0
1.532456700,0,1
1.532460700,1,1
1.532465750,0,1
1.532466750,0,0
1.532470900,1,0
1.532475950,0,0
1.532481150,1,0
1.532486200,0,0
1.532487400,0,1
1.532491350,1,1
1.532496400,0,1
1.532496800,0,0
1.532501600,1,0
1.532506600,0,0
1.532511800,1,0
1.532516850,0,0
1.532522050,1,0
1.532527050,0,0
1.532532250,1,0
1.532537300,0,0
1.532542500,1,0
1.532547500,0,0
1.532548150,0,1
1.532552700,1,1
1.532557750,0,1
1.532562900,1,1
1.532567950,0,1
1.532573150,1,1
1.532578200,0,1
1.532583350,1,1
1.532588400,0,1
1.532593600,1,1
1.532598600,0,1
1.532599600,0,0
1.532603800,1,0
1.532610050,1,1
1.532667850,1,0
1.532673850,0,0
1.532675050,0,1
1.532679000,1,1
1.532684050,0,1
1.532685050,0,0
1.532689250,1,0
1.532694300,0,0
1.532695500,0,1
1.532699450,1,1
1.532704500,0,1
1.532705500,0,0
1.532709700,1,0
1.532714750,0,0
1.532715950,0,1
1.532719900,1,1
1.532724950,0,1
1.532725950,0,0
1.532730150,1,0
1.532735200,0,0
1.532740350,1,0
1.532745400,0,0
1.532750600,1,0
1.532755600,0,0
1.532760800,1,0
1.532765850,0,0
1.532771050,1,0
1.532776050,0,0
1.532777300,0,1
1.532781250,1,1
1.532786300,0,1
1.532787300,0,0
1.532791500,1,0
1.532796500,0,0
1.532797750,0,1
1.532801700,1,1
1.532806750,0,1
1.532807750,0,0
1.532811900,1,0
1.532816950,0,0
1.532822150,1,0
1.532827150,0,0
1.532832350,1,0
1.532837400,0,0
1.532842600,1,0
1.532847600,0,0
1.532852800,1,0
1.532857850,0,0
1.532858450,0,1
1.532863050,1,1
1.532870050,1,0
1.532876050,0,0
1.532877250,0,1
1.532881250,1,1
1.532886300,0,1
1.532887300,0,0
1.532891450,1,0
1.532896500,0,0
1.532897700,0,1
1.532901700,1,1
1.532906750,0,1
1.532907750,0,0
1.532911900,1,0
1.532916950,0,0
1.532918150,0,1
1.532922150,1,1
1.532927150,0,1
1.532928150,0,0
1.532932350,1,0
1.532937400,0,0
1.532942600,1,0
1.532947600,0,0
1.532948850,0,1
1.532952800,1,1
1.532957850,0,1
1.532958250,0,0
1.532963050,1,0
1.532968050,0,0
1.532973250,1,0
1.532978300,0,0
1.532983450,1,0
1.532988500,0,0
1.532993700,1,0
1.532998750,0,0
1.533003900,1,0
1.533008950,0,0
1.533014150,1,0
1.533019150,0,0
1.533024350,1,0
1.533029400,0,0
1.533034600,1,0
1.533039600,0,0
1.533044800,1,0
1.533049850,0,0
1.533055050,1,0
1.533060050,0,0
1.533063300,0,1
1.533065250,1,1
1.533070300,0,1
1.533070700,0,0
1.533075450,1,0
1.533080500,0,0
1.533085700,1,0
1.533090750,0,0
1.533095900,1,0
1.533100950,0,0
1.533106150,1,0
1.533111150,0,0
1.533116350,1,0
1.533121400,0,0
1.533126600,1,0
1.533131600,0,0
1.533136800,1,0
1.533141850,0,0
1.533147050,1,0
1.533152050,0,0
1.533157250,1,0
1.533162300,0,0
1.533167450,1,0
1.533172500,0,0
1.533177700,1,0
1.533182750,0,0
1.533187900,1,0
1.533192950,0,0
1.533198150,1,0
1.533203150,0,0
1.533208350,1,0
1.533213400,0,0
1.533218600,1,0
1.533223600,0,0
1.533228800,1,0
1.533233850,0,0
1.533239050,1,0
1.533244050,0,0
1.533247300,0,1
1.533249250,1,1
1.533254300,0,1
1.533254750,0,0
1.533259450,1,0
1.533264500,0,0
1.533269700,1,0
1.533274750,0,0
1.533279900,1,0
1.533284950,0,0
1.533290150,1,0
1.533295150,0,0
1.533300350,1,0
1.533305400,0,0
1.533310600,1,0
1.533315600,0,0
1.533320800,1,0
1.533325850,0,0
1.533331050,1,0
1.533336050,0,0
1.533341250,1,0
1.533346300,0,0
1.533351450,1,0
1.533356500,0,0
1.533361700,1,0
1.533366750,0,0
1.533371900,1,0
1.533376950,0,0
1.533382150,1,0
1.533387150,0,0
1.533392350,1,0
1.533397400,0,0
1.533402600,1,0
1.533407600,0,0
1.533412800,1,0
1.533417850,0,0
1.533423050,1,0
1.533428050,0,0
1.533431300,0,1
1.533433250,1,1
1.533438300,0,1
1.533438700,0,0
1.533443450,1,0
1.533448500,0,0
1.533453700,1,0
1.533458700,0,0
1.533463900,1,0
1.533468950,0,0
1.533474150,1,0
1.533479150,0,0
1.533484350,1,0
1.533489400,0,0
1.533494600,1,0
1.533499600,0,0
1.533504800,1,0
1.533509850,0,0
1.533510550,0,1
1.533515000,1,1
1.533520050,0,1
1.533521050,0,0
1.533525250,1,0
1.533531500,1,1
1.630592550,1,0
1.630598550,0,0
1.630599700,0,1
1.630603700,1,1
1.630608750,0,1
1.630609750,0,0
1.630613950,1,0
1.630619000,0,0
1.630620200,0,1
1.630624150,1,1
1.630629200,0,1
1.630630200,0,0
1.630634400,1,0
1.630639450,0,0
1.630640650,0,1
1.630644600,1,1
1.630649650,0,1
1.630650650,0,0
1.630654850,1,0
1.630659850,0,0
1.630665050,1,0
1.630670100,0,0
1.630675300,1,0
1.630680300,0,0
1.630685500,1,0
1.630690550,0,0
1.630695750,1,0
1.630700750,0,0
1.630702000,0,1
1.630705950,1,1
1.630711000,0,1
1.630712000,0,0
1.630716150,1,0
1.630721200,0,0
1.630726400,1,0
1.630731450,0,0
1.630736600,1,0
1.630741650,0,0
1.630746850,1,0
1.630751850,0,0
1.630757050,1,0
1.630762100,0,0
1.630767300,1,0
1.630772300,0,0
1.630777500,1,0
1.630782550,0,0
1.630783200,0,1
1.630787750,1,1
1.630794750,1,0
1.630800750,0,0
1.630801950,0,1
1.630805950,1,1
1.630811000,0,1
1.630812000,0,0
1.630816150,1,0
1.630821200,0,0
1.630822400,0,1
1.630826400,1,1
1.630831450,0,1
1.630832450,0,0
1.630836600,1,0
1.630841650,0,0
1.630842850,0,1
1.630846850,1,1
1.630851850,0,1
1.630852850,0,0
1.630857050,1,0
1.630862100,0,0
1.630867300,1,0
1.630872300,0,0
1.630873550,0,1
1.630877500,1,1
1.630882550,0,1
1.630883000,0,0
1.630887750,1,0
1.630892750,0,0
1.630897950,1,0
1.630903000,0,0
1.630908150,1,0
1.630913200,0,0
1.630918400,1,0
1.630923450,0,0
1.630928600,1,0
1.630933650,0,0
1.630934350,0,1
1.630938850,1,1
1.630943850,0,1
1.630949050,1,1
1.630954100,0,1
1.630959300,1,1
1.630964300,0,1
1.630969500,1,1
1.630974550,0,1
1.630979700,1,1
1.630984750,0,1
1.630985750,0,0
1.630989950,1,0
1.630996200,1,1
1.631061000,1,0
1.631067000,0,0
1.631068150,0,1
1.631072150,1,1
1.631077200,0,1
1.631078200,0,0
1.631082400,1,0
1.631087400,0,0
1.631088650,0,1
1.631092600,1,1
1.631097650,0,1
1.631098650,0,0
1.631102850,1,0
1.631107850,0,0
1.631109100,0,1
1.631113050,1,1
1.631118100,0,1
1.631119100,0,0
1.631123300,1,0
1.631128300,0,0
1.631133500,1,0
1.631138550,0,0
1.631143700,1,0
1.631148750,0,0
1.631153950,1,0
1.631159000,0,0
1.631164150,1,0
1.631169200,0,0
1.631170450,0,1
1.631174400,1,1
1.631179400,0,1
1.631180400,0,0
1.631184600,1,0
1.631189650,0,0
1.631190850,0,1
1.631194850,1,1
1.631199850,0,1
1.631200850,0,0
1.631205050,1,0
1.631210100,0,0
1.631215300,1,0
1.631220300,0,0
1.631225500,1,0
1.631230550,0,0
1.631235700,1,0
1.631240750,0,0
1.631245950,1,0
1.631251000,0,0
1.631251650,0,1
1.631256150,1,1
1.631263200,1,0
1.631269200,0,0
1.631270400,0,1
1.631274350,1,1
1.631279400,0,1
1.631280400,0,0
1.631284600,1,0
1.631289650,0,0
1.631290850,0,1
1.631294850,1,1
1.631299850,0,1
1.631300850,0,0
1.631305050,1,0
1.631310100,0,0
1.631311300,0,1
1.631315300,1,1
1.631320300,0,1
1.631321300,0,0
1.631325500,1,0
1.631330550,0,0
1.631335700,1,0
1.631340750,0,0
1.631342000,0,1
1.631345950,1,1
1.631351000,0,1
1.631351450,0,0
1.631356150,1,0
1.631361200,0,0
1.631366400,1,0
1.631371400,0,0
1.631376600,1,0
1.631381650,0,0
1.631386850,1,0
1.631391850,0,0
1.631397050,1,0
1.631402100,0,0
1.631407300,1,0
1.631412300,0,0
1.631417500,1,0
1.631422550,0,0
1.631427700,1,0
1.631432750,0,0
1.631437950,1,0
1.631443000,0,0
1.631448150,1,0
1.631453200,0,0
1.631456450,0,1
1.631458400,1,1
1.631463400,0,1
1.631463850,0,0
1.631468600,1,0
1.631473650,0,0
1.631478850,1,0
1.631483850,0,0
1.631489050,1,0
1.631494100,0,0
1.631499300,1,0
1.631504300,0,0
1.631509500,1,0
1.631514550,0,0
1.631519700,1,0
1.631524750,0,0
1.631529950,1,0
1.631535000,0,0
1.631540150,1,0
1.631545200,0,0
1.631550400,1,0
1.631555400,0,0
1.631560600,1,0
1.631565650,0,0
1.631570850,1,0
1.631575850,0,0
1.631581050,1,0
1.631586100,0,0
1.631591300,1,0
1.631596300,0,0
1.631601500,1,0
1.631606550,0,0
1.631611700,1,0
1.631616750,0,0
1.631621950,1,0
1.631627000,0,0
1.631632150,1,0
1.631637200,0,0
1.631640450,0,1
1.631642400,1,1
1.631647400,0,1
1.631647850,0,0
1.631652600,1,0
1.631657650,0,0
1.631662850,1,0
1.631667850,0,0
1.631673050,1,0
1.631678100,0,0
1.631683300,1,0
1.631688300,0,0
1.631693500,1,0
1.631698550,0,0
1.631703700,1,0
1.631708750,0,0
1.631713950,1,0
1.631718950,0,0
1.631724150,1,0
1.631729200,0,0
1.631734400,1,0
1.631739400,0,0
1.631744600,1,0
1.631749650,0,0
1.631754850,1,0
1.631759850,0,0
1.631765050,1,0
1.631770100,0,0
1.631775300,1,0
1.631780300,0,0
1.631785500,1,0
1.631790550,0,0
1.631795700,1,0
1.631800750,0,0
1.631805950,1,0
1.631810950,0,0
1.631816150,1,0
1.631821200,0,0
1.631824450,0,1
1.631826400,1,1
1.631831400,0,1
1.631831900,0,0
1.631836600,1,0
1.631841650,0,0
1.631846850,1,0
1.631851850,0,0
1.631857050,1,0
1.631862100,0,0
1.631867300,1,0
1.631872300,0,0
1.631877500,1,0
1.631882550,0,0
1.631887700,1,0
1.631892750,0,0
1.631897950,1,0
1.631902950,0,0
1.631903600,0,1
1.631908150,1,1
1.631913200,0,1
1.631914200,0,0
1.631918400,1,0
1.631924650,1,1
1.729029700,1,0
1.729035700,0,0
1.729036850,0,1
1.729040850,1,1
1.729045900,0,1
1.729046900,0,0
1.729051050,1,0
1.729056100,0,0
1.729057350,0,1
1.729061300,1,1
1.729066350,0,1
1.729067350,0,0
1.729071550,1,0
1.729076550,0,0
1.729077800,0,1
1.729081750,1,1
1.729086800,0,1
1.729087800,0,0
1.729092000,1,0
1.729097000,0,0
1.729102200,1,0
1.729107250,0,0
1.729112400,1,0
1.729117450,0,0
1.729122650,1,0
1.729127650,0,0
1.729132850,1,0
1.729137900,0,0
1.729139150,0,1
1.729143100,1,1
1.729148100,0,1
1.729149100,0,0
1.729153300,1,0
1.729158350,0,0
1.729163550,1,0
1.729168550,0,0
1.729173750,1,0
1.729178800,0,0
1.729184000,1,0
1.729189000,0,0
1.729194200,1,0
1.729199250,0,0
1.729204400,1,0
1.729209450,0,0
1.729214650,1,0
1.729219650,0,0
1.729220350,0,1
1.729224850,1,1
1.729231900,1,0
1.729237900,0,0
1.729239100,0,1
1.729243050,1,1
1.729248100,0,1
1.729249100,0,0
1.729253300,1,0
1.729258350,0,0
1.729259550,0,1
1.729263550,1,1
1.729268550,0,1
1.729269550,0,0
1.729273750,1,0
1.729278800,0,0
1.729280000,0,1
1.729283950,1,1
1.729289000,0,1
1.729290000,0,0
1.729294200,1,0
1.729299250,0,0
1.729304400,1,0
1.729309450,0,0
1.729310700,0,1
1.729314650,1,1
1.729319650,0,1
1.729320100,0,0
1.729324850,1,0
1.729329900,0,0
1.729335100,1,0
1.729340100,0,0
1.729345300,1,0
1.729350350,0,0
1.729355550,1,0
1.729360550,0,0
1.729365750,1,0
1.729370800,0,0
1.729371450,0,1
1.729375950,1,1
1.729381000,0,1
1.729386200,1,1
1.729391250,0,1
1.729396400,1,1
1.729401450,0,1
1.729406650,1,1
1.729411650,0,1
1.729416850,1,1
1.729421900,0,1
1.729422900,0,0
1.729427100,1,0
1.729433300,1,1
1.729499100,1,0
1.729505100,0,0
1.729506300,0,1
1.729510250,1,1
1.729515350,0,1
1.729516350,0,0
1.729520500,1,0
1.729525550,0,0
1.729526750,0,1
1.729530750,1,1
1.729535800,0,1
1.729536800,0,0
1.729540950,1,0
1.729546000,0,0
1.729547200,0,1
1.729551200,1,1
1.729556250,0,1
1.729557250,0,0
1.729561400,1,0
1.729566450,0,0
1.729571650,1,0
1.729576650,0,0
1.729581850,1,0
1.729586900,0,0
1.729592100,1,0
1.729597100,0,0
1.729602300,1,0
1.729607350,0,0
1.729608600,0,1
1.729612550,1,1
1.729617550,0,1
1.729618550,0,0
1.729622750,1,0
1.729627800,0,0
1.729629000,0,1
1.729632950,1,1
1.729638000,0,1
1.729639000,0,0
1.729643200,1,0
1.729648250,0,0
1.729653400,1,0
1.729658450,0,0
1.729663650,1,0
1.729668650,0,0
1.729673850,1,0
1.729678900,0,0
1.729684100,1,0
1.729689100,0,0
1.729689800,0,1
1.729694300,1,1
1.729701350,1,0
1.729707350,0,0
1.729708550,0,1
1.729712500,1,1
1.729717550,0,1
1.729718550,0,0
1.729722750,1,0
1.729727800,0,0
1.729729000,0,1
1.729732950,1,1
1.729738000,0,1
1.729739000,0,0
1.729743200,1,0
1.729748250,0,0
1.729749450,0,1
1.729753400,1,1
1.729758450,0,1
1.729759450,0,0
1.729763650,1,0
1.729768650,0,0
1.729773850,1,0
1.729778900,0,0
1.729780100,0,1
1.729784100,1,1
1.729789100,0,1
1.729789550,0,0
1.729794300,1,0
1.729799350,0,0
1.729804550,1,0
1.729809550,0,0
1.729814750,1,0
1.729819800,0,0
1.729824950,1,0
1.729830000,0,0
1.729835200,1,0
1.729840200,0,0
1.729845400,1,0
1.729850450,0,0
1.729855650,1,0
1.729860650,0,0
1.729865850,1,0
1.729870900,0,0
1.729876100,1,0
1.729881100,0,0
1.729886300,1,0
1.729891350,0,0
1.729894600,0,1
1.729896500,1,1
1.729901550,0,1
1.729902000,0,0
1.729906750,1,0
1.729911800,0,0
1.729916950,1,0
1.729922000,0,0
1.729927200,1,0
1.729932200,0,0
1.729937400,1,0
1.729942450,0,0
1.729947650,1,0
1.729952650,0,0
1.729957850,1,0
1.729962900,0,0
1.729968100,1,0
1.729973100,0,0
1.729978300,1,0
1.729983350,0,0
1.729988500,1,0
1.729993550,0,0
1.729998750,1,0
1.730003800,0,0
1.730008950,1,0
1.730014000,0,0
1.730019200,1,0
1.730024200,0,0
1.730029400,1,0
1.730034450,0,0
1.730039650,1,0
1.730044650,0,0
1.730049850,1,0
1.730054900,0,0
1.730060100,1,0
1.730065100,0,0
1.730070300,1,0
1.730075350,0,0
1.730078600,0,1
1.730080500,1,1
1.730085550,0,1
1.730086000,0,0
1.730090750,1,0
1.730095800,0,0
1.730100950,1,0
1.730106000,0,0
1.730111200,1,0
1.730116200,0,0
1.730121400,1,0
1.730126450,0,0
1.730131650,1,0
1.730136650,0,0
1.730141850,1,0
1.730146900,0,0
1.730152100,1,0
1.730157100,0,0
1.730162300,1,0
1.730167350,0,0
1.730172500,1,0
1.730177550,0,0
1.730182750,1,0
1.730187800,0,0
1.730192950,1,0
1.730198000,0,0
1.730203200,1,0
1.730208200,0,0
1.730213400,1,0
1.730218450,0,0
1.730223650,1,0
1.730228650,0,0
1.730233850,1,0
1.730238900,0,0
1.730244100,1,0
1.730249100,0,0
1.730254300,1,0
1.730259350,0,0
1.730262600,0,1
1.730264500,1,1
1.730269550,0,1
1.730270000,0,0
1.730274750,1,0
1.730279800,0,0
1.730284950,1,0
1.730290000,0,0
1.730295200,1,0
1.730300200,0,0
1.730305400,1,0
1.730310450,0,0
1.730315650,1,0
1.730320650,0,0
1.730325850,1,0
1.730330900,0,0
1.730336100,1,0
1.730341100,0,0
1.730341750,0,1
1.730346300,1,1
1.730351350,0,1
1.730352350,0,0
1.730356500,1,0
1.730362750,1,1
1.828346800,1,0
1.828352800,0,0
1.828354000,0,1
1.828357950,1,1
1.828363050,0,1
1.828364050,0,0
1.828368200,1,0
1.828373250,0,0
1.828374450,0,1
1.828378450,1,1
1.828383450,0,1
1.828384450,0,0
1.828388650,1,0
1.828393700,0,0
1.828394900,0,1
1.828398900,1,1
1.828403900,0,1
1.828404900,0,0
1.828409100,1,0
1.828414150,0,0
1.828419350,1,0
1.828424350,0,0
1.828429550,1,0
1.828434600,0,0
1.828439750,1,0
1.828444800,0,0
1.828450000,1,0
1.828455050,0,0
1.828456250,0,1
1.828460200,1,1
1.828465250,0,1
1.828466250,0,0
1.828470450,1,0
1.828475450,0,0
1.828480650,1,0
1.828485700,0,0
1.828490900,1,0
1.828495900,0,0
1.828501100,1,0
1.828506150,0,0
1.828511350,1,0
1.828516350,0,0
1.828521550,1,0
1.828526600,0,0
1.828531750,1,0
1.828536800,0,0
1.828537500,0,1
1.828542000,1,1
1.828549050,1,0
1.828555050,0,0
1.828556250,0,1
1.828560200,1,1
1.828565250,0,1
1.828566250,0,0
1.828570450,1,0
1.828575450,0,0
1.828576700,0,1
1.828580650,1,1
1.828585700,0,1
1.828586700,0,0
1.828590900,1,0
1.828595900,0,0
1.828597150,0,1
1.828601100,1,1
1.828606150,0,1
1.828607150,0,0
1.828611350,1,0
1.828616350,0,0
1.828621550,1,0
1.828626600,0,0
1.828627800,0,1
1.828631750,1,1
1.828636800,0,1
1.828637250,0,0
1.828642000,1,0
1.828647050,0,0
1.828652200,1,0
1.828657250,0,0
1.828662450,1,0
1.828667450,0,0
1.828672650,1,0
1.828677700,0,0
1.828682900,1,0
1.828687900,0,0
1.828688550,0,1
1.828693100,1,1
1.828698150,0,1
1.828703300,1,1
1.828708350,0,1
1.828713550,1,1
1.828718600,0,1
1.828723750,1,1
1.828728800,0,1
1.828734000,1,1
1.828739000,0,1
1.828740000,0,0
1.828744200,1,0
1.828750450,1,1
1.828808250,1,0
1.828814250,0,0
1.828815450,0,1
1.828819400,1,1
1.828824450,0,1
1.828825450,0,0
1.828829650,1,0
1.828834700,0,0
1.828835900,0,1
1.828839850,1,1
1.828844900,0,1
1.828845900,0,0
1.828850100,1,0
1.828855150,0,0
1.828856350,0,1
1.828860300,1,1
1.828865350,0,1
1.828866350,0,0
1.828870550,1,0
1.828875600,0,0
1.828880750,1,0
1.828885800,0,0
1.828891000,1,0
1.828896000,0,0
1.828901200,1,0
1.828906250,0,0
1.828911450,1,0
1.828916450,0,0
1.828917700,0,1
1.828921650,1,1
1.828926700,0,1
1.828927700,0,0
1.828931900,1,0
1.828936900,0,0
1.828938150,0,1
1.828942100,1,1
1.828947150,0,1
1.828948150,0,0
1.828952300,1,0
1.828957350,0,0
1.828962550,1,0
1.828967600,0,0
1.828972750,1,0
1.828977800,0,0
1.828983000,1,0
1.828988000,0,0
1.828993200,1,0
1.828998250,0,0
1.828998950,0,1
1.829003450,1,1
1.829010450,1,0
1.829016450,0,0
1.829017650,0,1
1.829021650,1,1
1.829026700,0,1
1.829027700,0,0
1.829031850,1,0
1.829036900,0,0
1.829038100,0,1
1.829042100,1,1
1.829047150,0,1
1.829048150,0,0
1.829052300,1,0
1.829057350,0,0
1.829058550,0,1
1.829062550,1,1
1.829067600,0,1
1.829068600,0,0
1.829072750,1,0
1.829077800,0,0
1.829083000,1,0
1.829088000,0,0
1.829089250,0,1
1.829093200,1,1
1.829098250,0,1
1.829098650,0,0
1.829103450,1,0
1.829108450,0,0
1.829113650,1,0
1.829118700,0,0
1.829123900,1,0
1.829128900,0,0
1.829134100,1,0
1.829139150,0,0
1.829144300,1,0
1.829149350,0,0
1.829154550,1,0
1.829159600,0,0
1.829164750,1,0
1.829169800,0,0
1.829175000,1,0
1.829180000,0,0
1.829185200,1,0
1.829190250,0,0
1.829195450,1,0
1.829200450,0,0
1.829203700,0,1
1.829205650,1,1
1.829210700,0,1
1.829211100,0,0
1.829215900,1,0
1.829220900,0,0
1.829226100,1,0
1.829231150,0,0
1.829236300,1,0
1.829241350,0,0
1.829246550,1,0
1.829251600,0,0
1.829256750,1,0
1.829261800,0,0
1.829267000,1,0
1.829272000,0,0
1.829277200,1,0
1.829282250,0,0
1.829287450,1,0
1.829292450,0,0
1.829297650,1,0
1.829302700,0,0
1.829307900,1,0
1.829312900,0,0
1.829318100,1,0
1.829323150,0,0
1.829328300,1,0
1.829333350,0,0
1.829338550,1,0
1.829343600,0,0
1.829348750,1,0
1.829353800,0,0
1.829359000,1,0
1.829364000,0,0
1.829369200,1,0
1.829374250,0,0
1.829379450,1,0
1.829384450,0,0
1.829387700,0,1
1.829389650,1,1
1.829394700,0,1
1.829395150,0,0
1.829399900,1,0
1.829404900,0,0
1.829410100,1,0
1.829415150,0,0
1.829420300,1,0
1.829425350,0,0
1.829430550,1,0
1.829435550,0,0
1.829440750,1,0
1.829445800,0,0
1.829451000,1,0
1.829456000,0,0
1.829461200,1,0
1.829466250,0,0
1.829471450,1,0
1.829476450,0,0
1.829481650,1,0
1.829486700,0,0
1.829491900,1,0
1.829496900,0,0
1.829502100,1,0
1.829507150,0,0
1.829512300,1,0
1.829517350,0,0
1.829522550,1,0
1.829527550,0,0
1.829532750,1,0
1.829537800,0,0
1.829543000,1,0
1.829548000,0,0
1.829553200,1,0
1.829558250,0,0
1.829563450,1,0
1.829568450,0,0
1.829571700,0,1
1.829573650,1,1
1.829578700,0,1
1.829579100,0,0
1.829583850,1,0
1.829588900,0,0
1.829594100,1,0
1.829599150,0,0
1.829604300,1,0
1.829609350,0,0
1.829614550,1,0
1.829619550,0,0
1.829624750,1,0
1.829629800,0,0
1.829635000,1,0
1.829640000,0,0
1.829645200,1,0
1.829650250,0,0
1.829650900,0,1
1.829655450,1,1
1.829660450,0,1
1.829661450,0,0
1.829665650,1,0
1.829671900,1,1
1.926681950,1,0
1.926687950,0,0
1.926689100,0,1
1.926693100,1,1
1.926698150,0,1
1.926699150,0,0
1.926703350,1,0
1.926708400,0,0
1.926709600,0,1
1.926713550,1,1
1.926718600,0,1
1.926719600,0,0
1.926723800,1,0
1.926728850,0,0
1.926730050,0,1
1.926734000,1,1
1.926739050,0,1
1.926740050,0,0
1.926744250,1,0
1.926749250,0,0
1.926754450,1,0
1.926759500,0,0
1.926764700,1,0
1.926769700,0,0
1.926774900,1,0
1.926779950,0,0
1.926785150,1,0
1.926790150,0,0
1.926791400,0,1
1.926795350,1,1
1.926800400,0,1
1.926801400,0,0
1.926805550,1,0
1.926810600,0,0
1.926815800,1,0
1.926820850,0,0
1.926826000,1,0
1.926831050,0,0
1.926836250,1,0
1.926841250,0,0
1.926846450,1,0
1.926851500,0,0
1.926856700,1,0
1.926861700,0,0
1.926866900,1,0
1.926871950,0,0
1.926872600,0,1
1.926877150,1,1
1.926884150,1,0
1.926890150,0,0
1.926891350,0,1
1.926895350,1,1
1.926900400,0,1
1.926901400,0,0
1.926905550,1,0
1.926910600,0,0
1.926911800,0,1
1.926915800,1,1
1.926920850,0,1
1.926921850,0,0
1.926926000,1,0
1.926931050,0,0
1.926932250,0,1
1.926936250,1,1
1.926941250,0,1
1.926942250,0,0
1.926946450,1,0
1.926951500,0,0
1.926956700,1,0
1.926961700,0,0
1.926962950,0,1
1.926966900,1,1
1.926971950,0,1
1.926972400,0,0
1.926977150,1,0
1.926982150,0,0
1.926987350,1,0
1.926992400,0,0
1.926997550,1,0
1.927002600,0,0
1.927007800,1,0
1.927012850,0,0
1.927018000,1,0
1.927023050,0,0
1.927023750,0,1
1.927028250,1,1
1.927033250,0,1
1.927038450,1,1
1.927043500,0,1
1.927048700,1,1
1.927053700,0,1
1.927058900,1,1
1.927063950,0,1
1.927069150,1,1
1.927074150,0,1
1.927075150,0,0
1.927079350,1,0
1.927085600,1,1
1.927150400,1,0
1.927156400,0,0
1.927157550,0,1
1.927161550,1,1
1.927166600,0,1
1.927167600,0,0
1.927171800,1,0
1.927176850,0,0
1.927178050,0,1
1.927182000,1,1
1.927187050,0,1
1.927188050,0,0
1.927192250,1,0
1.927197250,0,0
1.927198500,0,1
1.927202450,1,1
1.927207500,0,1
1.927208500,0,0
1.927212700,1,0
1.927217700,0,0
1.927222900,1,0
1.927227950,0,0
1.927233150,1,0
1.927238150,0,0
1.927243350,1,0
1.927248400,0,0
1.927253550,1,0
1.927258600,0,0
1.927259850,0,1
1.927263800,1,1
1.927268850,0,1
1.927269850,0,0
1.927274000,1,0
1.927279050,0,0
1.927280250,0,1
1.927284250,1,1
1.927289250,0,1
1.927290250,0,0
1.927294450,1,0
1.927299500,0,0
1.927304700,1,0
1.927309700,0,0
1.927314900,1,0
1.927319950,0,0
1.927325150,1,0
1.927330150,0,0
1.927335350,1,0
1.927340400,0,0
1.927341050,0,1
1.927345550,1,1
1.927352600,1,0
1.927358600,0,0
1.927359800,0,1
1.927363750,1,1
1.927368850,0,1
1.927369850,0,0
1.927374000,1,0
1.927379050,0,0
1.927380250,0,1
1.927384250,1,1
1.927389250,0,1
1.927390250,0,0
1.927394450,1,0
1.927399500,0,0
1.927400700,0,1
1.927404700,1,1
1.927409700,0,1
1.927410700,0,0
1.927414900,1,0
1.927419950,0,0
1.927425150,1,0
1.927430150,0,0
1.927431400,0,1
1.927435350,1,1
1.927440400,0,1
1.927440850,0,0
1.927445550,1,0
1.927450600,0,0
1.927455800,1,0
1.927460800,0,0
1.927466000,1,0
1.927471050,0,0
1.927476250,1,0
1.927481250,0,0
1.927486450,1,0
1.927491500,0,0
1.927496700,1,0
1.927501700,0,0
1.927506900,1,0
1.927511950,0,0
1.927517150,1,0
1.927522150,0,0
1.927527350,1,0
1.927532400,0,0
1.927537550,1,0
1.927542600,0,0
1.927545850,0,1
1.927547800,1,1
1.927552800,0,1
1.927553250,0,0
1.927558000,1,0
1.927563050,0,0
1.927568250,1,0
1.927573250,0,0
1.927578450,1,0
1.927583500,0,0
1.927588700,1,0
1.927593700,0,0
1.927598900,1,0
1.927603950,0,0
1.927609100,1,0
1.927614150,0,0
1.927619350,1,0
1.927624400,0,0
1.927629550,1,0
1.927634600,0,0
1.927639800,1,0
1.927644800,0,0
1.927650000,1,0
1.927655050,0,0
1.927660250,1,0
1.927665250,0,0
1.927670450,1,0
1.927675500,0,0
1.927680700,1,0
1.927685700,0,0
1.927690900,1,0
1.927695950,0,0
1.927701100,1,0
1.927706150,0,0
1.927711350,1,0
1.927716400,0,0
1.927721550,1,0
1.927726600,0,0
1.927729850,0,1
1.927731800,1,1
1.927736800,0,1
1.927737250,0,0
1.927742000,1,0
1.927747050,0,0
1.927752250,1,0
1.927757250,0,0
1.927762450,1,0
1.927767500,0,0
1.927772700,1,0
1.927777700,0,0
1.927782900,1,0
1.927787950,0,0
1.927793100,1,0
1.927798150,0,0
1.927803350,1,0
1.927808400,0,0
1.927813550,1,0
1.927818600,0,0
1.927823800,1,0
1.927828800,0,0
1.927834000,1,0
1.927839050,0,0
1.927844250,1,0
1.927849250,0,0
1.927854450,1,0
1.927859500,0,0
1.927864700,1,0
1.927869700,0,0
1.927874900,1,0
1.927879950,0,0
1.927885100,1,0
1.927890150,0,0
1.927895350,1,0
1.927900400,0,0
1.927905550,1,0
1.927910600,0,0
1.927913850,0,1
1.927915800,1,1
1.927920800,0,1
1.927921250,0,0
1.927926000,1,0
1.927931050,0,0
1.927936250,1,0
1.927941250,0,0
1.927946450,1,0
1.927951500,0,0
1.927956700,1,0
1.927961700,0,0
1.927966900,1,0
1.927971950,0,0
1.927977100,1,0
1.927982150,0,0
1.927987350,1,0
1.927992400,0,0
1.927993000,0,1
1.927997550,1,1
1.928002600,0,1
1.928003600,0,0
1.928007800,1,0
1.928014050,1,1
2.025092100,1,0
2.025098100,0,0
2.025099250,0,1
2.025103250,1,1
2.025108300,0,1
2.025109300,0,0
2.025113500,1,0
2.025118500,0,0
2.025119750,0,1
2.025123700,1,1
2.025128750,0,1
2.025129750,0,0
2.025133950,1,0
2.025138950,0,0
2.025140200,0,1
2.025144150,1,1
2.025149200,0,1
2.025150200,0,0
2.025154400,1,0
2.025159400,0,0
2.025164600,1,0
2.025169650,0,0
2.025174800,1,0
2.025179850,0,0
2.025185050,1,0
2.025190100,0,0
2.025195250,1,0
2.025200300,0,0
2.025201550,0,1
2.025205500,1,1
2.025210500,0,1
2.025211500,0,0
2.025215700,1,0
2.025220750,0,0
2.025225950,1,0
2.025230950,0,0
2.025236150,1,0
2.025241200,0,0
2.025246400,1,0
2.025251400,0,0
2.025256600,1,0
2.025261650,0,0
2.025266800,1,0
2.025271850,0,0
2.025277050,1,0
2.025282100,0,0
2.025282750,0,1
2.025287250,1,1
2.025294300,1,0
2.025300300,0,0
2.025301500,0,1
2.025305450,1,1
2.025310500,0,1
2.025311500,0,0
2.025315700,1,0
2.025320750,0,0
2.025321950,0,1
2.025325950,1,1
2.025330950,0,1
2.025331950,0,0
2.025336150,1,0
2.025341200,0,0
2.025342400,0,1
2.025346350,1,1
2.025351400,0,1
2.025352400,0,0
2.025356600,1,0
2.025361650,0,0
2.025366800,1,0
2.025371850,0,0
2.025373100,0,1
2.025377050,1,1
2.025382100,0,1
2.025382500,0,0
2.025387250,1,0
2.025392300,0,0
2.025397500,1,0
2.025402500,0,0
2.025407700,1,0
2.025412750,0,0
2.025417950,1,0
2.025422950,0,0
2.025428150,1,0
2.025433200,0,0
2.025433850,0,1
2.025438350,1,1
2.025443400,0,1
2.025448600,1,1
2.025453650,0,1
2.025458800,1,1
2.025463850,0,1
2.025469050,1,1
2.025474100,0,1
2.025479250,1,1
2.025484300,0,1
2.025485300,0,0
2.025489500,1,0
2.025495700,1,1
2.025560500,1,0
2.025566500,0,0
2.025567700,0,1
2.025571650,1,1
2.025576750,0,1
2.025577750,0,0
2.025581900,1,0
2.025586950,0,0
2.025588150,0,1
2.025592150,1,1
2.025597200,0,1
2.025598200,0,0
2.025602350,1,0
2.025607400,0,0
2.025608600,0,1
2.025612600,1,1
2.025617650,0,1
2.025618650,0,0
2.025622800,1,0
2.025627850,0,0
2.025633050,1,0
2.025638050,0,0
2.025643250,1,0
2.025648300,0,0
2.025653500,1,0
2.025658500,0,0
2.025663700,1,0
2.025668750,0,0
2.025670000,0,1
2.025673950,1,1
2.025678950,0,1
2.025679950,0,0
2.025684150,1,0
2.025689200,0,0
2.025690400,0,1
2.025694350,1,1
2.025699400,0,1
2.025700400,0,0
2.025704600,1,0
2.025709650,0,0
2.025714800,1,0
2.025719850,0,0
2.025725050,1,0
2.025730050,0,0
2.025735250,1,0
2.025740300,0,0
2.025745500,1,0
2.025750500,0,0
2.025751150,0,1
2.025755700,1,1
2.025762750,1,0
2.025768750,0,0
2.025769950,0,1
2.025773900,1,1
2.025778950,0,1
2.025779950,0,0
2.025784150,1,0
2.025789200,0,0
2.025790400,0,1
2.025794350,1,1
2.025799400,0,1
2.025800400,0,0
2.025804600,1,0
2.025809650,0,0
2.025810850,0,1
2.025814800,1,1
2.025819850,0,1
2.025820850,0,0
2.025825050,1,0
2.025830050,0,0
2.025835250,1,0
2.025840300,0,0
2.025841550,0,1
2.025845500,1,1
2.025850500,0,1
2.025850950,0,0
2.025855700,1,0
2.025860750,0,0
2.025865950,1,0
2.025870950,0,0
2.025876150,1,0
2.025881200,0,0
2.025886350,1,0
2.025891400,0,0
2.025896600,1,0
2.025901650,0,0
2.025906800,1,0
2.025911850,0,0
2.025917050,1,0
2.025922050,0,0
2.025927250,1,0
2.025932300,0,0
2.025937500,1,0
2.025942500,0,0
2.025947700,1,0
2.025952750,0,0
2.025956000,0,1
2.025957950,1,1
2.025962950,0,1
2.025963400,0,0
2.025968150,1,0
2.025973200,0,0
2.025978350,1,0
2.025983400,0,0
2.025988600,1,0
2.025993650,0,0
2.025998800,1,0
2.026003850,0,0
2.026009050,1,0
2.026014050,0,0
2.026019250,1,0
2.026024300,0,0
2.026029500,1,0
2.026034500,0,0
2.026039700,1,0
2.026044750,0,0
2.026049950,1,0
2.026054950,0,0
2.026060150,1,0
2.026065200,0,0
2.026070350,1,0
2.026075400,0,0
2.026080600,1,0
2.026085650,0,0
2.026090800,1,0
2.026095850,0,0
2.026101050,1,0
2.026106050,0,0
2.026111250,1,0
2.026116300,0,0
2.026121500,1,0
2.026126500,0,0
2.026131700,1,0
2.026136750,0,0
2.026140000,0,1
2.026141950,1,1
2.026146950,0,1
2.026147350,0,0
2.026152150,1,0
2.026157200,0,0
2.026162350,1,0
2.026167400,0,0
2.026172600,1,0
2.026177650,0,0
2.026182800,1,0
2.026187850,0,0
2.026193050,1,0
2.026198050,0,0
2.026203250,1,0
2.026208300,0,0
2.026213500,1,0
2.026218500,0,0
2.026223700,1,0
2.026228750,0,0
2.026233950,1,0
2.026238950,0,0
2.026244150,1,0
2.026249200,0,0
2.026254350,1,0
2.026259400,0,0
2.026264600,1,0
2.026269600,0,0
2.026274800,1,0
2.026279850,0,0
2.026285050,1,0
2.026290050,0,0
2.026295250,1,0
2.026300300,0,0
2.026305500,1,0
2.026310500,0,0
2.026315700,1,0
2.026320750,0,0
2.026324000,0,1
2.026325900,1,1
2.026330950,0,1
2.026331400,0,0
2.026336150,1,0
2.026341200,0,0
2.026346350,1,0
2.026351400,0,0
2.026356600,1,0
2.026361600,0,0
2.026366800,1,0
2.026371850,0,0
2.026377050,1,0
2.026382050,0,0
2.026387250,1,0
2.026392300,0,0
2.026397500,1,0
2.026402500,0,0
2.026403150,0,1
2.026407700,1,1
2.026412750,0,1
2.026413750,0,0
2.026417900,1,0
2.026424150,1,1
2.124409200,1,0
2.124415200,0,0
2.124416400,0,1
2.124420350,1,1
2.124425450,0,1
2.124426450,0,0
2.124430600,1,0
2.124435650,0,0
2.124436850,0,1
2.124440850,1,1
2.124445850,0,1
2.124446850,0,0
2.124451050,1,0
2.124456100,0,0
2.124457300,0,1
2.124461300,1,1
2.124466300,0,1
2.124467300,0,0
2.124471500,1,0
2.124476550,0,0
2.124481750,1,0
2.124486750,0,0
2.124491950,1,0
2.124497000,0,0
2.124502150,1,0
2.124507200,0,0
2.124512400,1,0
2.124517450,0,0
2.124518650,0,1
2.124522600,1,1
2.124527650,0,1
2.124528650,0,0
2.124532850,1,0
2.124537850,0,0
2.124543050,1,0
2.124548100,0,0
2.124553300,1,0
2.124558300,0,0
2.124563500,1,0
2.124568550,0,0
2.124573750,1,0
2.124578750,0,0
2.124583950,1,0
2.124589000,0,0
2.124594150,1,0
2.124599200,0,0
2.124599850,0,1
2.124604400,1,1
2.124611450,1,0
2.124617450,0,0
2.124618650,0,1
2.124622600,1,1
2.124627650,0,1
2.124628650,0,0
2.124632850,1,0
2.124637850,0,0
2.124639100,0,1
2.124643050,1,1
2.124648100,0,1
2.124649100,0,0
2.124653300,1,0
2.124658300,0,0
2.124659550,0,1
2.124663500,1,1
2.124668550,0,1
2.124669550,0,0
2.124673750,1,0
2.124678750,0,0
2.124683950,1,0
2.124689000,0,0
2.124690200,0,1
2.124694150,1,1
2.124699200,0,1
2.124699650,0,0
2.124704400,1,0
2.124709450,0,0
2.124714600,1,0
2.124719650,0,0
2.124724850,1,0
2.124729850,0,0
2.124735050,1,0
2.124740100,0,0
2.124745300,1,0
2.124750300,0,0
2.124751000,0,1
2.124755500,1,1
2.124760550,0,1
2.124765750,1,1
2.124770750,0,1
2.124775950,1,1
2.124781000,0,1
2.124786150,1,1
2.124791200,0,1
2.124796400,1,1
2.124801450,0,1
2.124802450,0,0
2.124806600,1,0
2.124812850,1,1
2.124877650,1,0
2.124883650,0,0
2.124884850,0,1
2.124888800,1,1
2.124893850,0,1
2.124894850,0,0
2.124899050,1,0
2.124904100,0,0
2.124905300,0,1
2.124909300,1,1
2.124914300,0,1
2.124915300,0,0
2.124919500,1,0
2.124924550,0,0
2.124925750,0,1
2.124929700,1,1
2.124934750,0,1
2.124935750,0,0
2.124939950,1,0
2.124945000,0,0
2.124950150,1,0
2.124955200,0,0
2.124960400,1,0
2.124965450,0,0
2.124970600,1,0
2.124975650,0,0
2.124980850,1,0
2.124985850,0,0
2.124987100,0,1
2.124991050,1,1
2.124996100,0,1
2.124997100,0,0
2.125001300,1,0
2.125006300,0,0
2.125007550,0,1
2.125011500,1,1
2.125016550,0,1
2.125017550,0,0
2.125021750,1,0
2.125026750,0,0
2.125031950,1,0
2.125037000,0,0
2.125042150,1,0
2.125047200,0,0
2.125052400,1,0
2.125057400,0,0
2.125062600,1,0
2.125067650,0,0
2.125068300,0,1
2.125072850,1,1
2.125079850,1,0
2.125085850,0,0
2.125087050,0,1
2.125091050,1,1
2.125096100,0,1
2.125097100,0,0
2.125101250,1,0
2.125106300,0,0
2.125107550,0,1
2.125111500,1,1
2.125116550,0,1
2.125117550,0,0
2.125121700,1,0
2.125126750,0,0
2.125127950,0,1
2.125131950,1,1
2.125137000,0,1
2.125138000,0,0
2.125142150,1,0
2.125147200,0,0
2.125152400,1,0
2.125157400,0,0
2.125158650,0,1
2.125162600,1,1
2.125167650,0,1
2.125168050,0,0
2.125172850,1,0
2.125177850,0,0
2.125183050,1,0
2.125188100,0,0
2.125193300,1,0
2.125198300,0,0
2.125203500,1,0
2.125208550,0,0
2.125213700,1,0
2.125218750,0,0
2.125223950,1,0
2.125229000,0,0
2.125234150,1,0
2.125239200,0,0
2.125244400,1,0
2.125249400,0,0
2.125254600,1,0
2.125259650,0,0
2.125264850,1,0
2.125269850,0,0
2.125273100,0,1
2.125275050,1,1
2.125280100,0,1
2.125280500,0,0
2.125285300,1,0
2.125290300,0,0
2.125295500,1,0
2.125300550,0,0
2.125305700,1,0
2.125310750,0,0
2.125315950,1,0
2.125321000,0,0
2.125326150,1,0
2.125331200,0,0
2.125336400,1,0
2.125341400,0,0
2.125346600,1,0
2.125351650,0,0
2.125356850,1,0
2.125361850,0,0
2.125367050,1,0
2.125372100,0,0
2.125377300,1,0
2.125382300,0,0
2.125387500,1,0
2.125392550,0,0
2.125397700,1,0
2.125402750,0,0
2.125407950,1,0
2.125413000,0,0
2.125418150,1,0
2.125423200,0,0
2.125428400,1,0
2.125433400,0,0
2.125438600,1,0
2.125443650,0,0
2.125448850,1,0
2.125453850,0,0
2.125457100,0,1
2.125459050,1,1
2.125464100,0,1
2.125464550,0,0
2.125469300,1,0
2.125474300,0,0
2.125479500,1,0
2.125484550,0,0
2.125489700,1,0
2.125494750,0,0
2.125499950,1,0
2.125505000,0,0
2.125510150,1,0
2.125515200,0,0
2.125520400,1,0
2.125525400,0,0
2.125530600,1,0
2.125535650,0,0
2.125540850,1,0
2.125545850,0,0
2.125551050,1,0
2.125556100,0,0
2.125561300,1,0
2.125566300,0,0
2.125571500,1,0
2.125576550,0,0
2.125581700,1,0
2.125586750,0,0
2.125591950,1,0
2.125597000,0,0
2.125602150,1,0
2.125607200,0,0
2.125612400,1,0
2.125617400,0,0
2.125622600,1,0
2.125627650,0,0
2.125632850,1,0
2.125637850,0,0
2.125641100,0,1
2.125643050,1,1
2.125648100,0,1
2.125648500,0,0
2.125653300,1,0
2.125658300,0,0
2.125663500,1,0
2.125668550,0,0
2.125673700,1,0
2.125678750,0,0
2.125683950,1,0
2.125689000,0,0
2.125694150,1,0
2.125699200,0,0
2.125704400,1,0
2.125709400,0,0
2.125714600,1,0
2.125719650,0,0
2.125720350,0,1
2.125724850,1,1
2.125729850,0,1
2.125730850,0,0
2.125735050,1,0
2.125741300,1,1
2.222835350,1,0
2.222841350,0,0
2.222842500,0,1
2.222846500,1,1
2.222851550,0,1
2.222852550,0,0
2.222856750,1,0
2.222861800,0,0
2.222863000,0,1
2.222866950,1,1
2.222872000,0,1
2.222873000,0,0
2.222877200,1,0
2.222882250,0,0
2.222883450,0,1
2.222887400,1,1
2.222892450,0,1
2.222893450,0,0
2.222897650,1,0
2.222902700,0,0
2.222907850,1,0
2.222912900,0,0
2.222918100,1,0
2.222923100,0,0
2.222928300,1,0
2.222933350,0,0
2.222938550,1,0
2.222943550,0,0
2.222944800,0,1
2.222948750,1,1
2.222953800,0,1
2.222954800,0,0
2.222959000,1,0
2.222964000,0,0
2.222969200,1,0
2.222974250,0,0
2.222979400,1,0
2.222984450,0,0
2.222989650,1,0
2.222994650,0,0
2.222999850,1,0
2.223004900,0,0
2.223010100,1,0
2.223015100,0,0
2.223020300,1,0
2.223025350,0,0
2.223025950,0,1
2.223030550,1,1
2.223037550,1,0
2.223043550,0,0
2.223044750,0,1
2.223048750,1,1
2.223053800,0,1
2.223054800,0,0
2.223058950,1,0
2.223064000,0,0
2.223065200,0,1
2.223069200,1,1
2.223074250,0,1
2.223075250,0,0
2.223079400,1,0
2.223084450,0,0
2.223085650,0,1
2.223089650,1,1
2.223094650,0,1
2.223095650,0,0
2.223099850,1,0
2.223104900,0,0
2.223110100,1,0
2.223115100,0,0
2.223116350,0,1
2.223120300,1,1
2.223125350,0,1
2.223125750,0,0
2.223130550,1,0
2.223135550,0,0
2.223140750,1,0
2.223145800,0,0
2.223150950,1,0
2.223156000,0,0
2.223161200,1,0
2.223166250,0,0
2.223171400,1,0
2.223176450,0,0
2.223177100,0,1
2.223181650,1,1
2.223186650,0,1
2.223191850,1,1
2.223196900,0,1
2.223202100,1,1
2.223207100,0,1
2.223212300,1,1
2.223217350,0,1
2.223222550,1,1
2.223227550,0,1
2.223228550,0,0
2.223232750,1,0
2.223239000,1,1
2.223296800,1,0
2.223302800,0,0
2.223303950,0,1
2.223307950,1,1
2.223313000,0,1
2.223314000,0,0
2.223318200,1,0
2.223323250,0,0
2.223324450,0,1
2.223328400,1,1
2.223333450,0,1
2.223334450,0,0
2.223338650,1,0
2.223343650,0,0
2.223344900,0,1
2.223348850,1,1
2.223353900,0,1
2.223354900,0,0
2.223359100,1,0
2.223364100,0,0
2.223369300,1,0
2.223374350,0,0
2.223379550,1,0
2.223384550,0,0
2.223389750,1,0
2.223394800,0,0
2.223399950,1,0
2.223405000,0,0
2.223406250,0,1
2.223410200,1,1
2.223415250,0,1
2.223416250,0,0
2.223420400,1,0
2.223425450,0,0
2.223426650,0,1
2.223430650,1,1
2.223435650,0,1
2.223436650,0,0
2.223440850,1,0
2.223445900,0,0
2.223451100,1,0
2.223456100,0,0
2.223461300,1,0
2.223466350,0,0
2.223471550,1,0
2.223476550,0,0
2.223481750,1,0
2.223486800,0,0
2.223487400,0,1
2.223491950,1,1
2.223499000,1,0
2.223505000,0,0
2.223506200,0,1
2.223510150,1,1
2.223515250,0,1
2.223516250,0,0
2.223520400,1,0
2.223525450,0,0
2.223526650,0,1
2.223530650,1,1
2.223535650,0,1
2.223536650,0,0
2.223540850,1,0
2.223545900,0,0
2.223547100,0,1
2.223551100,1,1
2.223556100,0,1
2.223557100,0,0
2.223561300,1,0
2.223566350,0,0
2.223571550,1,0
2.223576550,0,0
2.223577800,0,1
2.223581750,1,1
2.223586800,0,1
2.223587200,0,0
2.223591950,1,0
2.223597000,0,0
2.223602200,1,0
2.223607250,0,0
2.223612400,1,0
2.223617450,0,0
2.223622650,1,0
2.223627650,0,0
2.223632850,1,0
2.223637900,0,0
2.223643100,1,0
2.223648100,0,0
2.223653300,1,0
2.223658350,0,0
2.223663550,1,0
2.223668550,0,0
2.223673750,1,0
2.223678800,0,0
2.223683950,1,0
2.223689000,0,0
2.223692250,0,1
2.223694200,1,1
2.223699200,0,1
2.223699650,0,0
2.223704400,1,0
2.223709450,0,0
2.223714650,1,0
2.223719650,0,0
2.223724850,1,0
2.223729900,0,0
2.223735100,1,0
2.223740100,0,0
2.223745300,1,0
2.223750350,0,0
2.223755550,1,0
2.223760550,0,0
2.223765750,1,0
2.223770800,0,0
2.223775950,1,0
2.223781000,0,0
2.223786200,1,0
2.223791200,0,0
2.223796400,1,0
2.223801450,0,0
2.223806650,1,0
2.223811650,0,0
2.223816850,1,0
2.223821900,0,0
2.223827100,1,0
2.223832100,0,0
2.223837300,1,0
2.223842350,0,0
2.223847500,1,0
2.223852550,0,0
2.223857750,1,0
2.223862800,0,0
2.223867950,1,0
2.223873000,0,0
2.223876250,0,1
2.223878200,1,1
2.223883200,0,1
2.223883700,0,0
2.223888400,1,0
2.223893450,0,0
2.223898650,1,0
2.223903650,0,0
2.223908850,1,0
2.223913900,0,0
2.223919100,1,0
2.223924100,0,0
2.223929300,1,0
2.223934350,0,0
2.223939500,1,0
2.223944550,0,0
2.223949750,1,0
2.223954800,0,0
2.223959950,1,0
2.223965000,0,0
2.223970200,1,0
2.223975200,0,0
2.223980400,1,0
2.223985450,0,0
2.223990650,1,0
2.223995650,0,0
2.224000850,1,0
2.224005900,0,0
2.224011100,1,0
2.224016100,0,0
2.224021300,1,0
2.224026350,0,0
2.224031500,1,0
2.224036550,0,0
2.224041750,1,0
2.224046800,0,0
2.224051950,1,0
2.224057000,0,0
2.224060250,0,1
2.224062200,1,1
2.224067200,0,1
2.224067650,0,0
2.224072400,1,0
2.224077450,0,0
2.224082650,1,0
2.224087650,0,0
2.224092850,1,0
2.224097900,0,0
2.224103100,1,0
2.224108100,0,0
2.224113300,1,0
2.224118350,0,0
2.224123500,1,0
2.224128550,0,0
2.224133750,1,0
2.224138800,0,0
2.224139400,0,1
2.224143950,1,1
2.224149000,0,1
2.224150000,0,0
2.224154200,1,0
2.224160450,1,1
2.321280500,1,0
2.321286500,0,0
2.321287650,0,1
2.321291650,1,1
2.321296700,0,1
2.321297700,0,0
2.321301850,1,0
2.321306900,0,0
2.321308150,0,1
2.321312100,1,1
2.321317150,0,1
2.321318150,0,0
2.321322350,1,0
2.321327350,0,0
2.321328600,0,1
2.321332550,1,1
2.321337600,0,1
2.321338600,0,0
2.321342800,1,0
2.321347800,0,0
2.321353000,1,0
2.321358050,0,0
2.321363200,1,0
2.321368250,0,0
2.321373450,1,0
2.321378500,0,0
2.321383650,1,0
2.321388700,0,0
2.321389950,0,1
2.321393900,1,1
2.321398900,0,1
2.321399900,0,0
2.321404100,1,0
2.321409150,0,0
2.321414350,1,0
2.321419350,0,0
2.321424550,1,0
2.321429600,0,0
2.321434800,1,0
2.321439800,0,0
2.321445000,1,0
2.321450050,0,0
2.321455200,1,0
2.321460250,0,0
2.321465450,1,0
2.321470500,0,0
2.321471150,0,1
2.321475650,1,1
2.321482700,1,0
2.321488700,0,0
2.321489900,0,1
2.321493850,1,1
2.321498900,0,1
2.321499900,0,0
2.321504100,1,0
2.321509150,0,0
2.321510350,0,1
2.321514350,1,1
2.321519350,0,1
2.321520350,0,0
2.321524550,1,0
2.321529600,0,0
2.321530800,0,1
2.321534750,1,1
2.321539800,0,1
2.321540800,0,0
2.321545000,1,0
2.321550050,0,0
2.321555200,1,0
2.321560250,0,0
2.321561500,0,1
2.321565450,1,1
2.321570450,0,1
2.321570900,0,0
2.321575650,1,0
2.321580700,0,0
2.321585900,1,0
2.321590900,0,0
2.321596100,1,0
2.321601150,0,0
2.321606350,1,0
2.321611350,0,0
2.321616550,1,0
2.321621600,0,0
2.321622250,0,1
2.321626750,1,1
2.321631800,0,1
2.321637000,1,1
2.321642050,0,1
2.321647200,1,1
2.321652250,0,1
2.321657450,1,1
2.321662450,0,1
2.321667650,1,1
2.321672700,0,1
2.321673700,0,0
2.321677900,1,0
2.321684100,1,1
2.321741900,1,0
2.321747900,0,0
2.321749100,0,1
2.321753050,1,1
2.321758150,0,1
2.321759150,0,0
2.321763300,1,0
2.321768350,0,0
2.321769550,0,1
2.321773550,1,1
2.321778600,0,1
2.321779600,0,0
2.321783750,1,0
2.321788800,0,0
2.321790000,0,1
2.321794000,1,1
2.321799050,0,1
2.321800050,0,0
2.321804200,1,0
2.321809250,0,0
2.321814450,1,0
2.321819450,0,0
2.321824650,1,0
2.321829700,0,0
2.321834900,1,0
2.321839900,0,0
2.321845100,1,0
2.321850150,0,0
2.321851400,0,1
2.321855350,1,1
2.321860350,0,1
2.321861350,0,0
2.321865550,1,0
2.321870600,0,0
2.321871800,0,1
2.321875750,1,1
2.321880800,0,1
2.321881800,0,0
2.321886000,1,0
2.321891050,0,0
2.321896200,1,0
2.321901250,0,0
2.321906450,1,0
2.321911450,0,0
2.321916650,1,0
2.321921700,0,0
2.321926900,1,0
2.321931900,0,0
2.321932550,0,1
2.321937100,1,1
2.321944150,1,0
2.321950150,0,0
2.321951350,0,1
2.321955300,1,1
2.321960350,0,1
2.321961350,0,0
2.321965550,1,0
2.321970600,0,0
2.321971800,0,1
2.321975750,1,1
2.321980800,0,1
2.321981800,0,0
2.321986000,1,0
2.321991050,0,0
2.321992250,0,1
2.321996200,1,1
2.322001250,0,1
2.322002250,0,0
2.322006450,1,0
2.322011450,0,0
2.322016650,1,0
2.322021700,0,0
2.322022950,0,1
2.322026900,1,1
2.322031900,0,1
2.322032350,0,0
2.322037100,1,0
2.322042150,0,0
2.322047350,1,0
2.322052350,0,0
2.322057550,1,0
2.322062600,0,0
2.322067750,1,0
2.322072800,0,0
2.322078000,1,0
2.322083050,0,0
2.322088200,1,0
2.322093250,0,0
2.322098450,1,0
2.322103450,0,0
2.322108650,1,0
2.322113700,0,0
2.322118900,1,0
2.322123900,0,0
2.322129100,1,0
2.322134150,0,0
2.322137400,0,1
2.322139300,1,1
2.322144350,0,1
2.322144800,0,0
2.322149550,1,0
2.322154600,0,0
2.322159750,1,0
2.322164800,0,0
2.322170000,1,0
2.322175050,0,0
2.322180200,1,0
2.322185250,0,0
2.322190450,1,0
2.322195450,0,0
2.322200650,1,0
2.322205700,0,0
2.322210900,1,0
2.322215900,0,0
2.322221100,1,0
2.322226150,0,0
2.322231350,1,0
2.322236350,0,0
2.322241550,1,0
2.322246600,0,0
2.322251750,1,0
2.322256800,0,0
2.322262000,1,0
2.322267050,0,0
2.322272200,1,0
2.322277250,0,0
2.322282450,1,0
2.322287450,0,0
2.322292650,1,0
2.322297700,0,0
2.322302900,1,0
2.322307900,0,0
2.322313100,1,0
2.322318150,0,0
2.322321400,0,1
2.322323300,1,1
2.322328350,0,1
2.322328800,0,0
2.322333550,1,0
2.322338600,0,0
2.322343750,1,0
2.322348800,0,0
2.322354000,1,0
2.322359000,0,0
2.322364200,1,0
2.322369250,0,0
2.322374450,1,0
2.322379450,0,0
2.322384650,1,0
2.322389700,0,0
2.322394900,1,0
2.322399900,0,0
2.322405100,1,0
2.322410150,0,0
2.322415300,1,0
2.322420350,0,0
2.322425550,1,0
2.322430600,0,0
2.322435750,1,0
2.322440800,0,0
2.322446000,1,0
2.322451000,0,0
2.322456200,1,0
2.322461250,0,0
2.322466450,1,0
2.322471450,0,0
2.322476650,1,0
2.322481700,0,0
2.322486900,1,0
2.322491900,0,0
2.322497100,1,0
2.322502150,0,0
2.322505400,0,1
2.322507300,1,1
2.322512350,0,1
2.322512800,0,0
2.322517550,1,0
2.322522600,0,0
2.322527750,1,0
2.322532800,0,0
2.322538000,1,0
2.322543000,0,0
2.322548200,1,0
2.322553250,0,0
2.322558450,1,0
2.322563450,0,0
2.322568650,1,0
2.322573700,0,0
2.322578900,1,0
2.322583900,0,0
2.322584600,0,1
2.322589100,1,1
2.322594150,0,1
2.322595150,0,0
2.322599300,1,0
2.322605550,1,1
2.415001600,1,1
